100095623ecc4c33	app.AdjustTerrain.Contact
101449508dc0e05c	app.NavigationSupporter.TargetNavigationComponent
10290fa459e5558e	via.gui.Text
10290fa4b6de12d8	via.gui.Text
102a237eb74ec5fe	app.dev1lab.AnalysisLogCompleteStatus
10306a5652bdcaaf	via.Range
104a3d7f1b5a30c0	app.TimelineEventDefine.ID
1059a7e50a16914f	via.AnimationCurve
1063ada9f5ff1be2	via.Guid
108c77f0de118265	app.CharacterBehaviorTreeAction_MFSM_RequestActionEnd.EndCheckMethod
0108e2274cb6bb56	via.vec3
108f4083fc5542a4	app.InteractTrigger.InteractTryType
108f40830fc6d44a	app.InteractTriggerVariableInput.CommandType
108f4083f8e2e331	app.InteractUtil.ButtonType
108f4083517963a6	app.InteractTrigger.InteractDesiredPriority
108f40838f9b7866	app.GuiActionGuideButtonMashingGuideType
108f4083d44040da	app.InteractUtil.InteractMashIconType
109a45fbf5ff1be2	via.Guid
10a3bb91bedd91a7	via.Joint
10cd19a875aa25af	via.Quaternion
10cd19a829a0711d	via.Quaternion
10cd19a8cbdcbdf4	via.vec3
10d30ac43d2965fe	app.BehaviorTreeAction_MFSM_CameraInputInoperable.InoperableRequestType
10d30ac46d2c033c	app.BehaviorTreeAction_MFSM_CameraInputInoperable.RequestTiming
10f9aab4f5ff1be2	via.Guid
10fcac031c3cb695	soundlib.EnumBool
10fcac03b5b06866	soundlib.EnumBool
1123e63d152e9eec	via.Transform
1123e63d7d59d9b8	via.vec3
1123e63d6519f22c	app.GimmickFragileFlag
113165223c8d4818	via.OBB
1131b3ea07967bc2	via.GameObjectRef
113c02c0ede44e83	via.GameObjectRef
113c02c0de118265	app.LevelFlowBehaviorTreeAction_FSM_Cg_NPC00StateCheck.StateCheckType
11403fd4281aec7e	app.DayLightSets
01141a3d96b5162f	app.GuiAttribute
01141a3d7f880865	app.GuiLimitedAtteribute
01141a3d27cca8c2	via.gui.Segment
01141a3d8df62134	app.GuiInputLevel
01141a3daf403d4d	app.GuiControllerBehavior.PoolLimitOperationType
01141a3d4b971e6b	via.Prefab
1141f2bc74077bc9	app.SoundDetectionType
1144320efe9e7f68	via.GameObjectRef
1144320e2d17c51c	via.GameObjectRef
1156577362b735e2	via.motion.SetMotionTransitionInfo
11761b28f5ff1be2	via.Guid
11761b2819112645	app.GrappleBehaviorTreeCondition_TargetDistance.CompareType
11761b288c94af96	app.GrappleBehaviorTreeCondition_TargetDistance.RadiusType
1179b02197e31eff	via.GameObjectRef
117a1ff596b5162f	app.GuiAttribute
117a1ff57f880865	app.GuiLimitedAtteribute
117a1ff527cca8c2	via.gui.Segment
117a1ff58df62134	app.GuiInputLevel
117a1ff5af403d4d	app.GuiControllerBehavior.PoolLimitOperationType
117a1ff54b971e6b	via.Prefab
117b909646624a68	via.GameObjectRef
118e61afd836311f	via.effect.script.Group
11a6edcd0b2c71ab	via.effect.script.ObjectEffectManager2.ExternalProperty.PlayState
11a802f207967bc2	via.GameObjectRef
11be5868f15b017b	via.Range
11c577ddbc6cbc0a	via.dynamics.RigidBodySet
11ce1ba4f5ff1be2	via.Guid
11ce1ba4012dbe79	app.Cp_B600BehaviorTreeCondition_CheckNoAttackPermitIdle.State
11d8c1e47df536f7	via.resource_handle
11d8c1e4eb68d525	via.resource_handle
011def52f0d0b8f7	via.render.VolumetricFog
11f998c9a9f57785	via.AnimationCurve
11f998c9a1a6d126	via.AnimationCurve
1207fe02ede44e83	via.GameObjectRef
1207fe02e52c962a	app.LevelFlowBehaviorTreeAction_FSM_Cp_B000SetStateAction.StateActionType
120823817bb67920	via.Color
120b57926ba51265	app.PlayerDefine.FlashLightOverrideControl
121fb9433646933d	app.Cp_B800DoorType
121fb94343fe6238	via.vec3
1223a2adbef418b5	via.Color
1228dcde861ab707	via.render.RenderConfig.DeinterlaceType
122ab89ddad91cc9	via.Range
12304a8df5ff1be2	via.Guid
01232d9b0fffa62c	via.Prefab
01232d9b35f823b0	via.effect.script.EffectChainMeshAnimBase.PlayTypeEnum
01232d9ba25ce84e	via.Range
01232d9b311e04b5	via.Range
01232d9bab38b883	via.Range
01232d9bf5455c2c	via.Range
01232d9b8f4aa16a	via.Range
1239affc40baeb8a	via.Range
1239affcb155dc21	via.Range
1239affc6bd2544e	via.Range
124a18266ba51265	app.SoundEnemyContainer.VelocityScaleType
124b24dae2dc42cb	app.CharacterResumeType
1253cdf29cb6d969	via.GameObjectRef
001257532368d8a3	app.CharacterControllerDamper.ApplyType
0012575313315469	via.vec3
00125753cbc7a710	via.vec3
001257534b91fd9c	via.vec3
00125753224c78d8	via.vec3
001257536a21caa1	via.vec3
001257536354f4da	via.vec3
0126a9dd95bbbf7e	via.vec3
127582d9f5ff1be2	via.Guid
12776d86d969925d	app.cp_E900.RequestAction
127fe130e30c4160	via.vec3
127fe130ad31e4b4	via.vec3
12800a47f5ff1be2	via.Guid
12963d625da60512	via.physics.CollisionFilterResourceHolder
12963d62f24da7b1	via.physics.Shape
12963d62287334da	app.AppIkLookAtTargetObjectGenerator.PositionType
12963d62ac2d355a	via.vec3
12a049c3424a544a	via.motion.OrclQueryKeys
12a051d2f55d2fc9	via.effect.script.EPVExpertPhysicsData.TriggerTypeEnum
12a051d231f1b425	via.effect.script.EPVExpertPhysicsData.PhysicsElement.VolumeThreshold
12a6e536650606f6	via.audiorender.fx.distortion.DistType
12a760ba95bbbf7e	via.vec3
12a760ba9916e970	via.vec3
12a760ba46c993ad	via.GameObject
12add13b75ed7522	via.motion.OrclKey_Pos
12add13b0841f576	via.motion.OrclKey_Pos
12add13ba1583547	via.motion.OrclKey_Pos
12add13b9bf001f8	via.motion.OrclKey_Pos
12add13b842c2ecc	via.motion.OrclKey_Pos
12add13b0546be4e	via.motion.OrclKey_Pos
12b2cbf4888aed04	via.OBB
12b2cbf41f5c2c8b	via.Quaternion
12b2cbf44892dccf	via.vec3
12b2cbf40fac4c85	via.Quaternion
12badddfd2165fb6	app.MotionMatching.CameraController.CameraMode
12badddfec1df7d3	via.GameObjectRef
012bb6ef5830a196	app.Cp_D000AttackBlackboardUnit.AttackState
12f303de5bbe8c9b	app.PlayerDefine.Stance
12f81285dee31b47	via.ScreenShotOverlayImageIndex
12f81285f3d7185b	via.ScreenShotOverlayImageOrigin
12fbc86140e50d9d	via.curve.EaseType
12fbc86186f7f324	app.WarpOption
12fbc861d4170ffb	via.Quaternion
12fbc86160aa5c82	via.Quaternion
13076c19bf72c275	app.PlayerBehaviorTreeAction_PlayMotionPortableItem.RequestTiming
1312c5d0f5ff1be2	via.Guid
1312c5d07e1dd152	app.BodyPartsEnum
131f60a4b664d91b	via.AnimationCurve
13264110bedd91a7	via.Camera
133cb450f5ff1be2	via.Guid
133cb450de118265	app.AttackTypeEnum
1345e0c6e9f77cc4	app.SaveSlotCategory
134eb34f532b2adf	app.GuiOptionV2ItemType
134eb34fb6a5f4aa	app.GuiOptionV2ActionOptionID
1369431549b4e1ae	app.character.ActionCategory
136b7816f5ff1be2	via.Guid
137253c8a5b6b52a	via.Prefab
0139572079fa8d00	via.Range
013957201ad76ed6	via.Range
1397a514ae42c2b3	app.GamePlayerID
1397a514b72d2da1	via.vec3
1397a5143031ff65	via.Quaternion
1397a5147977d8fb	via.vec3
139b9522f5ff1be2	via.Guid
139b95227d71de1b	app.cp_B000.GetupFromAsh_RoleActionAdditionalSettings.GetupVariation
13bed71af5ff1be2	via.Guid
13c78cdb17c741a5	app.EnvironmentAttributeParam.SpaceType
13d03e17e03c39a5	via.vec3
013df037662a6cb1	via.landscape.GroundDecal.Priority
013df03703737c40	via.resource_handle
013df037c4ef3626	via.resource_handle
013df037f010dd50	via.vec4
13df7c4230d26d66	app.cp_B000.Cp_B000ThinkParameter.PushOtherActionParam.VariationType
13ebb819861ab707	app.CameraControlDirectionType
13f2da1cf5ff1be2	via.Guid
13f984c607967bc2	via.GameObjectRef
1427a38e1a2c86d0	app.InteractHandlingConfigurationBase.Direction
142c9d5bf5ff1be2	via.Guid
1430e0f496b5162f	app.GuiAttribute
1430e0f47f880865	app.GuiLimitedAtteribute
1430e0f427cca8c2	via.gui.Segment
1430e0f48df62134	app.GuiInputLevel
1430e0f4af403d4d	app.GuiControllerBehavior.PoolLimitOperationType
1430e0f44b971e6b	via.Prefab
1433f598cc1ed2cf	via.motion.MotionAnalyzerBankResourceHolder
1433f598a2de30a2	app.orcl.Orcl_DatabasesQuerySet.ESelectionMode
143658a7bedd91a7	app.IGimmickDoor.InteractType
014471f47d71de1b	app.cp_B000.RequestMorph_WaitInAsh_RoleActionAdditionalSettings.GetupVariation
146431482feb5c4f	via.relib.light.ReLibStdCld2Controller.StdCld2MainLayerModeling.StdCld2DetailNoiseType
14677bc896b5162f	app.GuiAttribute
14677bc87f880865	app.GuiLimitedAtteribute
14677bc827cca8c2	via.gui.Segment
14677bc88df62134	app.GuiInputLevel
14677bc8af403d4d	app.GuiControllerBehavior.PoolLimitOperationType
14677bc84b971e6b	via.Prefab
1469b5d707967bc2	via.GameObjectRef
0146a8d2152e9eec	via.Transform
0146a8d27d59d9b8	via.vec3
0146a8d26519f22c	app.GimmickFragileFlag
1477678115d1718e	via.GameObjectRef
147767816c7cd6a0	via.vec3
147767814c0b4a0a	via.vec3
14789b54e52c962a	app.EnvStageLinkageController.ActionType
149c5232f976b7a2	app.PlayerDefine.HoldType
149c52324e3408ee	app.PlayerHoldDriver.CoverType
014b014c152e9eec	via.Transform
014b014c7d59d9b8	via.vec3
014b014c6519f22c	app.GimmickFragileFlag
14ba4607ec87027d	via.vec3
14ba46071d3640a7	via.render.RenderOutput.ChromaKeyAlphaOutput
14ba46072c73919a	via.render.RenderOutput.ChromaKeyEvaluation
14ba4607f95a6001	via.vec3
14ba4607245e9370	via.render.RenderTargetTextureResourceHolder
14ba4607bd83c8a3	via.render.RenderTargetTextureResourceHolder
14c65be40fe5bd42	via.motion.AxisDirection
14c8d0e1c6cbee64	via.render.RenderTargetTextureResourceHolder
14cc0b58f5ff1be2	via.Guid
14d4eb1707967bc2	via.GameObjectRef
14dd8bca6ba51265	via.GameObject
1507ecb1f5ff1be2	via.Guid
1519d3a20091e4f9	via.vec3
152835195cf9a22b	via.Quaternion
152835197dbec69b	via.Quaternion
154459fee3f54b2b	via.Float4
154459fe0069d5f7	via.render.TextureResourceHolder
154459fe13b4ad35	via.render.ByteBufferResourceHolder
1548d3b16d2c033c	app.ShotFire.ShotTiming
155933c2f5ff1be2	via.Guid
1566d4a76d2c033c	app.MotionFsmActionTiming
156c66eee0a099a0	via.AnimationCurve
1577c44cf1ce02fa	via.Range
15796114861ab707	via.render.RenderConfig.LensDistortionSetting
157c4eddf5ff1be2	via.Guid
1584fb7796b5162f	app.GuiAttribute
1584fb777f880865	app.GuiLimitedAtteribute
1584fb7727cca8c2	via.gui.Segment
1584fb778df62134	app.GuiInputLevel
1584fb77af403d4d	app.GuiControllerBehavior.PoolLimitOperationType
1584fb774b971e6b	via.Prefab
1589630bb7233bc3	via.Uint2
159cd4f9b099b0e5	via.AnimationCurve
15ae7b34861ab707	app.cp_B700.BattleAreaEscapePointTypes
15b9c7d432f3e0d8	via.GameObjectRef
15b9c7d4d3e94038	app.InteractUtil.TagFlg
15b9c7d4bbaffb50	app.InteractUtil.TagFlg
15bc57f4861ab707	via.mat4
15bd11c3f5ff1be2	via.Guid
15d2708b6ba51265	app.Collision.Mask.Watcher_VS_WatchTarget_Enum
15d988b55af2fccb	via.Range
15dc711df5ff1be2	via.Guid
15de5c6973b61c3b	via.GameObjectRef
15e84f7df5ff1be2	via.Guid
15f9e1ae3953b4c0	via.vec2
15ff9e496ba51265	app.PlayerDefine.MentalState
160905caf5ff1be2	via.Guid
1621dd3fd3ebace4	via.resource_handle
162b8297e056f086	via.vec3
162b8297c8cf7174	via.vec3
162b8297d509cff2	via.vec3
162b8297cf44f2de	via.vec3
162b82974c010bab	via.Quaternion
162b8297b36e58ce	via.Quaternion
163d0084e0dbab46	via.string
163f28f8152e9eec	via.Transform
163f28f87d59d9b8	via.vec3
163f28f86519f22c	app.GimmickFragileFlag
164f951874077bc9	app.FPSCameraParam.PositionType
164f9518ccf4a939	via.vec3
164f9518f09093d9	app.FPSCameraParam.PrevPositionType
0165aa331c3d3222	app.InteractActionCrimeResearch.ActionType
165f20706d2c033c	app.MotionFsmActionTiming
1663ac746f6d291a	via.motion.MotionResourceHolder
16666c99012dbe79	app.cp_C901.Cp_C901ThinkDriver.BloomingState
1672804396b5162f	app.GuiAttribute
167280437f880865	app.GuiLimitedAtteribute
1672804327cca8c2	via.gui.Segment
167280438df62134	app.GuiInputLevel
16728043af403d4d	app.GuiControllerBehavior.PoolLimitOperationType
167280434b971e6b	via.Prefab
16ab58889b896075	app.cp_B000.RequestMorph_RoleActionAdditionalSettings.MorphVariation
16bafc0c190ce928	app.EffectParentObjectSetter.ParentType
16bb749496b5162f	app.GuiAttribute
16bb74947f880865	app.GuiLimitedAtteribute
16bb749427cca8c2	via.gui.Segment
16bb74948df62134	app.GuiInputLevel
16bb7494af403d4d	app.GuiControllerBehavior.PoolLimitOperationType
16bb74944b971e6b	via.Prefab
16bd4bf69e031806	via.Prefab
16c495bf5073cad2	via.GameObjectRef
16c747026d2c033c	app.MotionFsmActionTiming
16c889449cb6d969	via.GameObjectRef
16ce1cf59ee0f530	via.motion.MotionBaseResourceHolder
016e79d8d37b714d	soundlib.SoundContainer.ContainerRegisterType
16f3b25f07967bc2	via.GameObjectRef
170056211abfb05d	app.GuiInputConfigCategory
1700a23cf6001bf4	via.motion.AxisDirection
1700a29172a996bb	via.Range
1700a2919ceffc4e	via.Range
1700a29198ecc60b	via.vec3
1700a291d9571f81	via.vec3
170daee299fffc07	via.GameObjectRef
170daee287789218	via.GameObjectRef
1712ca380708e07a	via.relib.light.ReLibStdCld2Controller.StdCld2CirrusLayerModeling.StdCld2CirrusLayerMediumProps
1712ca38edf2c462	via.relib.light.ReLibStdCld2Controller.StdCld2CirrusLayerModeling.StdCld2CirrusLayerWeatherCreator
171403020fffa62c	via.Prefab
1714030207ca86ab	via.Range
17140302597d5288	via.Range
171403024a2c5583	via.Range
17140302104f7e93	via.Range
171403026750555c	via.Range
171403023ce0aae7	via.Range
17140302d4ffb344	via.Range
17140302a8e851c9	via.Range
17140302ab38b883	via.Range
17140302f5455c2c	via.Range
171403028f4aa16a	via.Range
1718a814f5ff1be2	via.Guid
171ff444f5ff1be2	via.Guid
171ff444bcb25225	app.cp_B000.Cp_B000ThinkParameter.PushOtherActionParam.VariationType
17499c98d266ceff	via.Position
1764fe625db7b8ed	via.Float3
1764fe62b72d2da1	via.Float3
1764fe62d9977365	via.Float3
1764fe6240ce8eff	via.Float3
1771707c87c91ece	app.CompareType
1772eabb5280ccff	via.Int3
17882469de118265	app.PlayerComplexConditionParam_WeaponContinuousShootingCount.CheckType
1788246987c91ece	app.CompareType
179889de3d2965fe	app.EventClipActionParam.CharacterSpawnArg.RequestTypeID
17a4c70cf5ff1be2	via.Guid
17bb08b1fc995fa0	via.timeline.UserCurveResourceHolder
17bb08b19628ff56	via.relib.light.VFogBlinkPlayerBase.PlayState
17bb08b150d1fd04	via.relib.light.DelayPlayer
17bb893cf3b614b2	via.vec3
17bb893cf79b6206	via.vec3
17bbd1782ea5f1fa	via.Quaternion
17bd0cc8860020f9	app.EPVExpertFootLandingCustom.LandingType
17bd0cc8b7ef8f8b	app.EPVExpertFootLandingCustom.FootType
17c6cbb56327e8f7	via.render.CubeTo2D.TYPE
17c6cbb5a8301006	via.resource_handle
17c6cbb5ea6f3f01	via.resource_handle
17c6cbb5b0f416dc	via.resource_handle
17c6cbb5f3b0e1eb	via.resource_handle
17c6cbb51cb2824f	via.resource_handle
17c6cbb5e2afd997	via.resource_handle
17de7b4f6ba51265	app.TipsConditionType
17e8720eb496d2c8	app.CameraCurveParam.Type
17e8720eb4bd36fd	app.CameraDefine.CameraInterpolateCurve
17e8720ea9f57785	via.AnimationCurve
17e99ff8e2dc42cb	app.CharacterResumeType
17e9bc186d2c033c	app.PlayerBehaviorTreeAction_RequestPlayerMessageEvent.Timing
17f3a61812ddbfe5	via.physics.CollisionFilterResourceHolder
17f3a6183722a905	via.physics.CollisionFilterResourceHolder
17fbd69555c28bab	app.TPSCameraOverrideSetting.TPSCameraOverrideSettingType
1805f7c696b5162f	app.GuiAttribute
1805f7c67f880865	app.GuiLimitedAtteribute
1805f7c627cca8c2	via.gui.Segment
1805f7c68df62134	app.GuiInputLevel
1805f7c6af403d4d	app.GuiControllerBehavior.PoolLimitOperationType
1805f7c64b971e6b	via.Prefab
180c7168f5ff1be2	via.Guid
1820ab12e785c320	via.UserIndex
1864c0365db7b8ed	via.vec3
18689bd85478aaa7	via.GameObject
187b8267d11ba606	via.Prefab
1885add33b772455	via.render.DepthOfField.DepthOfFieldType
1885add3c9f12b7d	via.render.DepthOfField.DepthOfFieldBokehControl
1885add3c142be15	via.render.TextureResourceHolder
1885add3c05b07c8	via.render.DepthOfField.CircularDOFKernelRadius
1885add3cef84f59	via.render.DepthOfField.CircularDOFKernelRadius
1886b32a7783824f	via.vec3
18aa364fb03d3fe7	via.GameObjectRef
18aa364f8ad2df74	via.GameObjectRef
18aa364f13369cf6	via.GameObjectRef
18b577796d2c033c	app.ShotFire.ShotTiming
18c86f7ee52c962a	app.Cp_B000BehaviorTreeAction_AttackMotionSwitch.AttackAction
18d67dd384c6f594	via.vec3
18da6252113789ab	via.GameObjectRef
18fc709be751bdfb	via.vec3
18fc709b87aa50b6	via.vec3
18fc709bfa6ee6bb	via.vec3
18fc709b8cac82e6	via.vec2
18fc709bb343f8ec	via.vec2
18fc709b14fd4160	via.vec2
1907d1d2424a544a	app.Collision.Mask.Watcher_VS_WatchTarget_Enum
19109a2aeb8e4bbd	via.Range
1929ee90861ab707	via.render.PQCurve
192d68216b9f17cc	app.PlayerDefine.MotionFlag
1933bac13a3ab814	via.vec3
1933bac1715775c9	via.vec3
1957a273861ab707	app.FSR1QualityType
195d90a8861ab707	via.Float4
196ff15df5ff1be2	via.Guid
196ff15d96a6173b	app.Cp_B800Updater.TempStatus
198a6503861ab707	app.EffectScreenDamageType
198e2bec0a2ac1f9	via.resource_handle
1990925074077bc9	app.Cp_C800Define.ReactionVineType
19a3957d71059794	via.vec3
19ac962df592c37b	app.LevelFlowBehaviorTreeAction_FSM_EnvActiveStateChangeAction.EnvActiveStateChangeData.State
19c00f5cb523b94e	via.vec3
19c00f5cbc2bc79c	via.vec3
19c00f5c95bbbf7e	via.vec3
19c00f5c0ebed2fe	via.mat4
019cbf13f0c690aa	via.render.Stamp.StampBlendMethod
019cbf13d026e0a6	via.vec3
019cbf1344f516b4	via.render.Stamp.StampChannelMask
19e010657eddaefe	app.GmBulldozerBreakObject.StepType
19e010659ffac9a1	via.vec3
19e0106540c7a097	via.vec3
19e18f4bde118265	app.Cp_B000BehaviorTreeAction_RequestEquipDamageReactionMotionBase.CheckEquipType
019ef307f5ff1be2	via.Guid
1a00ac16ede44e83	via.GameObjectRef
1a00ac16de118265	app.LevelFlowBehaviorTreeAction_FSM_Cp_C900StateCheck.StateCheckType
1a14be9ba68e3eb3	app.Cp_B800BehaviorTreeAction_AfterAttackWaitTimerBase.WaitType
1a1ad669f5ff1be2	via.Guid
1a4bcaca6d2c033c	app.MotionFsmActionTiming
1a5129c145d5580b	app.InputSensitivityCurveData.CurveEditType
1a5129c1d7ace9f9	app.InputSensitivityCurveData.EasePatternType
1a5129c1a9f57785	via.AnimationCurve
1a5168cfb4fa27b9	app.SaveSlotSegmentType
1a5168cf2a1f45a1	app.SavedataGroupBits
1a5168cf11af8fb3	app.SaveSlotMetadataPolicy
1a600db7f9631b6f	via.Range
1a65ea9d5073cad2	via.GameObjectRef
1a88a8a8f5ff1be2	via.Guid
1a9325f25db7b8ed	via.vec3
1a99d7f0860e88b1	app.MotionTransitionControl.MotionControlStates.StateType
1ac5c619a24296f4	app.BikeShakeReasonKind
1ac5c619aeb5d70d	via.vec3
1ac5c61982bf5f1c	app.BikeShakeParamKind
1ac5c619a9f57785	via.AnimationCurve
1ad0af10fc5542a4	app.InteractTrigger.InteractTryType
1ad0af1094de3714	app.InteractTriggerKeyItemInventory.EventFlag
1adb76939fae743d	app.GrappleBehaviorTreeAction_MoveToSafeSpace.BasePositionMode
1adb76937bd82a4c	via.vec3
1adb7693e99d87ec	via.vec3
1adb76936bb066be	app.TimeUnit
1adb7693a7973b53	via.curve.EaseType
1ae67c4e5da60512	via.physics.CollisionFilterResourceHolder
1ae6c54e36ac568a	via.Quaternion
1af17ac6c056f48b	app.TimelineEventDefine.ID
1afe939a2d17c51c	via.GameObjectRef
01b18c9a861ab707	via.Color
1b31dfb4861ab707	via.motion.SequenceCategory
1b35051b59dd2197	via.render.TextureResourceHolder
1b38fe35e6e143a8	via.vec3
1b3edd45424a544a	app.EffectMaterialGroupType
1b49d168424a544a	via.relib.GUI.TagType
1b4c1de6afd1771e	via.mat4
1b4e7eec452ef71a	via.GameObjectRef
1b5806d10b2c71ab	via.effect.script.ObjectEffectManager.ExternalProperty.PlayState
1b63be15df8cb10f	via.vec3
1b6f2fee7b823072	app.structure.PostureConstraintData.TargetCategoryType
1b6f2feea51f4a38	via.vec3
1b6f2fee285438fe	via.Quaternion
1b794f3cf5ff1be2	via.Guid
1b794f3ccd533847	app.Gm99_052.GimmickConditionType
1b871a6361477743	app.LevelFlowGroup
1b92e3ec1a2c86d0	app.InteractHandlingConfigurationBase.Direction
1b98a62d2227b105	via.resource_handle
1b98a62d301bc489	via.motion.WrapMode
1b98a62d43cdcf3b	via.motion.Fsm2ActionPlayMotion.FrameControl
1b99a600f5ff1be2	via.Guid
1b9d39f4861ab707	via.render.UpscalingInterface.UpscalingAlgorithm
1ba4c3b496b5162f	app.GuiAttribute
1ba4c3b47f880865	app.GuiLimitedAtteribute
1ba4c3b427cca8c2	via.gui.Segment
1ba4c3b48df62134	app.GuiInputLevel
1ba4c3b4af403d4d	app.GuiControllerBehavior.PoolLimitOperationType
1ba4c3b44b971e6b	via.Prefab
1ba6913ede2cb5b0	app.GimmickContext.GimmickTag
1ba74f254123ab8f	app.GimmickCameraUserData.GimmickCameraType
1badb35e76f41995	via.Range
1bb9fd673d8c313b	via.sound.SoundTriggerElement.PositionType
1be29889f5ff1be2	via.Guid
1bed49926a4f57e3	app.CharacterControlAttachmentTag
1bf3e96086637664	app.Cp_C200PerformanceRoleKind
1bf3e9607f455b4c	via.vec3
1bf3e96086f7f324	app.WarpOption
1c0583e29916e970	via.motion.AxisDirection
1c0583e24edab717	via.motion.AxisDirection
1c0c4a49ede44e83	via.GameObjectRef
1c283e0a60f1b5a3	app.AnimCenterOfGravity.COGBalanceState
1c283e0aaa9c48d0	via.Float2
1c29d1d474077bc9	app.CharacterFallParam.FallType
1c29d1d496e4a5e5	via.Range
1c29d1d445dc77ef	via.AnimationCurve
1c43828f470e32e0	via.relib.light.ReLibVFogBehavior.VFOG_PLAYER
1c43828f03e2458b	via.relib.light.VFogBlinkUserCurvePlayer
1c43828fc19ee4eb	via.relib.light.VFogBlinkUserCurveVariationPlayer
1c43828f92d89967	via.relib.light.VFogTimelineUserCurvePlayer
1c43828f75addcdb	via.relib.light.VFogActionDistanceAttenuation
1c44e755f5ff1be2	via.Guid
1c44e755b065819e	app.PlayerCompanionBlackboardUnit.CompanionMode
1c4638ce3bba81e4	via.GameObjectRef
01c47759f5ff1be2	via.Guid
1c598fe3b8d1dd37	app.LayeredParamLayoutStyle
1c598fe386fb4f7e	app.LayeredParamGroupBits
1c598fe3c602a40d	app.LayeredParamGroupBits
1c68538ab43ddb43	via.effect.script.EffectManager.PriorityType
1c75db7774cc38fe	app.LightConditionActionType
1c846aa3f5ff1be2	via.Guid
1c9eb26a62380f38	via.vec3
1ca4c7cd6ba51265	app.PlayerLightType
1cae29aff5ff1be2	via.Guid
1caf3cbd6d2c033c	app.BehaviorTreeAction_MFSM_PlayerCameraOverrideParamEnd.RequestTiming
1caf3cbdf4428d5b	app.BehaviorTreeAction_MFSM_PlayerCameraOverrideParamEnd.RequestTiming
01cb831440e50d9d	via.curve.EaseType
01cb831486f7f324	app.WarpOption
1cc2888af5ff1be2	via.Guid
1cc2888a74077bc9	app.CharacterBehaviortreeCondition_CheckOnStair.CheckType
1cc8d816f5ff1be2	via.Guid
1cce653307547fc4	via.dynamics.RagdollResourceHolder
1cd1ddeef5ff1be2	via.Guid
1cd48af4f5ff1be2	via.Guid
1cd48f23feb5eb19	via.AnimationCurve
1cd48f239fa0ee8f	via.AnimationCurve
01cd53827e07433c	app.AttackTypeEnum
1ce7f15d87c91ece	app.CompareType
1ceff513d266ceff	via.vec3
1cf3d43ca53df02a	app.GPUScoreCalculator.Maker
1cf3d43c194ad331	app.GPUScoreCalculator.HardwareKind
1cfcdb30f5ff1be2	via.Guid
1d0051d011d4efb3	via.Prefab
1d0051d01d1de134	app.GuiFileLayoutType
1d048d15861ab707	app.MashingType
1d1ff222483259fc	app.Cp_B000BehaviorTreeAction_MotionLoopControl.Mode
1d3ade32156d62fc	app.character.ActionCategory
1d47616376d24228	via.vec3
1d511d86f5ff1be2	via.Guid
1d5e938704386dc8	via.render.ShadowQualityControl.ShadowQualityType
1d61fe0f054f8e29	via.Guid
1d816780a5320918	via.Range
1d81678086fe75c5	via.Range
1d8167802da83a04	via.Range
1d8167801ad76ed6	via.Range
1d81678079fa8d00	via.Range
1d8167809529976c	via.curve.EaseType
1d90e094443bf17d	via.timeline.UserCurveResourceHolder
1d90e0949628ff56	via.relib.light.LightBlinkPlayerBase.PlayState
1d90e0943e196d80	via.Color
1d90e09448e05a6f	via.Color
1d90e094be09795a	via.relib.light.LightDelayPlayer
1d93723596b5162f	app.GuiAttribute
1d9372357f880865	app.GuiLimitedAtteribute
1d93723527cca8c2	via.gui.Segment
1d9372358df62134	app.GuiInputLevel
1d937235af403d4d	app.GuiControllerBehavior.PoolLimitOperationType
1d9372354b971e6b	via.Prefab
1d98303c5db7b8ed	via.vec3
1d98303c983577f0	app.WanderRouteSettings.WayPoint.ArrivalActionEndPattern
1d98303c11080b06	app.WanderRouteSettings.WayPoint.ArrivalActionEndCheckType
1d9a74a61cac8b5b	app.CharacterResumeType
1da12335877a7caa	app.CameraRollRotationConditionKind
1da94772fd7038b0	app.PlayerUseGroundWeaponConfiguration.TargetLength
1da9477210aaf958	app.PlayerUseGroundWeaponConfiguration.AttackType
1db41b0243f8a793	via.landscape.MeshBakeType
1db41b02963f323c	via.resource_handle
1dbc262896b5162f	app.GuiAttribute
1dbc26287f880865	app.GuiLimitedAtteribute
1dbc262827cca8c2	via.gui.Segment
1dbc26288df62134	app.GuiInputLevel
1dbc2628af403d4d	app.GuiControllerBehavior.PoolLimitOperationType
1dbc26284b971e6b	via.Prefab
1dca9c4d998a4e6c	app.AppEventDefine.Kind
1dca9c4d156ef672	via.UserData
1df8e85ff5ff1be2	via.Guid
1e06f74f6d2c033c	app.MotionFsmActionTiming
1e0bcbf5f5ff1be2	via.Guid
1e0bcbf56651c037	app.cp_B600.B600_RoleActionSettings_AppearGlass.MotionPattern
1e206f5c8ddf7f2d	app.Cp_B000BehaviorTreeAction_AdjustOnDeadMorph.BodyDirection
1e2a1aab17a09aa8	app.Gm99_031.InteractParam.InteractType
1e4e22e1e290f8a4	via.vec3
1e4e22e13baa8c2b	via.vec3
1e5ac45b15d1718e	via.GameObjectRef
1e65204ecc27b38b	app.PlayerComplexConditionParam_PlayerDirection.DirectionKind
1e65204efd411fc1	via.vec3
1e6f474e3d2965fe	app.LevelFlowBehaviorTreeAction_FSM_Cp_B800SetStateAction.RequestType
1e6f474eede44e83	via.GameObjectRef
1e6f474e9e2d27db	via.GameObjectRef
1e6f474e5d6f5aa7	app.Cp_B800BGMState
1e6f474e63a881c3	app.Cp_B800OrderType
1e6f474e2ea2dbbd	via.GameObjectRef
1e6f474e39c9efdc	via.GameObjectRef
1e6f474e4169c24b	app.Cp_B800PhaseKind
1e877eebe0fdb83a	via.effect.script.EffectSphereHolder
1e980d1b6abdb97d	app.Cp_B800SignSoundTriggerKind
1e980d1bdbd2ebc2	app.Cp_B800SignSoundTriggerKind
1ea36c1e861ab707	via.Language
1ea3ef979cb6d969	via.GameObjectRef
01ead424f5ff1be2	via.Guid
1eb9871eb0f6c048	via.motion.CrossFadeRootBlendType
1ece66c189afc1a7	app.SoundMainMaterial
1ed094588c9c981d	via.resource_handle
01eda6be6ba51265	app.BodyPartsEnum
1ee7751e861ab707	via.render.FrameGenerationInterface.FrameGenerationAlgorithm
1ee79b3c87c264ea	app.GuiOptionV2DependRegionMessageList.Region
1ef17988a3b8474d	via.AnimationCurve
1ef1798824335199	via.AnimationCurve
1ef4fbc2d4aa154c	app.PlayerEmoteSettingUserData.EmoteType
1ef4fbc26d9152a7	app.PlayerEmoteSettingUserData.ViewpointType
1ef4fbc2eba25cea	app.PlayerEmoteSettingUserData.PlayerEmoteSetting.CompareType
1f0cda8659123094	via.vec3
1f0fc353f5ff1be2	via.Guid
1f0fc35369503528	app.cp_C510.C510ThrowCarBoundType
1f17f160f5ff1be2	via.Guid
1f2e3bbef5ff1be2	via.Guid
1f35e146f5ff1be2	via.Guid
1f35e146dcc919db	app.ICp_C100Door.DoorCaughtStartVariationType
1f378897f13e94a5	via.OBB
1f56450de50beb22	app.LightAnimator.AnimationBase.AnimationWrapMode
1f56450da1db02f3	via.Quaternion
1f69064b96b5162f	app.GuiAttribute
1f69064b7f880865	app.GuiLimitedAtteribute
1f69064b27cca8c2	via.gui.Segment
1f69064b8df62134	app.GuiInputLevel
1f69064baf403d4d	app.GuiControllerBehavior.PoolLimitOperationType
1f69064b4b971e6b	via.Prefab
1f6d61a9d37b714d	soundlib.SoundContainer.ContainerRegisterType
1f7378083e2fe826	app.GamePlayerID
1f75757ef5ff1be2	via.Guid
1f7f1dbafc5542a4	app.InteractTrigger.InteractTryType
1f7f1dba0fc6d44a	app.InteractTriggerVariableInput.CommandType
1f7f1dbaf8e2e331	app.InteractUtil.ButtonType
1f7f1dba517963a6	app.InteractTrigger.InteractDesiredPriority
1fa294e75c9cd185	via.motion.InterpolationMode
1fa294e7993fec2f	via.motion.InterpolationCurve
1fa294e7b5c98397	via.AnimationCurve
1fb33b6ff5ff1be2	via.Guid
1fc06b5e3e9e91b7	via.landscape.AreaRange
1fc06b5e289123b8	via.Color
1fc5c7ef45167447	app.Cp_B800Updater.TempStatus
1fc5c7ef7cb7e944	via.Range
1fcdb92fd8d67824	via.Range
1fcdb92f52978607	via.Range
1fcdb92f0bf68ba4	via.Range
1fcdb92f15072b53	via.Range
1fcdb92f3c0b24c9	via.Range
1fcdb92f101b2d9d	via.Range
1fcdb92f978f9d55	via.Range
1fcdb92f0ebd937c	via.Range
1fcdb92f23d878d5	via.Range
1fcdb92fa5626ca8	via.Range
1fcdb92faa19144e	via.Range
1ff6f70f15d1718e	via.GameObjectRef
1ffb07db5199b870	app.Cp_B800OrderType
1fff81bb8cd446e2	via.vec3
1fff81bbfefda14e	app.Cp_C100MotionType
200626464aa0b06f	via.GameObjectRef
2017b7b540e50d9d	via.curve.EaseType
20403f3e602af3f9	app.AnimDelayHand_CalcCheckKind
204c1d4ff5ff1be2	via.Guid
204d069bc6ff3b9c	via.GameObject
204d069b46c993ad	via.GameObject
204d069b6e23fb41	via.effect.ProviderData
205491ebc315ec5d	app.GrappleBehaviorTreeActionBase.GrappleRole
205fdc1a7c51a8a1	via.geometry.HalfEdge
205fdc1a76f7869a	via.geometry.HalfEdge
205fdc1aa948b233	via.geometry.Vertex
205fdc1af1d7308b	via.geometry.Vertex
206569ec5322d7a9	via.motion.AxisDirection
206569ecc3a95a25	via.motion.AxisDirection
206569ec993fec2f	via.curve.EaseType
20813774f5ff1be2	via.Guid
2083db07fbae5936	app.Cp_E400MentalStateFacialAnimationConfiguration.MentalStateType
20b72f97993fec2f	via.curve.EaseType
20b72f97af1b9cca	app.Cp_B800SimpleConstraint.TargetKindType
20b72f97f78fc192	app.Cp_B800GameObjectRefHolder.Tag
20b72f97417e9163	app.Cp_B800SimpleConstraint.ConstraintKindType
020c8fd377dc7d5a	via.Float2
020c8fd3fdf8acd0	app.CommonMessageTable.ShuffleExcuteType
20d3df5601d4244e	app.BoolType
20d9b862c26ad7ec	via.hid.virtualKeyboard.KeyboardMode
20d9b86237ee7f89	via.hid.virtualKeyboard.CollapseSetting
20fb371974077bc9	app.VariableCurveData.CurveType
20fb371940e50d9d	via.curve.EaseType
20fb3719a9f57785	via.AnimationCurve
211e87c840e50d9d	via.curve.EaseType
211e87c886f7f324	app.WarpOption
21338dbf0dd10c61	app.NavigationSupporter.TargetNavigationComponent
214f2589bef418b5	app.MovieChapterData.FadeColor
217832c85321cb79	app.ShellLifeTypeEnum
217832c8c50b38cf	via.vec3
217832c8fdc70089	via.AnimationCurve
217c7d58bedd91a7	app.Collision.Mask.Watcher_VS_WatchTarget_Enum
21843b3e74077bc9	app.EventClipActionType
021905492185a077	app.OccupyPurpose
021905494a733b64	app.OccupyPermission
2191ebcd1cac8b5b	app.CharacterResumeType
219710b15db7b8ed	via.vec3
21a54906c11c1624	via.RangeI
21b08aaf6a4f57e3	app.CharacterControlAttachmentTag
21b1d8efde1de2d6	via.effect.script.UserCurveTrackParameter.UCTPBase
21ba179a921c9fe9	via.GameObject
21ba179a5498fa4d	via.vec3
21ba179ada3d755f	via.vec3
21ba179ac50b38cf	via.vec3
21ba179aa5d7c76b	via.vec3
21ba179aea6f12e2	via.GameObject
21ba179acc7159a9	via.GameObject
21ba179a35dd34fa	via.GameObject
21bffba318740e0f	via.RangeI
21bffba316224c0b	via.RangeI
21cb42741abfb05d	app.GuiOptionV2Category
021d626ab664d91b	via.AnimationCurve
021d626a66e4bed3	via.vec3
21e9af48861ab707	via.JobScheduler.Priority
21e9fb8c3dedecef	via.vec3
21e9fb8cd9418fbb	via.vec3
21faef6b475a2a40	via.vec3
21faef6b782d6fb8	via.Range
21faef6bbffdee24	via.Range
21faef6b68ef0e38	via.Range
220407fa6a4f57e3	app.CharacterControlAttachmentTag
22059ecc0c8b057f	app.Cp_B800SignSoundKind
22059ecc0dd10c61	via.GameObjectRef
2206bc4e3c62447b	app.WeaponCategory
220a7a376d2c033c	app.MotionFsmActionTiming
221dedabf3b614b2	via.vec3
221dedabf79b6206	via.vec3
222b05938a2367fc	via.motion.IkHand.CalculationType
222b059388d496b4	via.resource_handle
22486eb496b5162f	app.GuiAttribute
22486eb47f880865	app.GuiLimitedAtteribute
22486eb427cca8c2	via.gui.Segment
22486eb48df62134	app.GuiInputLevel
22486eb4af403d4d	app.GuiControllerBehavior.PoolLimitOperationType
22486eb44b971e6b	via.Prefab
2256057b53d51aad	via.motion.script.CharacterSetting.MoveTypeEnum
2256057becb2e909	via.motion.script.CharacterSetting.ContactAdjustTypeEnum
226a0da949e42360	via.GameObjectRef
226a0da9af27b004	via.GameObjectRef
22722d80483259fc	app.GrappleJackBehaviorTreeAction_PlayFacialMotion.PlayMode
22722d8067b6815c	via.motion.MotionResourceHolder
00227e678762e28e	via.motion.Motion
00227e675b673006	via.GameObject
00227e6742e9e7c8	via.physics.RequestSetCollider
00227e670afad8ca	via.navigation.NavigationSurface
228ac7245db7b8ed	via.vec3
22969afcd617557b	via.GameObjectRef
229ef7d5861ab707	app.AppEventDefine.RequestType
022b4f385f00dfd4	app.GmStructureDataLightZoneSwitcher.ConditionsType
022b4f38523c8ecb	app.GmStructureDataLightZoneSwitcher.OperationType
22bcdec6f5ff1be2	via.Guid
22c271b2f5ff1be2	via.Guid
22c3533319bc25fd	via.effect.script.EPVExpertPhysicsData.PhysicsElement
22d031c7c4e1e4f8	app.GuiFileMode
22d0dd1bf5ff1be2	via.Guid
22d0dd1b9b896075	app.Cp_B000Motion.StandVariation
22d151c62ea296c8	app.PressWeightEnum
22d42aaa6d2c033c	app.MotionFsmActionTiming
231849c7f0bc739f	via.resource_handle
02321c5fbedd91a7	via.Joint
02321c5f6d1d43cc	via.vec3
233922cebedd91a7	via.Joint
233922ce6d1d43cc	via.vec3
233922ce4efa80dd	via.Quaternion
23493dbecec7b870	app.GrappleBehaviorTreeActionBase.GrappleRole
234de515f5ff1be2	via.Guid
234de515de118265	app.PlayerBehaviorTreeCondition_CheckDeadSpace.CheckType
2373f10c96b5162f	app.GuiAttribute
2373f10c7f880865	app.GuiLimitedAtteribute
2373f10c27cca8c2	via.gui.Segment
2373f10c8df62134	app.GuiInputLevel
2373f10caf403d4d	app.GuiControllerBehavior.PoolLimitOperationType
2373f10c4b971e6b	via.Prefab
238b798215d1718e	via.GameObjectRef
238b79828ca48568	via.vec3
238b79828ab55a1b	via.Quaternion
238b7982fc7a5f64	via.vec3
23a20306bce876e5	via.GameObjectRef
23a20306f7d9bca0	via.Float4
23a20306b4c4c8dc	via.Float4
023b1a06bedd91a7	app.PlayerDefine.FlashLightOverrideControl
23b3cc665f43c83a	app.TerrainOptionUserData.TerrainObject
23bf2c468631ac36	via.AABB
023bfea92185a077	app.OccupyPurpose
023bfea94a733b64	app.OccupyPermission
23c9766b9cb6d969	via.GameObjectRef
23cd2c86ab278105	app.CameraRollRotationLightEquipmentConditionParam.LightType
23d1b714884ace72	via.vec3
23e982c16ba51265	app.CameraDefine.ShakeTag
23e982c1424a544a	via.vec3
02436b0343554044	via.relib.effect.EVRefVFXTable
243b50f3f5ff1be2	via.Guid
243fb986f5ff1be2	via.Guid
244fd071cd533847	app.GrappleBehaviorTreeAction_ConditionalPlayMotion.ConditionType
02452d8df5ff1be2	via.Guid
245af1d4dd09ec99	via.GameObjectRef
245e6e286d2c033c	app.StartEndType
0245f32eab278105	app.PlayerComplexConditionParam_LightEquipment.LightType
2460286a0fe1095d	app.Cp_C100EvaluateNarrowAreaDriver.StartVariationType
2468c9e5e2dc42cb	app.CharacterResumeType
24897b6bf5ff1be2	via.Guid
24923d4afd8c731e	app.GameSightDefine.Event
24999fdbdf8cb10f	via.vec3
24999fdbb43ddb43	anim.AnimIkAttackOffset.Type
249b4858f5ff1be2	via.Guid
249b4858012dbe79	app.cp_B600.Cp_B600ThinkDriver.VigilanceMoveState
249bcbfc71059794	via.vec3
249e5b941573e3f4	via.resource_handle
249e5b940027c534	via.OBB
24a6b7884291ee70	via.vec3
24be85ffe52c962a	app.LevelFlowBehaviorTreeAction_FSM_PlayerForceShotHoldAction.ActionType
24c0cf456d2c033c	soundlib.ProvSoundAction.SetTiming
24c0cf450dd10c61	via.GameObjectRef
24c0cf45a93429b1	soundlib.ProvSoundAction.ActionType
24de21516e5a47d0	via.vec3
2503639e74077bc9	app.Cp_B800BehaviorTreeAction_DrawDisableOnContact.ActivateType
250589fc13cc438b	app.Cp_B000BehaviorTreeAction_InterpolateWallNormal.WallConstDirection
250f1ee49af25f26	via.render.Mesh
250f1ee430b0f633	via.effect.script.EffectMaterialController2.AlphaTestSettingType
2527fe308665516e	app.MovieDefine.ID
25375440f5ff1be2	via.Guid
254325c39dab87a0	app.SoundCharacterMonitorSettings.ThreatLv
254325c378fdf19e	app.SoundCharacterMonitorSettings.ThreatLv
254325c3c61db9ce	app.SoundCharacterMonitorSettings.ThreatLv
255d7bd4ed4381f2	via.relib.effect.EffectControlAction.TargetGameObjectModeEnum
255d7bd4a9fbca9e	via.GameObjectRef
255d7bd445335f74	via.relib.effect.EffectControlAction.TargetModeEnum
255d7bd4badd114e	via.effect.script.EffectManager.EffectEndType
256404a496b5162f	app.GuiAttribute
256404a47f880865	app.GuiLimitedAtteribute
256404a427cca8c2	via.gui.Segment
256404a48df62134	app.GuiInputLevel
256404a4af403d4d	app.GuiControllerBehavior.PoolLimitOperationType
256404a44b971e6b	via.Prefab
2566b80f8c9d8695	via.string
2566b80fb8089071	via.string
2566b80fe69cc302	via.vec3
2566b80ff1d748db	via.Quaternion
2568b3981b5a30c0	app.EffectCameraShake
256db23f8e6da909	via.GameObjectRef
256f46ce07936ba9	app.PhysicalQuantityType
2573ff84b9df173a	app.EPVExpertPartsBreak.VariationType
2577b8b25321cb79	app.ShellLifeTypeEnum
2577b8b2c50b38cf	via.vec3
2577b8b2fdc70089	via.AnimationCurve
2577b8b2494463fb	via.Range
2577b8b2dcfd3760	via.vec3
2577b8b2306c0c1c	via.vec3
2577b8b2878bf62d	via.vec3
257d09d26d2c033c	app.Cp_B800BehaviorTreeAction_SetAttackPermit.Timing
257d09d2c49bbf7c	app.Cp_B800BehaviorTreeAction_SetAttackPermit.Permit
257e6620f5ff1be2	via.Guid
259153c11abfb05d	app.Collision.Mask.Watcher_VS_WatchTarget_Enum
259c70d0026cfb3e	via.Range
25b1e9eecf721e75	app.GuiOptionV2Platform.Type
025d6a5ca8bda540	app.InteractUtil.TagFlg
25d6edf3f8b0ae39	app.ADSCameraPositionData_Curve.CurveOffsetPosition.AxisType
25d6edf33ee39b85	via.AnimationCurve
25d6edf3793b05a3	via.AnimationCurve
25dacee7f5ff1be2	via.Guid
25dacee716a88c29	via.Range
025e826174077bc9	app.Cp_B700AttackPresetUserData.AttackPresetType
25f7120a6f1072f0	via.physics.CollisionFilterResourceHolder
2603b77cf5ff1be2	via.Guid
2603b77c012dbe79	app.Cp_B600BehaviorTreeCondition_CheckMoveState.MoveState
2608553b4d69759d	via.vec2
2608553b1a61cb09	via.vec2
2608553b76658f83	via.vec2
2608553bd05b3e0f	via.vec2
2609fe067f5677c3	via.Prefab
2609fe0677a43e90	via.GameObjectRef
260b1e2274077bc9	app.LevelFlowAddItemUserData.AddType
260b2aa4b9df173a	app.EPVExpertPartsBreak.VariationType
260b2aa4155355fe	app.Cp_B000BehaviorTreeAction_RequestSeverSelectPart.SeverPartType
2616ae04861ab707	via.render.MPMRLodResolution
26289f8cc5c96ac4	via.effect.script.EPVDataBase.EffectRelationType
26289f8cdf8cb10f	via.vec3
26289f8cc9e9df8c	via.math.RotationOrder
26289f8c13acaee6	via.effect.script.EPVDataBase.RotateBase
26289f8c466d7535	via.vec3
2650a1548658272f	via.render.MeshResourceHolder
266124b6f45682b2	via.AnimationCurve
266124b678992052	via.AnimationCurve
266124b6d94ea41a	via.AnimationCurve
267de937861ab707	via.render.ExperimentalRayTrace.Raytracing
2693990ef5ff1be2	via.Guid
26a7a9e4f75912d8	anim.AnimIkAttackAdjuster.TargetCalcType
26af6d05aaf818ea	app.CharacterBehaviorTreeAction_AngularRotationCommonBase.DirectionType
26d8b54cf5ff1be2	via.Guid
26db64b16d2c033c	app.StartEndType
26db64b174077bc9	app.Cg_NPC00Updater.ThroughHitReactionType
26eeeba0152e9eec	via.Transform
26eeeba07d59d9b8	via.vec3
26eeeba06519f22c	app.GimmickFragileFlag
2721175f0739342d	via.vec3
2721175fd64d45e9	via.vec3
27223259424a544a	app.BodyPartsEnum
272cfbd196b5162f	app.GuiAttribute
272cfbd17f880865	app.GuiLimitedAtteribute
272cfbd127cca8c2	via.gui.Segment
272cfbd18df62134	app.GuiInputLevel
272cfbd1af403d4d	app.GuiControllerBehavior.PoolLimitOperationType
272cfbd14b971e6b	via.Prefab
2755fccbe03c39a5	via.vec3
2758f0f07d20474a	app.PlayerCameraSwitchRequest.SwitchType
2764bf1265de7ad3	via.GameObjectRef
27b0633774077bc9	app.ConstTargetCameraRequest.RequestType
27bf4d2af5ff1be2	via.Guid
27cd765ef5ff1be2	via.Guid
27cd765e74077bc9	app.Cp_B600WaitTimerType
0027d34578db4179	via.vec3
27f4f651861ab707	via.render.ShadowPrecision
27ffc69af5ff1be2	via.Guid
2801daa3861ab707	app.Gm31_003.ActionType
2804e9a3874c5cc8	via.vec3
2804e9a30e0dfee5	via.motion.AxisDirection
2812f254c8c3bdcb	via.RangeI
2812f25497e98b20	via.Range
2812f2543fb7ce90	via.Range
2812f254e9dee382	via.Range
2812f254ab38b883	via.Range
2812f254f5455c2c	via.Range
2812f2548f4aa16a	via.Range
282e9f49f5ff1be2	via.Guid
0284adad5321cb79	app.ShellLifeTypeEnum
0284adadc50b38cf	via.vec3
0284adadfdc70089	via.AnimationCurve
285329ca061284d4	app.RoleActionSettings.SelectMode
285329ca0c9749ff	app.RoleActionSettings.SelectMode
28586c862df352fe	via.vec3
28586c861abfb05d	app.LockOnTargetWork.TargetCategory
28586c86855bd593	app.LockOnTargetWork.TargetAttribute
285fc404861ab707	app.Cp_B805SpawnSettings.AppearCornerType
2869da20b7aba2ec	via.Range
2869da209bc75fab	via.Range
0288afa7e94ec867	app.SniperBattleManager.ProgressStatus
289ea22ef5ff1be2	via.Guid
28b4cb85f5ff1be2	via.Guid
28b4cb8557c26845	app.cp_B000.Bed_GoDown_B_RoleActionAdditionalSettings.GoDownVariation
28c5bed2b3961e7f	app.LightAnimator.MeshMaterialParamType
28d1abcd36f198ca	via.audiorender.ProvSourceResourceHolder
28dbe24ae29d5026	via.Rect
28ecde154e49e99c	app.Cp_C901Updater.OmenStepType
28fe6934a1f620fd	app.ExtraContentsRegion
28ffd125ede44e83	via.GameObjectRef
28ffd125de118265	app.LevelFlowBehaviorTreeAction_FSM_Cp_D000StateCheck.StateCheckType
29003aa2dcc919db	app.EffectTargetCategory
29003aa27dfacc0f	app.WeaponCategory
2928b958152e9eec	via.Transform
2928b9587d59d9b8	via.vec3
2928b9586519f22c	app.GimmickFragileFlag
293581f1de6cf883	via.OBB
293581f1dcc919db	app.GrappleTargetType
2936457dede44e83	via.GameObjectRef
0293d77486f7f324	app.WarpOption
0293d77440e50d9d	via.curve.EaseType
2940599c7df5aefc	via.AnimationCurve
29547401f5ff1be2	via.Guid
2968d78dce4b8cae	via.resource_handle
2977a6a127a6a0e2	app.Cp_B000BehaviorTreeAction_RequestCommonMessage.ExcuteTiming
298219529b755684	via.vec3
2982195240c705b2	via.Quaternion
29a1700140e50d9d	via.curve.EaseType
29b9494a40df0371	app.Cp_D100Updater.BattlePhase
29b9494a8afc80f9	via.Range
29b9494ade14a729	via.Range
29c0c0532eb9b338	app.HitController.MotionAttackColliderInfo.RequestColliderTargetEnum
29dd0ada73b61c3b	via.GameObjectRef
29e5e00deaf4363e	via.vec3
29e912e20739342d	app.PlayerInputMediator.ExternalControl
02a07e0efbae5936	app.PlayerDefine.MentalState
02a07e0e3b66caf0	via.RangeI
02a07e0ed615f72a	via.Range
2a118273c6f42859	via.motion.ConstraintsUpdateMode
2a1182730035c845	via.motion.ConstraintsUpdate
2a178950861ab707	via.render.PQCurve
2a1ac58fede44e83	via.GameObjectRef
2a1ac58fe52c962a	app.LevelFlowBehaviorTreeAction_FSM_Cp_C901SetStateAction.StateActionType
2a1f7403424a544a	via.effect.script.EffectDecalMaterial.EffectDecalMaterialParamWrapper.Property
2a29023796b5162f	app.GuiAttribute
2a2902377f880865	app.GuiLimitedAtteribute
2a29023727cca8c2	via.gui.Segment
2a2902378df62134	app.GuiInputLevel
2a290237af403d4d	app.GuiControllerBehavior.PoolLimitOperationType
2a2902374b971e6b	via.Prefab
2a2963977eddaefe	app.Gm99_054.StepType
02a2fb84f5ff1be2	via.Guid
2a41b19521418af3	app.KeyboardKeyBits1
2a41b195edfeb14c	app.KeyboardKeyBits2
2a41b19583eec6ec	app.KeyboardKeyBits3
2a41b19554ce6b8f	app.KeyboardKeyBits4
2a7202a9e3931839	via.GameObject
2a79a9cc3ecc4c33	app.AdjustTerrain.Contact
2a79c1c1a8bda540	app.InteractUtil.TagFlg
2a845d6c424a544a	via.mat4
2a9d581996b5162f	app.GuiAttribute
2a9d58197f880865	app.GuiLimitedAtteribute
2a9d581927cca8c2	via.gui.Segment
2a9d58198df62134	app.GuiInputLevel
2a9d5819af403d4d	app.GuiControllerBehavior.PoolLimitOperationType
2a9d58194b971e6b	via.Prefab
2ab32d0d2e45611a	app.GimmickDestructionLevel
2ab32d0dd773bd15	app.ObjectTags
2ab32d0d1615a946	app.GimmickFragileFlag
2ab32d0dab874d15	app.GimmickDestructionSpecialFlag
2ac27b4ac056f48b	app.TimelineEventDefine.ID
2ac6dc41861ab707	via.OBB
2ad3671b61e01592	app.LevelFlowSight.SightTypeDef
2ad3671bdcc919db	app.LevelFlowSight.TargetTypeDef
2ad3671bd266ceff	via.Position
2ad3671b4aa0b06f	via.GameObjectRef
2ad3671bf430468c	via.vec3
2ad5744db9df173a	app.EPVExpertPartsBreak.VariationType
2ad5744d3e954978	app.Cp_B000BehaviorTreeAction_RequestExplosionSever.ExplosionSeverType
2ae405396d2c033c	app.MotionFsmActionTiming
2ae405391feafdc7	app.EPVExpertPartsBreak.VariationType
2aeaf5ea3bc00128	via.Color
2aeaf5ea93dc5db2	via.resource_handle
2aeaf5ea00e6ccf3	via.Color
2aeb40b08f0dffba	via.vec3
2aeb40b08ba04aa7	via.vec3
2b02346df5ff1be2	via.Guid
2b12f06e6f592b54	via.render.ShadowCastMode
2b12f06e8e7515cf	via.render.Mesh.BeautyMaskChannel
2b19a232861ab707	app.BikePerformanceKind
2b2a9fd8f5ff1be2	via.Guid
2b2f72c2a2f2d49e	via.effect.script.EffectManager.PriorityType
2b2f72c2ded4e538	via.effect.script.EffectMaterialController2.OperationType
2b2f72c231d2dd1d	via.timeline.UserCurveResourceHolder
2b2f72c29628ff56	via.effect.script.EffectMaterialController2.PlaybackType
2b2f72c2365fb226	via.effect.script.EffectMaterialController2.AlphaTestSettingType
2b333293c4ed9a40	via.dynamics.RigidBodyId
2b333293deae0f06	via.dynamics.RigidBodyId
2b333293f9d53ca0	via.dynamics.World
2b333b5283eb440b	via.physics.Collider
2b417d826ba51265	via.effect.ProviderData
2b4311b4ede44e83	via.GameObjectRef
2b460cecf5ff1be2	via.Guid
2b6fa99bf5ff1be2	via.Guid
2b748c7f861ab707	via.Range
2b76f91d6d2c033c	app.MotionFsmActionTiming
2b821e9bf5ff1be2	via.Guid
2b82ce08152e9eec	via.Transform
2b82ce087d59d9b8	via.vec3
2b82ce086519f22c	app.GimmickFragileFlag
2b836da27559d0f8	app.AppStatusTriggerUserData.TriggerType
2b858d42e0fdb83a	via.effect.script.EffectPositionHolder
2b86fdd3cf0ff9ac	via.network.native.StadiaEntitlementInfo.ItemType
2b8db78878b57979	via.vec3
2b8db7886072000c	via.vec3
2ba1069ef0c690aa	via.render.Stamp.StampBlendMethod
2ba1069ed026e0a6	via.vec3
2ba1069edeadb7a3	via.Range
2ba1069edf8ac66a	via.Range
2bb22a1aaaf818ea	app.CharacterBehaviorTreeAction_AngularRotationCommonBase.DirectionType
2bd76647d11ba606	via.Prefab
2bdf41b9df8cb10f	via.vec3
2bdf41b90c4fa6f7	via.vec3
2bdf41b9466d7535	via.vec3
2bdf41b9df8ac66a	via.vec3
2bdf41b9311e04b5	via.vec3
2bdf41b976068659	via.vec3
2bdf41b9b8fe3c19	via.Quaternion
2bdf41b9b3ec9ca8	via.vec3
2bdf41b9d1257baa	via.Quaternion
2bdf41b9082fb191	via.vec3
2bdf41b9cc2516ba	via.vec3
2bdf41b9e41d8910	via.vec3
2bdfa4155f34b74b	soundlib.SoundCastRayOptions.CastRayOption
2bede77d26d821e9	app.Cp_B000Equip.ChainsawStabType
2bede77d0a6807ab	app.Cp_B000Equip.ChainsawAttackerType
2bede77d444d7cf2	app.EnemyFormationManager.ReservedTacticsType
2bede77d5974cbb9	app.EnemyTacticsType
2bede77d9ca71ab9	app.Cp_B000Sever.GougeLevel
2bede77dff98e06a	app.Cp_B000Sever.GougeLevel
2bede77ddaef038c	app.Cp_B000Sever.GougeLevel
2bede77d678c1a04	app.Cp_B000Sever.GougeLevel
2bede77d3cce1f40	app.Cp_B000Sever.GougeLevel
2bede77d7bb463e9	app.Cp_B000Sever.JawGougeType
2bede77dbd5a46fa	via.vec3
2bede77d21ec7827	app.Cp_B000Morph.UndiscoveryThinkType
2bede77dd170dd22	app.Cp_B000Dead.Cp_B000DeadPosture
2bfc45a9f5ff1be2	via.Guid
2bfc45a9f6ca7264	app.Cp_D110Updater.BattlePhase
2c2fbd4ef136aef1	app.PlayerCameraCollisionParam.CameraOffsetType
2c2fbd4e094ce4b8	via.vec3
2c4fc61ab43ddb43	JsonParser.ValueType
2c5804b8cd369b90	via.vec3
2c5804b874190a5c	via.vec3
2c5d3289a37cce3f	via.render.LDRImagePlane.BlendType
2c5d3289bef418b5	via.Color
002c641da66bb577	via.network.utility.UniqueId
2c6e319f14d48a22	via.relib.light.ReLibStdCld2Controller.StdCld2MainLayerModeling.StdCld2DensityParams
2c6e319fd2df05f2	via.relib.light.ReLibStdCld2Controller.StdCld2MainLayerModeling.StdCld2MainLayerWeatherCreator
2c6e319f79d897ed	via.relib.light.ReLibStdCld2Controller.StdCld2MainLayerModeling.StdCld2GradientCreator
2c6e319ff8ba3573	via.relib.light.ReLibStdCld2Controller.StdCld2MainLayerModeling.StdCld2DetailNoiseCreator
2c7066eef5ff1be2	via.Guid
2c7066ee271e513b	app.Cp_B000RoleData.RoleFlagType
2c70b552ac241a76	via.effect.script.EPVCollisionHelper.EPVCastRayCallType
2c70b5525b673006	via.GameObject
2c70b552f5a98fc4	via.GameObject
2c70b55219bc25fd	via.effect.script.EPVDataElement
2c7db1f3e2dc42cb	app.CharacterResumeType
2c8cc85c0c8b057f	app.Cp_B800SignSoundKind
2c8cc85c39c9d027	app.Cp_B800EnteringFromCeilingKind
2c987242861ab707	app.AttackPowerEnum
2c9e87da3fb768cb	via.resource_handle
2ca08259ba764490	app.SwitchKind
2ca08259bf98ff46	via.mat4
2ca0825986f7f324	app.WarpOption
02ca4e6e861ab707	app.RagdollController.UpdateOverwritePostureTimingType
2caa2f5deb4e7864	via.GameObjectRef
2cb58252a4dbb75b	via.Range
2cb58252f2e6edd6	via.motion.InterpolationMode
2cb58252b664d91b	via.motion.InterpolationCurve
2cc270cff5ff1be2	via.Guid
2cd02d9fd6064273	via.Range
2cd65118a6b52829	app.BikePerformanceKind
2cd7f40840e50d9d	via.curve.EaseType
2cd7f40886f7f324	app.WarpOption
2cd7f408685ef8c5	via.vec3
2cd7f4081bc3be55	via.vec3
2ce3810904369b56	via.AnimationCurve
2ce38109f43d042e	via.Range
2ce38109b5776353	via.AnimationCurve
2ceee09b27a6a0e2	app.CharacterBehaviorTreeAction_RequestCommonMessage.ExcuteTiming
2d0fabba3cfbdf1d	via.AnimationCurve
2d0fabba071512ef	via.AnimationCurve
2d0fabbafb12256c	via.AnimationCurve
2d12114f2185a077	app.OccupyPurpose
2d12114f4a733b64	app.OccupyPermission
2d23c9996ba51265	app.PlayerDefine.MentalState
2d2587a54b971e6b	via.Prefab
2d2b0f3574077bc9	app.LevelFlowBehaviorTreeAction_FSM_PlayerMoveIntensityAction.ActionType
02d3896b0dd10c61	app.cg_NPC01.LookAtTargetType
02d3896b84c6f594	via.vec3
2d3a7253f5ff1be2	via.Guid
2d68dd75f5ff1be2	via.Guid
2d68dd7598ea65e6	app.Cp_B000BehaviorTreeCondition_CheckChainsawBladeHorizontal.Axis
2d68dd750128fb17	via.Range
2d7c30a695bbbf7e	via.vec3
2d8b74e473211b89	app.HitController.MotionAttackColliderInfo.RequestColliderTargetEnum
2d8c344d79fa8d00	via.Range
2d8c344d1ad76ed6	via.Range
2d9f38066d2c033c	app.MotionFsmActionTiming
02da3837fd8c731e	via.Int2
2dafd97bcad30ba7	via.render.MeshMaterialResourceHolder
2dc828e3b82d864e	via.Range
2de5ef687e4be574	via.Range
2dfc9ee3d4d06eea	app.GmCp_C100DoorBase.DoorDirectionType
2dfc9ee396cd829a	app.GmCp_C100DoorBase.DoorDirectionType
2dfc9ee34ccbeffa	via.GameObjectRef
2dfc9ee3249b285e	via.GameObjectRef
2dfc9ee3088c0672	app.GmDoorCrash.CrashType
2e19ae8f4245aec7	app.cp_B000.Eating_Ground_RoleActionAdditionalSettings.PerformanceVariation
2e2cc1b7f5ff1be2	via.Guid
2e312b90bedd91a7	via.vec3
2e312b90958dd2f1	app.WarpOption
2e3abf45f5ff1be2	via.Guid
2e4fb4d5ede44e83	via.GameObjectRef
2e577307f5ff1be2	via.Guid
2e5773075a9e9b5a	app.Cp_C100BehaviorTreeCondition_CheckDoorCaughtSide.OffsetSide
2e603d8edc1b3459	via.Range
2e603d8e8617a4b4	via.Range
2ea0c7336b96dcc8	via.Joint
2ea0c733b9b525d2	via.vec3
2ea0c73385bedf74	via.vec3
2ea0c7331c01f602	via.vec3
2ea0c733182cc60b	via.vec3
2ed155d46ba51265	app.DetailSearchSoundCategory
2eeb664ddce745be	via.vec3
2ef3de4cd31ac3f3	via.Range
2f09f981b3fb62d5	app.PlayerDefine.PutWeaponPosition
2f0a42835da60512	via.physics.CollisionFilterResourceHolder
2f0a428322398aeb	via.Range
2f1d08386590b814	via.Range
2f1d08386ea9c7b3	via.vec3
2f1d0838e63b2498	app.WayType
2f1d08380f295316	via.vec3
2f26ba24fbbe3432	app.Cp_B600BehaviorTreeAction_AttackScratchApproarch.Pattern
02f2c47a4064b1fa	via.vec3
2f2dd824f5ff1be2	via.Guid
2f2f6381f5ff1be2	via.Guid
2f3e8515152e9eec	via.Transform
2f3e85157d59d9b8	via.vec3
2f3e85156519f22c	app.GimmickFragileFlag
2f447439ef40c571	via.vec3
2f44743913acaee6	via.vec3
2f44743987aea73f	via.vec3
2f447439df8cb10f	via.vec3
2f447439466d7535	via.vec3
2f447439311e04b5	via.vec3
2f4474390c4fa6f7	via.vec3
2f447439df8ac66a	via.vec3
2f44743927a0f417	via.effect.script.CoordinateSystem
2f4474392272cad7	via.effect.script.Axis
2f447439bcc5ea12	via.vec3
2f447439430bc704	via.Color
2f44743913799edd	via.effect.script.RelationMirrorUseMotionBlend
2f7114d2f5ff1be2	via.Guid
2f8460150c248d65	via.relib.light.LightDelayPlayer.DelayParam
2f846015bc327c4a	via.relib.light.LightDelayPlayer.DelayParam
02f89fdb2a1afa46	via.vec3
02f89fdb2f2cc1d8	via.Quaternion
02f89fdb84c6f594	via.vec3
2f8d485aa9f57785	via.AnimationCurve
2f8f3327154ad8b8	app.Cp_D100Updater.BattlePhase
2f999b31bb9c95f8	via.Range
2fa5e64dfede4e7d	via.vec3
2fad57d30b7f7be6	via.Range
2fad57d390431730	via.Range
2fad57d33030e709	via.Range
2fad57d38093b9f9	via.Range
2fad57d39b714e0a	via.Range
2fad57d34db65125	via.Range
2fad57d3c0d068e1	via.Range
2fad57d3b8a8ce52	via.Range
2fad57d3b38b2eab	via.Range
2fad57d3e1087f70	via.Range
2fb581e9577d2601	via.motion.MotionResourceHolder
2fb647cff5ff1be2	via.Guid
2fb647cfa9a424de	app.Cp_D000BehaviorTreeCondition_CheckSlope.Comparence
2fcfc6050acce51a	via.vec3
2fcfc6052f69634f	via.Quaternion
2fcfc605e9dc88c6	via.vec3
2fcfc605e356e32f	via.Quaternion
2fde2c72adcb8e35	via.Guid
02fdfe8df5ff1be2	via.Guid
2feb0d781054b51c	via.GameObjectRef
2ff0ad6919232c9a	via.motion.JointRemapValue.RemapValueItem.TRS
2ff0ad69e8298498	via.math.RotationOrder
2ff0ad6992be9765	via.motion.JointRemapValue.RemapValueItem.Axis
2ff0ad69bf017c06	via.motion.JointRemapValue.RemapValueItem.CalculateMode
30019c3b96b5162f	app.GuiAttribute
30019c3b7f880865	app.GuiLimitedAtteribute
30019c3b27cca8c2	via.gui.Segment
30019c3b8df62134	app.GuiInputLevel
30019c3baf403d4d	app.GuiControllerBehavior.PoolLimitOperationType
30019c3b4b971e6b	via.Prefab
3004187bf5ff1be2	via.Guid
300bfcb496b5162f	app.GuiAttribute
300bfcb47f880865	app.GuiLimitedAtteribute
300bfcb427cca8c2	via.gui.Segment
300bfcb48df62134	app.GuiInputLevel
300bfcb4af403d4d	app.GuiControllerBehavior.PoolLimitOperationType
300bfcb44b971e6b	via.Prefab
3015c2ae846d7911	app.cp_B000.Cp_B000ThinkParameter.PushOtherActionParam.VariationType
3026b64edcc919db	app.GrappleCameraPositionData_ConstTarget.ConstTargetType
3026b64ecbafda23	via.vec3
3035916af5ff1be2	via.Guid
3035916ac50b38cf	app.Cp_B000BehaviorTreeCondition_CheckBodyDirection.Direction
303b2bd1de6cf883	via.OBB
303f1d38532b2adf	app.It70_01_000MeshController.SizeType
30467fc975ed7522	via.motion.OrclKey_Pos
30467fc90841f576	via.motion.OrclKey_Pos
30467fc9a1583547	via.motion.OrclKey_Pos
30467fc99bf001f8	via.motion.OrclKey_Pos
30467fc9842c2ecc	via.motion.OrclKey_Pos
30467fc90546be4e	via.motion.OrclKey_Pos
30467fc93f4b3c54	via.motion.OrclKey_Pos
30467fc9f69347cb	via.motion.OrclKey_Pos
30467fc9a53a50e8	via.motion.OrclKey_Pos
30467fc9ac5626f9	via.motion.OrclKey_Pos
30467fc909f2ed5c	via.motion.OrclKey_Dir
30467fc9d854088a	via.motion.OrclKey_Pos
30467fc9fb3e2c4c	via.motion.OrclKey_Pos
30467fc9c9c6c21e	via.motion.OrclKey_Pos
304b629af5ff1be2	via.Guid
3066c24cf5d5000d	app.ConversationActorCategory
306f2673e2dc42cb	app.CharacterResumeType
306f30a7f5ff1be2	via.Guid
307da403fc5542a4	app.InteractTrigger.InteractTryType
307da40385b26f17	app.InteractTriggerKeyInput.InteractDetectionType
307da403a8bda540	app.InteractUtil.TagFlg
307da403f8e2e331	app.InteractUtil.ButtonType
307da4039e0f9952	via.GameObjectRef
307da40317762364	via.vec3
307da403b28e01ad	app.InteractUtil.ObjectIconDisplayType
307da4033a6d707c	app.InteractUtil.ObjectIconDistanceActorType
307da4036f3515b6	app.InteractUtil.TagFlg
307da40308c968ae	app.InteractUtil.ObjectIconShieldingType
307da4039d10577d	app.InteractUtil.InteractIconDisplayType
307da4035ba688e2	app.InteractTriggerKeyInput.InteractIconDisplayLimitType
307da403517963a6	app.InteractTrigger.InteractDesiredPriority
309b256b15d1718e	via.GameObjectRef
309b256b19f5a6e4	app.PlayerAutoWalkParameter.EquipState
309b256ba544aeb5	app.PlayerAutoWalkParameter.LightState
309e7140f5ff1be2	via.Guid
30a0338d3d9184af	app.InteractTrigger.InteractDesiredPriority
30a0338d425aa17b	app.InteractUtil.ButtonType
30a4c4e833e17976	via.effect.ProviderData
30a4c4e860094e97	via.effect.EffectPlayer
30aa0ab56297895e	app.CharacterBehaviorTreeAction_RequestTutorial.RequestTiming
30aa0ab5da05363c	app.CharacterBehaviorTreeAction_RequestTutorial.RequestTiming
30acd789c26ad7ec	via.hid.virtualKeyboard.KeyboardMode
30acd78957f657f2	via.UserIndex
30acd789c7dc6f8d	via.vec2
30acd789fdbc3587	via.hid.virtualKeyboard.CollapseSetting
30acd78909066a30	via.hid.virtualKeyboard.CustomizedDictionaryIndex
30bacad36ba51265	via.Language
30cd9e22fd8c731e	app.MovieDefine.ID
30ce14d3424a544a	via.Quaternion
030e60b07f5677c3	via.Prefab
030e60b077a43e90	via.GameObjectRef
30e7ed4f4609829d	via.motion.script.FootEffectController.JointPartsType
30e7ed4f47e6ae77	via.motion.script.FootEffectController.JointSideType
30e7ed4f411705a8	via.motion.script.FootEffectController.NoHitEmitEffectType
30e7ed4f9440e248	via.motion.script.FootEffectController.NoHitMaterialIdType
30e7ed4f365bd840	via.motion.script.FootEffectController.BoolTrigger
30e7ed4f9b4c6062	via.motion.script.FootEffectController.BoolTrigger
30e93a5b424a544a	via.Color
30ebe11e1b1293de	app.BodyPartsEnum
30fd34edda8692cd	via.string
30febf7872e1d238	via.AnimationCurve
30febf7826dc17ff	via.AnimationCurve
30febf78173a9483	via.AnimationCurve
310336edde6cf883	via.AABB
311728ca6f6d291a	via.motion.MotionResourceHolder
312883441ccb13db	via.GameObjectRef
312883443a2b669e	via.Rect
3128f9b461477743	app.LayeredParamGroupBits
312c1d88176d9ee1	via.vec3
313b473903952400	via.AABB
3142b5cdf5ff1be2	via.Guid
3142b5cda68e3eb3	app.cp_B000.WeaponThrow_RoleActionAdditionalSettings.WaitVariation
317740439ea59346	via.relib.GUI.MessageTag.GrammaticalCase
317740431d5d4b7b	via.relib.GUI.MessageTag.Plurality
3177404399affde8	via.relib.GUI.MessageTag.GrammaticalGender
317740438806ca08	via.relib.GUI.MessageTag.NounType
318e90a46ba51265	via.GameObject
31adadd2f5ff1be2	via.Guid
31b264f7422edaaa	via.relib.light.ReLibStdCld2Controller.StdCld2MainLayerModeling.StdCld2SingleDetailNoise
31b264f7af6ffb6d	via.relib.light.ReLibStdCld2Controller.StdCld2MainLayerModeling.StdCld2SingleDetailNoise
31b264f7f936f6b1	via.relib.light.ReLibStdCld2Controller.StdCld2MainLayerModeling.StdCld2SingleDetailNoise
31b264f7c114b7c8	via.relib.light.ReLibStdCld2Controller.StdCld2MainLayerModeling.StdCld2SingleDetailNoise
31b264f73fa6e72f	via.relib.light.ReLibStdCld2Controller.StdCld2MainLayerModeling.StdCld2SingleDetailNoise
31b264f7609cf9ae	via.relib.light.ReLibStdCld2Controller.StdCld2MainLayerModeling.StdCld2SingleDetailNoise
31b264f7c1d3ca46	via.relib.light.ReLibStdCld2Controller.StdCld2MainLayerModeling.StdCld2SingleDetailNoise
31b264f75e2ffe94	via.relib.light.ReLibStdCld2Controller.StdCld2MainLayerModeling.StdCld2SingleDetailNoise
31b3d157f5ff1be2	via.Guid
31b3d1579fad42df	app.character.Vital
31c78bc796b5162f	app.GuiAttribute
31c78bc77f880865	app.GuiLimitedAtteribute
31c78bc727cca8c2	via.gui.Segment
31c78bc78df62134	app.GuiInputLevel
31c78bc7af403d4d	app.GuiControllerBehavior.PoolLimitOperationType
31c78bc74b971e6b	via.Prefab
31c8614f79fa8d00	via.Range
31c8614f1ad76ed6	via.Range
31cdb4ea731c77fa	via.hid.ExecuteGroup_hdVibration
31cdb4eaa4358807	via.hid.PauseGroup_hdVibration
31d04792b766449e	app.ICp_C100Door.DoorCaughtStartVariationType
31d047922d37eefe	via.Range
31d04792225a6f68	via.Range
31d04792af302a22	app.ICp_C100Door.AmbushVariationType
31d63902f7aefbe4	app.Cp_C800Define.IdleVariationType
31dfac2f9cb6d969	via.GameObjectRef
31ece16995bbbf7e	via.vec3
31ece169f5a98fc4	via.GameObject
31ece169df8cb10f	via.vec3
31f8073af872881f	app.PlayerComplexConditionParam_HandTouch.CheckTiming
320469ebb664d91b	via.AnimationCurve
320558b46d2c033c	app.MotionFsmActionTiming
32061cb3e14f2e0b	via.Int3
32061cb3305099ec	via.AABB
03218f156ba51265	via.relib.ReLibUpdateOrder.UpdateOrder
322da5dfe2dc42cb	app.CharacterResumeType
323a7261c11c1624	via.RangeI
325b1da26d2c033c	app.MotionFsmActionTiming
325b1da20dd10c61	app.CharacterBehaviorTreeAction_RequestCooldownAttackPermit.TargetType
326aa34d560f9e51	app.FindStateController.FindState
326aa34d63d5282e	app.FindStateController.FindSource
326b9b5b152e9eec	via.Transform
326b9b5b7d59d9b8	via.vec3
326b9b5b6519f22c	app.GimmickFragileFlag
326b9b5b2cef8bd0	app.cp_C700.Cp_C700ThinkDriver.DistanceState
326bca7168ce23a0	app.Cp_C100PostureType
327657c04fda7b1a	app.GmItemInstallationController.GmActionType
327657c024ac6321	app.GmItemInstallationController.LightActionType
327657c01ef5528d	app.InteractUtil.TagFlg
327657c07b2bbf40	app.InteractUtil.TagFlg
32779999f5ff1be2	via.Guid
32b9172a73b61c3b	via.GameObjectRef
32c202218d9f70e7	via.DisplayOrientation
32c20221b31b0431	via.vec2
32c20221f8d227f4	via.vec2
32c20221fd01eeeb	via.vec2
32c688a0fe5e69d0	via.Quaternion
032cf13cf5ff1be2	via.Guid
32e8d8a2861ab707	via.render.ColorSpace
32eb0bcc6ba51265	app.GuiInventoryItemSlotArrayType
32f0cb3fdd09ec99	via.GameObjectRef
32f21b3653014ee9	via.Sphere
32f7114f4ab1eb98	via.Range
32f7114fa898919b	via.Range
32f7114ffae5693a	via.Range
32f7114f8cbf95b0	via.Range
32f7114f4d45e1f5	via.Range
32fa9cb2f5ff1be2	via.Guid
32fc941ade118265	app.Ds032SettingUserData.CheckType
330ff24781be46f8	via.dynamics.GpuClothResourceHolder
331f90e0f5ff1be2	via.Guid
334904e59ee0f530	via.motion.MotionResourceHolder
334904e54a1e6435	app.SimpleMotionPlayer.PlayMode
33575cd24a78c03c	app.DynamicsPropMaterialType
335f0bd9bef418b5	via.Color
335f0bd942fcb4ca	via.Range
335f0bd932cec850	via.Float2
335f0bd912cecff9	via.Float2
335f0bd9d048e0e9	via.Color
336edc416d2c033c	app.Cp_D000BehaviorTreeAction_NavigationControl.ExcuteTiming
336edc41d266ceff	via.Position
33836464f5ff1be2	via.Guid
33836464962874f6	app.Cp_B006IrritationController.IrritationState
33855649a1db02f3	via.Quaternion
33967d8dcf523ac0	app.SystemPropertyTags
339adb9d07967bc2	via.GameObjectRef
339adb9d5db7b8ed	via.vec3
339adb9d2ea5f1fa	via.Quaternion
339d3892b3961e7f	via.render.MaterialParam.MaterialParamType
339d389240e50d9d	via.curve.EaseType
339d3892895e71c4	via.curve.EaseType
33a870d5f5ff1be2	via.Guid
33b50b6af5ff1be2	via.Guid
33d0f00a0a4703bf	via.Range
33d49840c056f48b	app.TimelineEventDefine.ID
33d768d8f5ff1be2	via.Guid
33e7d2a375ed7522	via.motion.OrclKey_Pos
33e7d2a30841f576	via.motion.OrclKey_Pos
33e7d2a3a1583547	via.motion.OrclKey_Pos
33e7d2a39bf001f8	via.motion.OrclKey_Pos
33e7d2a3842c2ecc	via.motion.OrclKey_Dir
33e7d2a30546be4e	via.motion.OrclKey_Pos
33e7d2a33f4b3c54	via.motion.OrclKey_Pos
3428a0426abdb97d	app.Cp_B800SignSoundTriggerKind
3428a042dbd2ebc2	app.Cp_B800SignSoundTriggerKind
342fb6e6f5ff1be2	via.Guid
34317b039ae9ecab	app.Cp_B800BGMState
343a85aab43ddb43	via.navigation.map.NodeShapeType
3440ab6b998a4e6c	app.AppEventDefine.Kind
00344410fff81c8f	via.render.LightPowerUnitType
003444104c36c347	via.render.LightImportantLevel
3445a18474077bc9	app.BodyDestructionControllerChildType
345fcaecf5ff1be2	via.Guid
3468a2a2fc5542a4	app.InteractTrigger.InteractTryType
34787ea053014ee9	via.OBB
347a9470c748ed5a	via.vec3
347a9470ab8b3470	via.vec3
347a94700f3a9990	via.vec3
347fc2856ba51265	app.BikeCameraStateKind
3480bd5d99633d49	via.render.TextureResourceHolder
348958e716331766	app.TutorialDefine.TutorialIgnoreDetailConfig.IgnoreConfigDetailType
348bde826d2c033c	app.MotionFsmActionTiming
348bde8278b57979	via.vec3
348bde8299c73a02	via.vec3
348e4f281ec35a4c	app.QuestConcealType
34a039566d2c033c	app.MotionFsmActionTiming
34a03956c50b38cf	app.Cp_B000BehaviorTreeAction_RoleThrowGimmick.DirectionType
34a039560a8849ba	app.Cp_B000BehaviorTreeAction_RoleThrowGimmick.RotateAxisType
34b1201d15d1718e	via.GameObjectRef
34b1201db26e407c	app.GmEffectorV2.GimmickEffectType
34b1201da4963b3e	app.GmEffectorV2.EffectStopType
34b1201d00b7f216	app.EPVExpertPartsBreak.PartsType
034b5d50f5ff1be2	via.Guid
034b5d500c0c49b8	app.Cp_B000Dead.Cp_B000DeadPosture
34df6b9df5ff1be2	via.Guid
34df6b9dde118265	app.GrappleBehaviorTreeCondition_CheckCharacterDriverBase`1.CheckType<app.CharacterAttackDamageDriver>
34e32acfa3c54e13	app.RagdollController.RagdollControlType
34e32acfb3c3781d	app.RagdollController.RootFollowType
34f9c78523dc8e5e	via.vec3
34ffa71efc5542a4	app.InteractTrigger.InteractTryType
34ffa71e07967bc2	via.GameObjectRef
34ffa71ed873667f	via.vec3
34ffa71e517963a6	app.InteractTrigger.InteractDesiredPriority
3502a5e52e1f73db	via.motion.script.FootEffectController.WwiseSpecialMaterialID
3503ff096590b814	via.Range
3503ff096ea9c7b3	via.vec3
3503ff09e63b2498	app.WayType
3506cbd8c7d95d7f	app.TimelineEventDefine.ID
3514bfd0aaf818ea	app.CharacterBehaviorTreeAction_AngularRotationCommonBase.DirectionType
3520d0a0861ab707	via.render.RenderConfig.StrandShadingQuality
355d42e0fff81c8f	via.render.LightPowerUnitType
355d42e04c36c347	via.render.LightImportantLevel
355d42e0f83453d6	via.render.TextureResourceHolder
355d42e04c986cfe	via.render.ProjectionSpotLight.LightingMode
3560f64674077bc9	app.Cp_C100BehaviorTreeAction_ClimbWallInterpolate.ClimbWallInterpolateType
356143cff5ff1be2	via.Guid
357b15fb5ef03540	via.GameObjectRef
358744a707967bc2	via.GameObjectRef
35901f9e375040c6	via.Range
35c33d815a869de6	via.Range
35c33d81d026e0a6	via.vec3
35c33d8144f516b4	via.render.Stamp.StampChannelMask
35c721cd29255a93	via.landscape.TextureType
35cf6659bb4299e7	via.vec2
35cf665949359be1	via.vec2
35d00db7d35df4f0	app.FlashLightController.LightGroupBit
035d685cf5ff1be2	via.Guid
035d685cf54e88cf	app.Cp_B000BehaviorTreeCondition_DetectThrowObjectPlace.PlayerPlaceCondition
35d81e83df8cb10f	via.vec3
35d81e830c4fa6f7	via.vec3
35d81e83466d7535	via.vec3
35d81e83df8ac66a	via.vec3
35d81e83311e04b5	via.vec3
35d81e8376068659	via.vec3
35d81e83b8fe3c19	via.Quaternion
35d81e83b3ec9ca8	via.vec3
35d81e83d1257baa	via.Quaternion
35e47f171a2c86d0	app.InteractHandlingConfigurationBase.Direction
35eb24876ba51265	StaticAnalysisTest.Case1.ClueID
3630685efc5542a4	app.InteractTrigger.InteractTryType
3630685e0fc6d44a	app.InteractTriggerVariableInput.CommandType
363e7c6f820c3296	via.string
363e7c6fe001498a	via.string
0364f5b496b5162f	app.GuiAttribute
0364f5b47f880865	app.GuiLimitedAtteribute
0364f5b427cca8c2	via.gui.Segment
0364f5b48df62134	app.GuiInputLevel
0364f5b4af403d4d	app.GuiControllerBehavior.PoolLimitOperationType
0364f5b44b971e6b	via.Prefab
3658258f6aff040c	app.EnvStageManager.EnvControlSettings.SpecialControlBehaviorType
0365c243bedd91a7	via.GameObject
365cfce4f5ff1be2	via.Guid
365cfce4f976b7a2	app.PlayerDefine.HoldType
365f3dbea1dd6efc	app.JcmouseModeTransitionSetting
365f3dbe4e52f5bd	app.JcmouseModeTransitionSetting
365f3dbe3eb7850f	via.Range
365f3dbe7b6c56bc	via.Range
365f3dbef941a3e6	via.Range
365f3dbe46507faf	via.Range
365f3dbe3fcfb024	via.Range
365f3dbe50cda7f1	via.Range
365f3dbe315d498a	via.Range
365f3dbe94fd29da	via.Range
365f3dbe4e65ff5f	app.JcmouseEmulationInputTypes
365f3dbebaa651ec	app.JcmouseEmulationInputTypes
365f3dbe308fca30	app.MousePrimaryButtonMode
365f3dbe416ce64d	app.JcmouseScrollWheelSetting
36633fc4f5ff1be2	via.Guid
366345fef5ff1be2	via.Guid
3663f348de118265	app.CompareType
3665836a3c5f1479	via.network.utility.UniqueId
36867a7a85fc4172	via.GameObjectRef
36867a7ab154b4f9	via.GameObjectRef
36c495566ba51265	via.GameObject
36cd8497a3c54e13	app.GuiKeyAssignControlType
36d3efcbdb715de1	app.ActionCameraPlayRequestForGrappleAsset.TargetObjectTypeForGrapple
36d3efcbb64c0b3a	app.ActionCameraPlayRequestForGrappleAsset.TargetObjectTypeForGrapple
36e83d1894d6fa02	via.Color
36e9d82b02246c70	via.Sphere
36f4f43c108928e7	via.resource_handle
36f540d7b1b6715e	via.RangeI
3714f8c296b5162f	app.GuiAttribute
3714f8c27f880865	app.GuiLimitedAtteribute
3714f8c227cca8c2	via.gui.Segment
3714f8c28df62134	app.GuiInputLevel
3714f8c2af403d4d	app.GuiControllerBehavior.PoolLimitOperationType
3714f8c24b971e6b	via.Prefab
371b35ae526d8ccb	via.Prefab
371b35aec9e9df8c	via.effect.lensflare.RotationOrder
371b35ae5bf0e366	via.effect.lensflare.AxisType
371b35ae5bf099c2	via.Float3
372495a41e96f6ed	via.GameObjectRef
372c53d615d1718e	via.GameObjectRef
37331fc986637664	app.CameraDefine.Role
37331fc94159ea4c	via.GameObjectRef
37382493f5ff1be2	via.Guid
373824935ad85b72	app.ShellWeaponStructureParam.ShootType
37384b1b152e9eec	via.Transform
37384b1b7d59d9b8	via.vec3
37384b1b6519f22c	app.GimmickFragileFlag
373bdb97861ab707	app.cp_D100.MoveTo`4.MovePositionInfo.LookTargetType<app.Cp_D100Context,app.cp_D100.Cp_D100ThinkDriver,app.Cp_D100Updater,app.cp_D100.Cp_D100ThinkParameter>
373cdaebe8ae0491	via.mat4
3748b297f5ff1be2	via.Guid
3769c5df96b5162f	app.GuiAttribute
3769c5df7f880865	app.GuiLimitedAtteribute
3769c5df27cca8c2	via.gui.Segment
3769c5df8df62134	app.GuiInputLevel
3769c5dfaf403d4d	app.GuiControllerBehavior.PoolLimitOperationType
3769c5df4b971e6b	via.Prefab
377305b2e03c39a5	via.vec3
377305b24d23f9bf	via.vec3
377947406ba51265	app.DyingMessageManager.Type
377a0f82f5ff1be2	via.Guid
378967bff5ff1be2	via.Guid
378fe70859dd2197	via.render.TextureResourceHolder
3793034fd5413695	via.render.PolynomialLens.Resolution
3793034fd14b7e94	via.render.TextureResourceHolder
379b53e6e2dc42cb	app.CharacterResumeType
37a17d07bedd91a7	app.EventObjectType
37a8042015d1718e	via.GameObjectRef
37a8397e9fa0ee8f	via.sound.SoundCurve
37c8ebdadf8cb10f	via.vec3
37c8ebdac5c96ac4	via.effect.script.EPVDataBase.EffectRelationType
37ebeda8a99f8f9a	app.EffectCharacterSurfaceMaterialDefinition.StrandsWetLevel
37f89f274ddcf3c3	via.GameObjectRef
37f89f2717d4a736	app.IThrowGimmick.Flag
37fc415274077bc9	app.Cp_C600Define.EffectAimCollisionAdditionalType
3805ec8e66a9ab1a	via.Language
381a2119ede44e83	via.GameObjectRef
381a2119e52c962a	app.LevelFlowBehaviorTreeAction_FSM_Cp_B200SetStateAction.StateActionType
381a2119fb73ffbe	app.Cp_B200FaceKind
381cc62fad1c4905	soundlib.WwiseVibrationType
381cc62f7449d87a	soundlib.WwiseVibrationTrigger
383eec2dde118265	app.GameLevelLinkageSceneController.CheckType
383eec2d9684a586	app.GameLevelLinkageSceneController.OperatorType
385a375bf5ff1be2	via.Guid
385ed837ac237991	app.ReliefItemAppendWeightData.CheckItemKind
385ed83787c91ece	app.CompareType
386749ddd11ba606	via.Prefab
3878b9deac115eb6	via.render.TextureResourceHolder
388f33526d2c033c	app.CharacterBehaviorTreeAction_NotifyRoleActionEnd.NotifyTiming
388febf8fc5542a4	app.InteractTrigger.InteractTryType
388febf88ffe071a	via.GameObjectRef
388febf8f430468c	via.vec3
388febf87aabb148	via.Quaternion
38aba1a8e52c962a	app.GmMotionV2.GimmickActionType
38aba1a82b5235d2	via.motion.InterpolationMode
38aba1a838b17ba6	via.motion.RootPlayMode
038b84640c8b057f	app.Cp_B800SignSoundKind
038b846439c9d027	app.Cp_B800EnteringFromCeilingKind
38c575437e4ea976	app.Cg_NPC00SpawnSettings.SpawnSetType
38c575434a0844a1	via.RangeI
38c5754324e2185d	via.vec3
38c575439c374e2b	via.AABB
38c575437cca3687	app.Cg_NPC00SpawnSettings.SetTimingType
38c5754355dbdd01	app.Cg_NPC00SpawnSettings.EquipmentType
38c5754312b10062	app.Cg_NPC00SpawnSettings.EquipmentType
38c57543cb849d59	app.Cg_NPC00SpawnSettings.EquipmentType
0390b1013eb1d334	via.render.RenderTargetTextureResourceHolder
392329946d2c033c	app.MotionFsmActionTiming
392329947e4ea976	app.VisableAmmoSetType
392e2d7683491843	app.BikeMovementControlKind
392e2d7675e79299	app.CharacterBehaviorTreeAction_BikeChangeMovementKind.ExcuteTiming
3952d605c26ad7ec	via.hid.virtualKeyboard.KeyboardMode
3961db6562280145	via.GameObjectRef
3961db6509950e13	via.GameObjectRef
39635c3096b5162f	app.GuiAttribute
39635c307f880865	app.GuiLimitedAtteribute
39635c3027cca8c2	via.gui.Segment
39635c308df62134	app.GuiInputLevel
39635c30af403d4d	app.GuiControllerBehavior.PoolLimitOperationType
39635c304b971e6b	via.Prefab
3965400907967bc2	via.GameObjectRef
396a0e4788a8733e	via.vec3
396a0e47b619836a	via.Range
396a0e47d9d360c6	via.vec3
396a0e4741f1b202	via.vec3
396a0e4773b61c3b	via.GameObjectRef
396a0e47597c2694	via.GameObjectRef
396a0e47f41b73cc	via.GameObjectRef
396f8a3d132854fd	via.vec3
397bb2e674077bc9	app.Cp_B800IndividualConfiguration.SpeedupActionSetting.ApplyType
3998a5906d2c033c	app.MotionFsmActionTiming
39a49d67533daaf1	app.MeshPartsGroupBit
39a8dd5164538851	app.Cp_B000ArmBase.DropWeaponResultArgs.DropWeaponType
39adaba7e0fdb83a	via.effect.script.EffectCullingZoneGroup
39bfd3d3f5ff1be2	via.Guid
39bfd3d30dd10c61	app.GrappleBehaviorTreeConditionBase.GrappleRole
39bfd3d3923dcc61	app.GrappleBehaviorTreeCondition_CheckAngleFromTarget.DirectionType
39bfd3d30128fb17	via.Range
39cc567d75ed7522	via.motion.OrclKey_Pos
39cc567d0841f576	via.motion.OrclKey_Pos
39cc567da1583547	via.motion.OrclKey_Pos
39cc567d9bf001f8	via.motion.OrclKey_Pos
39cc567d842c2ecc	via.motion.OrclKey_Pos
39cc567d0546be4e	via.motion.OrclKey_Pos
39cc567d3f4b3c54	via.motion.OrclKey_Dir
39d930436d1d43cc	app.OccupyPermission
39de9b421cac8b5b	app.CharacterResumeType
39e1413d5db7b8ed	via.vec3
39e1413d2ea5f1fa	via.Quaternion
39ec2324c75f89e3	via.OBB
39ee81a9a4dbb75b	via.Range
39ee81a9f2e6edd6	via.motion.InterpolationMode
39ee81a9b664d91b	via.motion.InterpolationCurve
39f3d6471a6232f1	via.Position
39f3d6472ea5f1fa	via.Quaternion
39f3d6470d89f003	via.vec3
3a06043357a5d046	app.GuiMapItemOpenGroupInfo.SectionSelectType
3a08252d830e9752	app.Cp_B000DamageAddBlackboardUnit.DamageReactionType
3a0b0fad0dd10c61	via.GameObjectRef
3a35363cdcc919db	app.GimmickDataInteractable.TargetType
3a35363c523c8ecb	app.GimmickDataInteractable.OperationType
3a37dbf027a6a0e2	app.CharacterBehaviorTreeAction_RequestCommonMessage.ExcuteTiming
3a4f4e85e785c320	via.UserIndex
3a52f516109ce95e	via.Float2
3a5bf9f0b26e407c	app.SpreadOfFireManager.FireEffectType
3a5bf9f09e0f9952	via.GameObjectRef
3a6d2a9e8984bec1	via.Range
3a6d2a9eeb7d4185	via.Range
3a6d2a9e0b6a5442	via.Range
3a6d2a9e55e21b73	via.render.LDRRadialBlur.LookAtType
3a6d2a9e64eba5ad	via.vec2
3a868346bf017c06	via.SystemServicePerformanceMode
3a8822140f501fe3	via.landscape.MapBakerFoliageMapBakeType
3a8822148da31f9f	via.resource_handle
3a88af75f5ff1be2	via.Guid
3a88af75012dbe79	app.Cp_B600BehaviorTreeCondition_CheckNoAttackPermitMoveSwitchDistance.State
3aa32e096d2c033c	app.MotionFsmActionTiming
3aa33fc8e2dc42cb	app.CharacterResumeType
3aa398d7679079ed	via.vec3
3aa398d753e451e6	via.vec3
3ac6f12d6d5d1e1a	app.PressWeightEnum
3acf82e50c8b057f	app.Cp_B800SignSoundKind
3acf82e574077bc9	app.Cp_B800AppearParam.AppearCornerOption.AppearType
3ad057ddb9df173a	app.EPVExpertPartsBreak.VariationType
3af3da4b96b5162f	app.GuiAttribute
3af3da4b7f880865	app.GuiLimitedAtteribute
3af3da4b27cca8c2	via.gui.Segment
3af3da4b8df62134	app.GuiInputLevel
3af3da4baf403d4d	app.GuiControllerBehavior.PoolLimitOperationType
3af3da4b4b971e6b	via.Prefab
03b084fbd35df4f0	app.FlashLightController.LightGroupBit
03b084fb6e6502ac	via.motion.AxisDirection
03b084fb407b4b8d	via.vec3
03b084fb955078f4	via.Quaternion
03b084fb2ea186ec	via.Range
03b084fb7dfe899e	via.Range
03b084fb504a9d20	via.Range
3b0f2b982c84e16c	via.vec3
3b0f2b989f2bbb34	via.vec3
3b0f2b980de5c303	via.vec3
3b0f2b98457e7cae	via.vec3
3b0f2b98060bc3c8	via.vec3
3b0f2b98083db37a	via.vec3
3b144490514ef6da	via.render.TextureResourceHolder
3b1e0689fbae5936	app.PlayerDefine.MentalState
03b4760c96b5162f	app.GuiAttribute
03b4760c7f880865	app.GuiLimitedAtteribute
03b4760c27cca8c2	via.gui.Segment
03b4760c8df62134	app.GuiInputLevel
03b4760caf403d4d	app.GuiControllerBehavior.PoolLimitOperationType
03b4760c4b971e6b	via.Prefab
3b63f08ff5ff1be2	via.Guid
3b63f08fabecd1d3	app.Cp_C100MotionType
3b6802df90a8d577	app.AppendItemCatalogUserData.AppendTarget
3b6802df73e92668	app.AppendItemCatalogUserData.RegrantType
3b6aa83fe2dc42cb	app.CharacterResumeType
3b85f175152e9eec	via.Transform
3b85f1757d59d9b8	via.vec3
3b85f1756519f22c	app.GimmickFragileFlag
3b92c8ccd02e8c37	app.GimmickTracksGm99_146.ActionType
3b93a6e6d7c2f8ac	app.EnemyContext.EliteStatusType
3b9f5bde5322d7a9	via.motion.AxisDirection
3b9f5bdec3a95a25	via.motion.AxisDirection
3b9f5bde993fec2f	via.curve.EaseType
3bbae09a4ddcf3c3	via.GameObjectRef
3bbae09ab7ead971	via.GameObjectRef
3bbae09a3b961adc	via.GameObjectRef
3bbae09ad526c130	via.GameObjectRef
3bbb883217a09aa8	app.Gm99_082.InteractParam.InteractType
3be17750b2751c67	via.GameObjectRef
3be594109f622422	via.render.UIColorCorrect
3bedb3a685b26f17	app.SoundDetectionType
3bfb3b90f5ff1be2	via.Guid
3c08d46287ff7422	via.pointgraph.GraphFilter
3c08d462f4608ac5	via.pointgraph.ScopeQuery
3c08d4629f485bd7	via.pointgraph.AttributesQuery
3c08d462c24e1c09	via.pointgraph.UserCustomPointFilter
3c0d19c7f5ff1be2	via.Guid
3c15f371d8514b80	app.FileCategory
3c2ae58ce9f77cc4	app.FolderRegisterBehavior.RegisterUsages
3c339aed28f5c979	app.Cp_B600BehaviorTreeAction_PivotTurn.TurnType
3c38e72cfbae5936	app.PlayerDefine.MentalState
3c38e72c962874f6	app.PlayerComplexConditionParam_MentalState.CheckState
3c4b5d234e02f87f	via.GameObjectRef
3c4ca08fdbe87dd0	via.Range
3c58b4ff7d8c2c1a	via.relib.light.LightActionDistanceAttenuation
3c58b4ff75addcdb	via.relib.light.LightActionKillComponent
3c58b4ff08adfcac	via.relib.light.LightActionDistanceShadow
3c58b4ffc1fac60e	via.relib.light.LightActionControlAOEfficiency
3c58b4ff07752429	via.relib.light.ReLibLightBehavior.LIGHT_PLAYER
3c58b4ff612f2361	via.relib.light.LightBlinkUserCurvePlayer
3c58b4fffaa7863f	via.relib.light.LightBlinkUserCurveVariationPlayer
3c58b4ff862e7b53	via.relib.light.TimelineUserCurvePlayer
3c58ff66d1fcf3eb	via.GameObjectRef
3c58ff66a43458d9	app.ArmMeshController.SyncSourceType
3c5d2452861ab707	via.Range
3c6909d187c91ece	app.CompareType
3c7b210a51e183d5	app.BikeChaseCameraRotationParam.RotationOffsetType
3c8170868b0a1fa6	via.AnimationCurve
3c81708678a4bc7b	via.AnimationCurve
3c867c9107967bc2	via.GameObjectRef
3c915d62319b5818	via.Guid
3c98e97574077bc9	app.PlayerAbility.MessageFormatType
3ca3168c18d69109	via.render.TextureResourceHolder
3ca3168ccf25fcf2	via.Rect
3ca3168c3b3a06ca	via.Rect
3ca3168c41d13adc	via.Rect
3ca3168c978ca839	via.Rect
3ca3168cca7e776c	via.Rect
3ca3168c439fd14e	via.Rect
3caca687f5ff1be2	via.Guid
3cc178d32e16f017	via.motion.MotionBaseResourceHolder
3cd133de7835b2d6	app.ItemAcquireOptionBit
3ced5e3c617783c3	app.TimerBase.CountMode
3ced5e3c0128fb17	via.Range
3ced5e3cbfd2c2ff	app.CompareType
3ced5e3cd7caab36	via.Range
03cf17c9f41b94df	via.Joint
03cf17c94aecf81f	via.vec3
03cf17c9c9fc625a	via.Quaternion
3cf1d68ff09f0a02	via.GameObjectRef
3d10cad20b0fca03	app.CoordData.CalcPositionType
3d10cad2a49fd5a7	app.CoordData.CalcRotationType
3d10cad25db7b8ed	via.vec3
3d10cad22ea5f1fa	via.Quaternion
3d198cfd5e1cdb44	via.resource_handle
3d1b87da4f8dd039	app.InventoryType
3d1cb4bef5ff1be2	via.Guid
3d2845366ea9c7b3	via.vec3
3d2981919cb6d969	via.GameObjectRef
3d2ff8d7f5ff1be2	via.Guid
3d302ff74280ff5c	via.dynamics.RagdollResourceHolder
3d302ff78ca57634	via.dynamics.RagdollResourceHolder
3d302ff71cc06eef	via.motion.SkeletonResourceHolder
3d3088b310422649	app.MotionFsmActionTiming
3d4641affc5542a4	app.InteractTrigger.InteractTryType
3d52f3166966f037	app.cp_B000.ThrowObject_RoleActionAdditionalSettings.ThrowCondition
3d52f316b74be928	via.AABB
3d52f316f57040c8	via.GameObjectRef
3d52f3168284dc3a	via.vec3
3d5dd66d6d2c033c	app.MotionFsmActionTiming
3d8397259cb6d969	via.GameObjectRef
3da544e4f5ff1be2	via.Guid
3db2b669f5ff1be2	via.Guid
3dbbc3f5f5ff1be2	via.Guid
03dbd1cee03c39a5	via.vec3
3dcea82eb72d2da1	via.vec3
3de622e2bcf895c1	app.MeleeWeaponUsedConsumptionValue.UsedConsumptionType
3de622e227a6a0e2	app.ConsumptionMeleeWeaponBahaviorTreeActionBase.ExcuteTiming
3de672606d1d43cc	app.EnvironmentChecker.ClimbWallChecker.PreCheckDir
3defe4b86a4f57e3	app.CharacterControlAttachmentTag
3dff027896b5162f	app.GuiAttribute
3dff02787f880865	app.GuiLimitedAtteribute
3dff027827cca8c2	via.gui.Segment
3dff02788df62134	app.GuiInputLevel
3dff0278af403d4d	app.GuiControllerBehavior.PoolLimitOperationType
3dff02784b971e6b	via.Prefab
3e03553ef13e94a5	via.OBB
3e0b889ff5ff1be2	via.Guid
3e1f518dadcb8e35	via.Guid
3e5894ae9fc7db8b	anim.AnimIkC400AttackAdjust.BaseJointType
3e5894ae4fef3f8d	anim.AnimIkC400AttackAdjust.BaseDirType
3e5e30bf96b5162f	app.GuiAttribute
3e5e30bf7f880865	app.GuiLimitedAtteribute
3e5e30bf27cca8c2	via.gui.Segment
3e5e30bf8df62134	app.GuiInputLevel
3e5e30bfaf403d4d	app.GuiControllerBehavior.PoolLimitOperationType
3e5e30bf4b971e6b	via.Prefab
3e67c64c41608266	app.DOTInstallationManager.InstallationType
3e67fee8ee57bf8e	via.GameObjectRef
3e67fee871b51f9c	via.vec3
3e67fee8680c3de4	via.Quaternion
3e67fee82312a371	via.GameObjectRef
3e67fee89b94d895	via.vec3
3e67fee84673be75	via.vec3
3e6c48e2ede44e83	via.GameObjectRef
3e6c48e2e52c962a	app.LevelFlowBehaviorTreeAction_FSM_Cp_C700SetStateAction.StateActionType
3e74812ddd658eec	via.motion.AxisDirection
03e781799fad42df	app.character.Vital
03e781796d7ffcb1	app.character.Vital
3e7bb1520c8b057f	app.Cp_B800SignSoundKind
3ebf3bdc5db7b8ed	via.vec3
3ec9b9a9f5ff1be2	via.Guid
3eca9a0af5ff1be2	via.Guid
3ecf2a3a0e4ce0f5	via.vec3
3ecf2a3af4277649	via.Quaternion
3ef8c2c473c9637c	via.Range
3f21528562cb1106	via.GameObjectRef
3f215285b6a7fa6d	via.vec3
3f215285201ac969	via.Quaternion
3f228c7eb98484f7	via.ScreenShotImageOrientation
3f228c7e747f9cb2	via.ScreenShotReportOption
3f228c7e30db6a85	via.UserIndex
3f228c7eb55ac702	via.string
3f356d76f5ff1be2	via.Guid
3f356d760128fb17	via.Range
3f49804c10cfe746	via.render.SoftBloom.Algorithm
3f49804ca15eecdf	via.Color
3f49804cef16a8ea	via.render.SoftBloom.DirtMaskBlend
3f49804c70c38432	via.render.TextureResourceHolder
3f49804c5003f2ce	via.Color
3f53787d96b5162f	app.GuiAttribute
3f53787d7f880865	app.GuiLimitedAtteribute
3f53787d27cca8c2	via.gui.Segment
3f53787d8df62134	app.GuiInputLevel
3f53787daf403d4d	app.GuiControllerBehavior.PoolLimitOperationType
3f53787d4b971e6b	via.Prefab
3f61b87107967bc2	via.GameObjectRef
3f6406c91cac8b5b	app.CharacterResumeType
3f78455efc5542a4	app.InteractTrigger.InteractTryType
3f78455e4aa0b06f	via.GameObjectRef
3f78455e6d2c033c	app.InteractTriggerProcessState.TimingType
3f9a71d30b48e481	app.Cp_B700SpawnSettings.StartActionType
3fda3ec6f5ff1be2	via.Guid
3fea256d773e3b3b	app.GameOverManager.GameOverType
400da974be67bbd8	via.Quaternion
406273a1861ab707	app.CastHitFaceType
406ef0354aa0b06f	via.GameObjectRef
406ef035f3882b1c	via.vec3
406ef035a6af2b33	via.OBB
4070907e07396a07	app.It70_01_000Updater.StockSettingType
40775ba38945f19c	soundlib.SoundListener.ListenerIndex
40775ba371059794	via.vec3
4078644ace484895	via.vec3
407ce2ddae4dd84f	app.it60_00_073Updater.OperationTarget
407ce2dde29d39fd	via.Color
407ce2dda8ed54fd	via.AnimationCurve
407ce2dda9f57785	via.AnimationCurve
408f419eacebfb6b	app.PlayerMoveUtil.MoveState
409cf87b95bbbf7e	via.vec3
409cf87bf5a98fc4	via.GameObject
409cf87bdf8cb10f	via.vec3
409cf87bbaf799f0	app.WindData.ATTENUATION_RATE
40a48f29f5ff1be2	via.Guid
40d91333094c32cc	via.effect.script.EffectManager.PriorityType
40d913338984bec1	via.Range
40d91333eb7d4185	via.Range
40d913330b6a5442	via.Range
40d9133355e21b73	via.render.LDRRadialBlur.LookAtType
40d9133364eba5ad	via.vec2
40ed61cd912df7a2	via.Range
40f92c180dd10c61	app.CharacterBehaviorTreeAction_ConstrainC_Prop_Ground_AToGameObject.TargetEnum
0040fbc040e50d9d	via.curve.EaseType
0040fbc086f7f324	app.WarpOption
0040fbc0a2bbd8e1	via.vec3
0040fbc02e192aef	via.vec3
411326a14e302961	via.RangeI
411326a172c7a3f8	via.Range
412cdf76f5ff1be2	via.Guid
4132e8e4f5ff1be2	via.Guid
413efc00424a544a	via.GameObject
4155a16724e2185d	via.vec3
415db9444dc5a5b7	app.Cp_B800RequestChaseGrappleKind
415db9442ae02983	via.GameObjectRef
4189758af5ff1be2	via.Guid
418bbf247dfacc0f	app.WeaponCategory
4192364a7449d87a	soundlib.WwiseVibrationTrigger
4192364a43810e74	soundlib.SoundConstants.PadIndex
41a737ef75ed7522	via.motion.OrclKey_Pos
41a737ef0841f576	via.motion.OrclKey_Pos
41a737efa1583547	via.motion.OrclKey_Pos
41a737ef9bf001f8	via.motion.OrclKey_Pos
41b16d64b72d2da1	via.vec3
41b35899f5ff1be2	via.Guid
41b3589926d821e9	app.Cp_B000Equip.ChainsawStabType
41b8e0f4f5ff1be2	via.Guid
41c440eee52c962a	app.GmGlobalFlagSwitcher.ActionType
41cd5ebc96b5162f	app.GuiAttribute
41cd5ebc7f880865	app.GuiLimitedAtteribute
41cd5ebc27cca8c2	via.gui.Segment
41cd5ebc8df62134	app.GuiInputLevel
41cd5ebcaf403d4d	app.GuiControllerBehavior.PoolLimitOperationType
41cd5ebc4b971e6b	via.Prefab
041d2fade50beb22	app.LightAnimator.AnimationBase.AnimationWrapMode
0041d95574077bc9	app.WeaponDropResourceParameter.ResourceType
41e383fff9c7d119	app.Cp_C600Define.SpawnType
41e383ff8ede9e0a	via.Range
41ef5d468961b78c	via.vec3
41ef5d4695bbbf7e	via.vec3
41ef5d46e3b7bfec	via.vec3
41f106c5459bcb18	via.GameObjectRef
420ccb19f5ff1be2	via.Guid
420ccb19acc1a857	app.Cp_B000Equip.ChainsawAttackerType
4213f1f12c09a09a	via.string
423efef1ead95069	via.GameObjectRef
423efef18fe6ba4c	app.GmLongJump.LandingPositionType
423efef13ffba769	app.GmLongJump.JumpOptionFlag
423efef1c7ee12a3	via.vec3
423efef1936aa727	via.Quaternion
423efef17859e0e7	via.vec3
423efef1fb2ef81c	via.Quaternion
423efef16c3f336f	via.vec3
423efef1a2040b82	app.GmLongJump.EndType
423efef143b98709	app.GmLongJump.GimmickMotionType
423efef16ca00721	app.GmLongJump.GimmickMotionType
423efef1154018e4	app.GmLongJump.GimmickMotionType
4241e0cdf5ff1be2	via.Guid
42430e2b7a57a332	via.GameObjectRef
42430e2ba9f57785	via.AnimationCurve
4246b5566ba51265	app.character.DebuffStatus
4254e52c5db7b8ed	via.vec3
4254e52c2ea5f1fa	via.vec3
425ccffa44b3f04d	via.render.LightProbes.LightProbesType
425ccffa5a1baca8	via.render.LightProbesResourceHolder
425ccffaccd1ba02	via.render.ProbesResourceHolder
425ccffaa599f130	via.render.LightProbes.LightProbesPriority
425ccffa7e7583be	via.Float3
425ccffaebcb0686	via.Float3
425ccffad7b29210	via.Float3
425ccffa403108d6	via.Float3
425ccffa6690db6d	via.vec3
425ccffadb7586d0	via.render.LightProbes.LightProbesMerge
425ccffaf13e94a5	via.OBB
425ccffa6078574c	via.OBB
4265feca71059794	via.vec3
4265fecac2eca729	via.vec3
426cca1ade9a258d	app.TutorialDefine.ConditionType
426cca1aca0d6226	app.TutorialDefine.ConditionType
426cca1a07967bc2	via.GameObjectRef
426cca1af430468c	via.vec3
4278879cb0f62f5c	via.mat4
4278879c6fa2a372	app.CharacterBehaviorTreeAction_InterpolateTransform.CalcType
42842f26f5ff1be2	via.Guid
428747b97e07433c	app.AttackTypeEnum
42a553515db7b8ed	via.Position
042c0f9ff5ff1be2	via.Guid
042c0f9f8c0635f7	app.Cp_B000Sever.State
42c38e0096b5162f	app.GuiAttribute
42c38e007f880865	app.GuiLimitedAtteribute
42c38e0027cca8c2	via.gui.Segment
42c38e008df62134	app.GuiInputLevel
42c38e00af403d4d	app.GuiControllerBehavior.PoolLimitOperationType
42c38e004b971e6b	via.Prefab
42cc9032f5ff1be2	via.Guid
42d1e0f6ede44e83	via.GameObjectRef
42d1e0f6de118265	app.LevelFlowBehaviorTreeAction_FSM_Cp_D110StateCheck.StateCheckType
42d3069496b5162f	app.GuiAttribute
42d306947f880865	app.GuiLimitedAtteribute
42d3069427cca8c2	via.gui.Segment
42d306948df62134	app.GuiInputLevel
42d30694af403d4d	app.GuiControllerBehavior.PoolLimitOperationType
42d306944b971e6b	via.Prefab
42e026f76f6d291a	via.motion.MotionResourceHolder
42e1215c3d2965fe	app.CreditsType
42fa1434d11ba606	via.Prefab
42fd6157f0c690aa	via.render.Stamp.StampBlendMethod
42fd6157d026e0a6	via.vec3
42fd61575a869de6	via.Range
42fd615744f516b4	via.render.Stamp.StampChannelMask
4312ada9f5ff1be2	via.Guid
43175f3eb0706ebf	via.pointgraph.PointData
43175f3e9cf558ef	via.vec3
43175f3e4b4e2125	via.pointgraph.AttributesQuery
432c4ebe912df7a2	via.Range
433edf7aa616d4d9	app.LightSceneControlStatus
4342bb84f5ff1be2	via.Guid
0434613ff5ff1be2	via.Guid
43492b911a2c86d0	app.InteractHandlingConfigurationBase.Direction
434cd324f5ff1be2	via.Guid
4363fadf5c9cd185	via.motion.InterpolationMode
4363fadf993fec2f	via.motion.InterpolationCurve
438717815db7b8ed	via.vec3
0438bcdfbf017c06	via.SystemServiceOperationMode
43b0042aa3c54e13	app.GimmickSwitchScreenParam.ControlType
43b770b896b5162f	app.GuiAttribute
43b770b87f880865	app.GuiLimitedAtteribute
43b770b827cca8c2	via.gui.Segment
43b770b88df62134	app.GuiInputLevel
43b770b8af403d4d	app.GuiControllerBehavior.PoolLimitOperationType
43b770b84b971e6b	via.Prefab
43ba2b3ec41098f9	via.vec3
43ba2b3e1a22f70c	via.Quaternion
43ba77162227b105	via.resource_handle
43ba7716301bc489	via.motion.WrapMode
43ba771643cdcf3b	via.motion.Fsm2ActionPlayMotion.FrameControl
43c1015eb2865c4e	via.Float2
43cf0f75ed827975	via.render.MeshResourceHolder
43cf0f750d0571f1	via.render.MeshMaterialResourceHolder
43cf0f752a5dbd44	via.dynamics.RigidBodySetResourceHolder
43dcb0ebb361b6eb	soundlib.TracksMaterial
43ddbffa73b61c3b	via.GameObjectRef
43ddbffa0d296677	via.GameObjectRef
43ddbffa55016b69	via.Range
43fa2e7b6ba51265	app.Cp_B800SignSoundTriggerKind
44089b64f5ff1be2	via.Guid
4416c9b6e3342022	via.vec3
441bb9fbf5ff1be2	via.Guid
444efe1374077bc9	app.CameraAimAssistCatalogUserData.CameraType
044507220035a964	via.vec3
04450722dbbe52bb	via.Quaternion
445431476a4f57e3	app.CharacterControlAttachmentTag
44561817f28260fa	via.effect.script.DecalContainerData
44561817b5147fbe	via.effect.script.DecalContainerData
4456181743654dcf	via.effect.script.DecalContainerData
446770d24b2c92e9	via.vec3
4483313f7e4ea976	app.Gm31_003.SetType
448fcc9021eecc0a	via.Float4
44940fd6998a4e6c	app.PlayerComplexConditionParam_TPSFPS.Kind
4497c5e6d914f569	via.autoplay.action.AutoPlayTimer.Unit
449a2557f5ff1be2	via.Guid
449a2557c31c8367	app.GrappleBehaviorTreeConditionBase.GrappleRole
449a255787c91ece	app.CompareType
44d3b200f5ff1be2	via.Guid
44db927ef5ff1be2	via.Guid
44db927ede118265	app.CheckEquipWeaponHandType.CheckType
44f79a2df5ff1be2	via.Guid
45038e7cf5ff1be2	via.Guid
45038e7c923dcc61	app.Cp_B800BehaviorTreeCondition_CheckDoorAngle.DirectionType
45038e7c0128fb17	via.Range
450c43dd201c9338	via.simplewwise.BankResourceHolder
4512029396b5162f	app.GuiAttribute
451202937f880865	app.GuiLimitedAtteribute
4512029327cca8c2	via.gui.Segment
451202938df62134	app.GuiInputLevel
45120293af403d4d	app.GuiControllerBehavior.PoolLimitOperationType
451202934b971e6b	via.Prefab
4538aa2896b5162f	app.GuiAttribute
4538aa287f880865	app.GuiLimitedAtteribute
4538aa2827cca8c2	via.gui.Segment
4538aa288df62134	app.GuiInputLevel
4538aa28af403d4d	app.GuiControllerBehavior.PoolLimitOperationType
4538aa284b971e6b	via.Prefab
453aafacf5ff1be2	via.Guid
453c51b2f5ff1be2	via.Guid
453c51b274077bc9	app.Cp_B600StepType
454f7710f5ff1be2	via.Guid
4552b8dd2ecdbe29	via.gui.ResolutionAdjustCondition
4552b8dd208c362e	via.gui.ResolutionAdjustScale
4552b8dd8879b18f	via.gui.ResolutionAdjustAnchor
4556dabe74077bc9	app.NavigationObstacleGenerator.GenerateType
455db1081cac8b5b	app.CharacterResumeType
456d36353474f0fe	app.DeviceManagerBehavior.TargetMachineTypes
456d36359205cdfb	app.DeviceManagerBehavior.TargetMachineTypes
456d363547c4aa9d	app.DeviceManagerBehavior.TargetMachineTypes
456d36351b1af87e	app.DeviceManagerBehavior.TargetMachineTypes
456d3635f3ff41af	app.DeviceAssignStrategy
458fffa81e1dfe49	via.motion.TreeLayer
458fffa892b49ea4	via.mat4
45a006322e16f017	via.motion.MotionBaseResourceHolder
45a0beca1e31872e	app.LevelFlowBehaviorTreeAction_FSM_CameraForceTwirlerTimeAction.SettingType
45a0beca9ed3134a	via.Position
45a0becafa833fe7	via.GameObjectRef
45a0beca9ce06e6c	via.vec3
45a54b0d861ab707	app.Gm99_081V2.GimmickData.CoreData.ViewMode
45a7b6e7cdf123f2	via.GameObjectRef
45a7b6e74a0345e9	app.DetailSearchItemStorageBit
045abf27e52c962a	app.LevelFlowBehaviorTreeAction_FSM_SickSeizureAction.StateActionType
45d337561c52cfb2	app.GamePlayerID
46074d92577d2601	via.motion.MotionResourceHolder
460fad1e861ab707	app.GuiQuickSlotType
46159b2b80578a10	app.CameraDefine.OverridePriority
46159b2b6d2c033c	app.BehaviorTreeAction_MFSM_PlayerCameraOverrideParamStart.RequestTiming
46159b2b6e8fdb43	app.CameraDefine.OverridePriority
46159b2bf4428d5b	app.BehaviorTreeAction_MFSM_PlayerCameraOverrideParamStart.RequestTiming
46206a48de118265	app.GmGlobalFlagSwitcher.CheckType
46206a48523c8ecb	app.GmGlobalFlagSwitcher.ConditionChecker.OperationType
4626689ff5ff1be2	via.Guid
4626689f5dfae434	app.Cp_B600DeadPosture
462cd05006bfd558	via.render.TextureResourceHolder
4642bde473b61c3b	via.GameObjectRef
4647f5c6a8bda540	app.InteractUtil.TagFlg
464ebfda05339865	via.RangeI
4651b3a2d2cf16c3	via.effect.script.RecordSystem.RecordOrder.OrderTypeEnum
4651b3a27f1b1502	via.effect.script.RecordSystem.StampOrder
4651b3a295432295	via.effect.script.RecordSystem.DecalOrder
465837700a2ac1f9	via.resource_handle
465c73dc96b5162f	app.GuiAttribute
465c73dc7f880865	app.GuiLimitedAtteribute
465c73dc27cca8c2	via.gui.Segment
465c73dc8df62134	app.GuiInputLevel
465c73dcaf403d4d	app.GuiControllerBehavior.PoolLimitOperationType
465c73dc4b971e6b	via.Prefab
4673a6664d185cde	via.Point
4673a666289123b8	via.Color
468096ebdf9da826	via.Range
4681c15e52fb0e7d	via.Prefab
4681c15e888f90b9	via.Prefab
4681c15ee56d0729	via.Prefab
468f69660f501fe3	via.landscape.MapBakerGroundBakeType
468f69668da31f9f	via.resource_handle
468f69664f048219	via.resource_handle
46928c4bf22bd71f	app.CameraSensitiveCurveType
469b82505db7b8ed	via.vec3
469b8250cd16a18a	via.AABB
469c74632d967d21	via.motion.MotionAnalyzerBankResourceHolder
46bf88cd424a544a	via.Float4
46cae9eb6d5d1e1a	app.TipsCommonCatalogUserData.WeightType
46d46f1d2654077b	app.Cp_B800TensionEvaluationType
46d6713b483259fc	app.Cp_B800BehaviorTreeAction_TrackDamagePoolReactionEnable.ActiveModeType
46dea40a68843633	app.BenchmarkConditionUserData.RecommendedResolution
46dea40a90b59b15	app.VisualQualityLevel
46dea40a163cd9e3	app.GraphicsQualityMiniPreset
46dea40aa3296a6e	app.GraphicsQualityMiniPreset
46dea40a16046db9	app.GraphicsQualityMiniPreset
46dea40ae21ba2d6	app.RayTracingSetting
46e1f62542d537df	app.SemiautoDeviceVibrationSettings.HypocenterType
46ecd602f5ff1be2	via.Guid
046f2217da9a204d	app.InteractActionEffector.InteractEffcetType
046f2217a1bfade7	via.GameObjectRef
046f221700b7f216	app.EPVExpertPartsBreak.PartsType
46f377698bdac7f8	app.LightningGroup
470169f66ba51265	app.DayLightSets
470169f6424a544a	via.Folder
470e15c187c91ece	app.CompareType
470e15c1a3e53183	app.CompareType_EqNeq
470e15c14f3876cf	app.CompareType_Bit
47258c08861ab707	app.GimmickCameraPositionInterpolation.PositionCalcType
4728b668ab813ece	via.GameObjectRef
0473541a5a869de6	via.Range
0473541ad026e0a6	via.vec3
0473541a44f516b4	via.render.Stamp.StampChannelMask
4741d63cf5ff1be2	via.Guid
4741d63ca5802738	via.Range
47489c76f5ff1be2	via.Guid
47489c765ad85b72	app.cp_C801.Cp_C801Define.Type
47674ac9f5ff1be2	via.Guid
47674ac90128fb17	via.Range
476cc2f1152e9eec	via.Transform
476cc2f17d59d9b8	via.vec3
476cc2f16519f22c	app.GimmickFragileFlag
4772a206f5ff1be2	via.Guid
4772a206e078e9dc	app.Cp_C800Define.AreaType
477b6be40cb68005	app.PhotoModeDefine.PhotoSettingHideType
477b6be4372fb430	app.PhotoModeDefine.PhotoSettingType
477b6be4f511a64d	app.PhotoModeDefine.PhotoSettingValueType
477da4596ffaee0c	app.PlayerComplexConditionParam_PlayerInput.InputKind
47828d10f5ff1be2	via.Guid
478364aa483259fc	app.GuiFileMode
478364aa6ee56503	via.GameObjectRef
479b25c7afcf1d96	app.PhysicsMovingAverageFilterType
047add7dbec7a0aa	via.effect.script.StartId
47b5e831dba0e5f8	via.string
47b5e8316c4cff1d	via.string
47b64af8bedd91a7	app.EventObjectType
47c5d124f5ff1be2	via.Guid
47cfc9c0d6064273	via.Range
47d0d63ff5ff1be2	via.Guid
47e65b54af1b9347	via.curve.EaseType
47e65b541899efc1	via.vec3
47e65b5467ffc594	via.curve.EaseType
47e65b545cab5c6c	via.AABB
47e65b54fd216c14	via.AABB
47e65b541c7dfbbd	via.AABB
47e65b545cfc2dd6	via.vec3
47e65b5404dc21d9	via.vec3
47e65b54ec5ced4d	via.vec3
47e6acbd87c91ece	app.CompareType
48069d61f5ff1be2	via.Guid
480ca2716d2c033c	app.PlayerBehaviorTreeAction_TriggerPlayerReactionEvent.Timing
480d98cc96b5162f	app.GuiAttribute
480d98cc7f880865	app.GuiLimitedAtteribute
480d98cc27cca8c2	via.gui.Segment
480d98cc8df62134	app.GuiInputLevel
480d98ccaf403d4d	app.GuiControllerBehavior.PoolLimitOperationType
480d98cc4b971e6b	via.Prefab
482c2ec4822a17f6	via.string
482c2ec41b6d0780	via.string
485177804f5e0787	app.GroupConditionProgressType
48534b86f5ff1be2	via.Guid
485eb826f5ff1be2	via.Guid
485ed2f0af3d4ffe	via.vec3
0486a1b3bedd91a7	app.GestureInputBits
0486a1b36d1d43cc	app.ManagedDeviceType
486f4357f5ff1be2	via.Guid
48823d7abef418b5	app.FadeController.FadeColor
488a6bed84c6f594	via.vec3
489010d51ec35a4c	app.QuestConcealType
4891eb28e1b6082d	via.vec2
4891eb285a869de6	via.Range
48a2d2b30fd38bca	app.CompareType
48c4700de0fdb83a	via.relib.render.ReLibEVDataList
48c5e891861ab707	app.GimmickUtil.GlobalBitFlag
48cbb473216302dd	app.Cp_C800Define.GrappleHoldStep
48d74104f7a97e39	app.GrappleTargetType
48d74104fefc3c17	app.GrappleTargetType
48e656db922843fa	via.timeline.TimelineBaseResourceHolder
48e656dbedd64f3f	via.timeline.TimelineBaseResourceHolder
48ed66fe5167dfba	via.vec3
49023554b3ad168a	app.AttackHitUserData.HitType
49023554617a2b84	app.HitPriorityEnum
490235547e07433c	app.AttackTypeEnum
49023554b6d863db	app.AttackAttributeEnum
49023554b36a883e	app.AttackPowerEnum
490235541bff09bc	app.EffectScreenDamageType
49023554066119e4	app.AttackFlagEnum
49023554ec4f52b0	app.GimmickDestructionLevel
490235548a6e69b0	app.AttackDirectionTypeEnum
4902355420b3ebe8	app.ShieldingDecisionTypeEnum
49023554869790d2	app.ShieldingExtentionType
490235546bd682d1	via.vec3
4902355452efa414	app.ShieldingFilterType
490235545675086e	app.MeleeWeaponUsedConsumptionValue.UsedConsumptionType
49023554918b770a	app.MeleeWeaponUsedConsumptionValue.GuardConsumptionLevel
4902355468627bd2	app.PenetrationTypeEnum
4904d313998a4e6c	app.BikePerformanceKind
49116b150a61b828	app.PlayerDefine.ActionFlag
4919240acc1ed2cf	via.motion.MotionAnalyzerBankResourceHolder
04926d95f5ff1be2	via.Guid
4936288af5ff1be2	via.Guid
4936288a62380f38	via.vec3
4936288ad17730bc	via.vec3
493f8db0602af3f9	app.CameraRollRotationAdjustmenData.AngleParam.CheckKind
49695c63e9f77cc4	app.Cp_B800GimmickTargetSensor.UsageType
496c7b4b861ab707	via.render.WindowMode
4975831e779083cd	via.Float2
497c6300ff2decb8	app.Cp_C200OrderType
0498136ee0fdb83a	via.effect.script.EPVStandard
0498136e8b3f3e74	via.vec3
0498136e48fe4803	via.Quaternion
0498136e243c5f31	via.GameObject
0498136ee6d8c6ed	via.GameObject
498d60d1d40d967d	app.Gm99_072.CommandType
49a875edc26ad7ec	via.hid.virtualKeyboard.KeyboardMode
49b1030707967bc2	via.GameObjectRef
49b6d8cc90661977	via.vec3
49b6f400465b95d4	via.render.Stamp.TargetUV
49b6f400f3c8bfe4	via.render.Stamp.RasterMode
49b89a2fba4faaed	app.Cp_B800GrappleZone.ZoneKindType
49b95994f5ff1be2	via.Guid
49c5a434c5c96ac4	via.effect.script.EPVDataBase.EffectRelationType
49c5a434df8cb10f	via.vec3
49c5a434c9e9df8c	via.math.RotationOrder
49c5a43413acaee6	via.effect.script.EPVDataBase.RotateBase
49c5a434466d7535	via.vec3
49c5a434311e04b5	via.vec3
49c5a434badd114e	via.effect.script.EffectManager.EffectEndType
49c5a43452dcdb2c	via.effect.script.EffectCommonDefine.EffectActionOnProviderDestroy
49c5a434ef1490d8	via.effect.script.EffectCommonDefine.EffectActionOnParentDisappear
49c5a43427a0f417	via.effect.script.CoordinateSystem
49c5a4342272cad7	via.effect.script.Axis
49c5a434bcc5ea12	via.vec3
49c5a43413799edd	via.effect.script.RelationMirrorUseMotionBlend
49c5a434430bc704	via.Color
49c5a434facf5e17	via.effect.script.EffectCommonDefine.EffectActionOnCulling
49c5a434003d169f	via.GameObjectRef
49d5a3c66ba51265	StaticAnalysisTest.Case1.LinkID
049ef76ea96b1527	via.Float4
49f0f1df7106be07	app.CameraAimAssistType
4a09533a209de72a	app.CompareType
4a09533a602af3f9	app.BikeMovementControlKind
04a1c07d18402cee	via.mat4
4a1ecbaa6ba51265	via.effect.script.EPVLog.HeaderType
4a56cd6d53734952	via.audiorender.MTEqualizerUnitParameters
4a56cd6dc68032a0	via.audiorender.MTEqualizerUnitParameters
4a56cd6d41f15876	via.audiorender.MTEqualizerUnitParameters
4a56cd6d55142cb3	via.audiorender.MTEqualizerUnitParameters
4a626513f5ff1be2	via.Guid
4a62651374077bc9	app.Cp_B054Definition.CatchEdgeType
04a82e52ad37638a	via.Float2
04a82e52336da7a3	via.Float2
04a82e521ee38f23	via.vec3
04a82e52b4bd6d17	via.vec3
04a82e52a79d323c	via.vec3
04a82e52b4e14518	via.vec3
4a9227341537c9b3	via.GameObjectRef
4aa1095e3ecc4c33	app.AdjustTerrain.Contact
4aa9869a861ab707	app.HudSize
4ab47487e52c962a	app.InteractActionPause.InteractActionType
4ab524595db7b8ed	via.vec3
4ab5eff06ba51265	app.OrderedProcessPhase
4abfe147674d8268	via.mat4
4abfe147fcd11ed0	via.mat4
4abfe147fefda31f	via.mat4
4abfe1474d971442	via.vec3
4abfe147395d1c6c	via.vec3
4abfe147d41c4f0d	via.Quaternion
4abfe14707991fb7	via.Quaternion
4abfe14705fd331d	via.mat4
4abfe14766d27819	via.mat4
4abfe147cf44f2de	via.vec3
4ad118723ca3a5e8	app.Cp_B060BehaviorTreeAction_RoleWanderArrivalTimer.CheckInterval
4ad2c4dacea2a49e	app.GuiTitleSelectType
4adb9b3c9ee0f530	via.motion.MotionResourceHolder
4af359aff47b3813	via.curve.EaseType
4af359aff861c4f4	via.curve.EaseType
4b0f195b0c27cd53	via.Range
4b0f195b9fcb6d5b	via.Range
4b11bdd0f5ff1be2	via.Guid
4b11bdd0d101d782	app.CharacterControlAttachmentTag
4b15f699012dbe79	app.PlayerDefine.MentalState
4b2d45806d2c033c	app.BehaviorTreeAction_MFSM_CameraForceTwirlerAction.RequestTiming
4b32549fe52c962a	app.Cp_B002BehaviorTreeAction_SetCookingActionInterpolateTransform.CookingActionType
4b45664774077bc9	app.cp_C801.Cp_C801Define.Type
4b4b0707fcd5b19e	app.CharacterControlAttachmentTag
4b557b4ef5ff1be2	via.Guid
4b557b4e6f26faae	app.Cp_C800Define.GrappleHoldStep
4b59b916bf5e738b	app.AppEventConstraintParent.UpdateMode
4b59b916a8ac80bc	via.GameObjectRef
4b59b9164678ace4	via.vec3
4b59b916e4924f87	via.Quaternion
4b7869faccd78d9e	via.vec3
4b995633ce8b714f	via.Color
4b99563340d2dd6e	via.Color
4ba2c8a2ede44e83	via.GameObjectRef
4ba2c8a2e52c962a	app.LevelFlowBehaviorTreeAction_FSM_Cp_B700SetStateAction.StateActionType
4ba72226f5ff1be2	via.Guid
4ba722260dd10c61	app.GrappleBehaviorTreeConditionBase.GrappleRole
4ba722269316832d	app.Cp_B000Motion.MotionState
4ba72226de118265	app.Cp_B000GrappleBehaviorTreeCondition_CheckMotionState.MotionStateCheckType
4baa52166ba51265	app.Cp_B800GrappleZone.ZoneKindType
4bb336a8861ab707	app.ButtonIconType
4bbc385f74077bc9	app.LevelTutorialController.AreaHitType
4bc79b790fffa62c	via.Prefab
4bc79b7935f823b0	via.effect.script.EffectChainMeshAnimBase.PlayTypeEnum
4bc79b79a25ce84e	via.Range
4bc79b79311e04b5	via.Range
4bc79b79ab38b883	via.Range
4bc79b79f5455c2c	via.Range
4bc79b798f4aa16a	via.Range
4bd8ccf6ad0b3844	app.FadeController.FadeColor
4bd8ccf60dd10c61	via.GameObjectRef
4be6d4921c2573a8	via.vec3
4be6d492593e060f	via.vec3
4be6d49272535377	via.Quaternion
4be6d492efced673	via.vec3
4be6d492724202be	via.vec3
4be6d492e297be33	via.Quaternion
4be6d4928a38bc7f	via.vec3
4be6d49295fdda21	via.vec3
4be6d4922335cf43	via.Joint
4be6d4920a6a6aea	via.vec3
4bea0c72f02166e9	app.ShopDefinition.ValueType
4bef6a8bad7e2c38	via.vec3
4bef6a8ba3cf82a1	via.Range
4bef6a8b1c0fedbf	app.SniperBattleManagerParameter.ClearConditionType
4bef6a8b00d7c44b	via.AABB
4bf8ca876d2c033c	app.Cp_B000BehaviorTreeAction_DropStickyProp.ResetTiming
4bf8ca877af8296f	via.vec3
4c30ac5707967bc2	via.GameObjectRef
04c3a97a50f5b102	via.mat4
04c3a97a86f7f324	app.WarpOption
4c3bd5030fdaca91	via.GameObjectRef
4c430b407cb7e944	via.Range
4c4c37ae8945f19c	soundlib.SoundManager.SpaceListenerIndex
4c6fe64ff5ff1be2	via.Guid
4c828694f5ff1be2	via.Guid
4c91f9f272e1d238	via.AnimationCurve
4c91f9f226dc17ff	via.AnimationCurve
4c91f9f2173a9483	via.AnimationCurve
4c9ee89a6ba51265	via.GameObject
4c9fd8e96ba51265	via.Joint
4ca01f3adf8cb10f	via.vec3
4ca01f3abbfbe789	via.Size
4ca01f3a96ec4d55	via.gui.PageAlignment
4ca01f3aa49fd5a7	via.gui.Memo.MemoRotationType
4ca01f3a9d38fa3c	via.vec3
4ca01f3a430bc704	via.Color
4cc0c46b6ba51265	via.effect.ProviderData
4cc7a53cfa9230da	via.motion.MotionResourceHolder
4cc7a53cbb10c371	via.motion.MotionResourceHolder
4ccc3d1f0564ccc6	app.GuiPlayer.EventType
4cdcf4aa50555948	app.VowelType
4d28c868afa849ae	via.Quaternion
4d32c5c5579785b2	app.GameOverManager.GameOverType
4d33d680f5ff1be2	via.Guid
4d33d680e540e967	app.Cp_C901Updater.ActionPatternType
4d4cbe06f5ff1be2	via.Guid
4d9b0ffbfd8c731e	app.SaveSlotSegmentType
4da09c8029503cc8	via.Range
4da3e111f5ff1be2	via.Guid
4dbbf5342aefc6d0	via.Color
4dc9a83cbedd91a7	app.Cp_B800RoomKind
4dcaefe67df536f7	via.resource_handle
4dcaefe6eb68d525	via.resource_handle
4df6c8aa01bb346f	via.effect.GroupType
4df6c8aa8935823e	via.effect.GroupType
4e13db861f5f1e96	via.vec3
4e1c113371a5ed70	via.vec3
4e21bec2f5ff1be2	via.Guid
4e314b24bedd91a7	app.KeyboardKeyBits1
4e314b246d1d43cc	app.KeyboardKeyBits2
4e314b244efa80dd	app.KeyboardKeyBits3
4e314b24958dd2f1	app.KeyboardKeyBits4
4e31fe056ba51265	app.InventoryCommandType
4e3ea0e2f9631b6f	via.Range
4e58f547c4e1e4f8	app.GuiFileMode
4e6a669c9b345d30	via.resource_handle
4e6a669c132210f8	via.vec2
4e75e19bf5ff1be2	via.Guid
4e75e19b90135b72	via.Range
4e898f9ff079c742	via.Range
4e9753daf5ff1be2	via.Guid
4e99dc69012dbe79	app.Gm99_099.GimmickState
4e99dc6910810b9c	app.Gm99_099.LinesState
4e9f85da861ab707	app.FSR3QualityType
4ea4b9c6f5ff1be2	via.Guid
4eae4946861ab707	via.render.RenderConfig.Quality
4eee12fe861ab707	via.effect.ParticleLightingResolution
4ef12b225824e193	app.Cp_C500Common_BehaviorTreeSequenceIgnoreDamageReaction.MoveModeType
4ef4d021993fec2f	via.curve.EaseType
4ef74e8bf5ff1be2	via.Guid
4f357cbb1e9c6c66	via.relib.effect.behavior.MarkSystem.ReLibMarkSystemData
4f3fa39d731e7061	via.motion.OrclDatabase
4f3fa39d457e39fa	via.motion.OrclQueryKeys
4f4aa1d5861ab707	app.FSR2QualityType
4f5a1db5bedd91a7	app.EventObjectType
4f5f54b5855bd593	app.SpecialGroundBlackboardUnit.Attribute
4f68c0aa7d400c11	via.GameObjectRef
4f6afc8cadcb8e35	via.Guid
4f6b391d61aa0487	via.vec3
4f6b391d3a1e31e0	app.Gm99_098.ShakeFlag
4f96f96bdeeef55b	via.autoplay.AutoPlayArg.AutoPlayStatus
4fa87918e3c4e7b7	via.render.WindowMode
4fa8791890fc638a	via.render.WindowMode
4fa879182bca2f99	via.render.WindowModeChangeStatus
4fb2c318fc5542a4	app.InteractTrigger.InteractTryType
4fb2c31879c9bc6b	via.GameObjectRef
4fb2c3188ffe071a	via.GameObjectRef
4fb2c318f430468c	via.vec3
4fb2c3187aabb148	via.Quaternion
4fb6cf35671084eb	via.behaviortree.action.NodeTimer.Unit
4fbbdaacf5ff1be2	via.Guid
4fbdf5bc82032c3d	via.GameObjectRef
4fc91a245db7b8ed	via.vec3
4fd3fa65e3f516d5	via.vec3
4fd3fa65ff524582	via.Quaternion
4fded654e2dc42cb	app.CharacterResumeType
500aca9e861ab707	app.DisplayModeScanlineOrder
5017501b73c9637c	via.Range
05023bfa9bb51bb9	via.Range
503167911b75b64c	via.Range
503167912514510d	via.OBB
504df13c96b5162f	app.GuiAttribute
504df13c7f880865	app.GuiLimitedAtteribute
504df13c27cca8c2	via.gui.Segment
504df13c8df62134	app.GuiInputLevel
504df13caf403d4d	app.GuiControllerBehavior.PoolLimitOperationType
504df13c4b971e6b	via.Prefab
50744c7b1a2c86d0	app.InteractHandlingConfigurationBase.Direction
50744c7bf8e2e331	app.InteractUtil.ButtonType
507705dd1a2c86d0	app.InteractHandlingConfigurationBase.Direction
5085e7b56d2c033c	app.MotionFsmActionTiming
5085e7b571059794	via.vec3
5086ee4ef5ff1be2	via.Guid
5089150af393936c	app.Cp_B800ThinkStateParam.AfterEventKindType
5089150a4c5d400b	via.vec3
5089150afc5bdee1	via.vec3
508af6aa152e9eec	via.Transform
508af6aa7d59d9b8	via.vec3
508af6aa6519f22c	app.GimmickFragileFlag
509a06c1f5ff1be2	via.Guid
509a06c142d08275	app.Cp_C600Define.MoveType
50ada7ef96b5162f	app.GuiAttribute
50ada7ef7f880865	app.GuiLimitedAtteribute
50ada7ef27cca8c2	via.gui.Segment
50ada7ef8df62134	app.GuiInputLevel
50ada7efaf403d4d	app.GuiControllerBehavior.PoolLimitOperationType
50ada7ef4b971e6b	via.Prefab
50cf4577b3fe4080	via.vec3
50d409459e84516d	via.vec4
50d40945fe5bc17b	via.render.TextureResourceHolder
50d40945d7a9a38a	via.render.ByteBufferResourceHolder
50dae708f5ff1be2	via.Guid
50e49c85861ab707	via.JobScheduler.Priority
50eea04a66421051	app.GimmickSequenceUpdater.GmDataFlag
50eea04a89725afa	app.GimmickSequenceUpdater.ExternalFlag
50f6a2f4c75f89e3	via.OBB
5107821a9d023671	via.effect.script.UserCurveTrackParameter.UCTPFloat4
5107821ad3a6b11e	via.Float4
512c57a6f5ff1be2	via.Guid
512c57a6de118265	app.BehaviorTreeCondition_CheckHitPoint.CheckType
512c57a687c91ece	app.BehaviorTreeCondition_CheckHitPoint.CompareType
513692762132d628	via.GameObject
51369276a8b31b87	app.Cp_B600SeverTongueDriver.TongueState
513d408fbaf199d9	via.effect.script.VolumeDecalContainer.DecalInfoList
515273eb2185a077	app.OccupyPurpose
515273eb4a733b64	app.OccupyPermission
519310dcb0706ebf	via.pointgraph.PointData
519310dc9cf558ef	via.vec3
51b62c62e52c962a	app.LevelFlowBehaviorTreeAction_FSM_Cp_C200SetStateAction.StateActionType
51b62c6263a881c3	app.Cp_C200OrderType
51b62c62028ee248	app.Cp_C200FormationKind
51bc77b9861ab707	via.render.RenderConfig.SharpnessType
51c86a4df5ff1be2	via.Guid
51cc87a699b8e741	app.ExtraContentsRegion
51cd91e2861ab707	app.DisplayModeScanlineOrder
51d9252b998a4e6c	app.AppEventDefine.Kind
51e50d80f5ff1be2	via.Guid
51f493960c8b057f	app.Cp_B800SignSoundKind
522181a5012dbe79	app.Gm99_099.GimmickState
5246506c3fce6120	via.Range
524f7f649f56bf52	via.render.MeshResourceHolder
524f7f64b43c9963	via.render.MeshMaterialResourceHolder
524f7f64807d19e3	via.motion.Chain2ResourceHolder
525686de830e9752	app.Cp_C800Define.ReactionVineType
5260262407967bc2	via.GameObjectRef
52645e0fb619836a	via.Range
52645e0f9f19049a	via.Range
52665eeafb90a65d	app.CrimeResearchObject.BaseSettingType
527bdc43f5ff1be2	via.Guid
5284d741f5ff1be2	via.Guid
5284d7410128fb17	via.Range
5286ad0fd91228f2	app.RandomSpawnController.CharacterSpawnPosType
52985979e5e2bd94	via.Range
52bef0e9861ab707	app.GuiMapIconDoorStateType
52ca0e3035c2602e	via.GameObjectRef
52db0154026cfb3e	via.Range
52e0757cf5ff1be2	via.Guid
52f1b1d07e68ca93	via.Transform
52f1b1d0e290f8a4	via.vec3
52f1b1d03baa8c2b	via.vec3
52f1b1d003d19f8e	via.AnimationCurve
52f1b1d0e1211228	via.AnimationCurve
52f1b1d0313810f5	via.AnimationCurve
530159d3f5ff1be2	via.Guid
53092523ede44e83	via.GameObjectRef
53092523ca06e2c5	app.cp_B700.BattleAreaEscapePointTypes
5311116efd8c731e	app.LightSceneControlType
531a0471f5ff1be2	via.Guid
531a04714fa79e96	via.Guid
531abb94bed09f37	via.render.ToneMapping.TemporalAA
531abb94bcad1a47	via.render.ToneMapping.TemporalAAAlgorithm
531abb948760d4f4	via.render.ToneMapping.NeighborhoodClamp
531abb9487927b7d	via.render.ToneMapping.LocalExposureType
531abb94cbf96c40	via.render.ToneMapping.Vignetting
531abb94931875f7	via.render.ToneMapping.AutoExposure
531abb949d9ff69c	via.render.ToneMapping.AutoExposureReferenceLuminance
531abb94a1211c59	via.render.TextureResourceHolder
53312aaa508e4a8e	via.vec3
53319e13ab5fab9a	via.GameObjectRef
53319e13f3f7184c	app.ArmMeshController.SyncSourceType
533335ead79200a4	via.vec3
533335ea95be503a	via.vec3
5336fec14aa0b06f	via.GameObjectRef
5339f6fbdd3d16ca	via.string
533a755ce0fdb83a	via.navigation.map.NodeArray
533ce4cb74077bc9	app.SoundParamCurveTrigger.TriggerType
535451102ea5f1fa	via.Quaternion
5354511057fa3b9f	app.Cp_C600Define.FormationPermitFlags
53545110e449f85f	app.Cp_C600Define.FormationActionType
53545110eecc6c96	via.Range
535966e9cec929d7	via.audiorender.VibrationSourceResourceHolder
535966e952aae355	via.audiorender.VibrationSourceResourceHolder
535f76b473b61c3b	via.GameObjectRef
5366094774077bc9	app.cp_B700.BattleAreaEscapePointTypes
53668ed971059794	via.vec3
5367e275ae4dd84f	app.it60_00_073Updater.OperationTarget
5367e275e29d39fd	via.Color
5367e275a8ed54fd	via.AnimationCurve
5383ab66b3fec3f7	app.Cp_C510CarZone.PlaceType
53a1eba1e2dc42cb	app.CharacterResumeType
053a6daf27e42c6e	via.vec4
53cee2063eb1d334	via.render.RenderTargetTextureResourceHolder
53d440dfc487eeef	via.motion.AxisDirection
53df6505f5ff1be2	via.Guid
5400f03258bc5ca5	via.GameObjectRef
5400f0323031ff65	via.Quaternion
5400f032b72d2da1	via.vec3
540158b38d8a4bbf	app.LightKind
05402c87f5ff1be2	via.Guid
5411223bbf2ba9aa	via.Range
5411223baa0990ba	via.Range
5411223b1e66318a	via.vec3
5421fd36424ff9d8	app.BodyPartsEnum
543acd9f6d2c033c	app.MotionFsmActionTiming
543acd9f1feafdc7	app.EPVExpertPartsBreak.VariationType
544b8f892ce0ed22	via.effect.script.VolumeDecalContainer.Type
544b8f89d026e0a6	via.vec3
544b8f8995bbbf7e	via.vec3
544b8f8998a779dc	via.vec3
544b8f89789151ae	via.Float2
546ed972998a4e6c	app.BikePerformanceKind
546f3205f22bd71f	app.AppUserCurveData.UserCurveType
547c60afb5ae3834	via.render.LDRImagePlane.BlendType
547c60af4252d13a	via.Color
547c60afca090dea	via.resource_handle
547c60af58704f53	via.resource_handle
547f4b4607967bc2	via.GameObjectRef
5499d81627a6a0e2	app.CharacterBehaviorTreeAction_RequestCommonMessage.ExcuteTiming
54b1dc563c0eef70	app.GmSituationInteractable.SituationType
54bcd4d09b51cdd8	via.AABB
54bcd4d0dfc9c0ef	via.physics.FilterInfo
54bffcf6108928e7	via.resource_handle
54bffcf632a801c3	via.motion.ConstraintsUpdate
054c29de6d1d43cc	app.Cp_B800SpawnDirectorManager.Status
54c38a2dc252c4df	app.CharacterResumeType
54ca0626e2dc42cb	app.CharacterResumeType
54d523021f5f1e96	via.vec3
54e2479e71059794	via.vec3
54efef1ca69246ee	app.ProgressStatusType
54f8dd75f5ff1be2	via.Guid
550223f0df063e0a	via.vec3
550e865096b5162f	app.GuiAttribute
550e86507f880865	app.GuiLimitedAtteribute
550e865027cca8c2	via.gui.Segment
550e86508df62134	app.GuiInputLevel
550e8650af403d4d	app.GuiControllerBehavior.PoolLimitOperationType
550e86504b971e6b	via.Prefab
550fb7ba90a8d577	app.AppendItemCatalogUserData.AppendTarget
550fb7ba73e92668	app.AppendItemCatalogUserData.RegrantType
5534a1e55db7b8ed	via.vec3
5534a1e52ea5f1fa	via.Quaternion
5555854ce985e10b	app.GPUScoreCalculator.GraphicsPreset
55812cdbf5ff1be2	via.Guid
558e52015613e5a1	via.GameObjectRef
558e5201ed3f98c9	via.GameObjectRef
55a515e1424a544a	app.Gm99_101.Mark
55a9f864f430468c	via.vec3
55b5f0565db7b8ed	via.vec3
55b5f0562ea5f1fa	via.Quaternion
55eb93bd2e16f017	via.effect.lensflare.LensflareResourceHolder
55eb93bdbef418b5	via.Color
55eb93bd2777791c	via.effect.lensflare.RotationOrder
55eb93bdf8b0ae39	via.effect.lensflare.AxisType
55eb93bd096653b5	via.Float3
55f31ab11bd6a672	via.vec3
56032b5c07967bc2	via.GameObjectRef
5610e80e861ab707	via.vec3
5615d77775ed7522	via.motion.OrclKey_Pos
5615d7770841f576	via.motion.OrclKey_Pos
5615d777a1583547	via.motion.OrclKey_Pos
5615d7779bf001f8	via.motion.OrclKey_Pos
5615d777842c2ecc	via.motion.OrclKey_Pos
5615d7770546be4e	via.motion.OrclKey_Pos
561d7f8038857000	via.GameObjectRef
56223f9a90a8d577	app.AppendItemCatalogUserData.AppendTarget
56223f9a73e92668	app.AppendItemCatalogUserData.RegrantType
0562e4faf5bf2061	app.Cp_C800Define.IdleStateType
5633e0fe81a1f25e	via.string
5633e0fef31be976	via.hansoft.EnvironmentType
5633e0fee5d882de	via.hansoft.DataMode
56438faf2f26ed19	via.GameObjectRef
56438faf594efe29	via.GameObjectRef
564f26ec822a17f6	via.string
5655db18a69246ee	app.ProgressStatusType
56591863a14986a5	via.vec3
0566100775f6105e	via.GameObject
566da6a8f5ff1be2	via.Guid
566e163bf5ff1be2	via.Guid
567585693ab83621	via.render.RenderOutputID
56758569bef418b5	via.vec3
567585690ce79f9f	via.render.LightImportantLevel
56758569be9f3db6	via.render.LightingTarget
56758569a1c3f26c	via.render.LightBakeOption
56758569da554126	via.render.ShadowCastFlag
5675856969e403d9	via.render.AreaLight.LTCAreaLightShape
567d08a496b5162f	app.GuiAttribute
567d08a47f880865	app.GuiLimitedAtteribute
567d08a427cca8c2	via.gui.Segment
567d08a48df62134	app.GuiInputLevel
567d08a4af403d4d	app.GuiControllerBehavior.PoolLimitOperationType
567d08a44b971e6b	via.Prefab
568a7ca31abfb05d	app.TargetSensor.TargetCategory
56ac53c0d6888945	via.vec3
56ac53c0ed96ebd0	via.Quaternion
56ccf509f5ff1be2	via.Guid
56dae64a8e053185	via.Size
56dae64a50a22cec	via.vec3
56f09867a8bda540	app.InteractUtil.TagFlg
56fc02139d023671	via.effect.script.UserCurveTrackParameter.UCTPColor
56fc0213d3a6b11e	via.Float4
5707264d6d2c033c	app.MotionFsmActionTiming
5708dd131cac8b5b	app.CharacterResumeType
57091ab7dcc919db	app.LevelFlowBehaviorTreeAction_FSM_SoundTriggerAction.TargetObjectType
57091ab707967bc2	via.GameObjectRef
57091ab739870e8e	app.LevelFlowBehaviorTreeAction_FSM_SoundTriggerAction.PositionObjectType
57091ab794066691	via.GameObjectRef
57091ab75db7b8ed	via.vec3
570cc904532b2adf	app.GuiMapItemType
571208a6500aba31	via.vec3
571208a6af2b040b	via.Quaternion
571208a6948cd1d9	via.resource_handle
5714f87a861ab707	app.FontSize
572b3fdcf5ff1be2	via.Guid
5730eb4fdf063e0a	via.GameObject
5730eb4f83b1d036	via.Joint
5730eb4fbab10dbb	via.mat4
5730eb4fd6579c7e	via.vec3
5730eb4f2ff7d880	via.Quaternion
5730eb4fc748ed5a	via.vec3
5730eb4f45eda702	via.vec3
57459f10152e9eec	via.Transform
57459f107d59d9b8	via.vec3
57459f106519f22c	app.GimmickFragileFlag
575687eb861ab707	via.vec3
5779951f27a6a0e2	app.CharacterBehaviortreeAction_SwitchCharacterControllerEnableBase.ExcuteTiming
5793ca8296b5162f	app.GuiAttribute
5793ca827f880865	app.GuiLimitedAtteribute
5793ca8227cca8c2	via.gui.Segment
5793ca828df62134	app.GuiInputLevel
5793ca82af403d4d	app.GuiControllerBehavior.PoolLimitOperationType
5793ca824b971e6b	via.Prefab
57e84b0222a11e69	via.Range
57e84b0267ae6f59	app.cp_D000.Cp_D000ThinkParameter.AccelerationAppliedState
57e84b028899d50d	via.AABB
57e84b02bc4c2f33	via.GameObjectRef
57e84b02c4c9e468	via.GameObjectRef
57e84b021bdf6feb	via.GameObjectRef
57e84b0232b50b92	via.GameObjectRef
57e84b02b246e580	via.GameObjectRef
57e84b02f2bb340c	via.GameObjectRef
57ebfc466ba51265	app.EventSetStateLayer
57f09ff02c09a09a	via.string
5802b0bff5ff1be2	via.Guid
580dc9b4c1dd8d71	app.NpadStyleFlags
580dc9b4cf34c7c7	via.hid.NpadHandheldActivationMode
580dc9b4f3ff41af	app.DeviceAssignStrategy
580dc9b49efbb388	app.DeviceAssignLeakedStrategy
580dc9b440c8af5f	app.ActiveDeviceElectStrategy
5826cb32f2e6edd6	via.motion.InterpolationMode
5826cb32b664d91b	via.motion.InterpolationCurve
583d69ba89afc1a7	app.SoundMainMaterial
583d69ba2f14940d	app.SoundAddMaterial
583d69ba33f915f3	via.vec3
583d69ba457ad9ad	via.Quaternion
583d69baa7d4e4a2	via.Quaternion
5840a7eef5ff1be2	via.Guid
5846ef09505170c1	app.PhonemeSequenceAttributeTags
584bd3c8c52f1663	app.character.TempStatus
585d0c94fc45929a	via.motion.DynamicMotionBank
58653954f5ff1be2	via.Guid
586f9029861ab707	via.render.RenderConfig.AntiAliasingType
587a92bc28f5c979	app.Cp_B000BehaviorTreeAction_CheckTurn.CheckTurnType
05882a4b0737552c	via.motion.ConstraintsUpdate
58b4f87ef5ff1be2	via.Guid
58bcda1934e15bbc	via.GameObjectRef
58c2a8626a243c86	via.motion.MotionCameraBankResourceHolder
58c2a862b43a827b	app.CameraDefine.ShakeTag
58dd593b6966f037	app.PlayerEmoteSettingUserData.ConditionInfo.AnimCondition
58dd593bfcd5b19e	app.CharacterControlAttachmentTag
58e4d82ff430468c	via.vec3
58e8c0b6de118265	app.GmStructureDataChecker.ParamCheckType
58f1d9a274077bc9	app.RandomBurySpawnParamOnChapterStart.ExecuteType
58f1d9a244ecdd06	via.RangeI
59036097998a4e6c	app.Cp_B800ProvSoundKind
590796d4d9624c64	via.motion.Motion
590f4ce20fe1095d	app.ICp_C100Door.DoorCaughtStartVariationType
590f4ce2c29bd9f0	app.ICp_C100Door.DoorCaughtDownVariationType
590f4ce281a6ca49	app.ICp_C100Door.BehindVariationType
590f4ce2237fed8b	app.ICp_C100Door.BreakVariationType
59308e55236bf959	app.HitController.MotionAttackColliderInfo.RequestColliderTargetEnum
59319782f5ff1be2	via.Guid
5931978258986aa5	app.Cp_C800Define.BiteType
593258826d2c033c	app.ActionCameraEndRequestForGrappleAsset.RequestTiming
593795d83ced5728	app.dev1utility.Timer.TimeTypeEnum
593795d81487fca1	via.Float2
593bb803532b2adf	app.It70_01_000MeshController.SizeType
5947507845dc77ef	via.AnimationCurve
5969304ff5ff1be2	via.Guid
59731bee094c32cc	via.effect.script.EffectManager.PriorityType
59731beebbf38a5a	via.render.TextureResourceHolder
59731bee84946ab8	via.vec3
5979e9f88a6e69b0	app.Cp_C600BehaviorTreeAction_SetDamageDirectionToActionDirection.SetDirectionType
598170334faa68af	via.vec3
59817033ff208c06	via.GameObjectRef
59917f85f3ac3868	app.Cp_B800CeilingInfo.CeilingKindType
59917f85322e32d6	app.Cp_B800CeilingInfo.UseMotionKindType
59ae403ef5ff1be2	via.Guid
59be26701a2c86d0	app.InteractHandlingConfigurationBase.Direction
59c0be015ff2224a	via.render.RenderTargetOperator.CompareFunc
59c0be0161250c41	via.render.RenderTargetOperator.CompareFunc
59c0be016e857b47	via.render.RenderTargetOperator.CompareFunc
59c0be01ad1eee16	via.render.RenderTargetOperator.CompareFunc
59c0be017e69c151	via.render.RenderTargetOperator.Op
59c0be0145663b81	via.render.RenderTargetOperator.Op
59dcae1a152e9eec	via.Transform
59dcae1a7d59d9b8	via.vec3
59dcae1a6519f22c	app.GimmickFragileFlag
59e247a9814cb140	app.EPVExpertPartsBreak.PartsType
59e247a930d26d66	app.EPVExpertPartsBreak.VariationType
59e320d91a2c86d0	app.InteractHandlingConfigurationBase.Direction
59ebcdf495bbbf7e	via.vec3
59ebcdf49916e970	via.vec3
59f3d99ee50beb22	app.LightAnimator.AnimationBase.AnimationWrapMode
59f3d99ea200162d	via.vec3
59f3d99e62ce4fe3	via.vec3
59f8c5ed12a5547d	via.Color
59f8efede3342022	via.vec3
59f8efed32df5a34	via.vec3
59faae610fdaca91	via.GameObjectRef
59faae613e99b95c	via.GameObjectRef
59faae615b073131	via.GameObjectRef
59fdf89f23acec13	via.render.TextureResourceHolder
59fdf89fffee9440	via.render.TextureResourceHolder
59fdf89f58a35301	via.render.RenderTargetOperator.CompareFunc
59fdf89f4cbcef0e	via.render.RenderTargetOperator.CompareFunc
59fdf89fe67caa14	via.render.RenderTargetOperator.CompareFunc
59fdf89f2d5d628c	via.render.RenderTargetOperator.CompareFunc
5a07c435dcc919db	app.EffectTargetCategory
5a07c4357dfacc0f	app.WeaponCategory
5a07c435cb98853f	app.AmmoID
5a07c43571059794	via.vec3
5a0a5ef2152e9eec	via.Transform
5a0a5ef27d59d9b8	via.vec3
5a0a5ef26519f22c	app.GimmickFragileFlag
5a0f46a6f5ff1be2	via.Guid
05a30a706ba51265	app.vfx.EffectCategory
5a34bd6c731c77fa	via.hid.ExecuteGroup_hdVibration
5a34bd6ca4358807	via.hid.PauseGroup_hdVibration
5a45b10e96b5162f	app.GuiAttribute
5a45b10e7f880865	app.GuiLimitedAtteribute
5a45b10e27cca8c2	via.gui.Segment
5a45b10e8df62134	app.GuiInputLevel
5a45b10eaf403d4d	app.GuiControllerBehavior.PoolLimitOperationType
5a45b10e4b971e6b	via.Prefab
5a4cde9e2aaa904e	app.FadeManager.FadeType
5a4e0418137cbeb3	via.Range
5a4f827eb7b0f730	via.vec3
5a4f827e75f6105e	via.GameObject
5a4f827e8762e28e	via.motion.Motion
5a590eebcd533847	app.CameraRollRotationConditionParam.ConditionType
5a5cee51de118265	app.GmGlobalFlag2Switcher.CheckType
5a5cee51523c8ecb	app.GmGlobalFlag2Switcher.ConditionChecker.OperationType
5a6fca7471059794	via.vec3
5a74466bf814021e	app.cp_B700.BattleAreaEscapePointTypeFlags
5a74466b6dcc938a	app.cp_B700.BattleAreaEscapePointTypeFlags
5a76addd84fe1b1e	app.InventoryType
5a76addd08402227	via.Int2
5a7bf3c2152e9eec	via.Transform
5a7bf3c27d59d9b8	via.vec3
5a7bf3c26519f22c	app.GimmickFragileFlag
5a7bf3c2edec2bdd	app.Cp_D000SpawnSettings.State
5a86c0c5b5df7c21	via.Range
5aa02c582227b105	via.resource_handle
5aa02c58301bc489	via.motion.WrapMode
5aa02c5843cdcf3b	via.motion.Fsm2ActionPlayMotion.FrameControl
5aa76f1758986aa5	app.Cp_C800Define.BiteType
5ab960aa51045ebb	soundlib.EnumBool
5ad42468f5ff1be2	via.Guid
5ae82464bedd91a7	app.GamePlayerID
5ae824646d1d43cc	via.UserIndex
5ae935cff079c742	via.Range
5b11644e6ba51265	via.render.Mesh
5b2ad6d6f5ff1be2	via.Guid
5b2ad6d607f9e47f	app.WayType
5b2c7e0adcc919db	app.GmStructureDataInteractable.TargetType
5b2c7e0a07967bc2	via.GameObjectRef
5b2c7e0a523c8ecb	app.GmStructureDataInteractable.OperationType
5b39a9302f75b67d	via.AnimationCurve
5b41990396b5162f	app.GuiAttribute
5b4199037f880865	app.GuiLimitedAtteribute
5b41990327cca8c2	via.gui.Segment
5b4199038df62134	app.GuiInputLevel
5b419903af403d4d	app.GuiControllerBehavior.PoolLimitOperationType
5b4199034b971e6b	via.Prefab
5b4442d57012257f	via.GameObjectRef
5b4442d5f7d9bca0	via.Float4
5b4442d5b4c4c8dc	via.Float4
5b4442d556dd9c63	via.GameObjectRef
5b6857d40fa70d28	via.GameObject
5b6857d4b72d2da1	via.vec3
5b6857d43031ff65	via.Quaternion
5b71d516f5ff1be2	via.Guid
5b7cd42371059794	via.vec3
5b8b906efbe96524	via.AnimationCurve
5b8b906e6df30f36	via.AnimationCurve
5b9baa7076f26501	via.SceneResourceHolder
5b9baa70312fab3f	via.timeline.TimelineBaseResourceHolder
5bbdd3f8f5ff1be2	via.Guid
5bc98af9582b1c95	via.vec3
5bc98af99d346b82	via.vec3
05be31e3f5ff1be2	via.Guid
5beba724861ab707	via.render.HDRDisplayMappingMethod
5c0691a49bb51bb9	via.Range
5c09f84240dcb874	via.network.native.IosAppStorePromotedProductVisibility
5c208c51dcc919db	app.GimmickTimerEventObject.InteractTargetType
5c21ed4d4ddcf3c3	via.GameObjectRef
5c21ed4da9f57785	via.AnimationCurve
5c21ed4da1a6d126	via.AnimationCurve
5c21ed4d869128f0	via.GameObject
5c46d23a6ba51265	app.PlayerFPSMovementDriver.AngleCalcStateMachine.ProcessKind
5c4e2715abf33a9c	app.PlayerUseGroundWeaponConfiguration.AttackType
5c54183295bbbf7e	via.vec3
5c541832466d7535	via.Quaternion
5c5418320c962951	via.vec3
5c6289ae74d3169e	via.AABB
5c7956523d2965fe	app.Cp_B000TransformInterpolationBlackboardUnit.RequestType
5c83154587c91ece	app.CompareType
5c893e5efd8c731e	via.vec3
5cba62c8028ee248	app.Cp_C200FormationKind
5cddc867822a17f6	via.string
5cddc867fd76dda4	via.string
5ce7da03577c51b1	via.Position
5cecce4d861ab707	via.render.ShadowResolution
5cf60e48f5ff1be2	via.Guid
5cf60e48fbbe3432	app.Cp_B600BehaviorTreeCondition_CheckAttackScratchDistance.Pattern
5cfe3378406285b0	via.AABB
5d07e09c06bfd558	via.render.TextureResourceHolder
5d07e09c19926263	via.vec3
5d07e09c6a88bafb	via.vec2
5d07e09c29785375	via.vec2
5d07e09cb66d8e33	via.render.LightShaft.LightShaftType
5d07e09cbef418b5	via.Color
05d0c0d86267b092	via.Range
05d126746ba51265	app.PlayerAfterDamageController.AfterDamageJoint
5d1885b1ce134d77	app.PlayerFacialAnimationDriver.OverwriteMentalState
5d294070e9f77cc4	app.SaveSlotCategory
5d2c535c30d26d66	app.EPVExpertPartsBreak.VariationType
5d53a30a6d1d43cc	via.motion.TreeLayer
5d6a39581b5a30c0	app.CameraZoneController.ZoneID
5d722abfecaa1527	via.vec3
5d722abfe76a0be6	via.vec3
5d722abff7fb80f0	via.vec3
5d722abff72585a7	via.vec3
5d722abf18651cfa	via.vec3
5d722abfb2a246d3	via.vec3
005d7424f5ff1be2	via.Guid
5d797621d242469e	app.TitleDioramaTransitionType
5d797621ac0987b0	via.render.TextureResourceHolder
5d797621f220e65a	via.render.RenderOutputID
5d7d810cf5ff1be2	via.Guid
5d83f5cbf3b614b2	via.vec3
5d83f5cbf79b6206	via.vec3
5d8f0826b26e407c	app.SpreadOfFireManager.FireEffectType
5db0a966579785b2	app.GameOverManager.GameOverType
5db63c48a8bda540	app.InteractUtil.TagFlg
5db737bff5ff1be2	via.Guid
5dc1ff38ae4dd84f	app.it60_00_073Updater.OperationTarget
5dc1ff38e29d39fd	via.Color
5dc1ff38a8ed54fd	via.AnimationCurve
5dd38aaade6cf883	via.AABB
5de3bb45f5ff1be2	via.Guid
5de3bb45cd533847	app.Gm99_040.GimmickConditionType
5df01fa2860e88b1	app.GmMotionElevator.MotionParam.StateType
5df535e77cca3687	app.GrappleBehaviorTreeAction_Colliders.SetType
5df5863cd7f9c8b1	app.Cp_D110Definition.AttackGroup
5df5863c8afc80f9	via.Range
5df5863cde14a729	via.Range
5df5863c40df0371	app.Cp_D110Updater.BattlePhase
5e000de96966f037	app.TutorialDefine.ConditionType
5e00418d9cb6d969	via.GameObjectRef
5e19241fd3ec7e8f	via.GameObjectRef
5e19f0c7f7a97e39	app.GrappleTargetType
5e19f0c7fefc3c17	app.GrappleTargetType
5e19f0c7a8e6577a	via.vec3
5e1fc48bf5ff1be2	via.Guid
5e293e7bf136aef1	app.BikeCameraCollisionParam.CameraOffsetType
5e293e7b094ce4b8	via.vec3
5e32ea5af5ff1be2	via.Guid
5e3b25a17d400c11	via.GameObjectRef
5e3c2871f5ff1be2	via.Guid
5e3c28719b16e095	app.Cp_B000Equip.ChainsawStuckState
5e5092daf5ff1be2	via.Guid
5e5092da216302dd	app.Cp_C901Updater.OmenStepType
5e7b91c0cdef0b68	app.ObjectTags
5e80a476152e9eec	via.Transform
5e80a4767d59d9b8	via.vec3
5e80a4766519f22c	app.GimmickFragileFlag
5e86350c417b4581	app.NavigationSupporter.TargetNavigationComponent
5e8b0e57f02166e9	app.LightConditionDataValueType
5e8b0e5787c91ece	app.CompareType
5e8b0e57a8a6d174	app.LightConditionDataFlagCompareType
5e9d25f7c26cca76	via.vec3
5ea2a9d4fd8c731e	app.TimelineEventDefine.ID
5ea47275a8bda540	app.InteractUtil.TagFlg
5ebda65af136aef1	app.GrappleCameraCollisionParam.CameraOffsetType
5ebda65a094ce4b8	via.vec3
5edb31dcef5095c4	via.effect.ProviderData
5edb31dc9b755684	via.vec3
5edb31dc466d7535	via.Quaternion
5edb31dcf61069d0	via.GameObject
5edb31dc46c993ad	via.GameObject
5edb31dc5b673006	via.GameObject
5ee610aa503c45e3	via.AnimationCurve
5ee94a8d19a269d2	app.CameraShakeUserData.ShkeDataType
5ef2d30096b5162f	app.GuiAttribute
5ef2d3007f880865	app.GuiLimitedAtteribute
5ef2d30027cca8c2	via.gui.Segment
5ef2d3008df62134	app.GuiInputLevel
5ef2d300af403d4d	app.GuiControllerBehavior.PoolLimitOperationType
5ef2d3004b971e6b	via.Prefab
5ef9b65ff5ff1be2	via.Guid
5ef9b65fffa7fbe4	app.Cp_B800RoomKind
5f1a92423eac776f	via.vec3
5f1a924269b4ba36	via.Quaternion
5f1a9242f41b94df	via.Joint
5f1a924221e78e4e	via.vec3
5f1a9242fe5e69d0	via.Quaternion
5f33889056bbff25	via.GameObjectRef
5f347b1d6d2c033c	app.MotionFsmActionTiming
5f3abe8474077bc9	app.GrappleCp_B000BehaviorTreeAction_CastoffFaceStickyProp.DropType
5f52198af5ff1be2	via.Guid
5f5d76b7584424af	app.Cp_C200JumpActionParam.LandingPositionKind
5f5d76b7b955be1d	via.vec3
5f5d76b7c0b652fe	via.vec3
5f5d76b786f7f324	app.WarpOption
5f6057e9f5ff1be2	via.Guid
5f703f2af5ff1be2	via.Guid
5f7ff8124c72e016	via.Range
5f948c786b57f950	via.effect.script.EPVDefine.AttackTypeEnum
5f948c7857311d2b	via.effect.script.EPVExpertObjectLandingData.ZDirectionType
5f948c783dee93f1	via.Range
5f9b1a61a68e3eb3	app.Cp_B800BehaviorTreeAction_AfterAttackWaitTimerBase.WaitType
5fa2dfabf5ff1be2	via.Guid
5fa935e7f5ff1be2	via.Guid
5fa935e7028db326	app.Cp_C100EvaluateNarrowAreaDriver.StartVariationType
05fad96ff5ff1be2	via.Guid
5fc2262b1b5a30c0	app.MovieDefine.ID
5fe3edc46d2c033c	soundlib.SoundBehaviorTreeActionBase.SetTiming
5ff101f8861ab707	app.VolumeFogQuality
600d27af31f31f34	via.Prefab
601dad7762cb1106	via.GameObjectRef
601dad77b6a7fa6d	via.vec3
601dad77201ac969	via.Quaternion
6029c709729e3f65	via.relib.render.ReLibEVDataList
603075eef5ff1be2	via.Guid
603075eee3c3efe4	app.ICp_C100Door.BehindVariationType
604c2e0e3eb1d334	via.render.RenderTargetTextureResourceHolder
6050527ff5ff1be2	via.Guid
6050527f9b896075	app.cp_B000.Eating_Ground_RoleActionAdditionalSettings.PerformanceVariation
60513732fd8c731e	via.Joint
6061ce8fdbc069e4	via.vec3
6061ce8f1520ca6f	via.vec3
606d2ea4ce714afa	via.vec3
607c7ba8523c8ecb	app.Gm99_139.OperationType
6084f3ecf5ff1be2	via.Guid
6089302b6ba51265	app.CameraDefine.ShakeTag
6089302b424a544a	via.Quaternion
609a892eb72d2da1	via.vec3
60b2762657ae6a19	via.vec3
60b27626962f786f	via.vec3
60ba7e995e9a3cab	via.resource_handle
60ba7e99fd4e14dd	via.render.RichDecal.HeightBlendMode
60ba7e99ee714094	via.render.RichDecal.HeightBlendMode
60ba7e99013b54be	via.Float2
60ba7e99387625e4	via.resource_handle
60ba7e994f6c0854	via.Color
60ba7e996b596919	via.resource_handle
60ba7e999e3c008b	via.resource_handle
60ba7e994a89e4d9	via.resource_handle
60ba7e99e1f2d850	via.Float2
60ba7e9921061350	via.Float2
60ba7e9902c456e7	via.Float2
60ba7e99f78978c6	via.Float2
60ba7e99d620d67b	via.Float2
60ba7e998554f161	via.Float2
60ba7e99634b1880	via.Float2
60ba7e9960769c50	via.Float2
60e165928d210b67	app.BikeLightEmmissiveKind
60e536565ee16b87	via.GameObjectRef
60e53656a346992f	via.GameObjectRef
60e536563ce8e3f9	via.GameObjectRef
60e536567b3e3d98	via.GameObjectRef
60e53656280d9963	via.vec3
60ea4c9786271f0d	app.ItemRemainingViewType
60fcc5b5e2dc42cb	app.CharacterResumeType
6106bc84861ab707	via.vec3
611c892f4b971e6b	via.Prefab
614f928f1ec35a4c	app.QuestConcealType
615261d1012dbe79	app.PlayerDefine.MentalState
6152c2c5fff81c8f	via.render.LightPowerUnitType
6152c2c54c36c347	via.render.LightImportantLevel
615d220374077bc9	app.Cg_NPC00NavigationStart.TargetType
61715a1326d821e9	app.Cp_B000Equip.ChainsawStabType
61715a130a6807ab	app.Cp_B000Equip.ChainsawAttackerType
61715a13444d7cf2	app.EnemyFormationManager.ReservedTacticsType
61715a135974cbb9	app.EnemyTacticsType
61715a139ca71ab9	app.Cp_B000Sever.GougeLevel
61715a13ff98e06a	app.Cp_B000Sever.GougeLevel
61715a13daef038c	app.Cp_B000Sever.GougeLevel
61715a13678c1a04	app.Cp_B000Sever.GougeLevel
61715a133cce1f40	app.Cp_B000Sever.GougeLevel
61715a137bb463e9	app.Cp_B000Sever.JawGougeType
61715a13bd5a46fa	via.vec3
61715a1321ec7827	app.Cp_B000Morph.UndiscoveryThinkType
61715a13d170dd22	app.Cp_B000Dead.Cp_B000DeadPosture
617bd7c9f5ff1be2	via.Guid
6189c8306651c037	app.cp_B600.B600_RoleActionSettings_AppearDuct.MotionPattern
61a2bddc6c8881e2	via.Prefab
61a8cc4dd6f61430	app.EffectObjectCommandID
61a9ea015db7b8ed	via.Position
61a9ea01a1db02f3	via.vec3
61b0622fd11ba606	via.Prefab
61c09e0af5ff1be2	via.Guid
61c1ed0615d1718e	via.GameObjectRef
61d1a722902a00d6	via.render.HazeCompositorFilterType
61de99b81b6a819e	via.vec3
61de99b81e067c54	via.vec3
61de99b85a9c4ee6	via.vec3
61de99b8e9507cd5	via.vec3
61de99b8175bb2ab	via.vec3
61de99b809296b91	via.AnimationCurve
61de99b8fc4fdd1b	via.vec3
61de99b824e6ea37	via.AnimationCurve
61eabe3e89afc1a7	app.SoundMainMaterial
6205e7b4a2040b82	app.MotionTransitionControl.MotionEndType
6219606d96b5162f	app.GuiAttribute
6219606d7f880865	app.GuiLimitedAtteribute
6219606d27cca8c2	via.gui.Segment
6219606d8df62134	app.GuiInputLevel
6219606daf403d4d	app.GuiControllerBehavior.PoolLimitOperationType
6219606d4b971e6b	via.Prefab
6225da10c168d3ce	app.AnalogWatchHandMovementKind
622b075661477743	app.LevelFlowGroup
622fd4e4152e9eec	via.Transform
622fd4e47d59d9b8	via.vec3
622fd4e46519f22c	app.GimmickFragileFlag
62318988f5ff1be2	via.Guid
623189885a1ad641	app.StaticDamageHitBehaviorTreeCondition_CheckAngle.DirectionType
62318988e4660c67	app.StaticDamageHitBehaviorTreeCondition_CheckAngle.DirectionType
623189880128fb17	via.Range
624114869b896075	app.cp_B000.LeanToWall_RoleActionAdditionalSettings.LeanToWallVariation
624114862d6090c2	app.cp_B000.LeanToWall_RoleActionAdditionalSettings.SoundFilterType
6248b2f0998a4e6c	app.AppEventDefine.Kind
624d87846d2c033c	app.MotionFsmActionTiming
625071debedd91a7	via.GameObject
6251fbea1a2c86d0	app.InteractHandlingConfigurationBase.Direction
6265cb93f5ff1be2	via.Guid
6270ee71f5ff1be2	via.Guid
627c6d7c836ec7d8	via.RangeI
627c6d7c5a0bc2ad	via.RangeI
627c6d7cedc7d54d	via.RangeI
627c6d7cd81c1b94	via.RangeI
627c6d7c034a15f5	via.RangeI
627c6d7c56388b91	via.RangeI
627c6d7c373be390	via.RangeI
627c6d7c939430d2	via.RangeI
627c6d7cc98f7253	via.RangeI
627c6d7c7f9ecaee	via.RangeI
627c6d7c019b25bd	via.RangeI
627c6d7cf5b31afb	via.RangeI
627c6d7c96c5b2f6	via.RangeI
627d17404b971e6b	via.Prefab
627d393a93fde6dc	via.Range
627d393ab727a985	via.Range
627d393ac4f58b4a	via.Range
628378de27a6a0e2	app.StaticDamageHitBehaviorTreeAction_RequestCommonMessage.ExcuteTiming
62979c731a2c86d0	app.InteractHandlingConfigurationBase.Direction
62b2834bf5ff1be2	via.Guid
62b2834b835322de	via.Range
62b762534b971e6b	via.Prefab
62d7ed91d16f2be2	app.InteractActionInventoryOpen.OpenOption
62d9a5265b673006	via.GameObject
62d9a5269294bbd2	via.GameObject
62d9a526004c73e7	via.GameObject
62e6a067b43ddb43	JsonParser.ValueType
62eae0679347af98	app.It70_01_000Updater.PreTriggerType
0630669bd1fcf3eb	via.GameObjectRef
0630669ba43458d9	app.ArmMeshController.SyncSourceType
6327fa23f354eef1	via.gui.Effect2DTexture.Effect2DPlane
6327fa23074ed91f	via.gui.UVValueType
6327fa23fd20af2a	via.gui.UVReverseType
63359fb16d2c033c	app.BehaviorTreeAction_MFSM_CameraShakeAction.RequestTiming
63359fb1dcc919db	app.BehaviorTreeAction_MFSM_CameraShakeAction.TargetObjectType
635e08c60a61b828	app.PlayerDefine.ActionFlag
6376295bf5ff1be2	via.Guid
6376295b8d0768bd	app.PlayerBehaviorTreeCondition_CheckGrazeHitType.GrazeHitType
637fbd85eb252e33	app.TimelineEventDefine.ID
6388fd90f5ff1be2	via.Guid
63957ded6d2c033c	app.MotionFsmActionTiming
639d9da207936ba9	app.PhysicalQuantityType
63af6bec6812b630	via.timeline.GameObjectClipPlayer
63b530290739342d	app.PlayerDefine.FlashLightOverrideControl
63bc691b9d58d1c7	via.effect.script.EffectID
63bce53f3755b185	via.GameObjectRef
63bce53fc67d1472	app.Gm99_086.ControlState
63d6c19efefda14e	app.Gm99_115.MotionType
63eb46ccf22bd71f	app.AppUserCurveData.UserCurveType
63eb46cc9fa0ee8f	via.sound.SoundCurve
63f84c4b0737552c	via.motion.ExpressionUpdate
6414259e45167447	app.character.DebuffStatus
6414259e6a85d536	app.PlayerDefine.RestrictionType
64268d4ac5c96ac4	via.effect.script.EPVDataBase.EffectRelationType
64268d4adf8cb10f	via.vec3
64268d4ac9e9df8c	via.math.RotationOrder
64268d4a13acaee6	via.effect.script.EPVDataBase.RotateBase
64268d4a466d7535	via.vec3
64268d4a311e04b5	via.vec3
64268d4abadd114e	via.effect.script.EffectManager.EffectEndType
64268d4a52dcdb2c	via.effect.script.EffectCommonDefine.EffectActionOnProviderDestroy
64268d4aef1490d8	via.effect.script.EffectCommonDefine.EffectActionOnParentDisappear
64268d4a27a0f417	via.effect.script.CoordinateSystem
64268d4a2272cad7	via.effect.script.Axis
64268d4abcc5ea12	via.vec3
64268d4a13799edd	via.effect.script.RelationMirrorUseMotionBlend
64268d4a430bc704	via.Color
64268d4afacf5e17	via.effect.script.EffectCommonDefine.EffectActionOnCulling
64268d4a003d169f	via.GameObjectRef
64268d4a950a66bd	via.effect.script.EPVExpertAutoIsLandingData.AutoIsLandingElement.eNoHitAction
642898986beae116	app.HangingObject.ComponentGetType
64289898f92556dd	app.HangingObject.ComponentGetType
6428989814e8a4bd	app.HangingObject.ComponentGetType
642d194674077bc9	app.cp_B700.BattleAreaEscapePointTypes
642d1946899c015f	via.GameObjectRef
642d19462b9cf06c	via.GameObjectRef
642d1946403d4922	via.Position
64398cb14ea4f66c	via.Guid
64398cb15c63bad1	via.behaviortree.action.SetBool.Status
64398cb1cb2264f6	via.behaviortree.action.DataSetOn
643bf4d8f5ff1be2	via.Guid
643bf4d8a5802738	via.Range
6447689df5ff1be2	via.Guid
6449531ff5ff1be2	via.Guid
6449531f0128fb17	via.Range
646edac1f5ff1be2	via.Guid
64751e47f5ff1be2	via.Guid
64751e47602af3f9	app.Cp_C200DeadKind
648508f0f732ab87	via.motion.MotionCameraBankResourceHolder
06487274d2d62086	via.motion.AxisDirection
64b569e9f5ff1be2	via.Guid
64be26512185a077	app.OccupyPurpose
64be26514a733b64	app.OccupyPermission
64be2651f78fc192	app.Cp_B800GameObjectRefHolder.Tag
64be2651af1b9cca	app.Cp_B800RequestOccupyGrappleOtherTarget.TargetKindType
64c978105c9cd185	via.motion.InterpolationMode
64c97810993fec2f	via.motion.InterpolationCurve
64d45bc2f5ff1be2	via.Guid
64e36d0dcae77b7c	app.PlayerComplexConditionParam_SpecifiedFlag.FlagKind
64f36f6d5fc0aae4	app.BoolType
64f5468af5ff1be2	via.Guid
64fa310596b5162f	app.GuiAttribute
64fa31057f880865	app.GuiLimitedAtteribute
64fa310527cca8c2	via.gui.Segment
64fa31058df62134	app.GuiInputLevel
64fa3105af403d4d	app.GuiControllerBehavior.PoolLimitOperationType
64fa31054b971e6b	via.Prefab
0650e42de03c39a5	via.vec3
650e750bbedd91a7	app.SaveSlotSegmentType
650e750b6d1d43cc	app.SaveSlotCategory
651399f107967bc2	via.GameObjectRef
6514c265c6f42859	via.motion.ConstraintsUpdateMode
6514c2650035c845	via.motion.ConstraintsUpdate
651a6826998a4e6c	app.Cp_B200FaceKind
0651d89ff5ff1be2	via.Guid
6531b14740e50d9d	via.curve.EaseType
65349d035db7b8ed	via.vec3
6542ca4df5ff1be2	via.Guid
654982d9f5ff1be2	via.Guid
654982d9560f9e51	app.Cp_B800Updater.FindStateType
65525c9574077bc9	app.cg_NPC00.Cg_NPC00SensorUserData.SensorType
65588aed5d1bb4f9	via.mat4
0656d2d8f5ff1be2	via.Guid
6574cacc49216610	via.Rect
6574cacc8693b22a	via.resource_handle
0658618dd2b6a6b2	via.resource_handle
0658618d53cc56c8	via.resource_handle
0658618ddf97de35	via.render.RoughTransparentUpdater.DebugMode
65a629aee50beb22	app.LightAnimator.AnimationBase.AnimationWrapMode
65ae3c717e07433c	app.AttackTypeEnum
65c3e7caf5ff1be2	via.Guid
65c3e7cade118265	app.Cp_B000BehaviorTreeCondition_CheckEquipedWeapon.CheckEquipType
65c798fb861ab707	via.render.RenderTargetOperator.Op
65d6a1701cf37633	app.BodyPartsEnum
65d6a17071059794	via.vec3
65d8a22f861ab707	via.TransformFrameSkip
65dd204b96b5162f	app.GuiAttribute
65dd204b7f880865	app.GuiLimitedAtteribute
65dd204b27cca8c2	via.gui.Segment
65dd204b8df62134	app.GuiInputLevel
65dd204baf403d4d	app.GuiControllerBehavior.PoolLimitOperationType
65dd204b4b971e6b	via.Prefab
6622b5473f5b1ea5	via.vec3
6622b547ceff36ef	via.mat4
6622b54795cf6403	via.vec3
6640dc14c5e5706d	app.Inventory.SortOrder
66544763e3f516d5	via.vec3
665447633ba913e7	via.vec3
665447632a8721c4	via.vec3
6654476343fb4222	via.landscape.InterpolateType
6667d373f5ff1be2	via.Guid
066806c926d821e9	app.Cp_B000Equip.ChainsawStabType
066806c90a6807ab	app.Cp_B000Equip.ChainsawAttackerType
066806c9444d7cf2	app.EnemyFormationManager.ReservedTacticsType
066806c95974cbb9	app.EnemyTacticsType
066806c99ca71ab9	app.Cp_B000Sever.GougeLevel
066806c9ff98e06a	app.Cp_B000Sever.GougeLevel
066806c9daef038c	app.Cp_B000Sever.GougeLevel
066806c9678c1a04	app.Cp_B000Sever.GougeLevel
066806c93cce1f40	app.Cp_B000Sever.GougeLevel
066806c97bb463e9	app.Cp_B000Sever.JawGougeType
066806c9bd5a46fa	via.vec3
066806c921ec7827	app.Cp_B000Morph.UndiscoveryThinkType
066806c9d170dd22	app.Cp_B000Dead.Cp_B000DeadPosture
668480a17dfacc0f	app.WeaponCategory
668bf03248420026	app.EffectCharacterInitialEffectID
06690c36cc1ed2cf	via.motion.MotionAnalyzerBankResourceHolder
66afe71756bcd153	via.effect.dev.PreviewAnimationBehavior.PreviewAxis
66b3a89cf5ff1be2	via.Guid
66b76a2896b5162f	app.GuiAttribute
66b76a287f880865	app.GuiLimitedAtteribute
66b76a2827cca8c2	via.gui.Segment
66b76a288df62134	app.GuiInputLevel
66b76a28af403d4d	app.GuiControllerBehavior.PoolLimitOperationType
66b76a284b971e6b	via.Prefab
66be74115c2cc34d	via.motion.InterpolationCurve
66be7411025496be	via.motion.InterpolationMode
66c76a95f5ff1be2	via.Guid
66c76a957d71de1b	app.cp_B000.RequestMorph_WaitInAsh_RoleActionAdditionalSettings.GetupVariation
66cac098e52c962a	app.Cp_C800Define.ActionType
66e7a21bf5ff1be2	via.Guid
66ee97efc3383e66	via.OBB
66ee97efa794db47	via.mat4
66ee97efda374c81	via.vec3
66f71cc0d90cec49	via.vec3
66f71cc03e4808d7	via.vec3
66f71cc06821975d	via.vec3
66f71cc02e1c9595	via.Quaternion
66f71cc07dfacc0f	app.WeaponCategory
670250f66ba51265	via.GameObject
6721a6952957b882	via.Quaternion
6721a695eca91c05	via.vec3
67233caaf5ff1be2	via.Guid
67464817f5ff1be2	via.Guid
674fad9a6ba51265	via.Prefab
67696e1fde118265	app.GmGlobalFlagSwitcher.CheckType
67696e1f523c8ecb	app.GmGlobalFlagSwitcher.ConditionChecker.OperationType
678075d2150c540c	via.render.HazeCompositorBlur
678075d2868a5375	via.render.HazeCompositorFilterType
67807f1735a48174	via.hid.KeyboardCooperativeLevel
67845a63861ab707	app.InteractTrigger.InteractDesiredPriority
6789ac4648802581	via.Quaternion
67a4ba996d2c033c	app.ShotFire.ShotTiming
67c72931a66bb577	via.network.utility.UniqueId
67f07621af7ad5a3	via.vec3
67fa85a6e2dc42cb	app.CharacterResumeType
67feaa3accb395d4	via.mat4
67fef16074d3501b	via.Range
67fef16007c14aed	via.Range
67fef1607f6c8a87	via.Range
68032ee353536c60	app.LightningGroup
680b22576d2c033c	app.MotionFsmActionTiming
680b25ed74077bc9	app.Cp_B600BehaviorTreeAction_DamageDotWaitTimer.DotType
680ca11cd0098d63	via.GameObjectRef
680ca11c0853e937	via.vec3
680ca11c417e9163	app.EffectLinkConstraints.ConstraintType
680ca11ca1bd4967	app.EffectLinkConstraints.ConstraintRotationType
680ca11c7b2cdbb9	app.EffectLinkConstraints.ConstraintPositionType
6811a7d7f5ff1be2	via.Guid
6811a7d772344672	app.Cp_D000BehaviorTreeCondition_CanFinishRoleAction.CancelReason
681629b684be41b1	via.GameObject
681629b6fe691e25	via.resource_handle
68223cf96f592b54	via.render.ShadowCastMode
68223cf98e7515cf	via.render.Mesh.BeautyMaskChannel
682ac56196b5162f	app.GuiAttribute
682ac5617f880865	app.GuiLimitedAtteribute
682ac56127cca8c2	via.gui.Segment
682ac5618df62134	app.GuiInputLevel
682ac561af403d4d	app.GuiControllerBehavior.PoolLimitOperationType
682ac5614b971e6b	via.Prefab
68313bd4d2142183	app.LockOnTargetWork.TargetAttribute
68313bd4523c8ecb	app.GimmickLockOnTargetController.OperationType
6833d9cc861ab707	via.render.RenderConfig.StrandShadingQuality
684241fac3383e66	via.AABB
684241faf1deab23	via.vec3
684241fada374c81	via.vec3
684572a2024bc393	app.TipsGameoverPickupType
685d71eef5ff1be2	via.Guid
685d71eee52c962a	app.Cp_C800Define.ActionType
685e4d635796ded1	via.render.Mesh
685e4d63a1de0940	via.Float4
68619a7a20c32a24	via.Int3
6883d3e22aafbdf8	via.Triangle
688b357e1167942b	via.Prefab
689194b5e985e10b	app.GPUScoreCalculator.GraphicsPreset
689584f01a2c86d0	app.InteractHandlingConfigurationBase.Direction
68d76b35f5ff1be2	via.Guid
69057c7badcb8e35	via.Guid
69089a4ef41b94df	via.Joint
69089a4eb62b99b9	via.vec3
691a84a6822a17f6	via.string
69315dd721d88012	via.vec3
69315dd77adb162c	via.vec3
69324ad7861ab707	app.Gm31_003.StepType
069427348911bb18	via.navigation.AIMapNavMeshResourceHolder
06942734a8811fa0	via.navigation.AIMapWaypointResourceHolder
06942734ef378d56	via.SceneResourceHolder
697c6f174ddcf3c3	via.GameObjectRef
69883aabf5ff1be2	via.Guid
699b40f4fa20f4cf	via.mat4
69a9a7ab467122ff	via.render.NDSRUpscalingInterface.ResolveTiming
69aadc6dc11c1624	via.RangeI
69d75434f5ff1be2	via.Guid
69fa59f7bd22c7a4	app.MeshPartsGroupBit
6a17a3a7ede44e83	via.GameObjectRef
6a17a3a7e52c962a	app.LevelFlowBehaviorTreeAction_FSM_Cp_E800SetStateAction.StateActionType
6a1c9404e0fdb83a	via.effect.script.EffectEmitZoneGroup
6a32efeb74077bc9	app.BodyDestructionControllerChildType
6a331794fc45929a	via.motion.DynamicMotionBank
6a33179415b3d947	via.motion.DynamicMotionBank
6a38943ce2dc42cb	app.CharacterResumeType
6a3b0ab8861ab707	via.render.TextureResourceHolder
6a8049e9c6ff3b9c	via.GameObject
6a8049e946c993ad	via.GameObject
6a8049e96e23fb41	via.effect.ProviderData
6a86cbb995bbbf7e	via.Position
6a86cbb9466d7535	via.Quaternion
6aa25866f5ff1be2	via.Guid
6ab693341c3cb695	soundlib.EnumBool
6ab69334b5b06866	soundlib.EnumBool
6ac49bf00c8b057f	app.Cp_B800SignSoundKind
6ac49bf00dd10c61	via.GameObjectRef
06ac79322d967d21	via.motion.MotionAnalyzerBankResourceHolder
06ac7932bf017c06	app.Orcl_MotionQueryFilter.EMode
6ae74492861ab707	via.render.OpenColorIOSDRConfig
6aea9c19f5ff1be2	via.Guid
6b2a51690dd10c61	app.GrappleBehaviorTreeActionBase.GrappleRole
6b2a51696d5d1e1a	app.PressWeightEnum
6b33c682d00ea558	via.fluid.WaterObstacle
6b4380b8d6888945	via.vec3
6b4380b8d4ab5af3	via.vec3
6b4380b861bb6a80	via.render.Stamp.StampChannelMask
6b56d676dcc919db	app.GmLockV2.GimmickTargetType
6b56d67615d1718e	via.GameObjectRef
6b62b6166d2c033c	app.MotionFsmActionTiming
6b7104d6b40b14d9	app.DayOfWeek
6b8b466b0c0c49b8	app.Cp_B000PostureType
6b977ca6fc5542a4	app.InteractTrigger.InteractTryType
6bb1c7091487fca1	via.Range
6bb1c709fc97dc09	via.Range
6bb1c70919063004	via.Range
6bcc675eaca661dd	app.LevelFlowBehaviorTreeAction_FSM_AreaWaitCheck.FailedActionType
6bda45804b971e6b	via.Prefab
6bdc098269b76658	via.effect.script.StampMeshOrder
6bdc09824fc76234	via.effect.script.StampMeshOrder
6bdc098295432295	via.effect.script.VolumeDecalOrder
6bdeb76f0a7b5465	app.MovieDefine.ID
6be3adbf84fe1b1e	app.GuiInventoryType
6be3adbf483259fc	app.GuiInventoryMode
6c087fc6861ab707	via.UserIndex
6c100257b5396019	via.motion.SetMotionTransitionInfo
6c1436311a2c86d0	app.InteractHandlingConfigurationBase.Direction
6c16ff1cf5ff1be2	via.Guid
6c1eaa3df5ff1be2	via.Guid
6c1eaa3d07f9e47f	app.WayType
6c226040443bf17d	via.timeline.UserCurveResourceHolder
6c2260409628ff56	via.relib.light.LightBlinkPlayerBase.PlayState
6c226040009bb89e	via.Range
6c226040b5bddf8f	via.Range
6c22604054aeb0b1	via.Range
6c2260403e196d80	via.Color
6c22604048e05a6f	via.Color
6c226040be09795a	via.relib.light.LightDelayPlayer
6c23f4be6ba51265	via.effect.ProviderData
6c37a4846a4f57e3	app.CharacterControlAttachmentTag
6c52af4871059794	via.vec3
6c52af4806097b89	app.TargetSensor.SightTargetAttribute
6c595f9f1ec35a4c	app.QuestConcealType
6c6be3935e94324d	app.AssistLightIntensityZoneHolderGroup
6c6f0c7079c30268	app.Cp_C200MoveSpeedPolicyKind
6c6fc63740e50d9d	via.curve.EaseType
6c6fc637a9f57785	via.AnimationCurve
6c7c51cce50beb22	app.LightAnimator.AnimationBase.AnimationWrapMode
6c7e6e2bddfb3408	via.motion.SequenceCategory
6c88d4ed0fffa62c	via.Prefab
6c88d4ed35f823b0	via.effect.script.EffectChainMeshAnimBase.PlayTypeEnum
6c88d4eda25ce84e	via.Range
6c88d4ed311e04b5	via.Range
6c88d4edab38b883	via.Range
6c88d4edf5455c2c	via.Range
6c88d4ed8f4aa16a	via.Range
6c88d4ed882d0729	via.Range
6c9667e16d2c033c	app.MotionFsmActionTiming
6ca83e9cf5ff1be2	via.Guid
6cb2db893e7a3bf1	via.Prefab
6cc09a0bd266ceff	via.Position
6cc1dfcf96b5162f	app.GuiAttribute
6cc1dfcf7f880865	app.GuiLimitedAtteribute
6cc1dfcf27cca8c2	via.gui.Segment
6cc1dfcf8df62134	app.GuiInputLevel
6cc1dfcfaf403d4d	app.GuiControllerBehavior.PoolLimitOperationType
6cc1dfcf4b971e6b	via.Prefab
6ccd05f6f5ff1be2	via.Guid
6cd53fe4ff2decb8	app.Cp_C400OrderType
6cdbabc6d11ba606	via.Prefab
6ce11372f5ff1be2	via.Guid
6d00057390135b72	via.Range
6d00057372c7a3f8	via.Range
6d0005735fbb437b	via.Range
6d025fe696b5162f	app.GuiAttribute
6d025fe67f880865	app.GuiLimitedAtteribute
6d025fe627cca8c2	via.gui.Segment
6d025fe68df62134	app.GuiInputLevel
6d025fe6af403d4d	app.GuiControllerBehavior.PoolLimitOperationType
6d025fe64b971e6b	via.Prefab
6d0705a0fd8c731e	via.hid.KeyboardKey
6d1bba7bf5ff1be2	via.Guid
6d21c907ede44e83	via.GameObjectRef
6d36d40dd11ba606	via.Prefab
6d371546861ab707	app.Cp_B800GameObjectRefHolder.Tag
6d428da716331766	app.TutorialDefine.TutorialListBootConfig.BootConfigDetailType
06d43ef996cd829a	app.GmCp_C100DoorBase.DoorDirectionType
06d43ef9a29ba06d	app.GmCp_C100DoorBase.DoorDirectionType
06d43ef93ed8fffc	via.GameObjectRef
6d44d02c58bc5ca5	app.LightAnimator.ObjectRelationType
6d44d02cc2f9e35c	app.LightAnimator.MeshMaterialTargetObjectSelectType
6d729948f5ff1be2	via.Guid
6d729948a6b52829	app.Cp_C200PerformanceActionKind
6d7442caede44e83	via.GameObjectRef
6d79cc3ed3ec7e8f	via.GameObjectRef
6d82f75e87c91ece	app.CompareType
6d82f75ea3e53183	app.CompareType_EqNeq
6d82f75e4f3876cf	app.CompareType_Bit
6d82f75e6c2c4020	app.InteractableController.EmptyTargetActionType
6d87dc1d4f5e0787	app.GroupConditionProgressType
6da3019107967bc2	via.GameObjectRef
6dbf73fd6f592b54	via.render.ShadowCastMode
6dbf73fd8e7515cf	via.render.Mesh.BeautyMaskChannel
6dc457d40c8b057f	app.Cp_B800SignSoundKind
6dc86195784cef0b	via.resource_handle
6dc861952692e283	via.resource_handle
6dce17b7998a4e6c	app.AppEventDefine.Kind
6ddb3be4ede44e83	via.GameObjectRef
6ddb3be4de118265	app.LevelFlowBehaviorTreeAction_FSM_Cp_B700StateCheck.StateCheckType
6de5a05dbb5b3f3d	via.GameObjectRef
006df551ccd8b08c	app.Cp_B800SignSoundRouteSetting.ActionKind
06dfc6a229b6c95b	via.vec3
06dfc6a2e84df530	via.AnimationCurve
06dfc6a23ea3f967	via.Range
06dfc6a2a01ed0f3	via.Range
6e047097f48e0ca7	via.vec3
6e04709795bbbf7e	via.vec3
6e0470979916e970	via.vec3
6e14e0adf5ff1be2	via.Guid
6e14e0ad8a6e69b0	app.Cp_B000BehaviorTreeCondition_CheckReviveAttackDirectio.Direction
6e28727296b5162f	app.GuiAttribute
6e2872727f880865	app.GuiLimitedAtteribute
6e28727227cca8c2	via.gui.Segment
6e2872728df62134	app.GuiInputLevel
6e287272af403d4d	app.GuiControllerBehavior.PoolLimitOperationType
6e2872724b971e6b	via.Prefab
6e2ad9538216de9a	via.UserIndex
6e3115076ba51265	via.Prefab
6e3a8c59861ab707	app.DotSightColorType
6e50ae9995bbbf7e	via.vec3
6e50ae99f5a98fc4	via.GameObject
6e50ae99df8cb10f	via.vec3
6e50ae99baf799f0	app.WindData.ATTENUATION_RATE
6e54d0daed4381f2	via.Range
6ea393f62f14940d	app.SoundAddMaterial
6ea82ef56a4f57e3	app.CharacterControlAttachmentTag
6ea8e182d6f61430	app.EffectObjectCommandID
6eafab55617783c3	app.TimerBase.CountMode
6eb1aadc424a544a	via.effect.script.VFXRangeTrack
6eb368f1a1a5749a	app.GuiOptionV2CustomMessageType
6eb368f181a31765	app.GuiOptionV2CustomMessageType
6eb368f13ac3a501	app.GuiOptionV2ItemPageType
6eb8593ff5ff1be2	via.Guid
6ec750db8afc80f9	via.Range
6ec750dbde14a729	via.Range
6ec750db43b9a565	app.Cp_B600Updater.StickType
6ec750dbec4f42d0	via.Range
6ec750dbadcfb181	via.Range
6edeacc674641240	via.GameObjectRef
06ee34f8108928e7	via.resource_handle
06ee34f832a801c3	via.motion.ExpressionUpdate
6ee489c123293461	app.Cp_C200JumpState
6ef06dafede44e83	via.GameObjectRef
6ef06dafde118265	app.LevelFlowBehaviorTreeAction_FSM_Cp_E400StateCheck.StateCheckType
6efbe5bf96b5162f	app.GuiAttribute
6efbe5bf7f880865	app.GuiLimitedAtteribute
6efbe5bf27cca8c2	via.gui.Segment
6efbe5bf8df62134	app.GuiInputLevel
6efbe5bfaf403d4d	app.GuiControllerBehavior.PoolLimitOperationType
6efbe5bf4b971e6b	via.Prefab
06f0265d07967bc2	via.GameObjectRef
6f04567f32e06c8a	via.vec3
6f06daf40f40a61d	app.Cp_C900ForceFlowerCloseRequest.RequestTiming
6f0c2a4d80b11697	app.InteractUtil.TagFlg
6f0c2a4d9e1ed17d	app.ObjectTags
06f21d2ca3bf686f	app.DynamicsPropQualityLevel
6f3eb71bf5ff1be2	via.Guid
6f5f5ac4e2dc42cb	app.CharacterResumeType
6f6c38931ec35a4c	app.QuestConcealType
6f6f67466ba51265	app.GuiOptionV2ActionOptionID
6f7f8732a8bda540	app.InteractUtil.TagFlg
6f80d6a26d2c033c	app.MotionFsmActionTiming
6f9e00686ba51265	app.EffectWeaponType
6fac9e1e15d1718e	via.GameObjectRef
6fafba273be2ed12	via.vec3
6fbb2b9e57881c98	app.SoundDetectionType
6fc4d6f8f5ff1be2	via.Guid
6fdc25eb861ab707	via.Capsule
6ffa5ed0f5ff1be2	via.Guid
70007b141c3cb695	soundlib.EnumBool
70007b14b5b06866	soundlib.EnumBool
7002f7eaf5ff1be2	via.Guid
7002f7ea5ad85b72	app.ShellWeaponStructureParam.ReloadType
7008520e424a544a	via.effect.script.EPVExpertAutoIsLanding.RangeRequestInfo
702ccd219fad42df	app.character.Vital
7034f1e0bedd91a7	via.GameObject
704117c8fc5542a4	app.InteractTrigger.InteractTryType
704117c885b26f17	app.InteractTriggerHitArea.InteractDetectionType
704117c8a8bda540	app.InteractUtil.TagFlg
704117c8eddb93df	app.InteractTriggerHitArea.InteractDetectionTargetType
704117c8a4ab6682	app.ObjectTags
704117c83c8c965e	via.GameObjectRef
704117c8ed96ebd0	via.Quaternion
705e2318c8eda659	via.OBB
705e23187bd662b4	via.OBB
7060ab0526d821e9	app.Cp_B000Equip.ChainsawStabType
7060ab050a6807ab	app.Cp_B000Equip.ChainsawAttackerType
7060ab05444d7cf2	app.EnemyFormationManager.ReservedTacticsType
7060ab055974cbb9	app.EnemyTacticsType
7060ab059ca71ab9	app.Cp_B000Sever.GougeLevel
7060ab05ff98e06a	app.Cp_B000Sever.GougeLevel
7060ab05daef038c	app.Cp_B000Sever.GougeLevel
7060ab05678c1a04	app.Cp_B000Sever.GougeLevel
7060ab053cce1f40	app.Cp_B000Sever.GougeLevel
7060ab057bb463e9	app.Cp_B000Sever.JawGougeType
7060ab05bd5a46fa	via.vec3
7060ab0521ec7827	app.Cp_B000Morph.UndiscoveryThinkType
7060ab05d170dd22	app.Cp_B000Dead.Cp_B000DeadPosture
7060f5e4e52c962a	app.InteractActionOccurrenceObserver.ActionType
706c76e9adcb8e35	via.Guid
706e94f2861ab707	app.FSR2QualityType
70711bc4af1b9347	via.curve.EaseType
70711bc41899efc1	via.vec3
70711bc467ffc594	via.curve.EaseType
70711bc45cab5c6c	via.AABB
70711bc4fd216c14	via.AABB
70711bc41c7dfbbd	via.AABB
70711bc45cfc2dd6	via.vec3
70711bc404dc21d9	via.vec3
70711bc4ec5ced4d	via.vec3
707c8ec21bf9d08f	via.landscape.path.PathBundle
7081a6aa19a269d2	app.EffectCameraShake
708739836b57f950	app.DynamicsPropAttackType
0708dd790f361dd2	app.Cp_C800Define.IdleVariationType
709818fc1ec35a4c	app.QuestConcealType
70a720616ba51265	app.Cp_B800PressType
70a8aff6f5ff1be2	via.Guid
70ac9c0ee52c962a	app.InteractActionSwitchScreen.InteractActionType
70ac9c0e554128ee	app.GimmickSwitchScreenParam.FlashLightType
70c3a463f5ff1be2	via.Guid
70e56eb889ece67b	via.Int2
70e56eb88238a090	app.InventoryPanelRotateType
70ec9825292f5ee7	via.vec3
70f1b274441e33e9	app.Cp_C100IndividualConfiguration.LoopTimerConfig.LoopCategory
70f36f1efff81c8f	via.render.LightPowerUnitType
70f36f1e4c36c347	via.render.LightImportantLevel
70f68b4ad2142183	app.LockOnTargetWork.TargetAttribute
70fbc34045cf41c5	app.BodyPartsEnum
70fe85bded4381f2	app.CharacterBehaviortreeAction_SwitchCharacterControllerEnableBase.ExcuteTiming
071027cc9d112ee7	via.AnimationCurve
071027ccc8951153	via.vec3
710da5a12ea296c8	app.PressWeightEnum
7117f063e50beb22	app.LightAnimator.AnimationBase.AnimationWrapMode
71184797c7cfa54b	via.vec3
7118479787ff7422	via.pointgraph.GraphFilter
71184797f4608ac5	via.pointgraph.ScopeQuery
711847979f485bd7	via.pointgraph.AttributesQuery
71184797c24e1c09	via.pointgraph.UserCustomPointFilter
711e9259860e88b1	app.MotionTransitionControl.MotionControlStates.StateType
712d33d37d71de1b	app.cp_B000.GetupFromAsh_RoleActionAdditionalSettings.GetupVariation
713c8c1ae2dc42cb	app.CharacterResumeType
714c36b5bb21c858	via.AnimationCurve
714c36b54056dce1	via.AnimationCurve
71558592f5ff1be2	via.Guid
715facb3e2dc42cb	app.CharacterResumeType
717f46544ddcf3c3	via.GameObjectRef
717f4654560e7d77	app.GimmickDestructionLevel
718eea5087c91ece	app.CompareType
718eea50a3e53183	app.CompareType_EqNeq
718eea504f3876cf	app.CompareType_Bit
718eea506c2c4020	app.InteractableController.EmptyTargetActionType
71974800af1b9cca	app.BikeCameraTargetParam.TargetKind
71aa979ad46fc236	via.GameObjectRef
71b356bdb98484f7	via.ScreenShotImageOrientation
71b356bd747f9cb2	via.ScreenShotReportOption
71b56b22ede44e83	via.GameObjectRef
71b56b22de118265	app.LevelFlowBehaviorTreeAction_FSM_Cp_D100StateCheck.StateCheckType
71b64367554128ee	app.FlashLightController.LightGroupType
71d3ee36f5ff1be2	via.Guid
71d3ee367e1dd152	app.BodyPartsEnum
71e6ab4bf9c7d119	app.cg_NPC00.SpawnType
71e6ab4b2a1afa46	via.vec3
071f3c6b5321cb79	app.ShellLifeTypeEnum
071f3c6bc50b38cf	via.vec3
071f3c6bfdc70089	via.AnimationCurve
720d1aa132501abd	app.Cp_C800Define.AreaType
7227674de3931839	via.GameObjectRef
722b40145db7b8ed	via.Position
722b4014d5c29bd3	via.GameObjectRef
7231f9cb028170ad	via.Range
723898ed1c3cb695	soundlib.EnumBool
723898edb5b06866	soundlib.EnumBool
723898ed41db1094	via.vec3
72541aa2d11ba606	via.Prefab
72599cab4b971e6b	via.Prefab
726ca7786ba51265	app.CharacterFallParam.FallType
7270259bf5ff1be2	via.Guid
7282d3b1f5ff1be2	via.Guid
7282d3b1ac01bf89	app.EnemyBehaviorTreeCondition_WallBoundResult.Result
7298c657ea3f5e0e	via.GameObject
7298c6577dac5c73	via.dynamics.RigidBodySet
72a40ba76d2c033c	app.Cp_B800ChangeCharacterControllerShape.Timing
72a40ba759ee998c	app.Cp_B800ChangeCharacterControllerShape.Process
72b5af0b95e3c19c	via.GameObjectRef
72b5af0ba9f57785	via.AnimationCurve
72cfe9b1f5ff1be2	via.Guid
72dbdb56f5ff1be2	via.Guid
72dd8d9695bbbf7e	via.vec3
72dd8d96baf799f0	app.WindData.ATTENUATION_RATE
072e15eef5ff1be2	via.Guid
72f02d41f5ff1be2	via.Guid
72f325f28438a2a8	via.Range
72f450cbf5ff1be2	via.Guid
72fa19e7aaf818ea	app.CharacterBehaviorTreeAction_AngularRotationCommonBase.DirectionType
72fe786a861ab707	app.AOQuality
73131707de118265	app.LevelFlowBehaviorTreeAction_FSM_Cp_B000StateCheck.StateCheckType
7342064d453a77b8	via.render.TextureResourceHolder
7342064dbdbe34cb	via.vec3
7342064ddf8055de	via.vec2
7342064d8435c519	via.vec2
734ff95fc056f48b	app.TimelineEventDefine.ID
735f6061c26ad7ec	via.hid.virtualKeyboard.KeyboardMode
73649d4a7f7d9776	via.curve.EaseType
73666eeb48fb73d0	via.Range
73716b5a9c5533f1	app.Collision.Mask.Watcher_VS_WatchTarget_Enum
73716b5a1a8454b0	app.AppIkLookAtSimpleTaskGenerator.TimeLimitSetting
73716b5a9656001e	via.Range
73716b5ae55979dc	via.Range
73716b5a6e82b161	app.AppIkLookAtSimpleTaskGenerator.PositionSetting
73716b5aa8143f44	via.GameObjectRef
73716b5aa2009a2c	via.vec3
73716b5a86c96406	via.Range
73716b5af9ba15a9	via.Range
73716b5a1fc40cff	app.AppIkLookAtSimpleTaskGenerator.RandomType
73716b5a7ecf3741	app.ObjectTags
73837206af6a27f8	via.Prefab
73837206b72d2da1	via.vec3
73837206912df7a2	via.AABB
7383720605296abb	app.GuiMapWideAreaVisibleType
7383c7c6861ab707	via.FileAccessPriority
73854cf3c9425811	app.Cp_A100UpdaterBase.TempPanicRunMode
739668be6a4f57e3	app.CharacterControlAttachmentTag
73a85d4fe2dc42cb	app.CharacterResumeType
73b052ceb525f62f	via.motion.SequenceCategory
73b052ce1c243b55	app.loop.LoopCoreTest.WalkStrafeModes
73b052ce60a0c72d	app.loop.LoopCoreTest.Styles
73b052ce3dc9a213	app.loop.LoopCoreTest.PosesSourceModes
73b052ce9740833e	app.loop.LoopCoreTest.SkipFrames
73b052ced2146143	app.loop.LoopCoreTest.LocalCrossFadeRootBlendTypes
73b052ce9037df85	app.loop.LoopCoreTest.TransformCorrection
73b052ce574bb905	app.loop.LoopCoreTest.TransformCorrection
73b5cc56152e9eec	via.Transform
73b5cc567d59d9b8	via.vec3
73b5cc566519f22c	app.GimmickFragileFlag
73c091fd16331766	app.CameraObjVisibleControlSubSystem.WorkDataException.WorkDataExceptionDetailType
73cc45cc1ec35a4c	app.QuestConcealType
73cf548b51ac1207	via.GameObject
73cf548bd70a3d93	via.render.Mesh
73d1989487c264ea	app.GuiOptionV2Platform.Type
73f7b702cf721e75	app.GuiPlatform
73f92d076ba51265	app.PlayerDefine.MentalState
073fee2a7d20474a	app.TutorialDefine.SwitchType
7402a8fe998a4e6c	app.BikeLightEmmissiveKind
74088187f5ff1be2	via.Guid
741923aacc27b38b	app.AnimDelayHand_HandReticleAdjustmentDirectionKind
741dbb8ff5ff1be2	via.Guid
74282ed1f5ff1be2	via.Guid
742d825ac29bd9f0	app.cp_B000.Down_Conveyor_RoleActionAdditionalSettings.DownVariation
742d825a4165e3f5	via.GameObjectRef
7430c7c2861ab707	via.render.RenderConfig.LensDistortionSetting
7433fd9f96b5162f	app.GuiAttribute
7433fd9f7f880865	app.GuiLimitedAtteribute
7433fd9f27cca8c2	via.gui.Segment
7433fd9f8df62134	app.GuiInputLevel
7433fd9faf403d4d	app.GuiControllerBehavior.PoolLimitOperationType
7433fd9f4b971e6b	via.Prefab
746049b8861ab707	app.MouseCursorVisibility
746147c84abf40d6	via.AABB
746147c8912df7a2	via.Int3
747f20226d1d43cc	via.vec3
749065e08961b78c	via.vec3
749065e095bbbf7e	via.vec3
749065e0e3b7bfec	via.vec3
74a757be96b5162f	app.GuiAttribute
74a757be7f880865	app.GuiLimitedAtteribute
74a757be27cca8c2	via.gui.Segment
74a757be8df62134	app.GuiInputLevel
74a757beaf403d4d	app.GuiControllerBehavior.PoolLimitOperationType
74a757be4b971e6b	via.Prefab
74bb82e3c5c96ac4	via.effect.script.EPVDataBase.EffectRelationType
74bb82e3df8cb10f	via.vec3
74bb82e3c9e9df8c	via.math.RotationOrder
74bb82e313acaee6	via.effect.script.EPVDataBase.RotateBase
74bb82e3466d7535	via.vec3
74bb82e3311e04b5	via.vec3
74bb82e3badd114e	via.effect.script.EffectManager.EffectEndType
74bb82e352dcdb2c	via.effect.script.EffectCommonDefine.EffectActionOnProviderDestroy
74bb82e3ef1490d8	via.effect.script.EffectCommonDefine.EffectActionOnParentDisappear
74bb82e327a0f417	via.effect.script.CoordinateSystem
74bb82e32272cad7	via.effect.script.Axis
74bb82e3bcc5ea12	via.vec3
74bb82e313799edd	via.effect.script.RelationMirrorUseMotionBlend
74bb82e3430bc704	via.Color
74bb82e3facf5e17	via.effect.script.EffectCommonDefine.EffectActionOnCulling
74bb82e3003d169f	via.GameObjectRef
74bb82e371b1a121	via.Color
74bb82e377a43e90	via.GameObjectRef
74bb82e35f46d5ac	via.vec3
74bb82e30a2c3ba2	via.vec3
74bb82e3578cf8a6	via.vec3
74c2dc1597cbe56b	via.Range
74c2dc15de03ec5a	via.Range
74c554157907e604	via.GameObjectRef
74c6495b1ec35a4c	app.QuestConcealType
74ca2321163cd9e3	app.GraphicsQualityMiniPreset
74ca23219da96664	app.GraphicsQualityMiniPreset
74ca2321a3296a6e	app.GraphicsQualityMiniPreset
74ca232116046db9	app.GraphicsQualityMiniPreset
74d7c6d123703c15	app.PressWeightEnum
74e41e0510422649	app.MotionFsmActionTiming
74ed3aa455c28bab	app.FPSCameraOverrideSetting.FPSCameraOverrideSettingType
74ef6a7973b61c3b	via.GameObjectRef
74f7cbee6ba51265	via.GameObject
74f7cbee424a544a	via.GameObject
74f7d27f27a6a0e2	app.CharacterBehaviorTreeAction_ChangeCharacterControllerShape.ExcuteTiming
75142abb0b4a98b9	via.vec3
75142abba40de894	via.vec2
75142abb6164b1f4	via.Range
75142abbe6f7fd60	via.Range
7516f7cdede44e83	via.GameObjectRef
752f01c0fc5542a4	app.InteractTrigger.InteractTryType
752f01c00fc6d44a	app.InteractTriggerVariableInput.CommandType
752f01c0f8e2e331	app.InteractUtil.ButtonType
752f01c0cdbfac40	via.GameObjectRef
752f01c017762364	via.vec3
752f01c0de722188	via.vec3
752f01c0b28e01ad	app.InteractTriggerVariableInput.ObjIconDisplayType
752f01c012583283	app.InteractTriggerVariableInput.ObjIconDistanceActorType
752f01c008c968ae	app.InteractTriggerVariableInput.ObjIconShieldingType
752f01c0517963a6	app.InteractTrigger.InteractDesiredPriority
7535057c152e9eec	via.Transform
7535057c7d59d9b8	via.vec3
7535057c6519f22c	app.GimmickFragileFlag
75365f18c5e5706d	app.Inventory.SortOrder
755ae76373b61c3b	via.GameObjectRef
755b78630f40a61d	app.Cp_C900SetFlowerBlendRate.RequestTiming
755ef1adc6f42859	via.motion.ConstraintsUpdateMode
755ef1ad0035c845	via.motion.ConstraintsUpdate
75886f5ff4027052	app.GmUseKeyItemV3.StagingType
75886f5f15d1718e	via.GameObjectRef
75886f5fc0cf2ccb	via.GameObjectRef
75886f5f1054b51c	via.GameObjectRef
7590c192861ab707	app.CastHitDetailType
7591ca5b85c468f3	via.GameObject
75c9ae31f5ff1be2	via.Guid
75e8abedf5ff1be2	via.Guid
75e8abed65673b6d	app.GrappleBehaviorTreeConditionBase.GrappleRole
75e8abed618efbf1	app.GrappleBehaviorTreeCondition_CheckIsWall.CheckAngleVectorType
75e8abed0fc4b3bd	via.Range
75e8abedf33e1d0d	app.GrappleBehaviorTreeCondition_CheckIsWall.CheckAngleVectorType
75e8abed12207d2c	via.Range
7602ca6c96b5162f	app.GuiAttribute
7602ca6c7f880865	app.GuiLimitedAtteribute
7602ca6c27cca8c2	via.gui.Segment
7602ca6c8df62134	app.GuiInputLevel
7602ca6caf403d4d	app.GuiControllerBehavior.PoolLimitOperationType
7602ca6c4b971e6b	via.Prefab
76041f6b6ba51265	app.BikeLightEmmissiveKind
762705072bb8e01a	via.Sphere
763a8d02c26ad7ec	via.hid.virtualKeyboard.KeyboardMode
763c82b3f5ff1be2	via.Guid
76454f963d069aac	app.GmPhotoMode.LimitType
7651114e6d1d43cc	app.ExtraContentsRegion
7664f7e391f14fb6	app.DOTController.AilmentType
76691dacab44515a	via.Country
76adce42f5ff1be2	via.Guid
076ae7c796b5162f	app.GuiAttribute
076ae7c77f880865	app.GuiLimitedAtteribute
076ae7c727cca8c2	via.gui.Segment
076ae7c78df62134	app.GuiInputLevel
076ae7c7af403d4d	app.GuiControllerBehavior.PoolLimitOperationType
076ae7c74b971e6b	via.Prefab
76d7d8df7285dab7	app.PlayerCameraRotationParam.RotationRestType
76d7d8dfb51185f2	via.Quaternion
76d7d8dff6481d07	via.vec3
76d7d8dfea7db4b3	via.Quaternion
76d7d8dfb619836a	via.Range
76d7d8df9f19049a	via.Range
76d7d8df51e183d5	app.PlayerCameraRotationParam.RotationOffsetType
76e06e77861ab707	via.render.RenderConfig.AntiAliasingType
76e9bd6b131823e3	via.vec3
76f30e75fc5542a4	app.InteractTrigger.InteractTryType
770cbe525fc0aae4	app.EventDefine.AvailabilityFlag
77393736822a17f6	via.string
77393736080c2aa6	via.network.AutoMatchmaking.DataType
7739fc81692193e8	via.motion.CppSampleChild.Test
773b77dd4d34759e	soundlib.SoundListener.ListenerIndex
773b77dd77aa9b1e	via.vec3
773b77dd473a1948	soundlib.SoundEffortLevel
773b77dd7c61a5da	soundlib.SoundMotionTag
776dabd8b766449e	app.Cp_C100EvaluateNarrowAreaDriver.StartVariationType
776dabd81fa109e5	via.Range
776dabd8427aa2e0	via.Range
776f680696b5162f	app.GuiAttribute
776f68067f880865	app.GuiLimitedAtteribute
776f680627cca8c2	via.gui.Segment
776f68068df62134	app.GuiInputLevel
776f6806af403d4d	app.GuiControllerBehavior.PoolLimitOperationType
776f68064b971e6b	via.Prefab
0778315ab72d2da1	via.vec3
77895b625db7b8ed	via.vec3
778b844d1b5a30c0	app.TimelineEventDefine.ID
77908c14f5ff1be2	via.Guid
7794f5acac237991	app.ReliefItemAppendWeightData.CheckItemKind
7794f5ac87c91ece	app.CompareType
77a27bcf75c7237e	app.LevelFlowBehaviorTreeAction_FSM_DetailSearchCheck.ActionEndType
77a27bcf006e0403	app.LevelFlowBehaviorTreeAction_FSM_DetailSearchCheck.CheckKeyType
77aca558861ab707	app.GuiDirection
077c712d861ab707	via.render.Mesh.BeautyMaskChannel
77f04c86aab253e4	app.SoundDetectionOnSoundCallRequest.Timing
77f04c8671059794	via.vec3
77f19c91f5ff1be2	via.Guid
77f19c91af1b9cca	app.CharacterBehaviorTreeCondition_PositionalRelation.TargetKindType
77f19c9119112645	app.CharacterBehaviorTreeCondition_PositionalRelation.CompareType
77f19c918c94af96	app.CharacterBehaviorTreeCondition_PositionalRelation.RadiusType
77f19c91912df7a2	via.Range
77f3fe60bc69f84a	app.TramMotionEndConditionType
77f530c55db7b8ed	via.vec3
77f530c52ea5f1fa	via.Quaternion
77f530c53c8fc254	via.fluid.Fluid3DCollisionShape
77f530c56c3f336f	via.vec3
780e6047f5ff1be2	via.Guid
781082b287c91ece	app.CompareType
7848d9494523cd9b	app.Cp_B800RoomKind
7848d9495f4f12d7	app.Cp_B800RoomKind
7852bab16d2c033c	app.MotionFsmActionTiming
7854bdec7e4ea976	app.Gm99_020.SetType
7854bdecfc1849ec	via.GameObjectRef
785554ccf5ff1be2	via.Guid
786f0a7c1c3cb695	soundlib.EnumBool
786f0a7cb5b06866	soundlib.EnumBool
07877b997cb7e944	via.Range
78898af07e4ea976	app.TimelineEventParameter.TransformSetting.SetTypeID
78898af05db7b8ed	via.Position
78898af02ea5f1fa	via.Quaternion
789ed1f37da534ef	app.CraftRecipe.UnlockCondition
789fe54cc056f48b	app.TimelineEventDefine.ID
789fe54ca2040b82	app.LevelFlowBehaviorTreeAction_FSM_CutSceneAction.ActionEndType
78a70803f4020698	via.OBB
78d2602a7023bf5c	app.ICp_C100ClimbWall.ClimbWallVariationType
78d5ae06f5ff1be2	via.Guid
78f73b7ac206531c	app.PlayerDefine.RestrictionType
7907cd2596b5162f	app.GuiAttribute
7907cd257f880865	app.GuiLimitedAtteribute
7907cd2527cca8c2	via.gui.Segment
7907cd258df62134	app.GuiInputLevel
7907cd25af403d4d	app.GuiControllerBehavior.PoolLimitOperationType
7907cd254b971e6b	via.Prefab
790a7b07f5ff1be2	via.Guid
790a7b07b6cd9122	app.Cg_NPC00BehaviorTreeCondition_CheckHasItem.Cg_NPC00Item
790d90c5f5ff1be2	via.Guid
790d90c596a6173b	app.cp_C500.C500TempStatus
79227d5096b5162f	app.GuiAttribute
79227d507f880865	app.GuiLimitedAtteribute
79227d5027cca8c2	via.gui.Segment
79227d508df62134	app.GuiInputLevel
79227d50af403d4d	app.GuiControllerBehavior.PoolLimitOperationType
79227d504b971e6b	via.Prefab
79338cae731c77fa	via.hid.ExecuteGroup_hdVibration
79338caea4358807	via.hid.PauseGroup_hdVibration
79338cae38eda529	via.UserIndex
79338cae83a85807	via.hid.DeviceIndex
79338caeed84cb87	via.vec2
79338cae09ac3bce	via.vec2
793c80bff5ff1be2	via.Guid
0793f151483259fc	app.PlayerMode
0793f15174077bc9	app.PlayerCameraFOVParam.TemplateType
79658ea7861ab707	via.motion.script.MotionExtraData.ContactStatus
796bad65f10b6890	via.resource_handle
7986ce3bb280aab0	via.vec3
0798b4da5db7b8ed	via.vec3
798cd50bb43ddb43	via.effect.script.EffectManager.PriorityType
798cd50b058c38ff	via.effect.script.EffectManager.PriorigyGroup
79b028cacdf123f2	via.GameObjectRef
79b3b8bb6d2c033c	app.MotionFsmActionTiming
79b3b8bb814cb140	app.EPVExpertPartsBreak.PartsType
79b3b8bb1feafdc7	app.EPVExpertPartsBreak.VariationType
79b85d23f83586d3	via.motion.AxisDirection
79bc2df4861ab707	app.WayType
79c2cfd0fd76dda4	via.clr.ManagedObject
79e1de5eaaf818ea	app.CharacterBehaviorTreeAction_AngularRotationCommonBase.DirectionType
79e7b7e4f5ff1be2	via.Guid
79e7b7e48a6e69b0	app.Cp_B000BehaviorTreeCondition_CheckDownGrappleType.Direction
7a1c0b4674077bc9	app.Gm99_115.MaterialParam.ControlType
7a253c9ac29bd9f0	app.cp_B000.Down_Conveyor_RoleActionAdditionalSettings.DownVariation
7a3002e546638f10	app.BodyPartsEnum
7a4e850eede44e83	via.GameObjectRef
7a5155d4cd397f67	via.navigation.ObstacleFilterInfo.FilterType
7a60afb9c715203f	via.AnimationCurve
7a60afb9d6fc8c4e	via.AnimationCurve
7a60afb960c7e7ac	via.AnimationCurve
7a60afb9b4799348	via.AnimationCurve
7a78d059de118265	app.CompareType
7a80d56496b5162f	app.GuiAttribute
7a80d5647f880865	app.GuiLimitedAtteribute
7a80d56427cca8c2	via.gui.Segment
7a80d5648df62134	app.GuiInputLevel
7a80d564af403d4d	app.GuiControllerBehavior.PoolLimitOperationType
7a80d5644b971e6b	via.Prefab
7a891264ba49553f	app.PlayerInputMediator.ExternalControl
7a8a88d309d027b1	via.GameObjectRef
7a8a88d33088f659	via.GameObjectRef
7a998531f5ff1be2	via.Guid
7a998531012dbe79	app.NavigationSupporter.StateType
7a9b852ad1d5647b	via.motion.AxisDirection
7a9b852a5379aa20	via.motion.AxisDirection
7a9b852a71059794	via.vec3
7a9bf29fd64d45e9	via.vec3
7ab1a80696b5162f	app.GuiAttribute
7ab1a8067f880865	app.GuiLimitedAtteribute
7ab1a80627cca8c2	via.gui.Segment
7ab1a8068df62134	app.GuiInputLevel
7ab1a806af403d4d	app.GuiControllerBehavior.PoolLimitOperationType
7ab1a8064b971e6b	via.Prefab
7ac0028e3d2965fe	app.BehaviorTreeAction_Gm99_031_Request.RequestType
7ac0028efefda14e	app.Gm99_031.MotionType
7acc3789d3344d41	via.motion.MotionResourceHolder
7adfe81c03952400	via.AABB
7ae062c26928d9ef	via.Prefab
7af9af69fd0596b8	via.Range
7b1580e8b43ddb43	anim.AnimWeaponPushback.ExtendOffsetType
7b1877299d023671	via.effect.script.UserCurveTrackParameter.UCTPBool
7b1c19cbf13e94a5	via.OBB
7b1c19cb16f1e349	via.vec3
7b28bc0b72c7a3f8	via.Range
7b28bc0bf9631b6f	via.Range
7b28bc0b0888dbc4	via.Range
7b37cd896966f037	app.Cp_B800TensionCondition
7b4b00d8f5ff1be2	via.Guid
7b4ef9e2861ab707	via.render.ExperimentalRayTrace.Raytracing
7b6b39c8152e9eec	via.Transform
7b6b39c87d59d9b8	via.vec3
7b6b39c86519f22c	app.GimmickFragileFlag
7b81bb2504ff2ccb	via.GameObject
7b81bb25269ede92	via.motion.OrclDatabase
7b81bb25ab6bd6b6	via.motion.OrclQueryKeys
7ba61b6c5a685f7a	via.GameObject
7bb054b4f5ff1be2	via.Guid
7bb30963861ab707	app.KeyboardSelectType
7bb6cdd486eae269	via.effect.script.ObjectEffectManager2.ExternalDataContainerCommand.RequestCommand
7bb6cdd47f5677c3	via.Prefab
7bd0628a74077bc9	app.PlayerCameraShakeRequestExtraParam.CameraType
7bdc61a66d1d43cc	via.GameObject
7be3efd0ce8b714f	via.Color
7be3efd0e381b460	via.Color
7be5b16e5073cad2	via.GameObjectRef
7be81e6c1b90b4b1	via.vec3
7be81e6cf9bb64ec	via.vec3
7be81e6c4360ae17	via.Range
7be81e6ce9854784	via.Range
7be81e6cd4ce9787	via.Range
7be81e6c2aaefb4d	via.AnimationCurve
7bee3522e52c962a	app.GameLevelLinkageSceneController.ActionType
7beffd588b0a1fa6	via.AnimationCurve
7beffd5878a4bc7b	via.AnimationCurve
07c01ffb1054b51c	via.GameObjectRef
07c01ffb17a09aa8	app.GmItemControl.InteractType
7c3216c1dcc919db	app.Cp_C100GrappleJackBehaviorTreeAction_UseMeleeWeaponFatal.TargetType
7c5af4aa9b08a915	app.PlayerInputMediator.ExternalControl
7c5eeb2f1a2c86d0	app.InteractHandlingConfigurationBase.Direction
7c7170183c391366	via.resource_handle
7c7af6d07ca59ddb	anim.AnimIkAttackAdjuster.TargetCalcType
7c996d1d861ab707	app.GimmickCameraRotationInterpolation.RotationCalcType
7cc2db6bf5ff1be2	via.Guid
7ccf21fd861ab707	app.GimmickUtil.GlobalBitFlag2
7cd2522277dc7d5a	via.Float2
7cd62fecd11ba606	via.Prefab
7cdd9144ec444166	via.OBB
7cdd914407cb0fb3	via.Range
7ce7e4d1f5ff1be2	via.Guid
7cf07bfb483259fc	app.TimerBase.CountMode
7cf07bfb74077bc9	app.Timer.FunctionType
7d190056d617557b	via.GameObjectRef
7d28a4e3cb29245e	app.SituationInhibitType
7d3626d0f5ff1be2	via.Guid
7d449cc652ae95e7	app.RagdollController.UpdateOverwritePostureTimingType
7d449cc63754bd76	app.RagdollController.UpdateOverwritePostureTimingType
7d51db8af5ff1be2	via.Guid
7d51db8ac186c0b2	via.Range
7d532c3a1b082ced	via.Range
7d532c3a9d928241	via.Range
7d5a36676d1d43cc	app.ExtraContentsElementUIType
7d6af489bef418b5	via.vec3
7d6af4890ce79f9f	via.render.LightImportantLevel
7d6af489c50b38cf	via.Quaternion
7d6af489da554126	via.render.ShadowCastFlag
7d6af489c0081229	via.Float4
7d6af48913bd4acc	via.Float4
7d6af489b5b862bf	via.render.SparseShadowTreeHolder
7d6af489d03b7c6c	via.render.TextureResourceHolder
7d6af48996b20341	via.vec3
7d6af4895c4274ea	via.Quaternion
7d6af4898dd4ba4e	via.Float3
7d6af489ace65cfe	via.Float2
7d6af489a615f906	via.Float2
7d768821409318c7	app.GrappleJackCp_B000BehaviorTreeAction_RequestSever.SeverExtraCheck
7d768821c57dd880	app.Cp_B000IndividualParameter.ExtraSeverConfig.FinisherGrappleCheckType
7da2c9cb9bc4eee3	via.TransformFrameSkip
7da6ad8dfefda14e	app.Gm99_040.MotionType
7db2c65a86271f0d	app.ItemRemainingViewType
7dbcfa8b861ab707	via.render.reflexlib.ReflexLibManager.ReflexLatencyMode
7dc51ba996b5162f	app.GuiAttribute
7dc51ba97f880865	app.GuiLimitedAtteribute
7dc51ba927cca8c2	via.gui.Segment
7dc51ba98df62134	app.GuiInputLevel
7dc51ba9af403d4d	app.GuiControllerBehavior.PoolLimitOperationType
7dc51ba94b971e6b	via.Prefab
7dca7c5d56efa9d8	via.Quaternion
7de3e9f9688db4c3	via.Range
7df6417b424a544a	via.Prefab
7df77c534154fc8d	app.GuiTitleSelectType
7e317cbac26ad7ec	via.hid.virtualKeyboard.KeyboardMode
7e317cba57f657f2	via.UserIndex
7e317cbac7dc6f8d	via.vec2
7e317cbafdbc3587	via.hid.virtualKeyboard.CollapseSetting
7e317cba09066a30	via.hid.virtualKeyboard.CustomizedDictionaryIndex
7e43f1b5356e4a9e	via.GameObjectRef
7e4705ba80f94823	app.BoolType
7e4705ba3ba44309	app.CharacterBehaviorTreeAction_SubAdjustTerrain.EndSettingType
7e780628bedd91a7	via.vec3
7e7806286d1d43cc	via.vec3
7e82be3ef079c742	via.Range
7e896994f5ff1be2	via.Guid
7e8bdf13924b9e40	via.Prefab
7e92acb467104c09	via.GameObjectRef
7ea35eefc11c1624	via.RangeI
7eaa5c0195bbbf7e	via.vec3
7eaa5c01466d7535	via.Quaternion
7eb0a66f424a544a	via.Float4
7eb0e01581e1a9e2	app.LayeredParamGroupBits
7eb0e015f9f1c451	app.LayeredParamGroupBits
7eb3b151e52c962a	app.InteractActionKeyItemInventory.ActionType
7ee7d1c99b51cdd8	via.AABB
7ee7d1c9dfc9c0ef	via.physics.FilterInfo
7ef9952af5ff1be2	via.Guid
7ef9952a96a6173b	app.Cp_B800Updater.TempStatus
7f03805df5ff1be2	via.Guid
7f0ec132861ab707	app.FSR1QualityType
7f126ac5cac5c423	app.BodyPartsEnum
7f25a9e0fc15b0cd	app.GamePadButtonBits
7f25a9e04d42cb85	app.GamePadExtraButtonBits
7f25a9e02b0c7776	app.GamePadAnalogInputBits
7f25a9e072fe1c61	app.GestureInputBits
7f25a9e0773b245f	app.KeyboardKeyBits1
7f25a9e001f531c7	app.KeyboardKeyBits2
7f25a9e027b09b20	app.KeyboardKeyBits3
7f25a9e04212d02e	app.KeyboardKeyBits4
7f25a9e0003fb623	app.MouseButtonBits
7f25a9e0c11ef9eb	app.MouseAnalogInputBits
7f25a9e050c1d46b	app.GestureInputBits
7f25a9e0d1b5ded6	app.MotionSensorInputBits
7f27d50d74077bc9	app.Cp_E400BehaviorTreeAction_RequestIgnoreDepth.RequestType
07f2997896b5162f	app.GuiAttribute
07f299787f880865	app.GuiLimitedAtteribute
07f2997827cca8c2	via.gui.Segment
07f299788df62134	app.GuiInputLevel
07f29978af403d4d	app.GuiControllerBehavior.PoolLimitOperationType
07f299784b971e6b	via.Prefab
7f41a51d5e2c91b5	via.Prefab
7f51528b6d2c033c	app.MotionFsmActionTiming
7f5e57ef633e7e32	via.GameObjectRef
7f5fa432e2a28f71	app.CrimeResearchGeneralSettingUserData.CameraSetting.ParamBit
7f5fa4324facc23e	via.Range
7f5fa432b619836a	via.Range
7f5fa4329f19049a	via.Range
7f5fd39c74077bc9	app.LockOnTargetWork.TargetPointType
7f5fd39c4a5227d5	via.GameObjectRef
7f5fd39c2df352fe	via.vec3
7f5fd39c1abfb05d	app.LockOnTargetWork.TargetCategory
7f5fd39c855bd593	app.LockOnTargetWork.TargetAttribute
07f6852b63c8b0ba	via.resource_handle
7f699f576ba51265	app.DetailSearchAcquireSoundCategory
7f71a3c0a8bda540	app.InteractUtil.TagFlg
7f71a3c00858fb8d	app.Gm20_046.GimmickParam.StateFlags
7f87607982a31345	app.Cp_B000Sever.GougePart
7f8c827f998a4e6c	app.LightKind
7fa510d54154fc8d	app.GuiTitleSelectType
7fa7b384d848d0af	app.GmItemInstallation.GimmickSetState
7fa85ec096b5162f	app.GuiAttribute
7fa85ec07f880865	app.GuiLimitedAtteribute
7fa85ec027cca8c2	via.gui.Segment
7fa85ec08df62134	app.GuiInputLevel
7fa85ec0af403d4d	app.GuiControllerBehavior.PoolLimitOperationType
7fa85ec04b971e6b	via.Prefab
7fd11117861ab707	via.dynamics.SimulationContinuousType
8005116fd11ba606	via.Prefab
801558791c667270	via.Range
80155879a47f0814	via.Range
8018671badcb8e35	via.Guid
8028dcecede44e83	via.GameObjectRef
80294c60fb7031e0	via.character.CollisionShapePresetResourceHolder
802c01da28bedae4	via.vec3
8030e68bf5ff1be2	via.Guid
8030e68b0128fb17	via.Range
803563a3e0fdb83a	via.Scene
803aed5c617783c3	app.TimerBase.CountMode
803aed5c87c91ece	app.CompareType
803aed5cc70600fc	app.SoundDetectionType
803b2c6f07967bc2	via.GameObjectRef
804b0d64372363ae	app.MeleeWeaponUsedConsumptionValue.UsedConsumptionType
804b0d6463a8e60e	app.MeleeWeaponUsedConsumptionValue.GuardConsumptionLevel
805d90a98bdac7f8	app.LightningGroup
805d90a9ba4f703d	via.AnimationCurve
80657b9a6ba51265	app.DayLightSets
80674995993fec2f	via.curve.EaseType
8067499578b57979	via.vec3
80674995fcbb5a71	via.vec3
8088a2576ba51265	via.effect.script.UpdateOrder
808e669474077bc9	via.render.SSRControl.SSRControlType
808e669414407a21	via.render.SSRControl.SSRResolvePointNum
8098190dffa7fbe4	app.Cp_B800RoomKind
80a8bf85f5ff1be2	via.Guid
80baac5c55ba6622	via.AnimationCurve
80baac5c4df90f05	via.AnimationCurve
80baac5cbbdfa9c0	via.AnimationCurve
80baac5c1a6c010a	via.Float2
80baac5c6727ba37	via.AnimationCurve
80baac5c1409417b	via.Float2
80baac5c6b805418	via.Float2
80baac5c6d8727be	via.AnimationCurve
80baac5cbcf1d430	via.AnimationCurve
80baac5cb76b31ff	via.vec3
80baac5c825f38ff	via.Range
80baac5ce49a9659	via.Range
80baac5c79ee0fa8	via.Float2
80baac5ccc6e55e9	via.Float2
80c6a447e0fdb83a	via.Folder
80c7f94b861ab707	app.EffectCharacterSurfaceMaterialDefinition.StrandsWetLevel
80cb03b518b4a574	via.GameObjectRef
80d751e4d11ba606	via.Prefab
80dc1fec861ab707	via.render.MPMRLodResolution
80e0ff1b9294bbd2	via.GameObject
80e0ff1b33abb52e	app.effect.EffectRecordManager.DecalType
80e0ff1b95bbbf7e	via.vec3
80f815e196b5162f	app.GuiAttribute
80f815e17f880865	app.GuiLimitedAtteribute
80f815e127cca8c2	via.gui.Segment
80f815e18df62134	app.GuiInputLevel
80f815e1af403d4d	app.GuiControllerBehavior.PoolLimitOperationType
80f815e14b971e6b	via.Prefab
8104cd344aa0b06f	via.GameObjectRef
810f34392a8395b8	via.Range
810f34394271ac90	via.Range
810f34396f465c32	via.vec3
810f34398e19aa8f	via.vec3
810f34399b374fc5	via.vec3
810f3439bd6ad3d0	via.vec3
810f34395da60512	via.physics.CollisionFilterResourceHolder
811dab9df5ff1be2	via.Guid
8123e885e2dc42cb	app.CharacterResumeType
8137bfb6f5ff1be2	via.Guid
814c07d3c50b38cf	app.PlayerDeadBodyDriver.CheckDeadSpaceDirection
814c07d3602af3f9	app.PlayerDeadBodyDriver.DeadSpaceKind
8154acdb6ba51265	app.DetailSearchController.InputInfo.InputType
81558bbd27dad7cf	via.render.reflexlib.ReflexLibManager.ReflexLatencyMode
817a2584f5ff1be2	via.Guid
8188b91dfd8c731e	via.vec4
081938f0ede44e83	via.GameObjectRef
819c492df5ff1be2	via.Guid
81b3c0b74b971e6b	via.Prefab
81cf6781f5ff1be2	via.Guid
81e16888861ab707	via.render.TextureResourceHolder
820854a9af1b9cca	app.Cp_B800RequestOccupyGrappleOtherTarget.TargetKindType
820aae8dc7d95d7f	app.TimelineEventDefine.ID
8244d2e9f5ff1be2	via.Guid
8244d2e985685b56	app.cp_C900.Cp_C900Define.IvyUnitID
8244d2e90ba66411	app.cp_C900.Cp_C900Define.IvyActionState
824bbc07efe0c328	app.Gm99_136.ClimbType
824bbc0788ccdbcc	app.Gm99_136.FrontType
8254da94f5ff1be2	via.Guid
8254da94f5bf2061	app.Cp_C800Define.IdleStateType
825d176f26d821e9	app.Cp_B000Equip.ChainsawStabType
825d176f0a6807ab	app.Cp_B000Equip.ChainsawAttackerType
825d176f444d7cf2	app.EnemyFormationManager.ReservedTacticsType
825d176f5974cbb9	app.EnemyTacticsType
825d176f9ca71ab9	app.Cp_B000Sever.GougeLevel
825d176fff98e06a	app.Cp_B000Sever.GougeLevel
825d176fdaef038c	app.Cp_B000Sever.GougeLevel
825d176f678c1a04	app.Cp_B000Sever.GougeLevel
825d176f3cce1f40	app.Cp_B000Sever.GougeLevel
825d176f7bb463e9	app.Cp_B000Sever.JawGougeType
825d176fbd5a46fa	via.vec3
825d176f21ec7827	app.Cp_B000Morph.UndiscoveryThinkType
825d176fd170dd22	app.Cp_B000Dead.Cp_B000DeadPosture
826bcb4006835a9c	app.EffectCharacterSurfaceMaterialDefinition.WaterColorType
826bcb40984bac0b	app.EffectCharacterSurfaceMaterialDefinition.WetLevel
826d5dcda5412902	app.ItemAttachmentController.BindingSourceType
826d5dcd9492099e	via.GameObjectRef
827a2be00dd10c61	app.cg_NPC00.LookAtTargetType
827a2be084c6f594	via.vec3
82872b2d0a378510	via.behaviortree.SelectorSequence.RunType
829cb09a152e9eec	via.Transform
829cb09a7d59d9b8	via.vec3
829cb09a6519f22c	app.GimmickFragileFlag
829e0a30f5ff1be2	via.Guid
829f0c560f501fe3	via.landscape.MapBakerPointCloudBakeType
829f0c568da31f9f	via.resource_handle
829f0c566a2ea0b4	via.GameObjectRef
829f0c56cf6f89c4	via.resource_handle
82b00ea2e2dc42cb	app.CharacterResumeType
82b2a2951153f91d	app.DayLightSets
82b70176bf017c06	app.orcl.UpperBodyInput.EMode
82b7017636dbe741	via.vec3
82b7be106d2c033c	app.Cp_B800CeilingInOutEffect.TimingType
82ba5030adcb8e35	via.Guid
82c0e7bdf5ff1be2	via.Guid
082d5afae2dc42cb	app.CharacterResumeType
82f8e118a66bb577	via.network.utility.UniqueId
830271b510cee6a0	via.render.LDRLensDistortion.DistortionType
83055d5fc26ad7ec	via.hid.virtualKeyboard.KeyboardMode
8317f53196b5162f	app.GuiAttribute
8317f5317f880865	app.GuiLimitedAtteribute
8317f53127cca8c2	via.gui.Segment
8317f5318df62134	app.GuiInputLevel
8317f531af403d4d	app.GuiControllerBehavior.PoolLimitOperationType
8317f5314b971e6b	via.Prefab
83196fc5f5ff1be2	via.Guid
831ac7f0e0fdb83a	via.effect.script.EPVExpertObjectLanding
831ce0c680baa6be	via.Range
831ce0c6030b0126	via.Range
831ce0c6f9631b6f	via.Range
8325e21cf7a79a66	via.vec3
832eab9ee9f9fbe1	app.PlayerAfterDamageController.AfterDamageJoint
83442ff5f5ff1be2	via.Guid
834a11a8bedd91a7	via.physics.Colliders
837103126966f037	app.TutorialDefine.ConditionType
837ff8006d1d43cc	via.mat4
839b050515d1718e	via.GameObjectRef
83a1e4875db7b8ed	via.vec3
83a1e48741810eb4	app.cp_E900.WayPointTerminateConditions
83a4c3c279fa8d00	via.Range
83a4c3c21ad76ed6	via.Range
83e9196aa3d80c5b	app.GamePlayerAssignStrategy
83ef8f77ede44e83	via.GameObjectRef
83ef8f773031ff65	via.Quaternion
83ef8f77b72d2da1	via.vec3
83f3e8dd56bcd153	via.effect.dev.PreviewAnimationBehavior.PreviewAxis
8403691842d08275	app.Gm99_045.MoveType
84063aece52c962a	app.EffectLinkActionKicker.ActionType
8407f11496b5162f	app.GuiAttribute
8407f1147f880865	app.GuiLimitedAtteribute
8407f11427cca8c2	via.gui.Segment
8407f1148df62134	app.GuiInputLevel
8407f114af403d4d	app.GuiControllerBehavior.PoolLimitOperationType
8407f1144b971e6b	via.Prefab
841517bde52c962a	app.InteractActionReplacementTag.InteractActionType
841517bdde2cb5b0	app.ObjectTags
8419acb8b5b06866	soundlib.EnumBool
84294a2ef5ff1be2	via.Guid
8437d23d152e9eec	via.Transform
8437d23d7d59d9b8	via.vec3
8437d23d6519f22c	app.GimmickFragileFlag
8441aec957008587	via.GameObjectRef
844cadd4bedd91a7	via.GameObject
844cadd46d1d43cc	via.vec3
844e099ac15db7e8	via.render.MeshletView
844e099a0053f938	via.resource_handle
844e099ad43b1e0a	via.resource_handle
8458ebbc68db7ee6	app.Cp_B000Equip.ChainsawStabType
847d261ff5ff1be2	via.Guid
8485ec54f5ff1be2	via.Guid
8485ec54f976b7a2	app.Cp_C600Define.HoldType
848ab782f5ff1be2	via.Guid
848ab782367ca7e0	app.C510_Sm80_334_Test.BlowAwayType
84aa5eeb74077bc9	app.LevelFlowBehaviorTreeAction_FSM_ConversationAction.EndType
84aceb955da60512	via.physics.CollisionFilterResourceHolder
84cf219f861ab707	app.CastOptionFlag
84d8c1276ba51265	app.Cp_B000Collider.PressType
84f987cdf5ff1be2	via.Guid
8500747aaca5b31c	via.resource_handle
8500747af81437bf	via.resource_handle
8500747ae938f615	via.landscape.spline.Spline
8500747a1820e9b8	via.landscape.spline.SplineSegment
8500747a086e449a	via.vec3
8500747af1f866dc	via.vec3
8500747aa5da24de	via.vec3
850ede46c5e5706d	app.Gm99_138.Order
850ede4673b61c3b	via.GameObjectRef
851040faf5ff1be2	via.Guid
851a2c0df4027052	app.GmItemInstallation.StagingType
851a2c0d15d1718e	via.GameObjectRef
8520e0f626d821e9	app.Cp_B000Equip.ChainsawStabType
8520e0f60a6807ab	app.Cp_B000Equip.ChainsawAttackerType
8520e0f6444d7cf2	app.EnemyFormationManager.ReservedTacticsType
8520e0f65974cbb9	app.EnemyTacticsType
8520e0f69ca71ab9	app.Cp_B000Sever.GougeLevel
8520e0f6ff98e06a	app.Cp_B000Sever.GougeLevel
8520e0f6daef038c	app.Cp_B000Sever.GougeLevel
8520e0f6678c1a04	app.Cp_B000Sever.GougeLevel
8520e0f63cce1f40	app.Cp_B000Sever.GougeLevel
8520e0f67bb463e9	app.Cp_B000Sever.JawGougeType
8520e0f6bd5a46fa	via.vec3
8520e0f621ec7827	app.Cp_B000Morph.UndiscoveryThinkType
8520e0f6d170dd22	app.Cp_B000Dead.Cp_B000DeadPosture
85255498f5ff1be2	via.Guid
852554985a9e9b5a	app.Cp_C100BehaviorTreeCondition_CheckFootContact.CheckFootContactSide
852958e4540bf058	app.CharacterBehaviorTreeAction_FollowGroundNormal.AirControlKind
8533bf1975addcdb	via.relib.light.LightActionDistanceAttenuation
8533bf1908adfcac	via.relib.light.LightActionKillComponent
8533bf19c1fac60e	via.relib.light.LightActionDistanceShadow
8533bf19baf0e7ea	via.relib.light.LightActionControlAOEfficiency
853b66f2adca3c9b	via.effect.script.EffectManager.RequestOverwriteParam
854366df861ab707	app.C510_Sm80_334_Test.BlowAwayType
855c0dbd41608266	app.DOTInstallationManager.InstallationType
855c0dbd4b971e6b	via.Prefab
857426a1152e9eec	via.Transform
857426a17d59d9b8	via.vec3
857426a16519f22c	app.GimmickFragileFlag
857a380e861ab707	app.RayTracingSetting
8584b5a8152e9eec	via.Transform
8584b5a87d59d9b8	via.vec3
8584b5a86519f22c	app.GimmickFragileFlag
858a13adcca0b5c0	app.RoleActionSettings.CommonAttackRoleActionAdditionalSettings.AttackDirection
858a13ad070b2f29	via.vec3
858e5ccd96b5162f	app.GuiAttribute
858e5ccd7f880865	app.GuiLimitedAtteribute
858e5ccd27cca8c2	via.gui.Segment
858e5ccd8df62134	app.GuiInputLevel
858e5ccdaf403d4d	app.GuiControllerBehavior.PoolLimitOperationType
858e5ccd4b971e6b	via.Prefab
859c53930c0c49b8	app.Cp_B600BehaviorTreeAction_DamageFall.FallPostureType
85b24f9396b5162f	app.GuiAttribute
85b24f937f880865	app.GuiLimitedAtteribute
85b24f9327cca8c2	via.gui.Segment
85b24f938df62134	app.GuiInputLevel
85b24f93af403d4d	app.GuiControllerBehavior.PoolLimitOperationType
85b24f934b971e6b	via.Prefab
85b75e94861ab707	via.Float2
85d35663f38f98de	via.timeline.UserCurveResourceHolder
85d35663ba556c8c	via.relib.light.VFogBlinkPlayerBase.PlayState
862639c807967bc2	via.GameObjectRef
862e3003dcc919db	app.EPVExpertExplosiveElement.TargetCategory
862e30037dfacc0f	app.WeaponCategory
862e3003a186f944	app.EPVExpertExplosiveElement.EmitTypes
862e300371059794	via.vec3
8651a563602af3f9	app.AnimDelayHand_CalcCheckKind
8651a563fe2b8bbd	via.vec3
8651a563f46b4b49	via.vec3
8651a563c15b4062	via.vec3
8651a563072ea3d5	via.vec3
8666f84c861ab707	app.EffectQuality
866dfcfc0035a964	via.vec3
866dfcfcdbbe52bb	via.Quaternion
867b0bac861ab707	app.Cp_B800Updater.FindStateType
086a32940f518af9	via.motion.MotionResourceHolder
086a32943d436e68	via.motion.MotionResourceHolder
86aa490e74077bc9	app.Cp_B800SpecialGrappleSafeArea.CheckType
86aa490ede6cf883	via.AABB
86aa490e962294c1	via.vec3
86aec38696b5162f	app.GuiAttribute
86aec3867f880865	app.GuiLimitedAtteribute
86aec38627cca8c2	via.gui.Segment
86aec3868df62134	app.GuiInputLevel
86aec386af403d4d	app.GuiControllerBehavior.PoolLimitOperationType
86aec3864b971e6b	via.Prefab
86baa818de2cb5b0	app.EnemyAttackTag
86bcb6a41abfb05d	app.character.ActionCategory
86bcb6a4c11c1624	via.RangeI
86ce69556ba51265	app.Cp_E400MentalStateFacialAnimationConfiguration.MentalStateType
86ddebf0e0fdb83a	via.effect.script.EPVStandardData
086e97672b380a49	via.render.RoughTransparentUpdater.DebugMode
86ed1f2ae2dc42cb	app.CharacterResumeType
86f7127be2dc42cb	app.CharacterResumeType
8705ccf76ba51265	via.GameObject
8708e41cf5ff1be2	via.Guid
8708e41cddfb3408	app.character.ActionCategory
871c993e79fa8d00	via.Range
871c993e1ad76ed6	via.Range
871c993e8b0a1fa6	via.AnimationCurve
871c993e78a4bc7b	via.AnimationCurve
871dce74f5ff1be2	via.Guid
871e39aafc5542a4	app.InteractTrigger.InteractTryType
871e39aadcc919db	app.InteractTriggerGmStructureData.TargetType
871e39aa07967bc2	via.GameObjectRef
87228c53a8bda540	app.InteractUtil.TagFlg
8729c9ee23ddeb81	via.AnimationCurve
8734b41095bbbf7e	via.vec3
8734b410733653a9	via.AnimationCurve
8734b41022d8ab34	via.AnimationCurve
8734b410d64ba770	via.AnimationCurve
8734b410c7031844	via.AnimationCurve
874b6e8c51ac1207	via.GameObject
874b6e8cd70a3d93	via.render.Mesh
874b6e8c933df908	via.motion.Chain2
875072ae8e311074	via.Color
875072ae16e55afb	via.ColorRampInterpolation
8774e08996b5162f	app.GuiAttribute
8774e0897f880865	app.GuiLimitedAtteribute
8774e08927cca8c2	via.gui.Segment
8774e0898df62134	app.GuiInputLevel
8774e089af403d4d	app.GuiControllerBehavior.PoolLimitOperationType
8774e0894b971e6b	via.Prefab
877520adf5ff1be2	via.Guid
878c786fd3e432a4	via.motion.MotionListResourceHolder
878c786f442f4c7e	via.dynamics.RagdollResourceHolder
878c786f6a243c86	via.motion.MotionBankResourceHolder
878c786f5ae9895d	via.motion.MotionFsm2ResourceHolder
08790405861ab707	app.animation.TargetSettings.PriorityType
879355f6dcc919db	app.EffectDataTargetType
87a3c86dfc5542a4	app.InteractTrigger.InteractTryType
87a70043f5ff1be2	via.Guid
87a8d2de3eb1d334	via.render.RenderTargetTextureResourceHolder
87af339f74077bc9	app.Cp_C800Define.ReactionDamageType
87ba3778993fec2f	via.AnimationCurve
87cce56da6b9a830	via.vec3
87cce56d62616f1d	via.vec3
87da754fc26ad7ec	via.hid.virtualKeyboard.KeyboardMode
87fac220b98484f7	via.ScreenShotImageOrientation
87fac220747f9cb2	via.ScreenShotReportOption
87fc13a05b5deb7e	via.relib.light.DelayPlayer.DelayParam
87fc13a0cf499e67	via.relib.light.DelayPlayer.DelayParam
8802c6176ba51265	app.BodyPartsEnum
8802c617424a544a	app.PlayerAfterDamageController.AfterDamageJoint
88214c8191e7256f	app.it60_00_073Updater.UnlockMatchingMode
88214c81ef80eb39	via.motion.MotionResourceHolder
88214c813cf2d67e	via.vec3
88214c814d563d7a	via.Quaternion
88214c8147504840	via.vec3
88214c81735bd348	via.Quaternion
88214c8163dff698	via.motion.MotionResourceHolder
8828822342fbb66d	via.relib.effect.EVRefVFXTable
882d0cf71a2c86d0	app.InteractHandlingConfigurationBase.Direction
882db571f5ff1be2	via.Guid
882eff57ed827975	via.render.MeshResourceHolder
882eff570d0571f1	via.render.MeshMaterialResourceHolder
882f1833f5ff1be2	via.Guid
88304dfc50602fdb	app.PlayerInputMediator.ExternalControl
883e0282fc2ff802	app.Cp_C100EvaluateNarrowAreaDriver.EvaluateType
884d32e0abccb474	app.SituationInhibitType
884ff501370f01dc	via.LineSegment
8879117d124eb1ec	via.render.SamplerQuality
8879117dec781b28	via.render.SamplerQuality
887d0c6ff5ff1be2	via.Guid
887eea346ba51265	app.Gm99_099.GimmickState
8883195ef5ff1be2	via.Guid
8888ca32f5ff1be2	via.Guid
888d726d20cd8c9d	via.vec3
888d726dd268a18f	via.Size
888d726d3cd06128	via.Color
088bc4c417a09aa8	app.Gm99_115.InteractParam.InteractType
088bceddf5ff1be2	via.Guid
088bef08c443ec6b	via.render.Cloudscape2.Resolution
088bef082c3f2746	via.render.Cloudscape2.IBLResolution
88c02c16f5ff1be2	via.Guid
88c02c16ae909c75	app.PlayerDefine.MentalState
88d3756e7d20474a	app.TutorialDefine.SwitchType
88df0d435073cad2	via.GameObjectRef
88e2e8db4a8a10d0	via.vec3
88e44597dcc919db	app.GrappleTargetType
88ed6d0a483259fc	via.motion.InterpolationMode
88ed6d0ab664d91b	via.motion.InterpolationCurve
88ef31aa2b685a7f	via.physics.CollisionFilterResourceHolder
88f72f11e5ae9c50	via.behaviortree.SelectorCallerChildNodeEnd.CheckType
88fed7b46ba51265	app.Collision.Mask.Watcher_VS_WatchTarget_Enum
891dadae6ba51265	via.effect.ProviderData
089303a91054b51c	via.GameObjectRef
089303a9a3c54e13	app.GmItemControl.ControlType
893044c7dcc919db	app.MaterialTransitionController.TargetType
8936b196bedd91a7	app.PlayerAimingRole
8942ba80f5ff1be2	via.Guid
8944cbd40e169bd5	via.Joint
8944cbd472a9d2bf	via.Joint
8944cbd495bbbf7e	via.vec3
8944cbd4466d7535	via.Quaternion
894fb76c152e9eec	via.Transform
894fb76c7d59d9b8	via.vec3
894fb76c6519f22c	app.GimmickFragileFlag
8954e062a285b3c6	app.MouseCursorVisibility
89593596f5ff1be2	via.Guid
89593596de118265	app.Cp_B000BehaviorTreeCondition_CheckEquipedWeapon.CheckEquipType
8977e5d7861ab707	via.motion.BlendMode
897ccb90152e9eec	via.Transform
897ccb907d59d9b8	via.vec3
897ccb906519f22c	app.GimmickFragileFlag
897ecdaee1d16fd2	via.GameObject
8983dc95861ab707	via.Size
898c639887c91ece	app.CompareType
89908ff874077bc9	app.CameraForceTwirlerParamMFSM.ForceTwirlerType
89908ff8c0b03498	via.vec3
89974569861ab707	app.CameraAimAssistType
899b3d0aa66bb577	via.network.utility.UniqueId
899b3d0a5caded2d	via.network.native.NswPresence.Status
89a7fb4c4aa0b06f	via.GameObjectRef
89aa3b856a243c86	via.motion.MotionBankResourceHolder
89aa3b85d3e432a4	via.motion.MotionListResourceHolder
89af1e47424a544a	app.Gm99_102.Mark
89afd2a41e31872e	app.LevelFlowBehaviorTreeAction_FSM_CameraForceTwirlerAction.SettingType
89afd2a49ed3134a	via.Position
89afd2a4fa833fe7	via.GameObjectRef
89afd2a49ce06e6c	via.vec3
89b2cfc1a47c7549	via.Range
89b2cfc13c33c333	via.Range
89b2cfc14a502769	via.Range
89b2cfc17c43569d	via.Range
89b2cfc16cce7bc6	via.Range
89b2cfc1f07f6dc4	via.Range
89b2cfc12a10f339	via.Range
89dac28875ed7522	via.motion.OrclKey_Pos
89dac2880841f576	via.motion.OrclKey_Pos
89dac288a1583547	via.motion.OrclKey_Pos
89dac2889bf001f8	via.motion.OrclKey_Pos
89dac288842c2ecc	via.motion.OrclKey_Pos
89dac2880546be4e	via.motion.OrclKey_Pos
89dac2883f4b3c54	via.motion.OrclKey_Pos
89dac288f69347cb	via.motion.OrclKey_Dir
89dac288a53a50e8	via.motion.OrclKey_Pos
89dac288ac5626f9	via.motion.OrclKey_Pos
89dac28809f2ed5c	via.motion.OrclKey_Pos
89e37789356e4a9e	via.GameObjectRef
89e7ae62f5ff1be2	via.Guid
89ef3067f5ff1be2	via.Guid
8a09d9e5152e9eec	via.Transform
8a09d9e57d59d9b8	via.vec3
8a09d9e56519f22c	app.GimmickFragileFlag
8a1d4327f5ff1be2	via.Guid
8a1e21ec88aa22cd	via.GameObjectRef
8a1e21ecbf41abd3	via.GameObjectRef
8a2392c9fd8c731e	via.CurveType
8a2f75c5523c8ecb	app.GmItemInteractable.OperationType
8a2f96e7497565c8	anim.EnableLayer
8a436a7b96b5162f	app.GuiAttribute
8a436a7b7f880865	app.GuiLimitedAtteribute
8a436a7b27cca8c2	via.gui.Segment
8a436a7b8df62134	app.GuiInputLevel
8a436a7baf403d4d	app.GuiControllerBehavior.PoolLimitOperationType
8a436a7b4b971e6b	via.Prefab
8a473e26424a544a	app.EnemyContext.EliteStatusType
8a548bf16ba51265	via.effect.script.EffectID
8a5e8459b5dd16f0	via.Range
8a788a8ac3962bbd	via.GameObjectRef
8a7a73090091e4f9	via.Range
8a7a730974077bc9	app.cp_C510.C510GimmickAttackHitType
8a8150e296b5162f	app.GuiAttribute
8a8150e27f880865	app.GuiLimitedAtteribute
8a8150e227cca8c2	via.gui.Segment
8a8150e28df62134	app.GuiInputLevel
8a8150e2af403d4d	app.GuiControllerBehavior.PoolLimitOperationType
8a8150e24b971e6b	via.Prefab
08a97d4b6a5f7b87	via.Size
08a97d4bfb0ec04f	via.Point
8aa65fc9fc5542a4	app.InteractTrigger.InteractTryType
8aa93d29f5ff1be2	via.Guid
8ac0aa26fb6767d0	via.AnimationCurve
8b0bbad60dd10c61	via.GameObjectRef
8b12477fb664d91b	via.AnimationCurve
8b188f7a1521f6a2	via.GameObjectRef
8b188f7a41a360aa	via.GameObjectRef
8b188f7a9ed0b18e	via.GameObjectRef
8b188f7a84762c14	app.It70_01_000MeshController.SizeType
8b21f0047d20474a	app.TutorialDefine.SwitchType
8b2581351f5440b8	via.vec2
8b25813582a49220	via.vec2
8b25813514bb1b15	app.GlobalWindData.GUST_TYPE
8b258135a2c11a04	via.vec2
8b258135fd39ed3d	via.vec2
8b4f9e87f5ff1be2	via.Guid
08b51eb8f5ff1be2	via.Guid
8b5eac68b32cea7d	via.vec3
8b5eac685ed311a5	via.navigation.Navigation.NoNodeSearch
8b5eac68c06b05a0	via.navigation.Navigation.NoNodeSearch
8b5eac6815a29000	via.navigation.Navigation.TraceLineOptimizeTiming
8b5eac680cf3b65f	via.navigation.FilterTarget
8b5eac684a1fcf51	via.navigation.CostValueType
8b6d8f613fa84314	via.resource_handle
8b72cdd9f5ff1be2	via.Guid
8b87be35bb642cf5	via.resource_handle
8b87be35cb06d67e	via.render.dev.VolumetricMeshDev.Element
8b915b36d6891795	via.AnimationCurve
8b9aee88e0fdb83a	via.Folder
8ba06edd86199cad	via.vec3
8bc1b49aefe0c328	app.DevGmLadderV2.ClimbType
8bc1b49a88ccdbcc	app.DevGmLadderV2.FrontType
8bcee9e3f079c742	via.Range
8bd1ccd3f5ff1be2	via.Guid
8bd4d60fb0712665	via.GameObjectRef
8bd7820ce6c57ce7	via.string
8be4c2b4152e9eec	via.Transform
8be4c2b47d59d9b8	via.vec3
8be4c2b46519f22c	app.GimmickFragileFlag
08be94953e3b4f0a	app.Cp_B800RoomKind
08be9495f161929a	app.Cp_B800RoomKind
8bf1574b0f501fe3	via.landscape.MapBakerHeightIntersectBakeType
8bf1574b1c0a8ea6	via.landscape.MapBakerHeightIntersectBakeMethod
8bf1574b0da49e9b	via.landscape.HeightIntersectInput
8bf1574b51e46fe9	via.landscape.HeightIntersectInput
08bf5eb7bf72c275	app.PlayerBehaviorTreeAction_PlayMotionPortableItem.RequestTiming
8bf8691de2e46e24	app.Cp_C901BehaviorTreeAction_StateTimer.StateTimerType
8c18a7ef5321cb79	app.ShellLifeTypeEnum
8c18a7efc50b38cf	via.vec3
8c18a7effdc70089	via.AnimationCurve
8c21c89ee1d28b09	via.store.InGamePropertyOunce.ItemType
8c3723a1f5ff1be2	via.Guid
8c4804dd617783c3	app.TimerBase.CountMode
8c5a3eb3f5ff1be2	via.Guid
8c5e3204d0bab60c	via.motion.SetMotionTransitionInfo
8c7156731c3cb695	soundlib.EnumBool
8c715673b5b06866	soundlib.EnumBool
8c74363ae52c962a	app.LevelFlowBehaviorTreeAction_FSM_Cp_D000SetStateAction.StateActionType
8c74363a55540298	app.Cp_D000VoiceBlackboardUnit.VoiceType
8c7c5a257d20474a	app.TutorialDefine.SwitchType
8c92f1fe26fca521	via.Range
8c92f1fe764811dc	via.Range
8c92f1febc5490a6	via.Range
8c93dc2f7ac07f92	via.Int2
08c9a9cdaba436bd	via.RangeI
8ca06d0f5db7b8ed	via.vec3
8cbb4512618db226	app.CutChangeType
8cbf1a5bc79523b2	via.GameObjectRef
8cf682f3df8cb10f	via.vec3
8cf7b3c3f5ff1be2	via.Guid
8cf8302d21c07255	via.Range
8cf8302d751225c4	via.Range
8cf8302dc7b2be8e	via.Range
8d06cb68c5758aa6	app.DetailSearchSoundCategory
8d06cb68dacf0991	app.DetailSearchAcquireSoundCategory
8d1650d3ede44e83	via.GameObjectRef
8d1650d3d474ea55	via.Range
8d1650d339913a9e	via.GameObjectRef
8d26e90940e50d9d	via.curve.EaseType
8d26e90986f7f324	app.WarpOption
8d2a240d76901a32	app.MovieDefine.DisplayType
8d2a240d5271616e	via.Prefab
8d2c9feb3d9184af	app.InteractTrigger.InteractDesiredPriority
8d2c9feb425aa17b	app.InteractUtil.ButtonType
8d424565f5ff1be2	via.Guid
8d424565d19b44e6	app.Cp_C600BehaviorTreeCondition_LeanTimer.TimerTypes
8d4b89de07967bc2	via.GameObjectRef
8d4b89de5a748088	app.InteractUtil.TagFlg
8d4b89dea6d686a7	via.vec3
8d5de3bef5ff1be2	via.Guid
8d6871ddf5ff1be2	via.Guid
8d710860024bc393	app.TipsGameoverPickupType
8d751933f5ff1be2	via.Guid
8d75ef8e2d274c22	via.Range
8d75ef8e685b5567	via.Range
8d798786a8f9f287	via.Float4
8d798786804ed8a3	via.Float4
8d890f95f5ff1be2	via.Guid
8d890f955a1ad641	app.CharacterBehaviorTreeCondition_CheckAngle.DirectionType
8d890f95e4660c67	app.CharacterBehaviorTreeCondition_CheckAngle.DirectionType
8d890f950128fb17	via.Range
8d8e415cf5ff1be2	via.Guid
8d8ef51a57008587	via.GameObjectRef
8d9187dab43ddb43	app.CharacterPosRotAdjuster.AbortArgs.AbortType
8da96b1996b5162f	app.GuiAttribute
8da96b197f880865	app.GuiLimitedAtteribute
8da96b1927cca8c2	via.gui.Segment
8da96b198df62134	app.GuiInputLevel
8da96b19af403d4d	app.GuiControllerBehavior.PoolLimitOperationType
8da96b194b971e6b	via.Prefab
8dae0f21b13d8d5a	via.Range
8dae0f210effbb36	via.Range
8dae0f217ed99623	via.Range
8dae0f21a6d42fb9	via.Range
8dae0f216503dca4	via.Range
8dae0f21fc1231c1	via.Range
8dae0f214ce12638	via.Range
8dae0f2184617350	via.Range
8dae0f210ded62b9	via.Range
8dae0f217a90bb79	via.Range
8dae0f212cecd400	via.Range
8dae0f21e3484b5e	via.Range
8dae0f21aeeebf73	via.Range
8dae0f217102415f	via.Range
8daf33e0ff9238ad	app.GuiDialogBoxWindowType
8daf33e0a1dfa20a	app.GuiDialogBoxButtonPresetType
8daf33e0a9c6f08b	app.GuiDialogBoxOpenSoundType
8daf33e09a03da80	app.GuiDialogBoxInputWaitType
8dbc2fa14b971e6b	via.Prefab
8dce8b016fabfe49	app.Cp_C510Sm80_334Effect.EffectType
8ddbfb6db72d2da1	via.vec3
8df8bc7a0e0dfee5	via.motion.AxisDirection
8df8bc7a96852e56	via.motion.AxisDirection
8df8bc7ad6888945	via.vec3
8df8bc7aed96ebd0	via.Quaternion
8df8bc7a79fa8d00	via.Range
8df8bc7a1ad76ed6	via.Range
8e0ea9816a243c86	via.motion.MotionBankResourceHolder
8e13dd13152e9eec	via.Transform
8e13dd137d59d9b8	via.vec3
8e13dd136519f22c	app.GimmickFragileFlag
8e5a094663b81070	via.Range
8e5b3b2aa8bda540	app.InteractUtil.TagFlg
8e6ebc567cb6d3e4	via.physics.CollisionFilterResourceHolder
8e70050cf5ff1be2	via.Guid
8e7b459d7dfacc0f	app.WeaponCategory
8e9c4c03507cf6b7	app.Cp_B800EvaluationKind
8e9c4c033423df54	app.Cp_B800EvaluationTarget
8ea5f1ab81b8c4de	app.CameraPositionInterpolationCalculator.BsplineCurveInterpolationData.OffsetBaseType
8ea5f1ab910d7fa4	via.vec3
8eb0c4d3f5ff1be2	via.Guid
8eb0c4d3830e9752	app.Cp_C800Define.ReactionVineType
8eb58621042c7dbc	app.character.ActionCategory
8eb7d1555f00dfd4	app.GmStructureDataSwitcher.ConditionsType
8eb7d155523c8ecb	app.GmStructureDataSwitcher.OperationType
8eb918003767a31b	via.GameObjectRef
8eb91800b8b3f39c	via.vec3
8eb91800ddbdd602	via.vec3
8eb918000b207afd	via.vec3
8eb91800f3c7ff41	via.vec3
8eb918002a49c79e	via.vec3
8eb918004e1e170a	via.Range
8ebd221db280aab0	via.vec2
008ebf8396b5162f	app.GuiAttribute
008ebf837f880865	app.GuiLimitedAtteribute
008ebf8327cca8c2	via.gui.Segment
008ebf838df62134	app.GuiInputLevel
008ebf83af403d4d	app.GuiControllerBehavior.PoolLimitOperationType
008ebf834b971e6b	via.Prefab
8ec5c9056d2c033c	app.MotionFsmActionTiming
8eecfa3ef5ff1be2	via.Guid
8eecfa3e5a9e9b5a	app.Cp_C100GrappleBehaviorTreeCondition_CheckDoorCaughtSide.OffsetSide
8eed88eaa43458d9	app.LayeredParamLayoutStyle
8eed88eab8d1dd37	app.LayeredParamGroupBits
8eed88ea86fb4f7e	app.LayeredParamGroupBits
08ef57cc6c85c2f3	via.vec3
8f03a734152e9eec	via.Transform
8f03a7347d59d9b8	via.vec3
8f03a7346519f22c	app.GimmickFragileFlag
08f08aa3f5ff1be2	via.Guid
8f1414fd6d2c033c	app.MotionFsmActionTiming
8f1414fd493c2227	app.Cp_C600Define.EquipType
8f271a40fc5542a4	app.InteractTrigger.InteractTryType
8f271a400fc6d44a	app.InteractTriggerVariableInput.CommandType
8f271a40f8e2e331	app.InteractUtil.ButtonType
8f271a40517963a6	app.InteractTrigger.InteractDesiredPriority
08f2bf0e56bcd153	via.effect.dev.PreviewAnimationBehavior.PreviewAxis
8f428a2af5ff1be2	via.Guid
8f4a1ec89b2ee7f8	via.string
8f54cb31566a7e0e	via.GameObjectRef
8f54cb31c0cf2ccb	via.GameObjectRef
8f54cb311054b51c	via.GameObjectRef
8f5bdccca43458d9	app.LayeredParamLayoutStyle
8f5bdcccb8d1dd37	app.LayeredParamGroupBits
8f5bdccc86fb4f7e	app.LayeredParamGroupBits
8f5bdccc8da153ba	app.RenderOutputIDBit
8f5e75bb9bb51bb9	via.Range
8f63ba91f5ff1be2	via.Guid
8f666463f5ff1be2	via.Guid
8f666463c31c8367	app.GrappleBehaviorTreeConditionBase.GrappleRole
8f666463de118265	app.Cp_C100GrappleBehaviorTreeCondition_CheckMeleeWeaponFatalCount.CheckType
8f66646387c91ece	app.CompareType
8f6840dcb43ddb43	JsonParser.ValueType
8f7ce702430bc704	via.Color
8f7f2158f5ff1be2	via.Guid
8f7f215857c26845	app.cp_B000.SurgicalBed_GoDownRoleActionAdditionalSettings.GoDownVariation
8f8eb7faadcb8e35	via.Guid
8f8f4caaede44e83	via.GameObjectRef
8f8f4caade118265	app.LevelFlowBehaviorTreeAction_FSM_Cp_B800StateCheck.StateCheckType
8f97662e53014ee9	via.Capsule
8f9ba4ad868b6bea	via.motion.IkBodyRig.NeckChain
8f9ba4ad85d8edac	via.motion.IkBodyRig.ArmChain
8f9ba4adf61479c5	via.motion.IkBodyRig.ArmChain
8f9ba4ad9b67dbed	via.motion.IkBodyRig.UpperBodyLoop
8f9ba4ad5b6f1416	via.motion.IkBodyRig.SpineChain
8f9ba4adea39b918	via.motion.IkBodyRig.HipsLoop
8f9ba4ad688f13ed	via.motion.IkBodyRig.LegChain
8f9ba4ad8c245815	via.motion.IkBodyRig.LegChain
8f9ba4ad9eaf5e7f	via.resource_handle
8f9cac52861ab707	via.DisplayType
8f9f8b3e1167c7af	via.GameObjectRef
8fa6ba0a6a4f57e3	app.CharacterControlAttachmentTag
8fb3a86b6d1d43cc	via.GameObject
8fd09dde0564ccc6	app.InteractTriggerKeyInputLookAtSwitcher.EventType
8fdd16edf5ff1be2	via.Guid
8fdefc25f5ff1be2	via.Guid
8fdefc259b896075	app.cp_B000.LeanToWall_RoleActionAdditionalSettings.LeanToWallVariation
8fdf343608245bdc	via.GameObjectRef
8fdf34369aa6670c	via.GameObjectRef
8fdf34361fd3a31b	via.GameObjectRef
8fea8040c88fade6	via.vec3
8fea8040f408b140	via.vec3
8fea80400b6cfb6b	app.Cp_B800Updater.ChapterType
8ffbabebfd8d8e11	app.TutorialDefine.TutorialLatestInputDeviceType
90115e0afc56ce85	via.GameObjectRef
90447127bab10ea0	via.vec3
904a21ac50f0ac7e	app.TimelineEventResource.FadeData.FadeType
904a21acbef418b5	app.EventFadeColor
906f871d5b673006	via.GameObject
906f871d9af25f26	via.render.Mesh
906f871d30b0f633	via.effect.script.EffectMaterialController2.AlphaTestSettingType
907aa1d8df063e0a	app.loop.OrientationWarp.WarpTarget
9099dc8af5ff1be2	via.Guid
909d1aeb55dca937	via.behaviortree.action.Trace.TraceType
90ae85a3f5ff1be2	via.Guid
90d50495861ab707	via.render.SDRConversionMethod
90f140a1af1b9cca	app.TargetType
90f140a174077bc9	app.cp_C510.JumpType
90f140a13c9c02d6	via.vec3
90fa9909f41b94df	via.Joint
90fa9909ca84df0e	via.mat4
91025d5e5e9b4bae	app.ItemLoadingType
910798926a5f7b87	via.Size
91079892fb0ec04f	via.Point
911ad269f5ff1be2	via.Guid
912682d94fda7b1a	app.GmItemInstallationController.GmActionType
912682d924ac6321	app.GmItemInstallationController.LightActionType
912682d91ef5528d	app.InteractUtil.TagFlg
912682d97b2bbf40	app.InteractUtil.TagFlg
912952abf5ff1be2	via.Guid
9144aac53087a1bb	via.vec3
09144aebd17ed024	app.GuiDialogBoxSelectID
91482a63bf5e738b	app.ItemCarryOverSettingUserData.CarryOverItemSetting.CarryOverUpdateTiming
91482a6341541a54	app.ItemCarryOverSettingUserData.CarryOverItemSetting.CarryOverApplyTiming
91482a630dd10c61	app.ItemCarryOverSettingUserData.CarryOverItemSetting.CarryOverTarget
9148daac26f60148	via.physics.CollisionFilterResourceHolder
9148daacfbae5936	app.PlayerDefine.MentalState
9152b14af079c742	via.Range
9152b14a269a4076	via.Range
9155744ceb84c26d	app.Gm99_092.EnemyCheckMode
9158a6bc861ab707	app.GuiInventoryItemSlotArrayType
915d91adcafdeaae	via.vec3
916de2751d9e32e9	app.TutorialDefine.TutorialType
916de2750dbf7542	app.TutorialDefine.SerializeType
916de2753654bc7e	app.TutorialDefine.StreamModel
917c47884e9fa078	via.timeline.UserCurveResourceHolder
917c4788b5bddf8f	via.Range
91a1d81696b5162f	app.GuiAttribute
91a1d8167f880865	app.GuiLimitedAtteribute
91a1d81627cca8c2	via.gui.Segment
91a1d8168df62134	app.GuiInputLevel
91a1d816af403d4d	app.GuiControllerBehavior.PoolLimitOperationType
91a1d8164b971e6b	via.Prefab
91a72551aaa4a23d	app.Cp_B600BehaviorTreeAction_AttackTriangleJumpID.JumpType
91a725516d2c033c	app.Cp_B600BehaviorTreeAction_AttackTriangleJumpID.Timing
91a8d9c81f5f1e96	via.vec3
91a9dacc3d04f2fd	via.vec3
91a9daccf30ea0fa	via.vec3
91b0fe7b2d931ad5	app.GamePadButtonBits
91b0fe7b6c48d59a	app.GamePadExtraButtonBits
91b0fe7b2580360d	app.GamePadAnalogInputBits
91b0fe7b1858b972	app.GestureInputBits
91b0fe7bd6aecd31	app.KeyboardKeyBits1
91b0fe7b56b20f2a	app.KeyboardKeyBits2
91b0fe7b35a2d142	app.KeyboardKeyBits3
91b0fe7be49f4f33	app.KeyboardKeyBits4
91b0fe7bd7c11f70	app.MouseButtonBits
91b0fe7b7e742c22	app.MouseAnalogInputBits
91b0fe7b10a438e9	app.GestureInputBits
91b0fe7bd5e4accd	app.MotionSensorInputBits
91b52417adcb8e35	via.Guid
91bd1782f5ff1be2	via.Guid
91c45e9373b61c3b	via.GameObjectRef
91ccdf3f165515bc	app.Cp_C200AttackMethodKind
91ccdf3f9b5c5adf	via.Range
91ccdf3f3289a0ee	app.Cp_C200DeadKind
91eb67c49cb6d969	via.GameObjectRef
09208647f4609c8e	via.render.VolumetricFogControl.TextureSize
092086472f04c19c	via.Float2
9211917bf5ff1be2	via.Guid
9214f5f11a2c86d0	app.InteractHandlingConfigurationBase.Direction
9228ae5a74077bc9	app.TutorialDefine.DisplayTimeConfig.CheckType
9228ae5a1d446e90	app.TutorialDefine.DisplayTimeConfig.PausePresetType
922b6e92f5ff1be2	via.Guid
922b6e9207f9e47f	app.WayType
922fb69174077bc9	app.Cp_B600WaitTimerType
0923e56bf5ff1be2	via.Guid
9248f4c75f1deaf8	via.Plane
924f847b2185a077	app.OccupyPurpose
924f847b4a733b64	app.OccupyPermission
9255feecef5095c4	via.effect.ProviderData
9255feec9b755684	via.vec3
9255feec466d7535	via.Quaternion
9255feecf61069d0	via.GameObject
9255feec46c993ad	via.GameObject
9255feec5b673006	via.GameObject
925e7acd10208a8f	via.effect.script.EPVExpertFootLandingData.FootStepType
925e7acd95bbbf7e	via.vec3
925e7acde3b7bfec	via.vec3
925e7acd9916e970	via.vec3
925f8a186d2c033c	app.Cp_B600BehaviorTreeAction_ResetCharacterControllerParam.Timing
926aa76f1b5a30c0	app.MovieDefine.ID
92884c7295bbbf7e	via.vec3
92884c72f5a98fc4	via.GameObject
92884c72df8cb10f	via.vec3
92884c72baf799f0	app.WindData.ATTENUATION_RATE
92884c721f5440b8	via.vec2
92884c7282a49220	via.vec2
928cdd15fc5542a4	app.InteractTrigger.InteractTryType
928cdd15dcc919db	app.InteractTriggerGimmickData.InteractTargetType
92a48054012dbe79	app.PlayerFacialAnimationDriver.OverwriteMentalState
92b46443861ab707	via.RangeI
92c250966ba51265	via.GameObject
92c721a25a1ad641	app.Cp_B000BehaviorTreeAction_RequestDirectionGroupMotion.DirectionType
92c721a2e4660c67	app.Cp_B000BehaviorTreeAction_RequestDirectionGroupMotion.DirectionType
92c721a20128fb17	via.Range
92d874566ba51265	via.Prefab
92da69223031ff65	via.Quaternion
92da6922f6d65369	via.curve.EaseType
92da69225c33738b	via.curve.EaseType
92f6a459f5ff1be2	via.Guid
92f6a459a5802738	via.Range
930b77adcf3d9e3c	via.vec3
930b77ada8a62571	via.vec3
930b77ad2cb6f5e5	via.vec3
0930db857eddaefe	app.GmHighJump.StepType
0930db85e12f2456	via.vec3
0930db85307ceb69	via.vec3
0930db85764fb117	via.vec3
0930db8540e50d9d	via.curve.EaseType
933c65453cdf2542	via.network.native.StadiaEntitlementConsumeResult.ConsumeError
9340f02ef5ff1be2	via.Guid
93512cd7f5ff1be2	via.Guid
93560e7ac6f42859	via.motion.ConstraintsUpdateMode
93560e7a0035c845	via.motion.ConstraintsUpdate
935f1dfe6ba51265	via.render.Light
935fb08a6d2c033c	app.GrappleBehaviorTreeAction_NotifyRoleActionEnd.NotifyTiming
935fb08a0dd10c61	app.GrappleBehaviorTreeAction_BlackboardAction`1.TargetType<app.RoleActionBlackboardUnit>
9368e4d2861ab707	app.DisplayModeScaling
09371fa16ba51265	via.Prefab
937521b9f5ff1be2	via.Guid
937837b588e97c41	via.Size
937b74306d5d1e1a	app.PressWeightEnum
93839e879b755684	via.vec3
93839e87311e04b5	via.vec3
93839e87466d7535	via.Quaternion
9385e06196b5162f	app.GuiAttribute
9385e0617f880865	app.GuiLimitedAtteribute
9385e06127cca8c2	via.gui.Segment
9385e0618df62134	app.GuiInputLevel
9385e061af403d4d	app.GuiControllerBehavior.PoolLimitOperationType
9385e0614b971e6b	via.Prefab
938b49e5f5ff1be2	via.Guid
938f284796b5162f	app.GuiAttribute
938f28477f880865	app.GuiLimitedAtteribute
938f284727cca8c2	via.gui.Segment
938f28478df62134	app.GuiInputLevel
938f2847af403d4d	app.GuiControllerBehavior.PoolLimitOperationType
938f28474b971e6b	via.Prefab
93da574f3d2965fe	app.cp_C801.Cp_C801Define.RequestShakeCamType
093de6c0984bac0b	app.EffectCharacterSurfaceMaterialDefinition.WetLevel
093de6c0a99f8f9a	app.EffectCharacterSurfaceMaterialDefinition.StrandsWetLevel
93e06ba9897e31b0	app.PlayerAfterDamageController.AfterDamageJoint
93e80c7d52dd7c1c	via.GameObjectRef
93ecfd1e5d13be6f	app.CharacterBehaviorTreeAction_ScaleRootMovement.OperationKind
93f4dc2f93895a50	via.Range
93f4dc2fd03b7c6c	via.render.TextureResourceHolder
93fc8c202ab616cb	via.Int4
93fdf87d0f21f13b	app.GrappleTargetType
09415ea55db7b8ed	via.Position
09415ea5d5c29bd3	via.GameObjectRef
094161bd054f8e29	via.Guid
941eece8861ab707	via.render.RenderConfig.AntiAliasingType
942b016abedd91a7	via.vec3
942b016a6d1d43cc	via.vec3
94432e62861ab707	app.PressWeightEnum
9458ebd63759709b	app.MotionTransitionControl.MotionControlStates.StateType
94690823f5ff1be2	via.Guid
946dfdf3e52c962a	app.LevelFlowBehaviorTreeAction_FSM_InventoryBackupAction.BackupActionType
946dfdf39aea7962	app.LevelFlowBehaviorTreeAction_FSM_InventoryBackupAction.BackupType
9472bcb1e540e967	app.Cp_C901Updater.ActionPatternType
9487de30b0712665	via.GameObjectRef
94a6eec7d44040da	app.InteractUtil.InteractMashIconType
94c63a0442d537df	app.SemiautoDeviceVibrationSettings.HypocenterType
94c63a2badcb8e35	via.Guid
94c92ca9b43ddb43	app.FadeManager.FadeType
94c9b4c974077bc9	app.Cp_B800BehaviorTreeAction_ActionDirection.DirectionType
94d0f3c4bedd91a7	via.vec3
94d0f3c46d1d43cc	via.vec3
94d0f3c44efa80dd	via.vec3
094d6b0696b5162f	app.GuiAttribute
094d6b067f880865	app.GuiLimitedAtteribute
094d6b0627cca8c2	via.gui.Segment
094d6b068df62134	app.GuiInputLevel
094d6b06af403d4d	app.GuiControllerBehavior.PoolLimitOperationType
094d6b064b971e6b	via.Prefab
94db0809f5ff1be2	via.Guid
94db0809f7aefbe4	app.Cp_C800Define.IdleVariationType
94db4b079cb6d969	via.GameObjectRef
94f6d6ff6d2c033c	app.MotionFsmActionTiming
94f6d6ff0dd10c61	app.GrappleBehaviorTreeActionBase.GrappleRole
94fb0bc15ed4d449	via.vec3
94fb0bc1b464e45c	via.vec3
094fc83f78b57979	via.vec3
094fc83f3adfb58d	app.cp_C510.C510CarCharacterControllerPartsType
94fe6e968427db86	app.Cp_B000AfterGrappleDenyCategory
9501265a5db7b8ed	via.vec3
9501265aaf77f1d9	via.Quaternion
95019c9787c91ece	app.CompareType
9529f341861ab707	via.render.SamplerQuality
952b7c8326d821e9	app.Cp_B000Equip.ChainsawStabType
952b7c830a6807ab	app.Cp_B000Equip.ChainsawAttackerType
952b7c83444d7cf2	app.EnemyFormationManager.ReservedTacticsType
952b7c835974cbb9	app.EnemyTacticsType
952b7c839ca71ab9	app.Cp_B000Sever.GougeLevel
952b7c83ff98e06a	app.Cp_B000Sever.GougeLevel
952b7c83daef038c	app.Cp_B000Sever.GougeLevel
952b7c83678c1a04	app.Cp_B000Sever.GougeLevel
952b7c833cce1f40	app.Cp_B000Sever.GougeLevel
952b7c837bb463e9	app.Cp_B000Sever.JawGougeType
952b7c83bd5a46fa	via.vec3
952b7c8321ec7827	app.Cp_B000Morph.UndiscoveryThinkType
952b7c83d170dd22	app.Cp_B000Dead.Cp_B000DeadPosture
95318cca74077bc9	app.PlayerUpperBlendAction.Type
953e847cdcc919db	app.GmSituationInteractable.TargetType
953e847c07967bc2	via.GameObjectRef
953e847c523c8ecb	app.GmSituationInteractable.OperationType
953ee9189c5533f1	app.Collision.Mask.Watcher_VS_WatchTarget_Enum
953ee9181a8454b0	app.AppIkLookAtSimpleTaskGenerator.TimeLimitSetting
953ee9189656001e	via.Range
953ee918e55979dc	via.Range
953ee9186e82b161	app.AppIkLookAtSimpleTaskGenerator.PositionSetting
953ee918a8143f44	via.GameObjectRef
953ee918a2009a2c	via.vec3
953ee91886c96406	via.Range
953ee918f9ba15a9	via.Range
953ee9181fc40cff	app.AppIkLookAtSimpleTaskGenerator.RandomType
953ee9187ecf3741	app.ObjectTags
953f5ef4f5ff1be2	via.Guid
953f5ef4b3ad168a	app.Cp_B000BehaviorTreeCondition_CheckLastDamageNearHit.NearHitType
9547b35df5ff1be2	via.Guid
954d33c256003dc0	via.vec3
954d33c285da811a	via.Quaternion
954d33c2b6db872e	via.Quaternion
955f48c2bedd91a7	app.EventObjectType
95703019c26ad7ec	via.hid.virtualKeyboard.KeyboardMode
9570301957f657f2	via.UserIndex
95703019c7dc6f8d	via.vec2
95703019fdbc3587	via.hid.virtualKeyboard.CollapseSetting
9570301909066a30	via.hid.virtualKeyboard.CustomizedDictionaryIndex
9575d4987c02ca05	via.AnimationCurve
9575d4984df286a0	via.AnimationCurve
9575d4985c9cd185	via.motion.InterpolationMode
9575d498993fec2f	via.motion.InterpolationCurve
9575d49877f91299	app.VowelType
095791777cb7e944	via.Range
957c13e2f5ff1be2	via.Guid
958fae65dcc919db	app.GmTimer.InteractTargetType
95946126bef418b5	app.TimelineEventFadeController.ColorType
09595b5dbccf96a6	via.effect.script.EffectDecal.MaterialParam.Type
09595b5d9e84516d	via.Float4
09595b5df77750d9	via.Color
09595b5d31c638f7	via.render.TextureResourceHolder
959a93b17bb2d516	via.Prefab
95a528f94d34759e	soundlib.SoundListener.ListenerIndex
95a528f977aa9b1e	via.vec3
95a528f9473a1948	soundlib.SoundEffortLevel
95a528f97c61a5da	soundlib.SoundMotionTag
95af8ad507967bc2	via.GameObjectRef
95b89cfb483259fc	app.GrappleJackBehaviorTreeAction_TiltAxis.ConstInterpolateType
95b89cfb8883bec4	app.GrappleJackBehaviorTreeAction_TiltAxis.AxisZType
95b89cfb4f1edcac	via.vec3
95be1324e0fdb83a	via.effect.script.EPVExpertAuto
95be1324a558e104	via.effect.script.EPVExpertAutoData.RequestType
95e07caefd8c731e	via.motion.JointConstraints
95e4a9ac861ab707	via.render.WindowMode
95e82c85f5ff1be2	via.Guid
960927bd96b5162f	app.GuiAttribute
960927bd7f880865	app.GuiLimitedAtteribute
960927bd27cca8c2	via.gui.Segment
960927bd8df62134	app.GuiInputLevel
960927bdaf403d4d	app.GuiControllerBehavior.PoolLimitOperationType
960927bd4b971e6b	via.Prefab
961265f93ab83621	via.render.RenderOutputID
961265f9bef418b5	via.vec3
961265f90ce79f9f	via.render.LightImportantLevel
961265f9be9f3db6	via.render.LightingTarget
961265f9a1c3f26c	via.render.LightBakeOption
961265f9271fbc7e	via.render.LightPowerUnitType
961265f936f0f12e	via.render.IESLightResourceHolder
961265f9da554126	via.render.ShadowCastFlag
961265f991a00d5e	via.Float2
961265f9787f1dc0	via.render.TextureResourceHolder
96225ff03811a8a0	via.motion.ChainWindResourceHolder
96267b87a66bb577	via.network.utility.UniqueId
96441d7affa7fbe4	app.Cp_B800RoomKind
964c8af7e2dc42cb	app.CharacterResumeType
965ac723f5ff1be2	via.Guid
969471cad28a2d62	via.motion.MotionCameraBankResourceHolder
969471caa2040b82	app.BikeCameraOverrideUserData_Motion.MotionEndType
969471cadcc919db	app.BikeCameraOverrideUserData_Motion.ConstTargetType
969471cab619836a	via.Range
969471ca9f19049a	via.Range
9698fb38f8dc8109	via.AABB
96b9d3a096b5162f	app.GuiAttribute
96b9d3a07f880865	app.GuiLimitedAtteribute
96b9d3a027cca8c2	via.gui.Segment
96b9d3a08df62134	app.GuiInputLevel
96b9d3a0af403d4d	app.GuiControllerBehavior.PoolLimitOperationType
96b9d3a04b971e6b	via.Prefab
96bc813a152e9eec	via.Transform
96bc813a7d59d9b8	via.vec3
96bc813a6519f22c	app.GimmickFragileFlag
96becbc06ba51265	via.GameObject
96c85e362185a077	app.OccupyPurpose
96c85e364a733b64	app.OccupyPermission
96c85e36f78fc192	app.Cp_B800GameObjectRefHolder.Tag
96c85e36af1b9cca	app.Cp_B800RequestOccupyGrappleOtherTarget.TargetKindType
096da540059ff5f2	via.AABB
96de79980219c317	via.physics.Collidable
096ed7d37f699a5b	via.render.AlphaAA.AntialiasingMethod
96f91550e52c962a	app.GmGlobalFlag2Switcher.ActionType
9707e2b38d0d847b	via.navigation.FailReport.FailLevel
9707e2b36be6b8f2	via.vec3
9707e2b327404279	via.vec3
9728b747f5ff1be2	via.Guid
9730e48c4e655c1e	via.string
9730e48c8c5ee6e4	via.string
9730e48c3bf8b4e3	via.string
97327fa42185a077	app.OccupyPurpose
97327fa44a733b64	app.OccupyPermission
9733bb58f5ff1be2	via.Guid
9737c559f5ff1be2	via.Guid
9737c5593ecdf427	app.cp_B000.WallCorner_RoleActionAdditionalSettings.WallCornerVariation
975d161f424a544a	app.AsyncCastResultType
977febe8f5ff1be2	via.Guid
978ce7d90c8b057f	app.Cp_B800SignSoundKind
978dd7e1a8bda540	app.InteractUtil.TagFlg
97a7a14b132854fd	via.vec3
97ac6e25ff067829	via.string
97dddbc0c50b38cf	via.motion.AxisDirection
97dddbc0d6af4c02	via.motion.AxisDirection
97e27c5df5ff1be2	via.Guid
97e27c5d140568bf	app.GrappleBehaviorTreeConditionBase.GrappleRole
97e27c5dedb06294	app.BodyPartsEnum
97e27c5d756b1633	app.GrappleBehaviorTreeConditionBase.GrappleRole
97e2e7dae2dc42cb	app.CharacterResumeType
97faf918d8822bcb	app.AppIkLookAtTask.ConditionCheckType
9836aa88f5ff1be2	via.Guid
983be69ce52c962a	app.LevelFlowBehaviorTreeAction_FSM_PlayerSpecialWeaponAction.SpecialWeaponActionType
983c97821abfb05d	app.WeaponCategory
9843c68f3ab83621	via.render.RenderOutputID
9843c68fbef418b5	via.vec3
9843c68f0ce79f9f	via.render.LightImportantLevel
9843c68fbe9f3db6	via.render.LightingTarget
9843c68fa1c3f26c	via.render.LightBakeOption
9843c68f36f0f12e	via.render.IESLightResourceHolder
9843c68fc50b38cf	via.vec3
9843c68fda554126	via.render.ShadowCastFlag
984c7b1b2ad338e7	via.GameObjectRef
984c7b1bd352b54d	via.GameObjectRef
98505c5296b5162f	app.GuiAttribute
98505c527f880865	app.GuiLimitedAtteribute
98505c5227cca8c2	via.gui.Segment
98505c528df62134	app.GuiInputLevel
98505c52af403d4d	app.GuiControllerBehavior.PoolLimitOperationType
98505c524b971e6b	via.Prefab
9864460f4a1e6435	app.VibrationPlayMode
9864460fd22050d6	via.Range
9864460f4677118f	via.AnimationCurve
9864460fb08ba608	via.AnimationCurve
9864460fce712137	via.audiorender.VibrationSourceResourceHolder
9864460f8f94720e	via.hid.BnvibResourceHolder
9864460feffb8745	via.hid.BnvibResourceHolder
986c0c073848fedf	via.OBB
986d34e43811a8a0	via.motion.ChainWindResourceHolder
986d91c6bedd91a7	app.EventObjectType
988514ac1b882853	app.LevelFlowBehaviorTreeAction_FSM_WarpAction.WarpData.WarpParamType
988514aca2510f0c	via.GameObjectRef
988514acad119a47	via.Position
988514acc530d8d2	via.Quaternion
98895a11f5ff1be2	via.Guid
98895a11b6cd9122	app.Cg_NPC01BehaviorTreeCondition_CheckHasItem.Cg_NPC01Item
98a06421f5ff1be2	via.Guid
98afc8b526d821e9	app.Cp_B000Equip.ChainsawStabType
98afc8b50a6807ab	app.Cp_B000Equip.ChainsawAttackerType
98afc8b5444d7cf2	app.EnemyFormationManager.ReservedTacticsType
98afc8b55974cbb9	app.EnemyTacticsType
98afc8b59ca71ab9	app.Cp_B000Sever.GougeLevel
98afc8b5ff98e06a	app.Cp_B000Sever.GougeLevel
98afc8b5daef038c	app.Cp_B000Sever.GougeLevel
98afc8b5678c1a04	app.Cp_B000Sever.GougeLevel
98afc8b53cce1f40	app.Cp_B000Sever.GougeLevel
98afc8b57bb463e9	app.Cp_B000Sever.JawGougeType
98afc8b5bd5a46fa	via.vec3
98afc8b521ec7827	app.Cp_B000Morph.UndiscoveryThinkType
98afc8b5d170dd22	app.Cp_B000Dead.Cp_B000DeadPosture
98b6b208e3931839	via.GameObjectRef
98d765f8152e9eec	via.Transform
98d765f87d59d9b8	via.vec3
98d765f86519f22c	app.GimmickFragileFlag
98de0e9b74bcf83d	via.Range
98e86fcc024bc393	app.TipsGameoverPickupType
98f8d9dc429996c9	app.SystemOption.ColorSpaceType
99026ff9381f80e0	via.resource_handle
99040ff39f56bf52	via.render.MeshResourceHolder
99040ff3b43c9963	via.render.MeshMaterialResourceHolder
99040ff3807d19e3	via.motion.Chain2ResourceHolder
99040ff3b4f43104	via.render.MeshResourceHolder
99040ff3742bd7a0	via.render.MeshMaterialResourceHolder
99040ff37bd4058a	via.motion.Chain2ResourceHolder
99055674998a4e6c	app.BikeMovementControlKind
990c4e4fde2cb5b0	app.Cp_B800GameObjectRefHolder.Tag
990c4e4fe3931839	via.GameObjectRef
09928b215db7b8ed	via.Position
99366fb9f5ff1be2	via.Guid
9952533ade6cf883	via.OBB
9952533aa47f833c	via.LineSegment
9952533a25bf20b6	via.GameObjectRef
9965df07f5ff1be2	via.Guid
996866eb2da5c2d2	via.Prefab
996866ebfc958e6a	via.render.VolumeDecal.Priority
996866eb923857e0	via.effect.script.EffectDecal.DecalDirectionEnum
996866eb8588d217	via.effect.script.EffectDecal.DecalUpEnum
996866ebcde5b81d	via.render.VolumeDecal.ProjectionShape
996866ebd026e0a6	via.vec3
996866eb5a869de6	via.Range
996866eb0853e937	via.vec3
996866ebe09d6cdc	via.Color
996866ebc3ad9722	via.Color
996866eba62a2335	via.effect.script.EffectDecal.MultiplyParticleColorTarget
996866ebb15306d6	via.effect.script.EffectDecal.AnimationType
996866eb1852a319	via.vec2
996866eb32c28c88	via.vec2
996866eb2d357e1f	via.vec2
996866eb709067f8	via.Range
996866eb6b9a14de	via.Range
996866ebc8ac7d3c	via.Range
996866eb4f8a211b	via.Range
996866ebdfe9787e	via.Range
996866eb65577e3e	via.Range
996866eb789151ae	via.vec2
996866eb72dd9d32	via.vec2
996866eb7aeb1034	via.vec2
996866eb8065833a	via.vec2
996866eb0e27f90f	via.Range
996866ebb3a71456	via.effect.script.EffectDecal.DecalFollowEnum
996866eb95fd81e5	via.effect.VolumeDecalVfx.ShaderType
996866eb4019f045	via.Color
996866eb99575240	via.Color
996866eb20091cb6	via.effect.script.EffectDecal.LifeAnimType
996866eba73ea491	via.Range
996866eb69d51956	via.Range
996866eba7affced	via.Range
996866eb277ba9cc	via.effect.script.EffectDecal.LifeAnimType
996866eb952337ef	via.Range
996866ebf6e0c89f	via.Range
996866eba80877ca	via.Range
996866eb1375b74a	via.Color
996866ebfd7ecc29	via.Color
996866ebbdc80fee	via.effect.script.EffectDecal.LifeAnimType
996866ebb04afb48	via.Range
996866ebf94fe0cb	via.Range
996866ebb650c67e	via.Range
996866eb451a8e83	via.effect.script.EffectDecal.LifeAnimType
996866eba784b95c	via.Range
996866eb0d95928f	via.Range
996866ebb24d4808	via.Range
996866eb8eeb2e2d	via.effect.script.EffectDecal.LifeAnimType
996866eb1cd46662	via.Range
996866eb1c7b1420	via.Range
996866eb75c0a752	via.Range
996866ebe35adaa2	via.Color
996866eb78ad496c	via.render.TextureResourceHolder
996866ebff88fcab	via.timeline.TimelineBaseResourceHolder
997b4f0ef5ff1be2	via.Guid
997b4f0e17958648	app.cp_C900.Cp_C900Define.PhaseID
997ec8eff5ff1be2	via.Guid
998f91bc998a4e6c	app.BikePerformanceKind
99922ccf094c32cc	via.effect.script.EffectManager.PriorityType
99922ccf5f9b62ee	via.render.TextureResourceHolder
99922ccfee8b70cb	via.Color
999e88d377a43e90	via.GameObjectRef
99a60bcc96b5162f	app.GuiAttribute
99a60bcc7f880865	app.GuiLimitedAtteribute
99a60bcc27cca8c2	via.gui.Segment
99a60bcc8df62134	app.GuiInputLevel
99a60bccaf403d4d	app.GuiControllerBehavior.PoolLimitOperationType
99a60bcc4b971e6b	via.Prefab
99b5af382a36047d	via.motion.MotionResourceHolder
99c1cf410fdaca91	via.GameObjectRef
99c1cf413e99b95c	via.GameObjectRef
99c1cf415b073131	via.GameObjectRef
99c2c47df5ff1be2	via.Guid
99c5b2c8ce134d77	app.PlayerDefine.MentalState
99c5b2c8f00b64c1	app.PlayerDefine.MentalState
99d351adc5758aa6	app.DetailSearchAcquireSoundCategory
99e1fe62a9984e3d	app.Cp_B052Core.Part
99f182a7424a544a	via.effect.script.EffectManager.RequestOverwriteParam
99f4e45b860e88b1	app.CameraStateParam.CameraStateType
99f4e45b5c9cb758	via.Range
9a099d7f1ec35a4c	app.QuestConcealType
9a09fdb4e0f413f0	app.OccupyPermission
9a1614d074077bc9	app.SoundDetectionType
9a29857696b5162f	app.GuiAttribute
9a2985767f880865	app.GuiLimitedAtteribute
9a29857627cca8c2	via.gui.Segment
9a2985768df62134	app.GuiInputLevel
9a298576af403d4d	app.GuiControllerBehavior.PoolLimitOperationType
9a2985764b971e6b	via.Prefab
9a30bef7bedd91a7	anim.LocomotionModel.Mode
9a3e2e8ff5ff1be2	via.Guid
9a5057e74aa0b06f	via.GameObjectRef
9a512d6cf5ff1be2	via.Guid
9a512d6cdcc919db	app.CharacterBehaviorTreeCondition_TargetDistance.TargetType
9a512d6c19112645	app.CharacterBehaviorTreeCondition_TargetDistance.CompareType
9a512d6c8c94af96	app.CharacterBehaviorTreeCondition_TargetDistance.RadiusType
9a527ceb861ab707	app.DLSSQualityType
9a62ce276ba51265	app.character.ActionCategory
9a7318c4f41b94df	via.Joint
9a7318c4e816dc90	via.mat4
9a7318c495bbbf7e	via.vec3
9a7318c4715846e4	via.vec3
9a7318c491feeb90	app.tram.TramQuery.MirrorAxis
9a7318c42167cde6	via.mat4
9a7318c46c33e9f7	via.vec3
9a7318c410b7cb7e	via.vec3
9a83207f6c8881e2	via.Prefab
9a99a7ca26d821e9	app.Cp_B000Equip.ChainsawStabType
9a99a7ca0a6807ab	app.Cp_B000Equip.ChainsawAttackerType
9a99a7ca444d7cf2	app.EnemyFormationManager.ReservedTacticsType
9a99a7ca5974cbb9	app.EnemyTacticsType
9a99a7ca9ca71ab9	app.Cp_B000Sever.GougeLevel
9a99a7caff98e06a	app.Cp_B000Sever.GougeLevel
9a99a7cadaef038c	app.Cp_B000Sever.GougeLevel
9a99a7ca678c1a04	app.Cp_B000Sever.GougeLevel
9a99a7ca3cce1f40	app.Cp_B000Sever.GougeLevel
9a99a7ca7bb463e9	app.Cp_B000Sever.JawGougeType
9a99a7cabd5a46fa	via.vec3
9a99a7ca21ec7827	app.Cp_B000Morph.UndiscoveryThinkType
9a99a7cad170dd22	app.Cp_B000Dead.Cp_B000DeadPosture
9a99a7cab6066a4c	via.vec3
9a99a7ca19cfcd4a	app.Cp_B054Definition.RideType
9a99a7cab2659507	app.Cp_B054Definition.CatchEdgeType
9aa3ebe70f501fe3	via.landscape.MapBakerBakeTextureType
9aa3ebe7b1af42fd	via.GameObjectRef
9aa59221cf192288	via.effect.script.EffectCustomFilterController.FilterCategory
9aa59221a8df067f	via.render.MeshMaterialResourceHolder
9aa592214a1a0701	via.timeline.UserCurveResourceHolder
9aa592219628ff56	via.effect.script.EffectCustomFilterController.PlayType
9acda7f174077bc9	app.Cg_NPC01NavigationStart.TargetType
9ad4683c1ffa1c8c	via.GameObjectRef
9ad9810c49b4e1ae	app.character.ActionCategory
9adc880fe2dc42cb	app.CharacterResumeType
9ae1bd9c8539c8f0	via.render.RenderTargetOperator.Op
9ae1bd9cc18eb8c7	via.render.RenderTargetOperator.Op
9ae1bd9cd941bca9	via.render.RenderTargetOperator.Op
9ae1bd9cce6327ed	via.render.RenderTargetOperator.Op
9aefd4f1833104ca	via.render.GridFluid2DObstacle
9af3790b152e9eec	via.Transform
9af3790b7d59d9b8	via.vec3
9af3790b6519f22c	app.GimmickFragileFlag
9af61d666f2bbcfd	app.PlayerLightType
9b0eaaa710997313	via.Float4
9b0eaaa702655216	via.Float4
9b0eaaa73785be53	via.Float4
9b0eaaa7d58e77d1	via.Float4
9b0eaaa7644af995	via.Float4
9b36707ead9b39c3	soundlib.GuvValue.GuvVariableType
9b36707ea57f08f9	soundlib.GuvValue.ComparisonOperatorType
9b36707ea44fe68e	via.userdata.Variable
09b3a908bedd91a7	app.HitPriorityEnum
9b43310d75ed7522	via.motion.OrclKey_Pos
9b43310d0841f576	via.motion.OrclKey_Pos
9b43310da1583547	via.motion.OrclKey_Pos
9b43310d9bf001f8	via.motion.OrclKey_Pos
9b43310d842c2ecc	via.motion.OrclKey_Pos
9b43310d0546be4e	via.motion.OrclKey_Pos
9b43310d3f4b3c54	via.motion.OrclKey_Pos
9b43310df69347cb	via.motion.OrclKey_Dir
9b43310da53a50e8	via.motion.OrclKey_Pos
9b43310dac5626f9	via.motion.OrclKey_Pos
9b43310d09f2ed5c	via.motion.OrclKey_Pos
9b470cfbd6af3ef3	via.vec3
9b470cfbe3b7bfec	via.vec3
9b470cfb382d48fd	via.physics.Collidable
9b470cfbc3ab41f2	via.vec3
9b53f9f02ed4247b	via.effect.script.EffectID
9b53f9f095bbbf7e	via.vec3
9b53f9f0466d7535	via.Quaternion
9b53f9f0f61069d0	via.GameObject
9b53f9f0d2e82ff3	via.effect.script.EffectManager.WwiseTriggerInfo
9b53f9f019bc25fd	via.effect.script.EPVDataElement
9b583b0eed4381f2	via.vec3
9b583b0e4d5a9603	app.Cp_B000BehaviorTreeAction_SetupInterpolationInfoToActionTargetObject.TargetAxis
9b6342f76ba51265	app.UI2712GuiBehavior.BgType
9b6342f7424a544a	via.gui.Panel
09b7cdf6c765112b	app.Cp_B000Equip.CheckEquipType
9b7e6d6b83491843	app.BikeMovementControlKind
9b7e6d6b75e79299	app.CharacterBehaviorTreeAction_BikeChangeMovementKind.ExcuteTiming
9b89736b9f3b8e51	app.FileAcquireOptionBit
9b96d0cf07967bc2	via.GameObjectRef
9b9bb1f6fefda14e	app.GmNarrowPlaceShortV2.GimmickMotionType
9b9fc5f61c3cb695	soundlib.EnumBool
9b9fc5f6b5b06866	soundlib.EnumBool
9ba3f4c1e52c962a	app.InteractActionFlashLightControl.ActionType
9ba3f4c1a3c54e13	app.PlayerDefine.FlashLightOverrideControl
9ba48666861ab707	app.cp_B800.MoveTo`4.MovePositionInfo.LookTargetType<app.Cp_B800CommonContext,app.cp_B800.Cp_B800ThinkDriverBase,app.Cp_B800UpdaterBase,app.cp_B800.Cp_B800ThinkCommonParameter>
9bbebde2962874f6	app.PlayerDefine.BattleState
9bcda1721c3cb695	soundlib.EnumBool
9bcda172b5b06866	soundlib.EnumBool
9bcda17241db1094	via.vec3
9bd8442396b5162f	app.GuiAttribute
9bd844237f880865	app.GuiLimitedAtteribute
9bd8442327cca8c2	via.gui.Segment
9bd844238df62134	app.GuiInputLevel
9bd84423af403d4d	app.GuiControllerBehavior.PoolLimitOperationType
9bd844234b971e6b	via.Prefab
9be155714b70b680	via.Color
9c092c6771059794	via.vec3
9c12dac7f5ff1be2	via.Guid
09c200cb7b619079	via.storage.saveService.SaveDialogOption.SaveTypeFlag
9c292c7695bbbf7e	via.vec3
9c292c765b673006	via.GameObject
9c6ddfe889f9d16a	app.SwitchKind
9c6fbf06424a544a	via.gui.Panel
9c70c8ab07967bc2	via.GameObjectRef
9c76d4dc861ab707	app.CameraSensitiveCurveType
9c824c3d4f6dc79f	app.SoundSpatialShape.ShapeType
9c824c3d03952400	via.AABB
9c824c3df13e94a5	via.OBB
9c824c3d2bb8e01a	via.Sphere
9c824c3dc7aed0f3	via.Capsule
9c824c3dde6cf883	via.Area
9c835a4ced4381f2	app.OccupyPurpose
9c835a4c4e9b2092	app.OccupyPermission
9c9492f196b5162f	app.GuiAttribute
9c9492f17f880865	app.GuiLimitedAtteribute
9c9492f127cca8c2	via.gui.Segment
9c9492f18df62134	app.GuiInputLevel
9c9492f1af403d4d	app.GuiControllerBehavior.PoolLimitOperationType
9c9492f14b971e6b	via.Prefab
9c995fb06258c999	via.OBB
9c9ac868ed4381f2	soundlib.SoundBehaviorTreeActionBase.SetTiming
9cbcb1bbd8822bcb	app.AppIkLookAtTask.ConditionCheckType
9ce67a83c3962bbd	via.GameObjectRef
9ce67a835db7b8ed	via.Position
9cedbcb6f5ff1be2	via.Guid
9cf4692c46675f32	via.timeline.UserCurveResourceHolder
9cf4692cba556c8c	via.relib.light.LightBlinkPlayerBase.PlayState
09d0afccd35df4f0	app.FlashLightController.LightGroupBit
09d0afcc407b4b8d	via.vec3
09d0afcc955078f4	via.Quaternion
09d0afcc276661ae	via.vec3
09d0afcc325802b1	via.Quaternion
9d145c5196b5162f	app.GuiAttribute
9d145c517f880865	app.GuiLimitedAtteribute
9d145c5127cca8c2	via.gui.Segment
9d145c518df62134	app.GuiInputLevel
9d145c51af403d4d	app.GuiControllerBehavior.PoolLimitOperationType
9d145c514b971e6b	via.Prefab
9d22731366f60b81	via.GameObjectRef
9d227313a8a122bd	via.GameObjectRef
9d23580b6d2c033c	app.MotionFsmActionTiming
9d328960bedd91a7	app.PlayerInputMediator.ExternalControl
9d33619d84be41b1	via.GameObject
9d33619dfe691e25	via.resource_handle
9d3748fbd843101c	via.string
9d3de2f8adcb8e35	via.Guid
9d43851328bedae4	via.vec3
9d44968ef5ff1be2	via.Guid
9d44968e45167447	app.C510_Sm80_334_Test.StatusType
09d4871bc7aed0f3	via.Capsule
9d4efc3af5ff1be2	via.Guid
9d547049861ab707	app.GuiBonusSelectType
9d5ae1c874077bc9	app.CharacterIsInCameraConfiguration.PositionType
9d5ae1c85db7b8ed	via.vec3
9d5ae1c8fede4e7d	via.vec3
9d5badb2912df7a2	via.Range
9d6564f065d3b6a9	app.Cp_B002BehaviorTreeAction_RequestLookBGMTrigger.LookType
9d68269533501fef	via.Prefab
09d6f43dd617557b	via.GameObjectRef
9d6f81b607967bc2	via.GameObjectRef
9d8833d90fdaca91	via.GameObjectRef
9d914d3f75ed7522	via.motion.OrclKey_Pos
9d914d3f0841f576	via.motion.OrclKey_Pos
9d914d3fa1583547	via.motion.OrclKey_Pos
9d914d3f9bf001f8	via.motion.OrclKey_Pos
9d914d3f842c2ecc	via.motion.OrclKey_Pos
9d914d3f0546be4e	via.motion.OrclKey_Pos
9d914d3f3f4b3c54	via.motion.OrclKey_Dir
9dacd70e9115fdff	via.Range
9dd60369463baff2	via.vec3
9dd60369cf26c0a0	via.vec3
9dd60369ba68fa41	via.vec3
9dd603699eb033ac	via.Quaternion
9dd603690aae2c58	via.Quaternion
9ddcb4c52957b882	via.Quaternion
9ddcb4c5eca91c05	via.vec3
9deb0522bedd91a7	via.vec3
9deb05226d1d43cc	via.vec3
9e04b549f5ff1be2	via.Guid
9e0aea8f152e9eec	via.Transform
9e0aea8f7d59d9b8	via.vec3
9e0aea8f6519f22c	app.GimmickFragileFlag
9e0b8b1ef923c650	app.CameraDefine.CameraSwitchInterpolateMode
9e0b8b1e86501e45	app.CameraDefine.CameraSwitchInterpolateMode
9e33add289e7559d	via.Quaternion
9e486e3cf95c251b	via.render.CameraProjectionExtension.OffAxisOffsetType
9e486e3ca01952f0	via.vec2
9e521a40155428b6	via.GameObjectRef
9e521a40c5d92e9a	via.GameObjectRef
9e5c52ce9d6cf1df	via.Range
9e64f29f07967bc2	via.GameObjectRef
9e64f29ff8b0ae39	app.GmPendulumV2.GimmickAxisType
9e64f29f8332c229	via.vec2
9e64f29f5ca1a08e	app.GmPendulumV2.GimmickAxisType
9e64f29fc73929ad	via.vec2
9e66d042dcb1490e	via.string
09e809f4dcc919db	app.GrappleTargetType
9e8ef7f6f5ff1be2	via.Guid
9e8ef7f6a6b52829	app.Cp_C200PerformanceActionKind
9ea5f1615ab9a570	app.AimCameraShakeParam.AimCameraShakeMode
9ea5f1612da83a04	via.Range
9ea5f1611ad76ed6	via.Range
9ea5f16179fa8d00	via.Range
9ea5f1613e4be9fb	app.AimCameraShakeParam.BoolWithRandom
9ea5f1614676ba4c	via.Range
9ea5f161702ef38d	via.Range
9ea5f161ba5eadad	via.Range
9ea5f161cf1e6e83	via.Range
9ea5f161b88bf483	app.AimCameraShakeParam.BoolWithRandom
9ea5f1613b0794d6	via.Range
9ea5f1619529976c	via.curve.EaseType
9ea5f161c064939d	app.AimCameraShakeParamBase.AimCameraShakeType
9eac2ca3e0fdb83a	via.effect.script.EffectCullingZoneGroup
9eaf8a8a424a544a	via.Joint
9eafcf95e2dc42cb	app.CharacterResumeType
9eb4ccf286271f0d	app.ItemRemainingViewType
9ee060e3dd09ec99	via.GameObjectRef
9ee0efd1d90cec49	via.vec3
9ee0efd13e4808d7	via.vec3
9ee0efd16821975d	via.vec3
9ee0efd12e1c9595	via.Quaternion
9ef0070efefda14e	app.GmLongJump.GimmickMotionType
9ef37e3774077bc9	app.Cp_C510BehaviorTreeAction_ActionDirection.DirectionType
9ef37e3771059794	via.vec3
9f05d79c1c3cb695	soundlib.EnumBool
9f05d79cb5b06866	soundlib.EnumBool
9f214af51f5440b8	via.vec2
9f214af582a49220	via.vec2
9f214af514bb1b15	app.GlobalWindData.GUST_TYPE
9f214af5a2c11a04	via.vec2
9f214af5fd39ed3d	via.vec2
9f250e0a1a2c86d0	app.InteractHandlingConfigurationBase.Direction
9f2fc10f9c5533f1	app.Collision.Mask.Watcher_VS_WatchTarget_Enum
9f2fc10f1a8454b0	app.AppIkLookAtSimpleTaskGenerator.TimeLimitSetting
9f2fc10f9656001e	via.Range
9f2fc10fe55979dc	via.Range
9f2fc10f6e82b161	app.AppIkLookAtSimpleTaskGenerator.PositionSetting
9f2fc10fa8143f44	via.GameObjectRef
9f2fc10fa2009a2c	via.vec3
9f2fc10f86c96406	via.Range
9f2fc10ff9ba15a9	via.Range
9f2fc10f1fc40cff	app.AppIkLookAtSimpleTaskGenerator.RandomType
9f2fc10f7ecf3741	app.ObjectTags
9f2fc10fa095e31a	via.Range
9f43a8e6f5ff1be2	via.Guid
09f4cb49c6ff3b9c	via.GameObject
09f4cb49facf5e17	via.effect.script.EffectCommonDefine.EffectActionOnCulling
09f4cb49badd114e	via.effect.script.EffectManager.EffectEndType
9f530fe4815236bf	via.Range
9f53dfaf5f0c78f2	via.GameObject
9f53dfaf564986a8	via.effect.lensflare.LensflarePlayer
9f64db85f5ff1be2	via.Guid
9f6d7dbf3c0eef70	app.CharacterStageSituationArea.Type
9f70ce93f5ff1be2	via.Guid
9f70ce9345167447	app.Cp_B800FootStatus
9f8af3b4b664d91b	via.AnimationCurve
9f967610111e2d81	anim.ClimbModelApp.LinearWarpTo.HeightWarpCurveTypes
9f9bb73a560f9e51	app.Cp_B800Updater.FindStateType
9f9bb73aa8ca19a2	app.Cp_B800Updater.ChapterType
9fc4abb8baacb481	via.sound.SoundCurveType
9fd6650a95bbbf7e	via.vec3
9fd6650abaf799f0	app.WindData.ATTENUATION_RATE
9fe5e6f6679079ed	via.vec3
9fe5e6f66eaf98ee	via.Quaternion
9ff7e1a0d8804c8d	via.gui.PageAlignment
9ff7e1a09b755684	via.Point
9ff7e1a0e1b6082d	via.Size
9ff7e1a0430bc704	via.Color
9ffa3091f5ff1be2	via.Guid
9ffa3091de118265	app.Cp_B000BehaviorTreeCondition_CheckEquipedWeapon.CheckEquipType
a00fcc5ad6888945	via.vec3
a00fcc5aed96ebd0	via.Quaternion
a00fcc5a956c979c	via.Quaternion
a01483b6154ad8b8	app.Cp_D110Updater.BattlePhase
a046f8ec6a883cd3	app.GimmickRigidBodySwitcher.JudgementType
a046f8ec6fa2a372	app.GimmickRigidBodySwitcher.CalcType
a062b63a74077bc9	app.RagdollSetVelocityTracks.VelocityType
a062b63a524acbed	via.vec3
a08206e76833c515	via.vec2
a08206e7246091d5	via.vec3
a09c96fa96b5162f	app.GuiAttribute
a09c96fa7f880865	app.GuiLimitedAtteribute
a09c96fa27cca8c2	via.gui.Segment
a09c96fa8df62134	app.GuiInputLevel
a09c96faaf403d4d	app.GuiControllerBehavior.PoolLimitOperationType
a09c96fa4b971e6b	via.Prefab
a0cf0ec1811f8fc5	via.Quaternion
a0cf0ec1e54bb5fe	via.Quaternion
a0e127fbd3ec7e8f	via.GameObjectRef
a0e285b50739342d	app.PlayerDefine.FlashLightOverrideControl
a0f69a1d2efe9aa0	via.Prefab
a0f94a68dd09ec99	via.GameObjectRef
a0fa766ccc839b20	via.string
a0fa766cee32be05	via.string
a10c0f62b4d55664	app.DetailSearchControlMode
a10c0f62f479d64d	app.DetailSearchController.InputInfo.InputType
a10c1b5b249f7327	app.TimelineEventDefine.ID
a10ec38e4ddcf3c3	via.GameObjectRef
a10ec38eb7ead971	via.GameObjectRef
a10ec38e15d1718e	via.GameObjectRef
a10ec38eaf0e550c	via.GameObjectRef
a11ff66f6ba51265	app.cp_B700.BattleAreaEscapePointTypes
a1295a94f430468c	via.vec3
a160d9d3bda826a4	app.character.Vital
a161ac039d6fe919	via.timeline.UserCurveResourceHolder
a161ac03764811dc	via.Range
a18f44f4f5ff1be2	via.Guid
a1a0f2b3a2ee5450	app.EffectCharacterSurfaceMaterialDefinition.SweatLevel
a1a5950df5ff1be2	via.Guid
a1af8b5bd2b6a6b2	via.resource_handle
a1af8b5b9260b79e	via.resource_handle
a1af8b5bdb0166a7	via.resource_handle
a1af8b5bc9b7bb7c	via.resource_handle
a1af8b5b45872f7b	via.resource_handle
a1af8b5bab679457	via.resource_handle
a1af8b5bcdafbe3f	via.render.EyeballShadingType
a1af8b5b2e6b053e	via.Color
a1af8b5bd55affbc	via.Color
a1b15df0b619836a	via.Range
a1b15df09f19049a	via.Range
a1b15df0b664d91b	via.AnimationCurve
a1b48be668db7ee6	app.Cp_B000Equip.ChainsawStabType
a1d1cffa861ab707	app.DLSSQualityType
a1da9e46e2dc42cb	app.CharacterResumeType
a1e6f7eb6fecfa41	app.CreditsUnitType
a1f58bb49510180b	app.ItemAcquiredVanishSetting
a20c4f1c861ab707	via.render.HDRDisplayMappingMethod
a2272e6c861ab707	app.SystemOption.FrameRateType
a235c7a799e17baa	app.TargetType
a235c7a7a7e55475	via.vec3
a2394efda4d13d8f	app.EventObjectType
a2394efd4aa0b06f	via.GameObjectRef
a26225a0424a544a	via.motion.SetMotionTransitionInfo
a264b561152e9eec	via.Transform
a264b5617d59d9b8	via.vec3
a264b5616519f22c	app.GimmickFragileFlag
a27028a85b073131	via.GameObjectRef
a2858aa0f5ff1be2	via.Guid
a28c0189b26e407c	app.SpreadOfFireManager.FireEffectType
a28c01894b971e6b	via.Prefab
a28c0f5578b57979	via.vec3
a28cae3974077bc9	app.LevelFlowBehaviorTreeAction_FSM_TutorialAction.TutorialData.ActionType
a290beb7f5ff1be2	via.Guid
a2a0899071059794	via.vec3
a2a29284ae055d36	via.vec3
a2a811ae424a544a	via.GameObject
a2be041b4f8dd039	app.InventoryType
a2c98d6e47b76bc0	app.Cp_B800EscapingToCeilingKind
a2cad875f5ff1be2	via.Guid
a30a1d5c36f526af	app.Cp_B800RoomKind
a30a1d5ca2179f2b	via.vec3
a30a1d5cee3095d8	via.vec3
a312f3cb87c91ece	app.CompareType
00a314db74077bc9	app.ADSCameraZoomData.ZoomType
a322dd7af5ff1be2	via.Guid
a322dd7ab4286351	app.Cp_E600Define.Cp_E600State
a323c71d636c91da	via.telemetry.AsyncRequest
a3265d05bedd91a7	via.Joint
a3265d056d1d43cc	via.Joint
a3289aa501653c65	app.KeyboardSelectType
a34353b7773e3b3b	app.GameOverManager.GameOverType
a34501e3424a544a	via.vec3
a347ac6584eb9997	app.GuiWorldMapType
a354412bf5ff1be2	via.Guid
a35b70e72c4d39a1	via.GameObjectRef
a35e86e1cdeb9827	via.vec3
a36fab81b43ddb43	app.Cp_D110PartsControl.PartsType
a37dce9bf5ff1be2	via.Guid
a382de1cf5ff1be2	via.Guid
a3830056f5ff1be2	via.Guid
a386b079e50beb22	app.LightAnimator.AnimationBase.AnimationWrapMode
0a387d750f501fe3	via.landscape.MapBakerRoadBakeType
0a387d750daeb59e	via.landscape.RoadBakeSegmentFilter
0a387d75a5b46d92	via.resource_handle
a39a194aaf1b9cca	app.Cp_B800PositionInterpolate.TargetKindType
a3b139226d2c033c	app.MotionFsmActionTiming
a3b71a056a4f57e3	app.CharacterControlAttachmentTag
a3c0d4162f14940d	app.SoundAddMaterial
a3ce3fe5f5d5000d	app.ConversationActorCategory
a3e52132f5ff1be2	via.Guid
a3e521322f342ce1	app.Cp_C600Define.Cp_C600State
a3e66934cd397f67	via.navigation.FilterInfo.FilterType
a3e66934e37670fc	via.navigation.FilterInfo.TraceDestination
a3e7820cf5ff1be2	via.Guid
a3ea07ee424a544a	via.effect.script.EffectManager.DataInstanceInfo
a400e815a68e3eb3	app.cp_B000.WeaponThrow_RoleActionAdditionalSettings.WaitVariation
a400e815b58cb6cb	via.OBB
a400e81595e0ae0c	via.vec3
a400e815f5d16de5	via.Range
0a40d0bfef40c571	via.vec3
0a40d0bf13acaee6	via.vec3
0a40d0bf87aea73f	via.vec3
0a40d0bfdf8cb10f	via.vec3
0a40d0bf466d7535	via.vec3
0a40d0bf311e04b5	via.vec3
0a40d0bf0c4fa6f7	via.vec3
0a40d0bfdf8ac66a	via.vec3
0a40d0bf27a0f417	via.effect.script.CoordinateSystem
0a40d0bf2272cad7	via.effect.script.Axis
0a40d0bfbcc5ea12	via.vec3
0a40d0bf430bc704	via.Color
0a40d0bf13799edd	via.effect.script.RelationMirrorUseMotionBlend
a40d6c285db7b8ed	via.vec3
a40d6c28010aad08	via.vec3
a40dcd6739032dea	via.navigation.NavigationWaypoint.TraceTarget
a40dcd67243cc94a	via.navigation.NavigationWaypoint.EndNodeUsage
a40dcd679ece43f3	via.navigation.NavigationWaypoint.EndNodeUsage
a4231159f5ff1be2	via.Guid
a434b3f33ced5728	app.dev1utility.Timer.TimeTypeEnum
a437c7585c26e27a	via.vec3
a453d8c6861ab707	via.render.SamplerQuality
0a46c053f5ff1be2	via.Guid
0a46c05387c91ece	app.CompareType
0a4722aaf5ff1be2	via.Guid
0a47912a59313235	via.Range
a4b03472935c0904	via.motion.OrclQueryResult.FrameResult
a4b9931d96b5162f	app.GuiAttribute
a4b9931d7f880865	app.GuiLimitedAtteribute
a4b9931d27cca8c2	via.gui.Segment
a4b9931d8df62134	app.GuiInputLevel
a4b9931daf403d4d	app.GuiControllerBehavior.PoolLimitOperationType
a4b9931d4b971e6b	via.Prefab
a4bc68ca5e9b4bae	app.ItemLoadingType
a4dea36c861ab707	app.It70_01_000MeshController.SizeType
a4e3966af5ff1be2	via.Guid
a4ed9bf831d76a4a	via.Range
a50c575f5c0b703a	via.vec3
a50f405bf5ff1be2	via.Guid
a5103ecbf430468c	via.vec3
a536514274077bc9	app.PlayerCameraFOVParam.ParamType
a53651427cdd5072	app.PlayerCameraFOVParam.TemplateType
a537aaa096b5162f	app.GuiAttribute
a537aaa07f880865	app.GuiLimitedAtteribute
a537aaa027cca8c2	via.gui.Segment
a537aaa08df62134	app.GuiInputLevel
a537aaa0af403d4d	app.GuiControllerBehavior.PoolLimitOperationType
a537aaa04b971e6b	via.Prefab
a53b119e861ab707	via.vec3
a55d208c74077bc9	app.GuiPlayer.VariableType
a56482a4a9caf387	via.vec3
a56482a4f062f9b2	via.vec3
a57322b184f82b3e	via.gui.ErrorCheckType
a57322b1eac0318e	via.string
a575058ad266ceff	via.vec3
a575aff97194cd88	via.dynamics.GpuClothResourceHolder
a5861a9a74077bc9	app.Cg_NPC00ControlZone.ControlType
a5861a9a70138566	via.vec3
a5a5b4046d2c033c	app.MotionFsmActionTiming
a5b3f2d5b36a883e	app.AttackPowerEnum
a5c971c20219c317	via.physics.Collidable
a5db914be2dc42cb	app.CharacterResumeType
a5e4d715f5ff1be2	via.Guid
a5e68a3af4eb3e90	via.Guid
a5e68a3ad8ee796a	via.timeline.StartType
a5fb47d974077bc9	app.InterpolationParamBase.InterpolationTypeEnum
a5fb47d9b664d91b	via.AnimationCurve
a5fc4333b16455b3	via.GameObjectRef
a5fecc0e26d821e9	app.Cp_B000Equip.ChainsawStabType
a5fecc0e0a6807ab	app.Cp_B000Equip.ChainsawAttackerType
a5fecc0e444d7cf2	app.EnemyFormationManager.ReservedTacticsType
a5fecc0e5974cbb9	app.EnemyTacticsType
a5fecc0e9ca71ab9	app.Cp_B000Sever.GougeLevel
a5fecc0eff98e06a	app.Cp_B000Sever.GougeLevel
a5fecc0edaef038c	app.Cp_B000Sever.GougeLevel
a5fecc0e678c1a04	app.Cp_B000Sever.GougeLevel
a5fecc0e3cce1f40	app.Cp_B000Sever.GougeLevel
a5fecc0e7bb463e9	app.Cp_B000Sever.JawGougeType
a5fecc0ebd5a46fa	via.vec3
a5fecc0e21ec7827	app.Cp_B000Morph.UndiscoveryThinkType
a5fecc0ed170dd22	app.Cp_B000Dead.Cp_B000DeadPosture
a61e72b9f5ff1be2	via.Guid
a62196da6c7def00	via.Int2
a62459e27cb7e944	via.Range
a62459e243228eab	via.Range
a62459e289d1dc1d	via.Range
a626ef6471059794	via.vec3
a62f6759e1b6082d	via.vec2
a634b6cebe4583db	app.Cp_C901SpawnSettings.VineSize
a634b6ce2cfa768b	app.Cp_C901SpawnSettings.VineAppearance
a6505dddb664d91b	via.AnimationCurve
a65adbf90b48e481	app.Cp_C700SpawnSettings.StartActionType
a65adbf922f5b590	via.vec3
a65adbf92ea5f1fa	via.Quaternion
a65adbf9917e75a5	via.vec3
a6752e15ef5095c4	via.relib.effect.EVRefVFXTableContainer
a68134e22cf89411	via.effect.EffectPlayer
a682dbcf6d1d43cc	via.Size
a6838c4696b5162f	app.GuiAttribute
a6838c467f880865	app.GuiLimitedAtteribute
a6838c4627cca8c2	via.gui.Segment
a6838c468df62134	app.GuiInputLevel
a6838c46af403d4d	app.GuiControllerBehavior.PoolLimitOperationType
a6838c464b971e6b	via.Prefab
a687721394ba47c8	via.autoplay.action.AutoAttack.Unit
a6877213dcdbe39c	via.hid.GamePadButton
a68772134b336172	via.hid.GamePadButton
a6877213baa34d33	via.autoplay.action.AutoAttack.TurningSpeed
a6932d6c32e43abd	via.string
a69959c1bf017c06	app.orcl.AdditiveDamageModelTest.EMode
a6ae3a1e65f23865	via.vec3
a6ae3a1e5918bf4d	via.GameObjectRef
a6ae3a1e9a2ffde7	via.OBB
a6c133a0532b2adf	app.It70_01_000MeshController.SizeType
a6dbfe146d2c033c	app.MotionFsmActionTiming
a6e5c04b15d1718e	via.GameObjectRef
a6e5c04b0d05c5bf	app.GmSwitchV2.GimmickSwitchFlag
a6e5c04bedd605d0	via.GameObjectRef
a6e5c04bd6888945	via.vec3
a6e5c04bed96ebd0	via.Quaternion
a6e5c04bd76abfc3	via.render.DecalReciveMode
a6e5c04b8b183110	via.GameObjectRef
a6e5c04b5ec6461c	app.ObjectTags
0a6e8a474b971e6b	via.Prefab
a6f116356ccf1a05	app.MotionTransitionControl.MotionControlStates.StateType
a6f116357d7bfddd	app.MotionTransitionControl.MotionControlStates.StateType
a6f348f21f5f1e96	via.vec3
a6ff8933f5ff1be2	via.Guid
a7337d4e4291ee70	via.vec3
a77808389d492423	via.math.RotationOrder
a778083840c705b2	via.vec3
0a78151ffc5542a4	app.InteractTrigger.InteractTryType
0a78151fe52c962a	app.InteractTriggerHitControllerReaction.ActionType
0a78151f92b40f01	app.ObjectTags
a78f7744ee67c9b6	app.RankManager.RankType
a7996e97a6b52829	app.Cp_C200PerformanceActionKind
a7a073317ca59ddb	anim.AnimIkAttackAdjuster.TargetCalcType
a7a073312df352fe	via.vec3
0a7abdb0f5ff1be2	via.Guid
a7acde3f24c8edde	via.GameObjectRef
a7b45b5d861ab707	via.DisplayType
a7bf8716c50b38cf	app.Cp_B600BehaviorTreeAction_BurstPosture.BurstDirection
a7c2780196b5162f	app.GuiAttribute
a7c278017f880865	app.GuiLimitedAtteribute
a7c2780127cca8c2	via.gui.Segment
a7c278018df62134	app.GuiInputLevel
a7c27801af403d4d	app.GuiControllerBehavior.PoolLimitOperationType
a7c278014b971e6b	via.Prefab
a7c6a696d1fcf3eb	via.GameObjectRef
a7c6a696a43458d9	app.ArmMeshController.SyncSourceType
0a7cc4db152e9eec	via.Transform
0a7cc4db7d59d9b8	via.vec3
0a7cc4db6519f22c	app.GimmickFragileFlag
a7d219280c8b057f	app.Cp_B800SignSoundKind
a7dd4cfcf5ff1be2	via.Guid
a7ea6d0b6651c037	app.cp_B600.B600_RoleActionSettings_AppearGlass.MotionPattern
a800f808861ab707	app.LensFlareQuality
a802d62f71ddaf43	app.DetailSearchItemStorageBit
a802d62f2ce5cf54	via.vec3
a802d62f7062f8bd	via.Quaternion
a802d62fcc27107a	via.GameObjectRef
a8061d61a8bda540	app.InteractUtil.TagFlg
a81870c7d3e432a4	via.motion.MotionListResourceHolder
a82ff3ff1a2c86d0	app.InteractHandlingConfigurationBase.Direction
a84ff4457c61a983	via.GameObjectRef
a857f3496d2c033c	app.MotionFsmActionTiming
a873f881861ab707	app.DLSSQualityType
a87793bf5ca5cc11	via.vec3
a879c33187c91ece	app.CompareType
a879c331ab420ed6	app.PlayerMessageEventRequestCheckParam_Position.JudgeType
a879c33171059794	via.vec3
a879c33105a9569b	via.vec3
a89a95b815d1718e	via.GameObjectRef
a89a95b8012dbe79	via.dynamics.RigidBodyState
a89a95b8c0cf2ccb	via.GameObjectRef
a8af4041dcc919db	app.EffectTargetCategory
a8af40417dfacc0f	app.WeaponCategory
a8af4041cb98853f	app.AmmoID
a8af404171059794	via.vec3
a8af4041bd502c38	via.effect.script.EPVDataBase.EffectRelationType
a8af4041d5838743	app.EPVExpertMuzzleFlashCustomElement.FollowParentType
a8b5f0796d2c033c	app.MotionFsmActionTiming
0a8d12f189d1dc1d	via.Range
a8d2a22d86637664	app.Cp_C200PerformanceRoleKind
a8d2a22d7f455b4c	via.vec3
a8d2a22d86f7f324	app.WarpOption
a90d9cccf5ff1be2	via.Guid
a90d9ccc74077bc9	app.CharacterBehaviorTreeCondition_CheckTurnToTarget.DirectionType
a90d9ccc5944d201	via.Float2
a90d9ccc2f2b302b	via.Range
a912ffa496b5162f	app.GuiAttribute
a912ffa47f880865	app.GuiLimitedAtteribute
a912ffa427cca8c2	via.gui.Segment
a912ffa48df62134	app.GuiInputLevel
a912ffa4af403d4d	app.GuiControllerBehavior.PoolLimitOperationType
a912ffa44b971e6b	via.Prefab
a91a259e152e9eec	via.Transform
a91a259e7d59d9b8	via.vec3
a91a259e6519f22c	app.GimmickFragileFlag
a95beaf0f5ff1be2	via.Guid
0a969d9d2185a077	app.OccupyPurpose
0a969d9d4a733b64	app.OccupyPermission
a97194cc03952400	via.AABB
a972786a6ba51265	app.PlayerFacialAnimationDriver.OverwriteMentalState
a9785c589527f3bc	via.GameObjectRef
a9789b120fa70d28	via.GameObjectRef
a9789b12b72d2da1	via.vec3
a9789b123031ff65	via.Quaternion
a978d09774077bc9	app.cp_B700.BattleAreaEscapePointTypes
a980b655f5ff1be2	via.Guid
a981dc28f5ff1be2	via.Guid
a981dc2851baea08	app.WeaponCategory
a99a804740e50d9d	via.curve.EaseType
a9ada9d3aab253e4	app.SoundDetectionOnSoundCallRequest.Timing
a9ada9d371059794	via.vec3
a9aeb02b44293615	app.PlayerDefine.FlashLightOverrideControl
0a9b6bc4f5ff1be2	via.Guid
0a9b6bc40128fb17	via.Range
a9c4e33df5ff1be2	via.Guid
a9c85ef1f5ff1be2	via.Guid
a9cafaed4aa0b06f	via.GameObjectRef
a9e583c524e2185d	via.vec3
a9fa99c6ab420ed6	app.CharacterInteractiveMessageCondition_Finding.JudgeType
aa0090e10739342d	via.Camera
aa0e38d6f5ff1be2	via.Guid
aa368126d6f61430	app.EffectObjectCommandID
aa4a5a45df2609fd	via.AnimationCurve
aa5ab7aec0bd4cdb	app.MapIconControllerForGimmickV2.IconConvertType
aa60d7596ba51265	app.CameraSensitiveCurveType
aa7166b08762e28e	via.motion.Motion
aa7166b05b673006	via.GameObject
aa7166b042e9e7c8	via.physics.RequestSetCollider
aa7166b00afad8ca	via.navigation.NavigationSurface
aa7e7fcea32ca79a	via.GameObjectRef
aa7e92962ed4247b	via.effect.script.EffectID
aa7e9296f61069d0	via.GameObject
aa7e9296d2e82ff3	via.effect.script.EffectManager.WwiseTriggerInfo
aa7e929619bc25fd	via.effect.script.EPVDataElement
aa84189e5d87f10c	via.GameObject
aa8436d9567af4a9	via.vec3
aa90a91fb9df173a	app.EPVExpertPartsBreak.VariationType
aab147cd6b5f55d6	app.LockOnTargetWork.TargetAttribute
aab69adcf5ff1be2	via.Guid
aad0b56b14e4b30b	app.DynamicsPropQualityLevel
aad8c845e23cce81	via.GameObjectRef
aad8c8456a7ec7e4	via.GameObjectRef
aad8c845a8a122bd	via.GameObjectRef
aad8c84516f7698b	via.vec3
aade9d1e95bbbf7e	via.vec3
aade9d1e466d7535	via.Quaternion
aae6e9ab6ba51265	via.Prefab
aaef470e34ae7a1a	app.AssistLightType
aaff2bb8f5ff1be2	via.Guid
aaff2bb873180d39	app.Cp_B002Cooking.CartAccessPoint
ab0a122e5073cad2	via.GameObjectRef
ab171a94d2b6a6b2	via.resource_handle
ab195ee009b39d11	via.Float2
ab19ef3826d821e9	app.Cp_B000Equip.ChainsawStabType
ab19ef380a6807ab	app.Cp_B000Equip.ChainsawAttackerType
ab19ef38444d7cf2	app.EnemyFormationManager.ReservedTacticsType
ab19ef385974cbb9	app.EnemyTacticsType
ab19ef389ca71ab9	app.Cp_B000Sever.GougeLevel
ab19ef38ff98e06a	app.Cp_B000Sever.GougeLevel
ab19ef38daef038c	app.Cp_B000Sever.GougeLevel
ab19ef38678c1a04	app.Cp_B000Sever.GougeLevel
ab19ef383cce1f40	app.Cp_B000Sever.GougeLevel
ab19ef387bb463e9	app.Cp_B000Sever.JawGougeType
ab19ef38bd5a46fa	via.vec3
ab19ef3821ec7827	app.Cp_B000Morph.UndiscoveryThinkType
ab19ef38d170dd22	app.Cp_B000Dead.Cp_B000DeadPosture
ab210cd196b5162f	app.GuiAttribute
ab210cd17f880865	app.GuiLimitedAtteribute
ab210cd127cca8c2	via.gui.Segment
ab210cd18df62134	app.GuiInputLevel
ab210cd1af403d4d	app.GuiControllerBehavior.PoolLimitOperationType
ab210cd14b971e6b	via.Prefab
ab2fc67ef5ff1be2	via.Guid
ab3837986ba51265	app.AudioDeviceType
ab3d0e0ef7a97e39	app.GrappleTargetType
ab3d0e0efefc3c17	app.GrappleTargetType
ab497d362dfee0a9	via.effect.script.EffectMaterialInfo
ab632a7d7b56571a	app.AnimFootContact.Status
ab632a7d450a27f2	app.AnimFootContact.Status
ab66be85f5ff1be2	via.Guid
ab748eee23f1fa4e	via.Range
ab748eeedd2bac59	via.Range
ab8d6ee7f5ff1be2	via.Guid
abadb67bf5ff1be2	via.Guid
abb285d72cf89411	via.effect.EffectPlayer
abc1400dadcb8e35	via.Guid
abcf8f1c6ba51265	app.TutorialDefine.ConditionType
abdaa2cf72344672	app.EnemyHateData.HateReasons
abdfd89edcc919db	app.TargetType
abdfd89eaaa4a23d	app.cp_C510.JumpType
abdfd89e3c9c02d6	via.vec3
abf32a23a2620316	via.GameObjectRef
abfbcc943e952189	via.Int2
ac0674557eddaefe	app.Gm99_079.StepType
ac0674557f9cb65d	via.vec3
ac0674555fc05c7c	via.GameObjectRef
ac17cac49c5533f1	app.TargetSensor.TargetCategory
ac17cac4cd207021	via.vec3
ac17cac4bf4e3556	via.vec3
ac17cac4b1384587	via.vec3
ac17cac43693156c	via.vec3
ac25afcef5ff1be2	via.Guid
ac25afce7eddaefe	app.Cp_C600Define.StepType
ac2aa83feb252e33	app.TimelineEventDefine.ID
ac3959a186ed65b1	via.OBB
ac3e307d6ba51265	app.SaveSlotSegmentType
ac69c521e52c962a	app.GmAlembicMesh.GimmickActionType
ac7528d3c13de84b	app.CharacterBehaviorTreeAction_EntryVolatile.Timing
ac9df309d6888945	via.vec3
ac9df309ed96ebd0	via.Quaternion
aca6212ff5ff1be2	via.Guid
acc4250d8753675f	via.Range
acc4250d197db67e	via.Range
acc4250dd9438f64	via.Range
acc539cb4aa0b06f	via.GameObjectRef
acce81daef5095c4	via.Prefab
acda4fab713f2cf3	via.GameObjectRef
ace2a3ab861ab707	via.Range
0ace3035f5ff1be2	via.Guid
ace91dbef5ff1be2	via.Guid
acf04f4474077bc9	app.FlashLightSwitchArea.AreaType
acf9f8d83d2965fe	app.Cp_B000TransformInterpolationBlackboardUnit.RequestType
ad03af420fe5bd42	via.motion.AxisDirection
ad1abc47f5ff1be2	via.Guid
ad1abc47f4105ac8	app.Cp_B600BehaviorTreeCondition_CheckAttackSideBase.Side
ad266009861ab707	via.render.UpscalingInterface.UpscalingAlgorithm
ad73463c7116dd65	app.TimelineEventParameter.PreeventSetting.IgniteType
ad73463c5fc0aae4	app.EventDefine.AvailabilityFlag
ad7c20db6ba51265	app.Gm99_031.GimmickTracksGm99_031VisibleParts.PartsType
0ad8068fb71b98bb	app.Cp_B000BehaviorTreeAction_SetGrappleSituation.Situation
ad8422d55db7b8ed	via.vec3
ad8422d52ea5f1fa	via.Quaternion
ad8fb026c26ad7ec	via.hid.virtualKeyboard.KeyboardMode
ad98da170738e6d9	app.ObjectTags
ad98da17483259fc	app.AppAddCollisionPresetShapeZoneGroup.GameObjectTagCollisionPresetTargetFilter.LogicMode
0ad9a9cb74077bc9	app.Cp_B002KitchenSetting.KitchenWander.WanderType
ada5b23e3e3b4f0a	app.Cp_B800RoomKind
ada5b23ef161929a	app.Cp_B800RoomKind
ada5b23e95bbbf7e	via.vec3
ada63686602af3f9	app.CameraRollRotationAdjustmenData.UpOffsetParam.CheckKind
ada63686fe2b8bbd	via.vec3
ada63686f46b4b49	via.vec3
ada63686c15b4062	via.vec3
ada63686072ea3d5	via.vec3
adb3e0e7f5ff1be2	via.Guid
adb3e0e774077bc9	app.PlayerUseGroundWeaponConfiguration.AttackType
adb57b5d07967bc2	via.GameObjectRef
adb57b5df24236a5	via.AABB
adb9f642152e9eec	via.Transform
adb9f6427d59d9b8	via.vec3
adb9f6426519f22c	app.GimmickFragileFlag
adbbd1ad6a4b35a1	via.GameObjectRef
adbf2fc2f5ff1be2	via.Guid
adcf8282df6d51da	via.vec3
ade0b07c6a4f57e3	app.CharacterControlAttachmentTag
ade995f69b755684	via.vec3
ade995f62129fc67	via.vec3
adefd0dcdf063e0a	via.GameObjectRef
adfd90644facc23e	via.Range
adfd9064b619836a	via.Range
adfd90649f19049a	via.Range
ae0651b0f5ff1be2	via.Guid
ae0651b0863044df	via.Range
ae0f95f2de394667	via.render.ColorCorrectLinearParams
ae1c1b6dc6ff3b9c	via.GameObject
ae1c1b6d61af43c3	via.effect.script.EffectID
ae1c1b6d04fc9207	via.effect.script.ObjectEffectManagerBase.CreateMotionSequenceEffectEventInfo.CallSequenceType
0ae1fe6a45167447	app.LightSceneControlStatus
ae2fabf27df536f7	via.resource_handle
ae3880165322d7a9	via.motion.AxisDirection
ae388016c3a95a25	via.motion.AxisDirection
ae388016993fec2f	via.curve.EaseType
ae3feef0861ab707	app.PlayerMode
ae45bc35822a17f6	via.string
ae5cfd1f6d2c033c	app.MotionFsmActionTiming
ae5cfd1f74077bc9	app.Cp_B000BehaviorTreeAction_RequestPlaySoundSupportArbitrate.CheckType
ae68c490f5ff1be2	via.Guid
ae69f3fef1fc26f3	app.ItemLoadingType
ae7c1491861ab707	via.render.RenderConfig.VRSType
ae8b51c0b72d2da1	via.vec3
ae991fec26d821e9	app.Cp_B000Equip.ChainsawStabType
ae991fec0a6807ab	app.Cp_B000Equip.ChainsawAttackerType
ae991fec444d7cf2	app.EnemyFormationManager.ReservedTacticsType
ae991fec5974cbb9	app.EnemyTacticsType
ae991fec9ca71ab9	app.Cp_B000Sever.GougeLevel
ae991fecff98e06a	app.Cp_B000Sever.GougeLevel
ae991fecdaef038c	app.Cp_B000Sever.GougeLevel
ae991fec678c1a04	app.Cp_B000Sever.GougeLevel
ae991fec3cce1f40	app.Cp_B000Sever.GougeLevel
ae991fec7bb463e9	app.Cp_B000Sever.JawGougeType
ae991fecbd5a46fa	via.vec3
ae991fec21ec7827	app.Cp_B000Morph.UndiscoveryThinkType
ae991fecd170dd22	app.Cp_B000Dead.Cp_B000DeadPosture
ae991fec1beacd57	via.OBB
aeabe551feef1edd	app.cp_B000.DummyDead_RoleActionAdditionalSettings.DummyDeadVariation
aeaf12bdede44e83	via.GameObjectRef
aeb2a5f287c91ece	app.CompareType
aee9175c90325bfc	app.OccupyPurpose
aee9175cb0ae9d01	app.OccupyPermission
aef1a82b861ab707	via.render.FrameGenerationInterface.FrameGenerationAlgorithm
aef4701eee3368d2	via.string
aefc2aee6d2c033c	app.MotionFsmActionTiming
aefcc2f207967bc2	via.GameObjectRef
aefcc2f27835b2d6	app.ItemAcquireOptionBit
af0ffb21c056f48b	app.TimelineEventDefine.ID
af18d50821e78e4e	via.vec3
af18d508fe5e69d0	via.Quaternion
af26c7df2a36047d	via.motion.MotionResourceHolder
af2a6cbee1efbbb7	via.Range
af2a6cbe01ee4b96	via.AnimationCurve
af2a6cbe760ddf2d	via.AnimationCurve
af2a6cbe68082e7d	via.AnimationCurve
af304d7945cf41c5	app.BodyPartsEnum
af399340adcb8e35	via.Guid
af414fa0f5ff1be2	via.Guid
af414fa074077bc9	app.Cp_B000BehaviorTreeCondition_CheckStaggerCounter.CounterType
af414fa00128fb17	via.Range
af5896aef5ff1be2	via.Guid
af5896aef4105ac8	app.Cp_B600BehaviorTreeCondition_CheckAttackSideBase.Side
af6bea4b3d9184af	app.InteractTrigger.InteractDesiredPriority
af6bea4b425aa17b	app.InteractUtil.ButtonType
af7352f9dce745be	via.vec3
af89fb6f8d4b4bc5	via.vec3
af89fb6fb6a2af8b	via.Quaternion
af89fb6f51f5bc2a	via.vec3
afa3a85c95bbbf7e	via.vec3
afa3a85cbaf799f0	app.WindData.ATTENUATION_RATE
afa3a85cb374a776	via.AnimationCurve
afa3a85cd0cc632f	via.AnimationCurve
afa3a85cd64ba770	via.AnimationCurve
afa3a85cd9bf1c0c	via.AnimationCurve
afacedf387c91ece	app.CompareType
afe18d23b0229c73	app.VowelType
afe18d2341072981	app.VowelType
afe68f63e5e2bd94	via.Range
afe9cbaef5ff1be2	via.Guid
aff35a8ad28b2b85	via.Joint
aff35a8a7444725c	via.vec3
aff35a8a4f1f8fa4	via.vec3
aff35a8afea58c07	via.Joint
aff5f1cf96b5162f	app.GuiAttribute
aff5f1cf7f880865	app.GuiLimitedAtteribute
aff5f1cf27cca8c2	via.gui.Segment
aff5f1cf8df62134	app.GuiInputLevel
aff5f1cfaf403d4d	app.GuiControllerBehavior.PoolLimitOperationType
aff5f1cf4b971e6b	via.Prefab
b00026aa5db7b8ed	via.Int2
b000c755f5ff1be2	via.Guid
b00c551674077bc9	app.LevelFlowBehaviorTreeAction_FSM_InhibitAction.InhibitData.ActionType
0b01445207967bc2	via.GameObjectRef
0b0144523646933d	app.GmSlideDoorV2.DoorType
0b0144525d302f98	app.GmSlideDoorV2.DoorActionType
b0192a050a2ac1f9	via.resource_handle
b019eac2bca47efa	via.Prefab
b039cd18f5ff1be2	via.Guid
b05e28e774077bc9	app.LipSyncCustomVowelTracks.VowelType
b05f28f1b7b0f730	via.vec3
b05f28f175f6105e	via.GameObject
b05f28f18762e28e	via.motion.Motion
b06b05c56ba51265	app.DOTController.AilmentType
b09f406915d1718e	via.GameObjectRef
b09f40699b896075	app.cp_B000.WindowBreakIn_RoleActionAdditionalSettings.BreakInVariation
b0a43e5596b5162f	app.GuiAttribute
b0a43e557f880865	app.GuiLimitedAtteribute
b0a43e5527cca8c2	via.gui.Segment
b0a43e558df62134	app.GuiInputLevel
b0a43e55af403d4d	app.GuiControllerBehavior.PoolLimitOperationType
b0a43e554b971e6b	via.Prefab
b0ae4767483259fc	app.CharacterBehaviorTreeAction_PressCollisionSwitch.SetValue
b0ae476710422649	app.MotionFsmActionTiming
b0b23517f5ff1be2	via.Guid
b0b23517dcc919db	app.GrappleTargetType
b0c233e7e2dc42cb	app.CharacterResumeType
b0d2a4b3f5ff1be2	via.Guid
b0d2a4b39b896075	app.cp_B000.WindowBreakIn_RoleActionAdditionalSettings.BreakInVariation
b0dd51fa61af43c3	via.effect.script.EffectID
b0dd51fa9d023671	via.effect.script.VFXRangeTrack
b0dd51fa27a0f417	via.effect.script.CoordinateSystem
b0dd51fa2272cad7	via.effect.script.Axis
b0dd51fabcc5ea12	via.vec3
b0dd51fa430bc704	via.Color
b0dd74aa2e2c273e	via.Color
b0dd74aae381b460	via.Color
b0ebab46fa3643fe	via.vec3
b0ebab4686a9ba67	via.Range
b0ebab4646da1df3	via.Range
0b0ed2778cbafba3	app.GuiSaveType
b11a0dafe2dc42cb	app.CharacterResumeType
b12f45207d20474a	app.TutorialDefine.SwitchType
b134171374077bc9	app.ObjectiveActionType
b13a9a26f41b94df	via.Joint
b13a9a26edad4c8e	via.mat4
b13a9a26ca84df0e	via.mat4
b13f5c6067506133	app.GestureStatusIntegrateMethod
b174b6c20ba66411	app.cp_C900.Cp_C900Define.FlowerState
b188e3f0bef59ad9	app.LayeredParamLayoutStyle
b188e3f0799772a5	app.LayeredParamGroupBits
b188e3f081e1a9e2	app.LayeredParamGroupBits
b18d97daa3a03b16	via.OBB
b192e314e2dc42cb	app.CharacterResumeType
b198cb4c861ab707	app.GuiSituationType
b1ac435f74077bc9	app.CameraShakeParam.CalculationType
b1ac435fb43a827b	app.CameraDefine.ShakeTag
b1b755d0b6319357	app.RoleActionSettings.SelectMode
b1e1065e686d4711	via.relib.light.ReLibStdCld2Controller.StdCld2LayerHeightRange
b1e1065e63147796	via.relib.light.ReLibStdCld2Controller.StdCld2MainLayerModeling
b1e1065e805b1ce6	via.relib.light.ReLibStdCld2Controller.StdCld2CirrusLayerModeling
b1e1065e79057c6c	via.relib.light.ReLibStdCld2Controller.StdCld2Winds
b1e1065e7c34529d	via.relib.light.ReLibStdCld2Controller.StdCld2MediumProperties
b1e1065e3302243e	via.relib.light.ReLibStdCld2Controller.StdCld2AmbientLight
b1e1065e243c9613	via.relib.light.ReLibStdCld2Controller.StdCld2MultiScattering
b1e1065eea8abbed	via.relib.light.ReLibStdCld2Controller.StdCld2SystemParams
b1f2006e582b1c95	via.vec3
b1f2006e09ade2fc	app.CharacterBehaviorTreeAction_CastRayTerrain.CastRayDirectType
b21c7011861ab707	app.DisplayModeScaling
b225e8dbadcb8e35	via.Guid
b2372605181f8cdf	via.render.TextureResourceHolder
b237260556e4b6bc	via.render.TextureResourceHolder
b2372605c50b38cf	via.vec3
b237c769df8cb10f	via.vec3
b25ae493ce845c56	app.AnimRagdollDamageTrack.DamageDirectionType
b26933dd96b5162f	app.GuiAttribute
b26933dd7f880865	app.GuiLimitedAtteribute
b26933dd27cca8c2	via.gui.Segment
b26933dd8df62134	app.GuiInputLevel
b26933ddaf403d4d	app.GuiControllerBehavior.PoolLimitOperationType
b26933dd4b971e6b	via.Prefab
b271e6e695bbbf7e	via.vec3
b271e6e6e3b7bfec	via.vec3
b28081bc861ab707	via.render.ShadowFilter
b28e44da5073cad2	via.GameObjectRef
b29ac8e95db7b8ed	via.vec3
b29ac8e92ea5f1fa	via.Quaternion
b2ad0918011f7b12	via.vec3
b2ad0918c824b70a	via.vec3
b2c0041df5ff1be2	via.Guid
b2c0041da0797b36	app.Cp_B800ActionTrack.BrightReactionType
b2c035ac2072157a	app.Cp_B000IndividualParameter.SwapAttackHitConfig.SwapSetting.EquipCondition.SwapType
b2c24639bedd91a7	via.vec3
b2c246396d1d43cc	via.Quaternion
b2c246394efa80dd	via.Quaternion
b2cb27260cc36e51	app.FPSCameraOverrideParam.UseParamType
b2cb58ee24e2185d	via.Position
b2cb58eee759ec40	app.cg_NPC00.MoveRouteBits
b2cccb80fc995fa0	via.timeline.UserCurveResourceHolder
b2cccb809628ff56	via.relib.light.VFogBlinkPlayerBase.PlayState
b2cccb8026fca521	via.Range
b2cccb80764811dc	via.Range
b2cccb80bc5490a6	via.Range
b2cccb8050d1fd04	via.relib.light.DelayPlayer
b2d09a1607150aa4	app.LevelFlowEndType
b2d25325f5ff1be2	via.Guid
b2db6aecc7d95d7f	app.TimelineEventDefine.ID
b2db6aecb40df961	via.RangeI
b2f27efe0b2c71ab	app.PlayerCameraStateQueue.PlayerCameraState
b2f27efefc958e6a	app.PlayerCameraStateQueue.PlayerCameraStatePriority
b2f291aab38297d9	app.TimelineEventSceneCategoryFlags
b2f291aa07a4994d	app.TimelineEventSceneCategoryFlags
b2f3fc9171ddaf43	app.DetailSearchItemStorageBit
b2f3fc912ce5cf54	via.vec3
b2f3fc917062f8bd	via.Quaternion
b2f3fc91b4d55664	app.DetailSearchControlMode
b2f3fc9148e28a3b	via.GameObjectRef
b2f3fc91e6fc7d92	via.vec3
b2f3fc91418ee3ba	via.Quaternion
b30d6aa50b2c71ab	via.effect.script.EnvironmentEffectManager.ExternalProperty.PlayState
b317a7606ba51265	app.KeyboardSelectType
b31f2fc959cafc80	app.character.Vital
b31f2fc96d7ffcb1	app.character.Vital
b34c257306835a9c	app.EffectCharacterSurfaceMaterialDefinition.WaterColorType
b34c2573984bac0b	app.EffectCharacterSurfaceMaterialDefinition.WetLevel
b3521d23e2dc42cb	app.CharacterResumeType
b3626fb205ede329	via.GameObject
b3626fb29332036f	via.effect.ProviderData
b3626fb22dd58e27	via.vec3
b3626fb23e6039a2	via.Quaternion
b3626fb2bb717e4b	via.GameObject
b3626fb275c1faeb	via.GameObject
b3626fb2bcd5e2b2	via.effect.script.EffectManager.LODInfo
0b3753e7f5ff1be2	via.Guid
0b37ed213bcadb67	app.Cp_C100PermissionKind
b3bb8e8a6f1750b6	app.cp_B000.Cp_B000ThinkParameter.CharacterFilter
b3d4941581b8c4de	app.CameraPositionInterpolationCalculator.BezierCurveInterpolationData.OffsetBaseType
b3d49415910d7fa4	via.vec3
b3d4941540ce8eff	via.vec3
b3dec9f3ca2f45a8	app.AutoPauseFlowType
b3e89ba39021fede	app.SaveSlotSegmentType
b3e89ba3dbf1f0f1	app.SaveSlotCategory
b3ebfd0202246c70	via.physics.Shape
b3ebfd02cd397f67	via.physics.StaticCompoundShape.Instance.Type
b3ed1e15fd8c731e	via.vec2
b3ff2ac6f5ff1be2	via.Guid
b400eeddb619836a	via.Range
b400eedd9f19049a	via.Range
b409d3ec4d8e117e	via.AABB
b409d3ec43304056	via.AABB
b409d3ec0a683397	via.vec3
b418c05c5db7b8ed	via.vec3
b418c05cd6888945	via.vec3
b419990cb38e45bc	via.Joint
b421db3540e50d9d	via.curve.EaseType
b42527e8152e9eec	via.Transform
b42527e87d59d9b8	via.vec3
b42527e86519f22c	app.GimmickFragileFlag
b443e5bc513da32e	via.GameObjectRef
b443e5bc5289c691	via.GameObjectRef
b443e5bcfa0ac2f4	via.GameObjectRef
b458ee24ef9f9efb	via.Range
b458ee24dd63cf6c	via.Range
b4820644861ab707	via.render.UpscalingInterface.UpscalingAlgorithm
b48897a6861ab707	via.render.MeshRenderer.ReplaceShadowLodSyncMode
b496171f3c703f83	soundlib.SoundOverrideState.StateControlType
b49e0032ec65e64f	via.AnimationCurve
b49e0032b49680e0	via.AnimationCurve
b4a8a498d617557b	via.GameObjectRef
b4df7e01d4160e07	via.GameObjectRef
b4df7e0151ac1207	via.GameObject
b4df7e01b3961e7f	via.relib.light.LightBlinkUserCurveVariationPlayer.VariationParam.MaterialControllParam.ParamType
b4df7e0154aeb0b1	via.Range
b4df7e01af72c0cd	via.Color
b4f72e441abfb05d	app.WeaponCategory
b4ff6f0274077bc9	app.CameraPositionInterpolationCalculator.CalculatorType
0b517bcbf5ff1be2	via.Guid
b51df317211bc135	via.Range
b51df317a63b2ea2	via.Range
b5327770971523b3	via.resource_handle
b53277701a896bc6	via.render.VfxSubsceneResolutionType
b53b1e33f5ff1be2	via.Guid
0b5474cdef5095c4	via.effect.ProviderData
0b5474cd9b755684	via.vec3
0b5474cd466d7535	via.Quaternion
0b5474cdf61069d0	via.GameObject
0b5474cd46c993ad	via.GameObject
0b5474cd5b673006	via.GameObject
0b5474cdcbcd3f5d	via.effect.script.EffectManager.LODInfo
0b5474cdadca3c9b	via.effect.script.EffectManager.RequestOverwriteParam
0b5474cdebff8c2d	via.effect.script.EffectManager.RequestAdditionalParam
0b5474cd1f8e04be	via.effect.script.EPVCollisionHelper.EPVCastRayResult
b55a54b6f5ff1be2	via.Guid
b55ba1379ed3134a	via.vec3
0b560655152e9eec	via.Transform
0b5606557d59d9b8	via.vec3
0b5606556519f22c	app.GimmickFragileFlag
b56c50cd430bc704	via.Color
b575e976b619836a	via.Range
b575e9769f19049a	via.Range
b5774440fc5542a4	app.InteractTrigger.InteractTryType
b57744400fc6d44a	app.InteractTriggerVariableInput.CommandType
b5774440f8e2e331	app.InteractUtil.ButtonType
b5774440cdbfac40	via.GameObjectRef
b577444017762364	via.vec3
b5774440de722188	via.vec3
b5774440b28e01ad	app.InteractTriggerVariableInput.ObjIconDisplayType
b577444012583283	app.InteractTriggerVariableInput.ObjIconDistanceActorType
b577444008c968ae	app.InteractTriggerVariableInput.ObjIconShieldingType
b5774440517963a6	app.InteractTrigger.InteractDesiredPriority
b589175187c91ece	app.CompareType
b5986275f5ff1be2	via.Guid
b59862750bbe3917	app.Cp_Z000DodgeVariation.DodgeType
b598ddcff5682991	app.Cp_B004FirstCleaningSetting.CleaningPoint.CleaningType
b598ddcf5db7b8ed	via.vec3
b598ddcfa44bba84	via.vec3
b5a5714ef5ff1be2	via.Guid
b5a5714e68ce23a0	app.Cp_C100PostureType
b5bfc2147e4be574	via.Range
b5c2d62ff5ff1be2	via.Guid
b5d7f18896b5162f	app.GuiAttribute
b5d7f1887f880865	app.GuiLimitedAtteribute
b5d7f18827cca8c2	via.gui.Segment
b5d7f1888df62134	app.GuiInputLevel
b5d7f188af403d4d	app.GuiControllerBehavior.PoolLimitOperationType
b5d7f1884b971e6b	via.Prefab
b5e409beb36a883e	app.AttackPowerEnum
b5f1fc5bf5ff1be2	via.Guid
b606e8157dfacc0f	app.WeaponCategory
b606e815cadf0fbf	app.ShellWeaponStructureParam.ReloadType
b62df2be430bc704	via.Color
b62df2be0b6a5442	via.Range
b62df2be6c9fc46f	via.vec3
b62df2beeb7d4185	via.Range
b62df2be64eba5ad	via.vec2
b62df2be4261f741	via.vec3
b62df2be55e21b73	via.render.LDRRadialBlur.LookAtType
b64ba9959ed3134a	via.vec3
b64ba9951a59e0e8	via.Quaternion
b652c853731a651b	via.Int3
0b67122c0ac60a85	app.AppIkLookAtForceInterpController.InterpDirection
b6751700fd8c731e	via.GameObject
0b6763b77a57a332	via.GameObjectRef
0b6763b72a6fdcdb	via.vec3
0b6763b7e2173542	via.vec3
0b6763b7e14ac07d	via.Range
0b6763b72cbb7fc7	via.Range
b67cd8e0b43ddb43	app.AnimFootContact.EffectPosted
b67cd8e0f41b94df	via.Joint
b67cd8e00d718cb9	via.vec3
b67cd8e02ada13fe	app.AnimFootContact.FootType
b684a147f5ff1be2	via.Guid
b68d0fa7b2245af7	via.Range
b691432a993fec2f	app.CameraDefine.CameraInterpolateCurve
b6a0f92959b659e4	app.FlashLightController.ControlChildType
b6a0f92982117bd5	app.FlashLightController.LightGroupBit
b6a0f929ab278105	app.FlashLightController.LightComponentType
b6ce55d907967bc2	via.GameObjectRef
b7025b056ba51265	app.ObjectTags
b7214952da73f0b3	via.vec3
b725e99ef5ff1be2	via.Guid
b725e99e0128fb17	via.Range
b72aeb6a0c8b057f	app.Cp_B800SignSoundKind
b72aeb6a22879839	via.GameObjectRef
b72cdacfe2dc42cb	app.CharacterResumeType
b730cf37d1fdd5f4	via.Int3
b7323ada74077bc9	app.Cp_B700ActionFlowUserData.ParamType
b7323ada2ea5f1fa	via.Quaternion
b7381b4226d821e9	app.Cp_B000Equip.ChainsawStabType
b7381b420a6807ab	app.Cp_B000Equip.ChainsawAttackerType
b7381b42444d7cf2	app.EnemyFormationManager.ReservedTacticsType
b7381b425974cbb9	app.EnemyTacticsType
b7381b429ca71ab9	app.Cp_B000Sever.GougeLevel
b7381b42ff98e06a	app.Cp_B000Sever.GougeLevel
b7381b42daef038c	app.Cp_B000Sever.GougeLevel
b7381b42678c1a04	app.Cp_B000Sever.GougeLevel
b7381b423cce1f40	app.Cp_B000Sever.GougeLevel
b7381b427bb463e9	app.Cp_B000Sever.JawGougeType
b7381b42bd5a46fa	via.vec3
b7381b4221ec7827	app.Cp_B000Morph.UndiscoveryThinkType
b7381b42d170dd22	app.Cp_B000Dead.Cp_B000DeadPosture
b7406a6af5ff1be2	via.Guid
b77701b0054f8e29	via.Guid
b7787a2c0dd10c61	via.GameObjectRef
b78fdab3f5ff1be2	via.Guid
b7a6ec89ccd8b08c	app.Cp_C400EquipBehaviorTreeAction.ActionKind
b7bccad4d17a546a	app.PhotoModeDefine.PhotoSettingLimitType
b7d1bd63af119068	app.GuiTimelineEventController.PlayMode
b7d1bd63c09e369c	app.GuiTimelineEventController.DisplayOrder
b7dc4cb8bedd91a7	app.EventObjectType
b7dc4cb86d1d43cc	via.GameObjectRef
b7ff2afcf5ff1be2	via.Guid
b802a2f6f5ff1be2	via.Guid
b8058a88861ab707	app.GuiOptionV2ActionOptionID
b81917f1fc5542a4	app.InteractTrigger.InteractTryType
00b82298f5ff1be2	via.Guid
b82c1929fe672966	via.render.GridFluid2DWaterObstacle
b82dc369f3461f86	app.Cp_D000SpawnSettings.SpawnOrigin
b82dc369bba3b558	via.AABB
b82dc369998a4e6c	app.Cp_D000SpawnSettings.SituationKind
b82dc369f0dbc030	app.Cp_D000SpawnSettings.IdlePattern
b82dc369f18b4762	app.Cp_D000SpawnSettings.WalkPattern
b82dc36973767cc9	app.Cp_D000SpawnSettings.State
b82dc36933d8aeea	app.Cp_D000SpawnSettings.WanderType
b82dc36955540298	app.Cp_D000VoiceBlackboardUnit.VoiceType
b82dc3690822eafa	app.Cp_D000VoiceBlackboardUnit.VoiceType
b83cfc29f5ff1be2	via.Guid
b8427e09ab420ed6	app.GmDarknessInteractable.JudgeType
b8427e09dcc919db	app.GmDarknessInteractable.TargetType
b8427e0907967bc2	via.GameObjectRef
b8427e09523c8ecb	app.GmDarknessInteractable.OperationType
b862794073387570	app.Cp_B000BehaviorTreeAction_RequestUnequip.ArmCheckType
b8627940c765112b	app.Cp_B000Equip.CheckEquipType
b862827174d3501b	via.Range
b862827107c14aed	via.Range
b86282717f6c8a87	via.Range
b8698629f5ff1be2	via.Guid
b86dc07c10422649	app.MotionFsmActionTiming
b8753fdff5ff1be2	via.Guid
b876c28030bae005	app.EffectCharacterSurfaceMaterialDefinition.StrandsWetLevel
b877736f6d5d1e1a	app.PressWeightEnum
b8854a955c9cd185	via.motion.InterpolationMode
b8854a95993fec2f	via.motion.InterpolationCurve
b8854a95b5c98397	via.AnimationCurve
b890810d6ba51265	app.EffectMaterialGroupType
b8b042aaed4381f2	via.vec3
b8b6751b915b86ea	via.Quaternion
b8bcaf22f079c742	via.Range
b8bcaf224282c471	via.RangeI
b8d0307f96b5162f	app.GuiAttribute
b8d0307f7f880865	app.GuiLimitedAtteribute
b8d0307f27cca8c2	via.gui.Segment
b8d0307f8df62134	app.GuiInputLevel
b8d0307faf403d4d	app.GuiControllerBehavior.PoolLimitOperationType
b8d0307f4b971e6b	via.Prefab
b919c27f6c3f336f	via.vec3
b919c27f57f230b0	via.vec3
b91d999540e50d9d	via.curve.EaseType
b91d999586f7f324	app.WarpOption
b9220dbe74077bc9	app.Cp_B600StickDirectionTypes
b92a933d96b5162f	app.GuiAttribute
b92a933d7f880865	app.GuiLimitedAtteribute
b92a933d27cca8c2	via.gui.Segment
b92a933d8df62134	app.GuiInputLevel
b92a933daf403d4d	app.GuiControllerBehavior.PoolLimitOperationType
b92a933d4b971e6b	via.Prefab
b92e7e5a00723468	via.simplewwise.BankResourceHolder
b92e95235c9cd185	via.motion.InterpolationMode
b92e9523993fec2f	via.motion.InterpolationCurve
b9339adedcc919db	app.GrappleTargetType
b947cf5b6d2c033c	app.MotionFsmActionTiming
b95a032696b5162f	app.GuiAttribute
b95a03267f880865	app.GuiLimitedAtteribute
b95a032627cca8c2	via.gui.Segment
b95a03268df62134	app.GuiInputLevel
b95a0326af403d4d	app.GuiControllerBehavior.PoolLimitOperationType
b95a03264b971e6b	via.Prefab
b965d6ad42d08275	app.Cp_B030MoveParamIndividual.MoveType
b96cef7a861ab707	app.GuiAmiiboDefinition.FaceKindType
b973886cd9e54e07	via.curve.EaseType
b975ba06dd691ec7	via.effect.script.EPVExpertObjectLandingData.ObjectLandingElement
b975ba06937cfaef	via.effect.script.TinyTimer
b975ba06405833e9	via.vec3
b975ba0678ddf551	via.vec3
b975ba06cd1b8557	via.vec3
b975ba06923857e0	via.vec3
b97e29ed1e1dfe49	via.motion.TreeLayer
b98e45b82da5c2d2	via.Prefab
b98e45b8fc958e6a	via.render.VolumeDecal.Priority
b98e45b8cde5b81d	via.render.VolumeDecal.ProjectionShape
b98e45b8b3a71456	via.effect.script.EffectDecalMaterial.DecalFollowType
b98e45b877c61f2c	via.render.MeshMaterialResourceHolder
b9a60816ede44e83	via.GameObjectRef
b9a60816e52c962a	app.LevelFlowBehaviorTreeAction_FSM_Cp_E400SetStateAction.StateActionType
b9a608161e1dc670	via.GameObjectRef
b9a60816fbae5936	app.Cp_E400MentalStateFacialAnimationConfiguration.MentalStateType
b9ea9163f5ff1be2	via.Guid
b9f21ae887c91ece	app.CompareType
ba1bcfbce52c962a	app.LevelFlowBehaviorTreeAction_FSM_LevelDestinationAction.StateActionType
ba24f0c7f5ff1be2	via.Guid
ba24f0c70c0c49b8	app.Cp_B000Dead.Cp_B000DeadPosture
ba360bdfb099b0e5	via.AnimationCurve
ba4b51f0f5ff1be2	via.Guid
ba4b51f0e078e9dc	app.Cp_C800Define.AreaType
ba54dc20560f9e51	app.Cp_B800Updater.FindStateType
ba54dc20a8ca19a2	app.Cp_B800Updater.ChapterType
ba5cd4fea6b45cba	app.ReliefItemAppendWeightData.CheckItemKind
ba795fbb12a5547d	via.Color
ba91212461477743	app.LevelFlowGroup
ba9121246ca6a505	app.LevelFlowGroupLockType
baab9c820dd10c61	app.cg_NPC00.LookAtTargetType
baab9c8284c6f594	via.vec3
bab33c3ff4b7d996	soundlib.PhysicsValueType
bab6073db43ddb43	app.Cp_C600BehaviorTreeAction_PlayEquipGunHandConstAction.TypeEnum
babeb925861ab707	via.Language
bae04b5193597b38	via.vec3
bae04b5122cfad49	via.vec3
bb0b0afbf5ff1be2	via.Guid
bb0b0afb85685b56	app.cp_C900.Cp_C900Define.IvyUnitID
bb0b0afb0ba66411	app.cp_C900.Cp_C900Define.IvyActionState
bb0e5d6de2dc42cb	app.CharacterResumeType
bb16bb1cfff81c8f	via.render.LightPowerUnitType
bb16bb1c4c36c347	via.render.LightImportantLevel
bb16bb1ccf5cbe2b	via.vec3
bb16bb1c551c1c57	via.vec3
bb16bb1ca20c4172	via.render.TextureResourceHolder
bb16bb1cce5dc781	via.vec3
bb16bb1c5a86dfeb	via.vec2
bb16bb1c6fda3f4c	via.vec2
bb16bb1ca1b9d28c	via.render.LightShaft.LightShaftType
bb16bb1c430bc704	via.Color
bb1b04436e41d97c	via.Float4
bb1b044327b7466e	via.Float4
bb21d6a03ab83621	via.render.RenderOutputID
bb21d6a0bef418b5	via.vec3
bb21d6a00ce79f9f	via.render.LightImportantLevel
bb21d6a0be9f3db6	via.render.LightingTarget
bb21d6a0a1c3f26c	via.render.LightBakeOption
bb21d6a0271fbc7e	via.render.LightPowerUnitType
bb21d6a036f0f12e	via.render.IESLightResourceHolder
bb21d6a0da554126	via.render.ShadowCastFlag
bb21d6a0e39b8e93	via.GameObjectRef
bb21d6a091a00d5e	via.Float2
bb2bf104424a544a	via.mat4
bb3584e1b340e040	via.mat4
bb3f4b39f5ff1be2	via.Guid
bb3f4b39de118265	app.BehaviorTreeCondition_CheckHitPoint.CheckType
bb3f4b3987c91ece	app.BehaviorTreeCondition_CheckHitPoint.CompareType
bb450780f5ff1be2	via.Guid
bb454ca1861ab707	via.render.RenderConfig.SharpnessType
bb476c3595bbbf7e	via.vec3
bb476c35f5a98fc4	via.GameObject
bb476c35df8cb10f	via.vec3
bb476c35baf799f0	app.WindData.ATTENUATION_RATE
0bb4b9fa68ce23a0	app.Cp_C100PostureType
bb530588f354eef1	via.gui.EffectTexture.EffectPlane
bb530588074ed91f	via.gui.UVValueType
bb530588fd20af2a	via.gui.UVReverseType
bb5ea87fe290f8a4	via.vec3
bb5ea87f3baa8c2b	via.vec3
bb6b7d31aafa273f	via.effect.FluidParticleUserData
bb76dc7ff5ff1be2	via.Guid
bb76dc7f921c9fe9	app.GrappleBehaviorTreeConditionBase.GrappleRole
bb7e755296b5162f	app.GuiAttribute
bb7e75527f880865	app.GuiLimitedAtteribute
bb7e755227cca8c2	via.gui.Segment
bb7e75528df62134	app.GuiInputLevel
bb7e7552af403d4d	app.GuiControllerBehavior.PoolLimitOperationType
bb7e75524b971e6b	via.Prefab
bb95febce52c962a	app.Gm99_029.ActionType
bb95febcd6888945	via.vec3
bb965545e0fdb83a	via.Transform
bb96cc69975671a9	app.Cp_B000DamageVariation.ReactionUpgradeLevel
bb9c84a2b47fcfc9	app.EnemyContext.EliteStatusType
bbaab63d861ab707	app.VowelType
bbbf519eae4dd84f	app.it60_00_073Updater.OperationTarget
bbcc5ffded4381f2	via.vec3
bbcc5ffd4d5a9603	app.Cp_B000BehaviorTreeAction_SetupInterpolationInfoToActionTargetObject.TargetAxis
0bbd1a3d6d2c033c	app.MotionFsmActionTiming
0bbd1a3dc50b38cf	app.EnemyBehaviorTreeAction_ThrowEnemyThrowGimmick.DirectionType
bbd700fff5ff1be2	via.Guid
bbe638c37d20474a	app.TutorialDefine.SwitchType
bbed3545f5ff1be2	via.Guid
bbed3545de118265	app.Cp_B000BehaviorTreeCondition_DamageAddMotionOutTrigger.TriggerCheckType
bbfaf813f5ff1be2	via.Guid
bbfaf813012dbe79	app.NavigationSupporter.StateType
0bc00d7f6ba51265	via.GameObject
bc0efe33f5ff1be2	via.Guid
bc15bbbc7d20474a	app.TutorialDefine.SwitchType
bc20d41c5db7b8ed	via.Position
bc20d41cd5c29bd3	via.GameObjectRef
bc2ddb1115d1718e	via.GameObjectRef
bc2ddb11012dbe79	app.Gm99_087.GimmickActionState
bc3ae7444b971e6b	via.Prefab
bc60b294861ab707	app.AudioDynamicsRangeType
bc6f06ac1b90b4b1	via.vec3
bc6f06acd4138b08	app.AnimDelayHand_HandRollKind
bc9198c3f5ff1be2	via.Guid
bc9198c343f17333	app.CharacterFallParam.FallType
0000bc93ef3b122c	app.TPSCameraPositionCalc.CameraOffsetType
0000bc9351e183d5	app.TPSCameraParam.RotationType
0000bc9371059794	via.vec3
0000bc9365d1b908	via.AnimationCurve
0000bc9307f41f87	via.AnimationCurve
0000bc93c26d64ef	via.AnimationCurve
0000bc93782ddbdb	app.TPSCameraParam.RotationType
0000bc93c1ea7fae	via.AnimationCurve
0000bc938746be5f	via.AnimationCurve
bc95f30480f22b0b	via.Range
bc95f304ddf5fbe6	via.Range
bc95f3045e105476	via.Range
bc95f304e885df1b	via.Range
bc95f304c8dc3446	via.Range
bca44a5826d821e9	app.Cp_B000Equip.ChainsawStabType
bca44a580a6807ab	app.Cp_B000Equip.ChainsawAttackerType
bca44a58444d7cf2	app.EnemyFormationManager.ReservedTacticsType
bca44a585974cbb9	app.EnemyTacticsType
bca44a589ca71ab9	app.Cp_B000Sever.GougeLevel
bca44a58ff98e06a	app.Cp_B000Sever.GougeLevel
bca44a58daef038c	app.Cp_B000Sever.GougeLevel
bca44a58678c1a04	app.Cp_B000Sever.GougeLevel
bca44a583cce1f40	app.Cp_B000Sever.GougeLevel
bca44a587bb463e9	app.Cp_B000Sever.JawGougeType
bca44a58bd5a46fa	via.vec3
bca44a5821ec7827	app.Cp_B000Morph.UndiscoveryThinkType
bca44a58d170dd22	app.Cp_B000Dead.Cp_B000DeadPosture
bcac3ac0116a4a73	via.Range
bcb89b3c861ab707	via.render.OpenColorIOSDRConfig
bcbe88b71abfb05d	app.character.ActionCategory
bcbe88b7c11c1624	via.RangeI
bcc8a61141d37ca4	app.ShellWeaponStructureParam.ShootType
bcd2373d617783c3	app.TimerBase.CountMode
bcd35d5df5ff1be2	via.Guid
bce0576a74077bc9	app.Cp_B000BehaviorTreeAction_DirectDamage.DamageType
bce48e361a2c86d0	app.InteractHandlingConfigurationBase.Direction
bce740b3f5ff1be2	via.Guid
bcfd1e67f5ff1be2	via.Guid
bcff836874077bc9	app.InterpolationParamBase.InterpolationTypeEnum
bcff8368b664d91b	via.AnimationCurve
0bcff95fe0f4289d	via.Color
0bcff95fc9c5d3af	via.GameObject
bd01849b79fa8d00	via.Range
bd01849b1ad76ed6	via.Range
bd01e14e861ab707	via.render.RenderTargetOperator.CompareFunc
bd16075366dd9d02	app.GmWristTagAuthenticator.StepType
bd1fb16c84fe1b1e	app.InventoryType
bd1fb16c08402227	via.Int2
bd2023a4861ab707	app.GuiKeyAssignControlType
bd53ccd7e2dc42cb	app.CharacterResumeType
bd6686c00951985b	via.Range
bd6686c086c96406	via.Range
bd6686c09115fdff	via.Range
bd77e7263e3b4f0a	app.Cp_B800RoomKind
bd77e726f161929a	app.Cp_B800RoomKind
bd7860b3ede44e83	via.GameObjectRef
bd7860b3012dbe79	via.timeline.PlayState
bd799fa644ecdd06	via.RangeI
bd79fbbdf5ff1be2	via.Guid
bd79fbbde5651763	app.ICp_C100Door.DoorCaughtDownVariationType
bd9873f0f967a832	via.AnimationCurve
bd9873f024e6ea37	via.AnimationCurve
bdbd6f3942d08275	app.CharacterDefaultMoveType
bdc0ec0e25ac8757	app.PlayerReactionSetting.GripHandSetting.ExecType
bdcd8ea4f5ff1be2	via.Guid
bde646d96f56f51d	via.Color
bdff7ae1f5ff1be2	via.Guid
be0130cab01d37ff	app.Cp_B000Morph.LateMorphType
be0f71916ba51265	app.CustomFilterController.CustomFilterType
0be1bba7f0621567	via.vec3
0be31ff575ed7522	via.motion.OrclKey_LocalRot
0be31ff50841f576	via.motion.OrclKey_LocalRot
0be31ff5a1583547	via.motion.OrclKey_LocalRot
0be31ff59bf001f8	via.motion.OrclKey_LocalRot
0be31ff5842c2ecc	via.motion.OrclKey_LocalRot
0be31ff50546be4e	via.motion.OrclKey_LocalRot
0be31ff53f4b3c54	via.motion.OrclKey_LocalRot
0be31ff5f69347cb	via.motion.OrclKey_LocalRot
0be31ff5a53a50e8	via.motion.OrclKey_LocalRot
0be31ff5ac5626f9	via.motion.OrclKey_LocalRot
0be31ff509f2ed5c	via.motion.OrclKey_LocalRot
0be31ff5d854088a	via.motion.OrclKey_LocalRot
0be31ff5fb3e2c4c	via.motion.OrclKey_LocalRot
be393e77f5ff1be2	via.Guid
be3dceda1c3cb695	soundlib.EnumBool
be3dcedab5b06866	soundlib.EnumBool
be3dceda41db1094	via.vec3
be445286861ab707	via.Position
be4e37bd2957b882	via.Quaternion
be4e37bdeca91c05	via.vec3
be5b59386ba51265	app.TargetSensor.SensorKind
be637b222e16f017	via.motion.MotionBaseResourceHolder
be83c497f5ff1be2	via.Guid
be87a675e4c0f55c	via.string
be87a6751938eb52	via.string
beaf25ac6fabfe49	app.CollisionUtil.Material.Effect
0beb54dcbf2ccb56	via.GameObjectRef
bebf3c09ec1df7d3	via.GameObjectRef
bebf3c09f2c76bd2	via.GameObject
bef20e98424a544a	via.vec3
bf1245869b896075	app.Cp_B000Motion.StandVariation
bf437b1fa7f44853	via.GameObjectRef
bf4b56d607967bc2	via.GameObjectRef
bf61112dd70a3d93	via.render.MeshResourceHolder
bf61112d776a3b75	via.render.MeshMaterialResourceHolder
bf61112dbd0b57eb	via.Range
bf66261af5ff1be2	via.Guid
bf699e243f5b1ea5	via.vec3
bf699e24ceff36ef	via.mat4
bf699e2495cf6403	via.vec3
bf699e24d101bdb8	via.vec3
bf699e2479bc358b	via.vec3
bf76b8a5f5ff1be2	via.Guid
bf806aa789afc1a7	app.SoundMainMaterial
bf806aa72f14940d	app.SoundAddMaterial
bf806aa7f13e94a5	via.OBB
bf93a6bbf5ff1be2	via.Guid
bf93a6bbf8e2e331	app.DetailSearchController.InputInfo.ButtonType
bfa1791bc3316840	app.EPVExpertWeaponLandingDataCustom.ZDirectionType
bfa1791b51874cca	via.Range
bfa483f1f5ff1be2	via.Guid
bfb5b31056f4f269	via.vec3
bfb5b3102ea186ec	via.Range
bfc3c86cc4ed9a40	via.dynamics.RigidBodyId
bfc3c86cdeae0f06	via.dynamics.RigidBodyId
bfc3c86cf9d53ca0	via.dynamics.World
bfc65deb0a16914f	via.AnimationCurve
bfde518cf5ff1be2	via.Guid
bfe238a5e1742b05	via.mat4
bfe238a51ce22466	via.Quaternion
bfe238a5a907e85c	via.Quaternion
bfe238a596b6288a	via.vec3
bfff813cc26ad7ec	via.hid.virtualKeyboard.KeyboardMode
c006ff0474077bc9	app.GrappleBehaviorTreeAction_DisplayActionGuideGui.ActionGuideType
c02a3904f5ff1be2	via.Guid
c02a3904fbd3d067	app.Cp_C100EvaluateNarrowAreaDriver.EvaluateType
c04071c64b400359	via.effect.script.EventEffectDataElement
c042bfdd783c5509	app.CameraCharacterContactUserData.CameraOffsetType
c042bfddd55708cc	via.vec3
c046ca447de758c7	via.Prefab
c046ca44a9f9f5e9	via.Prefab
c0478824e87263e5	app.EPVExpertPartsBreak.PartsType
c054b64dc056f48b	app.TimelineEventDefine.ID
c06ec5fd8afc80f9	via.Range
c06ec5fdde14a729	via.Range
c06ec5fd43b9a565	app.Cp_B600Updater.StickType
c06ec5fdec4f42d0	via.Range
c06ec5fdadcfb181	via.Range
c07472b46b9f17cc	app.PlayerDefine.MotionFlag
c08e2d1cde118265	app.LevelFlowBehaviorTreeAction_FSM_GimmickUseKeyItemCheck.CheckTypeBit
c0901826ed4381f2	app.CharacterBehaviortreeAction_SwitchCharacterControllerEnableBase.ExcuteTiming
c094094e5d1bb4f9	via.mat4
c099bb9aaf485d0f	app.TimelineEventDefine.ID
c0e78e92df8cb10f	via.vec3
c0e78e920c4fa6f7	via.vec3
c0e78e92466d7535	via.vec3
c0e78e92df8ac66a	via.vec3
c0e78e92311e04b5	via.vec3
c0e78e9276068659	via.vec3
c0e78e92b8fe3c19	via.Quaternion
c0e78e92b3ec9ca8	via.vec3
c0e78e92d1257baa	via.Quaternion
c0f8e21a861ab707	app.SoundDetectionType
c13325f28bfc3ae7	via.motion.JointConstraintsResourceHolder
c136c6c11561b777	via.vec3
c1491e590739342d	app.Collision.Mask.Watcher_VS_WatchTarget_Enum
c1545aa21b0112da	app.Cp_C700RouteMoveUserData.EndActionType
c1545aa2d979819b	app.Cp_C700RouteMoveUserData.MovePatternType
c1546c08ed4381f2	app.CharacterBehaviortreeAction_SwitchCharacterControllerEnableBase.ExcuteTiming
c1546c0886637664	app.GrappleBehaviorTreeActionBase.GrappleRole
c16087c72185a077	app.OccupyPurpose
c16087c74a733b64	app.OccupyPermission
c170d4f40aab3dda	via.physics.GateEventType
c170d4f47f246b2c	via.physics.SensorTarget
c170d4f4880bd120	via.physics.GateSet
c170d4f4ce5ebba3	via.physics.Gate
c1860ad256d8896c	via.AnimationCurve
c189f426152e9eec	via.Transform
c189f4267d59d9b8	via.vec3
c189f4266519f22c	app.GimmickFragileFlag
c19b2080c7f3a7da	app.GimmickUtil.GlobalBitFlag2
c1a30dd4f5ff1be2	via.Guid
c1b0cc6e2e16f017	via.motion.MotionBaseResourceHolder
c1c1b25a6ba51265	via.render.UpscalingInterface.UpscalingAlgorithm
c1cd1de986f7f324	app.WarpOption
c1cd1de940e50d9d	via.curve.EaseType
c1d5c6dbf5ff1be2	via.Guid
c1d5cab974077bc9	app.WeaponConstCameraController.ArmParameterType
c1d5cab977a15f17	via.Quaternion
c1d5cab9e2d9bb30	via.Quaternion
c1db9f21f5ff1be2	via.Guid
c1e134ac6d2c033c	app.MotionFsmActionTiming
c20504c127325383	via.string
c20504c18bd5d36a	via.render.ShellFurParam.ShellThinType
c20504c1c597aba6	via.render.ShellFurParam.GroomingTexCoordType
c20504c1601d7299	via.resource_handle
c207fdb49cd46da6	via.Range
c216130d58fb55de	via.Joint
c216130db2371dfc	via.Joint
c21c734842d08275	app.Cp_C600Define.MoveType
c21c7348cedcbb55	app.Cp_C600Define.StandType
c21c7348f976b7a2	app.Cp_C600Define.HoldType
c25444b8f5ff1be2	via.Guid
c25444b811fa1c6c	app.FindStateController.FindSource
c255247a2185a077	app.OccupyPurpose
c255247a4a733b64	app.OccupyPermission
c2599020424a544a	via.motion.MotionResourceHolder
c25ed241152e9eec	via.Transform
c25ed2417d59d9b8	via.vec3
c25ed2416519f22c	app.GimmickFragileFlag
c260431ef5ff1be2	via.Guid
c28856d3d69c1617	app.GrappleBehaviorTreeActionBase.GrappleRole
c28856d332775e2b	app.GrappleBehaviorTreeActionBase.GrappleRole
c28856d3135b36f5	via.Range
c28fff84577c51b1	via.vec3
c28fff84df518eba	via.vec3
c28fff84caddada5	via.Quaternion
c28fff84f95bf8ed	via.Quaternion
c294afb61873dc19	via.render.RenderTargetTextureResourceHolder
c294afb64b971e6b	via.Prefab
c294d227f5ff1be2	via.Guid
c29e90cc87c91ece	app.CompareType
c2a2979239cd1435	app.GmTestBulldozerController.PlayType
c2a29792e0389dd5	via.GameObjectRef
c2a29792cea02bde	via.GameObjectRef
c2b3a283861ab707	app.HudColorType
c2b8704f0c0c49b8	app.Cp_C400PostureType
c2c74689861ab707	via.render.ShadowFilter
c2cb796bf75912d8	app.ExtraJointConstraintsUserData.CalcType
c2cb796be8b3b91c	via.vec3
c2ce3e70b72d2da1	via.vec3
c2ce3e703031ff65	via.Quaternion
c2e138f6b71b98bb	app.KeyLightController.Situation
c2e138f64aa0b06f	via.GameObjectRef
0c2f1486a47c7549	app.Cp_B060BehaviorTreeAction_RapidFire.Period
c2f27d7a87c91ece	app.CompareType
c2f27d7aab420ed6	app.PlayerReactionEventRequestCheckParam_Position.JudgeType
c2f27d7a71059794	via.vec3
c302661b87c91ece	app.CompareType
c302661ba3e53183	app.CompareType_EqNeq
c302661b4f3876cf	app.CompareType_Bit
c3033e19424a544a	via.vec3
c32cfb7fa254f0ff	via.navigation.map.NodeInfo
c32cfb7fabd998ac	via.vec3
c338dcb9f5ff1be2	via.Guid
0c33b74f6382fbea	via.vec3
0c33b74fa898d337	via.vec3
c33fc246d11ba606	via.Prefab
0c347bbcf5ff1be2	via.Guid
0c347bbcb73822d4	app.WayType
c353339807358904	via.Range
c3533398db75e580	via.Range
c360f674f5ff1be2	via.Guid
c3751c20de6cf883	via.AABB
c3751c20fa20f4cf	via.mat4
c3764e12ce5f9d82	via.vec3
c37935fcf5ff1be2	via.Guid
c384f4dd96b5162f	app.GuiAttribute
c384f4dd7f880865	app.GuiLimitedAtteribute
c384f4dd27cca8c2	via.gui.Segment
c384f4dd8df62134	app.GuiInputLevel
c384f4ddaf403d4d	app.GuiControllerBehavior.PoolLimitOperationType
c384f4dd4b971e6b	via.Prefab
c3da5ace988cfae8	via.effect.script.CreatedEffectContainer.RequestCommand.Command
c3da5ace655ddec7	via.effect.ProviderData
c3da5ace50b5ad13	via.Color
c3da5ace1e420ace	via.vec3
c3dd4d96861ab707	via.Uint2
c3eb55706d2c033c	app.StartEndType
c3eb557074077bc9	app.Cg_NPC01Updater.ThroughHitReactionType
0c3f432774077bc9	app.BehaviorTreeAction_MFSM_CameraShakeAction.CameraShakeParamMFSM.ShakeType
c407e516de6cf883	via.OBB
c40e53196ba51265	app.Cp_C610PhaseAttackBlackBoardUnit.PhaseAttackTypeEnum
c4111f126d2c033c	app.MotionFsmActionTiming
c41a63d2f3c271ec	via.physics.CharacterController
c425436bf5ff1be2	via.Guid
c447bfc01a2c86d0	app.InteractHandlingConfigurationBase.Direction
c452494bf5ff1be2	via.Guid
c456d1700c8b057f	app.Cp_B800SignSoundKind
c48a2e5b5db7b8ed	via.vec3
c48a2e5b2ea5f1fa	via.Quaternion
c49278ace3e6ba68	via.vec3
c49a956d861ab707	via.render.reflexlib.ReflexLibManager.ReflexLatencyMode
c4b2ff548bde0fa6	via.vec2
c4b2ff5414cd2679	via.vec2
c4b2ff54a6489158	via.vec2
c4b2ff54a2581f24	via.vec2
0c4b3fa275ed7522	via.motion.OrclKey_Pos
0c4b3fa20841f576	via.motion.OrclKey_Pos
0c4b3fa2a1583547	via.motion.OrclKey_Pos
0c4b3fa29bf001f8	via.motion.OrclKey_Pos
0c4b3fa2842c2ecc	via.motion.OrclKey_Pos
0c4b3fa20546be4e	via.motion.OrclKey_Pos
0c4b3fa23f4b3c54	via.motion.OrclKey_Pos
0c4b3fa2f69347cb	via.motion.OrclKey_Dir
c4b43899c7791952	via.AnimationCurve
c4b4389926f10ee4	app.SoundDetectionType
c4b9eacaf5ff1be2	via.Guid
c4c8bd8ae2dc42cb	app.CharacterResumeType
c4d0fd9fde118265	app.LevelFlowBehaviorTreeAction_FSM_ProgressSignboardBattle.DeadCheckType
c4d65d0fe99e6508	via.vec3
c4d65d0fadcc31f3	via.vec3
c4dbb13b74077bc9	app.Cp_B600BehaviorTreeAction_WaitFatalLoop.FatalType
c4dd4d4f79fa8d00	via.Range
c4dd4d4f1ad76ed6	via.Range
c4f0870595bbbf7e	via.vec3
c4f08705f5a98fc4	via.GameObject
c4f08705df8cb10f	via.vec3
c4f1020fc83a1cd9	app.GuiAmiiboDefinition.FaceKindType
c4f52e60f5ff1be2	via.Guid
0c5075ac4efa80dd	via.OBB
c51712e55ff2224a	via.render.RenderTargetOperator.CompareFunc
c51712e561250c41	via.render.RenderTargetOperator.CompareFunc
c51712e56e857b47	via.render.RenderTargetOperator.CompareFunc
c51712e5ad1eee16	via.render.RenderTargetOperator.CompareFunc
c51712e57e69c151	via.render.RenderTargetOperator.Op
c51712e545663b81	via.render.RenderTargetOperator.Op
c52b7db4f7a97e39	app.GrappleTargetType
c52b7db4fefc3c17	app.GrappleTargetType
c52b7db4ef007ecf	via.vec3
c54934a4f5ff1be2	via.Guid
c5528ebfadbc8fbb	via.Float2
c5528ebfd7c07d2c	via.AnimationCurve
c5582df788a8733e	via.vec3
c5582df7be619d0b	via.vec3
c5582df77470b087	via.vec3
c5582df72b58fba3	via.vec3
c5582df75874653a	via.vec3
c56d34af152e9eec	via.Transform
c56d34af7d59d9b8	via.vec3
c56d34af6519f22c	app.GimmickFragileFlag
c57299c4d6888945	via.vec3
c57299c4ed96ebd0	via.Quaternion
c57299c4fede4e7d	via.vec3
c575abaff5ff1be2	via.Guid
c587584b92f71113	anim.AnimIkC400AttackAdjust.BaseDirType
c5879110f5ff1be2	via.Guid
c58f6f8df5ff1be2	via.Guid
c58f6f8daf485d0f	app.cp_B600.Cp_B600ThinkDriver.AttackTriangleJumpType
c59c907f50297c54	app.Cp_B800ThinkStateType
c5a11453f5ff1be2	via.Guid
c5a1d0007559d0f8	app.AppStatusTriggerUserData.TriggerType
c5a556dc861ab707	via.render.DLSSFrameGenerationInterface.DLSSGMode
c5ac2795f5ff1be2	via.Guid
c5bb0d756ba51265	app.MovieDefine.ID
c5ca9940f5ff1be2	via.Guid
c5e1fbce0dd10c61	app.CharacterBehaviorTreeAction_RequestDenyAttackPermit.DenyTarget
c5e256bb0f614548	via.RangeI
c5e256bb4c53c58d	via.vec3
c604ba3117762364	via.vec3
c604ba31162d62a7	via.vec3
c604ba31b051d34e	via.vec3
c604ba317a297474	via.vec3
c604ba31d14d06d2	via.vec3
c604ba31a2220130	via.vec3
c604ba31b929d372	via.Float2
c60c66a8de118265	app.CompareType
c61768286ba51265	app.GmLongJump.GimmickMotionType
c62718465db7b8ed	via.vec3
c631d373dcc919db	app.PlayerBehaviorTreeAction_ConstWeaponJoint.TargetType
c6493a1f0fdaca91	via.GameObjectRef
c6493a1fdc5ff7d0	via.GameObjectRef
c6668206f5ff1be2	via.Guid
c6668206feef1edd	app.cp_B000.DummyDead_RoleActionAdditionalSettings.DummyDeadVariation
c69033ccc5e5706d	app.Inventory.SortOrder
c69d5e9f6d2c033c	app.MotionFsmActionTiming
c69d5e9fb3515c5c	via.vec3
c69d5e9fb8734d4b	via.vec3
c6c650450c8b057f	app.Cp_B800SignSoundKind
c6c7b650f5ff1be2	via.Guid
c6cdc0a32e16f017	via.motion.MotionBaseResourceHolder
c6d0bfeafbae5936	app.Cp_E400MentalStateFacialAnimationConfiguration.MentalStateType
c6d0bfea576d4709	via.GameObjectRef
c6d0bfeac4639c74	via.GameObjectRef
c6d0bfea45b9eda5	via.mat4
c6d0bfea7b08f085	via.mat4
c6d0bfea3b1e7873	via.motion.MotionResourceHolder
c6dbd47d861ab707	via.render.ColorSpace
c6e95ab9b0706ebf	via.pointgraph.PointData
c6e95ab99cf558ef	via.vec3
c6e95ab9f7c279df	via.pointgraph.PointData
c6e95ab9f879721c	via.vec3
c6ee26ed0f22f399	app.HitPointGaugeLevel
c6ff4ff496b5162f	app.GuiAttribute
c6ff4ff47f880865	app.GuiLimitedAtteribute
c6ff4ff427cca8c2	via.gui.Segment
c6ff4ff48df62134	app.GuiInputLevel
c6ff4ff4af403d4d	app.GuiControllerBehavior.PoolLimitOperationType
c6ff4ff44b971e6b	via.Prefab
c7181fa7993fec2f	app.CameraDefine.CameraInterpolateCurve
c71c21116f6d291a	via.motion.MotionResourceHolder
c72ac8486d2c033c	app.PlayerBehaviorTreeAction_RequestPlayerMessageEvent.Timing
c739eb10adcb8e35	via.Guid
c73e48b3ee67c9b6	app.RankManager.RankType
c763f074a2de30a2	app.orcl.Orcl_DatabasesQuerySets.SelectionMode
c76959b06a4f57e3	app.CharacterControlAttachmentTag
c76a0210861ab707	app.SSSQuality
c76d216060065619	via.Prefab
c76d2160b3a71456	via.effect.script.EffectVolumetricFog.VolumetricFogFollowEnum
c76d2160fd963781	via.render.VolumetricFogType
c76d216058276696	via.OBB
c76d2160a3902309	via.OBB
c76d21608658272f	via.render.MeshResourceHolder
c76d2160430bc704	via.Color
c76d21604b565ec2	via.vec3
c76d21602b0a738d	via.Color
c76d216077c61f2c	via.render.MeshMaterialResourceHolder
c7750a91861ab707	via.AABB
c78ff104eeb0a1c3	via.vec3
c79110d64b971e6b	via.Prefab
0c7a6841a37cce3f	app.BehaviorTreeAction_TramMotionBlendType
c7b3130bf5ff1be2	via.Guid
c7b3130bab813ece	app.GrappleBehaviorTreeConditionBase.GrappleRole
c7b7769f2aaa904e	app.LevelFlowBehaviorTreeAction_FSM_EventFadeAction.LevelEventFadeType
c7b7769fad0b3844	app.EventFadeColor
c7bfc9a6f8685a7f	via.relib.render.ReLibEVDataList.DataType
c7bfc9a6f4e70b83	via.relib.effect.EVRefVFXTable
c7bfc9a6b664d91b	via.AnimationCurve
c7bfc9a6ead9e7ff	via.timeline.UserCurveResourceHolder
c7c6307cf5ff1be2	via.Guid
c7c6307c012dbe79	app.NavigationSupporter.StateType
c802cb0f00935803	app.DetailSearchExitType
c809844d85685b56	app.cp_C900.Cp_C900Define.IvyUnitID
c809844d0ba66411	app.cp_C900.Cp_C900Define.IvyActionState
c822e92a8b3f3e74	via.vec3
c822e92a243c5f31	via.GameObject
c822e92a48fe4803	via.Quaternion
c822e92ae0fdb83a	via.effect.script.EPVStandard
c822e92ae6d8c6ed	via.GameObject
c822e92ac681304a	via.mat4
0c82e11607967bc2	via.GameObjectRef
0c82e1167e4ea976	app.Gm02_016.SetType
0c82e116ac24356e	via.GameObjectRef
c83783ec503c45e3	via.AnimationCurve
c85756ac74077bc9	app.ADSCameraPositionData.PositionType
c85965488665516e	app.MovieDefine.ID
c86cf2e82227b105	via.resource_handle
c86cf2e8301bc489	via.motion.WrapMode
c86cf2e843cdcf3b	via.motion.Fsm2ActionPlayMotion.FrameControl
c870ac19861ab707	app.FSR3QualityType
c875ace5a68e3eb3	app.Cp_B800BehaviorTreeAction_AfterAttackWaitTimerBase.WaitType
c87dfed7152e9eec	via.Transform
c87dfed77d59d9b8	via.vec3
c87dfed76519f22c	app.GimmickFragileFlag
c87e0a39b7ecd9fc	app.GimmickMontageController.PartsCustomType
c87e0a39163ea817	via.motion.MotionBaseResourceHolder
c87e0a39c05d0d35	via.motion.BlendMode
c87e0a397229d8ef	via.GameObjectRef
c883e43be2dc42cb	app.CharacterResumeType
c889fd7ff5ff1be2	via.Guid
c889fd7fcedcbb55	app.Cp_C600Define.StandType
c8a6994a1ec35a4c	app.QuestConcealType
c8b8075b0dd10c61	app.Cp_C500MoveSpeedUserData.TargetType
c8b8075b1abfb05d	app.character.ActionCategory
c8d2d1d0e0fdb83a	via.effect.script.EPVExpertPhysics
c8d2d1d008bee162	via.effect.script.EPVExpertPhysicsData.TriggerTypeEnum
c8e0a5021c3cb695	soundlib.EnumBool
c8e0a502b5b06866	soundlib.EnumBool
c8e149011ec35a4c	app.QuestConcealType
c8f6e7d2f5ff1be2	via.Guid
c8ff8ee2f5ff1be2	via.Guid
c8ff8ee2deadcf4d	via.Range
c9070d49f5ff1be2	via.Guid
c9070d49756b1633	app.GrappleBehaviorTreeConditionBase.GrappleRole
c9070d49140568bf	app.GrappleBehaviorTreeConditionBase.GrappleRole
c9070d49edb06294	app.BodyPartsEnum
c912ef0607aa9042	app.SoundAddMaterial
c912ef06bc0f96c3	app.EffectMaterialGroupType
c92b6ad6702da496	via.Prefab
c92ec6c56d2c033c	app.BehaviorTreeAction_MFSM_BikeCameraMotionRequest.RequestTiming
c92ec6c53d2965fe	app.BehaviorTreeAction_MFSM_BikeCameraMotionRequest.RequestType
c92ec6c5defe257b	via.AnimationCurve
c93fffdea276a429	via.render.SSAOControl.SSAOAlgorithm
c93fffdecb722353	via.render.SSAOControl.SampleQuality
c93fffdee83db115	via.render.SSAOControl.FilterQuality
c941bfd2b280aab0	via.Position
c941bfd2223f0a0b	via.Position
c960597740e50d9d	via.curve.EaseType
c96cfc0c74077bc9	app.EffectScreenDamageType
c96cfc0cb412d858	via.GameObjectRef
c96d625496b5162f	app.GuiAttribute
c96d62547f880865	app.GuiLimitedAtteribute
c96d625427cca8c2	via.gui.Segment
c96d62548df62134	app.GuiInputLevel
c96d6254af403d4d	app.GuiControllerBehavior.PoolLimitOperationType
c96d62544b971e6b	via.Prefab
c973a39e3d2965fe	app.cp_C801.Cp_C801Define.RequestSwitchCamType
c982221d4a5227d5	via.GameObjectRef
c982221dabecd1d3	app.Gm99_031.MotionType
c992d08d6ba51265	app.Cp_B800RoomKind
c99761e8dcc919db	app.EPVExpertDamageEffectElement.TargetCategory
c99761e87e07433c	app.AttackTypeEnum
c99761e8bf578bac	app.EffectDamageCustomType
c99761e82f83c5e5	app.EPVExpertDamageEffectData.DirectionType
c99761e80d89f003	via.vec3
c99761e832e2f382	app.AttackTypeEnum
c99761e802465cf8	via.Color
0c9a62d019bc25fd	via.effect.script.EPVDataElement
c9c44729e52c962a	app.LevelFlowBehaviorTreeAction_FSM_Cp_C400SetStateAction.StateActionType
c9d1ff45861ab707	via.render.layer.Transparent.ReducedTransparentBuffer
c9eaacd26ba51265	app.PlayerDefine.ActionControlType
c9efcd40861ab707	app.CustomFilterController.CustomFilterType
ca0697cedcc919db	app.InteractActionGmStructureData.InteractTargetType
ca0697cec3962bbd	via.GameObjectRef
ca0bfeda152e9eec	via.Transform
ca0bfeda7d59d9b8	via.vec3
ca0bfeda6519f22c	app.GimmickFragileFlag
ca0ebb6b40e50d9d	via.curve.EaseType
ca0ebb6b86f7f324	app.WarpOption
ca138e80b619836a	via.Range
ca138e809f19049a	via.Range
ca138e803031ff65	via.Quaternion
ca16dc5215d1718e	via.GameObjectRef
ca16dc5243fb7a9c	via.vec3
0ca23b22b72d2da1	via.vec3
ca24b97f861ab707	app.PlayerInputMediator.ExternalControl
ca24bcd6e50beb22	app.LightAnimator.AnimationBase.AnimationWrapMode
ca24bcd6bfaf8233	via.vec3
ca24bcd6582b1c95	via.vec3
ca38b35f63d5282e	app.FindStateController.FindSource
ca485a3bb533dee6	via.threading.SimpleReaderWriterLock
ca5f9efa6d2c033c	app.Cp_B000BehaviorTreeAction_SetDownTime.ResetTiming
ca5f9efa68a60e7f	app.Cp_B000ActionStateBlackboardUnit.DownLoopCategory
ca78051c1120e9d0	via.vec3
ca78051c2e71a3fa	via.vec3
ca78051cda8e4b93	via.vec3
ca78051c75030de2	via.vec3
ca78051cdf781ae0	via.vec3
ca7f9624e2dc42cb	app.CharacterResumeType
ca9c1f927f5677c3	via.Prefab
caaf691243917f34	via.Range
cab699d935c2602e	via.GameObjectRef
cad17c216ba51265	app.LockOnTargetWork.TargetAttribute
caed113af5ff1be2	via.Guid
caf7e647f5ff1be2	via.Guid
cb030561e52c962a	app.InteractActionFixCamera.InteractActionType
cb030561667c86b4	app.PlayerDefine.FlashLightOverrideControl
cb030787b0623e6f	via.GameObjectRef
cb030787a8bda540	app.InteractUtil.TagFlg
cb0c7e35cbed5d55	via.GameObjectRef
cb0c7e3584cfb4a8	via.GameObjectRef
cb0c7e350bcf1c36	via.effect.script.EffectManager.Material2GroupType
cb0c7e35e62be4f8	via.effect.script.EffectManager.EffectName
cb0c7e3567501797	via.effect.script.EffectManager.RequestParamComposeType
cb0c7e35e279588e	via.effect.script.EffectManager.LODData
cb0c7e35c7e14fbb	via.effect.script.EffectManager.LODData
cb0c7e35ac7411d0	via.effect.script.MaterialControllerManager
cb0d39acf5ff1be2	via.Guid
cb14fe35993fec2f	via.AnimationCurve
cb26724380f94823	app.BoolType
cb2672433ba44309	app.CharacterBehaviorTreeAction_SubAdjustTerrain.EndSettingType
cb3419020091e4f9	via.vec3
cb63a2fedcc919db	app.TargetType
cb6e8876861ab707	via.render.RenderConfig.Quality
cb78dcfe31f31f34	via.Prefab
cb7b8f9495bbbf7e	via.vec3
cb7b8f94964858db	via.vec3
cb8628a26d2c033c	app.BehaviorTreeAction_MFSM_CameraForceTwirlerStopAction.RequestTiming
cb8d35bfca67f614	app.Cp_C600BehaviorTreeAction_ShotFire.ShotTiming
cbb89e79f5ff1be2	via.Guid
cbc45b1ef5ff1be2	via.Guid
cbcbae686d2c033c	app.MotionFsmActionTiming
cbddfd50523c8ecb	app.GmDarknessInteractable.OperationType
cbe09427993fec2f	via.AnimationCurve
cbed7580f00b64c1	app.PlayerCameraPositionSetting.PlayerCameraSubState
cbf41ced1a2c86d0	app.InteractHandlingConfigurationBase.Direction
cbf79c2ce5a88bd6	via.resource_handle
cc1519aceaf4363e	via.vec3
cc1519ac0cf79ac1	via.Range
cc1519ac16a4a618	via.Range
cc219ea374077bc9	app.CharacterBehaviorTreeAction_AngularRotationCommonBase.DirectionType
cc23f933befddac3	via.motion.CppSampleAppendChild.Test
cc23f93355ad616e	via.vec3
cc23f9338cfb7e41	via.string
cc2d9dd9f5ff1be2	via.Guid
cc2d9dd96651c037	app.cp_B600.B600_RoleActionSettings_AppearDuct.MotionPattern
cc385793d2b6a6b2	via.resource_handle
cc3bbb0ade118265	app.LevelFlowBehaviorTreeAction_FSM_CharacterDeadCheck.DeadCheckType
cc40cf07e2dc42cb	app.CharacterResumeType
cc671f5182d9216e	app.RequestGimmickCameraUserData.PersonType
cc671f51a56fb148	via.motion.MotionCameraBankResourceHolder
cc671f5129a7887b	via.Range
cc671f511ad7d5f2	via.Range
cc7a50575e94324d	app.AssistLightIntensityZoneHolderGroup
cc7a5057993fec2f	via.AnimationCurve
cc7a50573c8fc254	via.physics.SphereShape
cc8091a9f5ff1be2	via.Guid
cc94aac740e50d9d	via.curve.EaseType
cc94aac786f7f324	app.WarpOption
0cca7efada08121c	app.Cp_E400MentalStateFacialAnimationConfiguration.MentalStateType
ccbf2eda0aebf03f	via.vec3
ccbf2edae63af03a	via.vec3
ccd1fb4c592e712e	via.OBB
ccd6a616152e9eec	via.Transform
ccd6a6167d59d9b8	via.vec3
ccd6a6166519f22c	app.GimmickFragileFlag
ccd7403224877cee	app.SoundDetectionType
ccd74032c4e53889	app.SoundDetectionType
ccd9a1f00fdaca91	via.GameObjectRef
ccfa3ed00e0dfee5	via.motion.AxisDirection
ccfa3ed096852e56	via.motion.AxisDirection
ccfa3ed079fa8d00	via.Range
ccfa3ed01ad76ed6	via.Range
ccfa3ed0d6888945	via.vec3
ccfa3ed0ed96ebd0	via.Quaternion
ccfcc1d9f01b4941	app.DetailSearchControlModeBit
cd06c055d8cbf496	app.GamePlayerID
cd0b57043d735a42	app.TimelineEventEquipment
cd0b57044f1c5330	app.TimelineEventFinishPoseType
cd0b5704f09ccf3d	app.TimelineEventFinishPoseType
cd4a5ffa3c0e1600	app.Cp_B800PressType
cd4c210d3fc0ff2e	via.behaviortree.FSMv2TreeResourceHolder
cd4c210d932ad755	via.physics.RequestSetColliderResourceHolder
cd4c210d2ea296c8	app.PressWeightEnum
cd4c210da08a52bf	via.dynamics.RigidBodySetResourceHolder
cd4c210d4ee66808	via.Prefab
cd4e53416d2c033c	app.CharacterBehaviorTreeAction_ResetGpuCloth.ExecuteTiming
cd544a24993fec2f	app.CameraDefine.CameraInterpolateCurve
cd5c21f82869d24a	via.Quaternion
cd5d955e5db7b8ed	via.vec3
cd69393e861ab707	app.Cp_A100UpdaterBase.TempPanicRunMode
0cd7458bf5ff1be2	via.Guid
cd944af8369a4e78	via.render.Light
cd944af80f886e22	via.render.LightShaft
cd944af892fc53a3	via.render.VolumeOccludee
cd944af88c58ff4a	via.effect.script.TinyTimer
cd944af8c4395b1a	via.Color
cd9e67b3b0706ebf	via.pointgraph.PointData
cd9e67b39cf558ef	via.vec3
cda8f1ddf5ff1be2	via.Guid
cdd157cfdb57520e	via.Float4
cdd157cf73989c78	via.Float4
cdda9eae95df0fb6	via.vec3
cde8ab25de15cf98	via.resource_handle
cde8ab25e89548c2	via.resource_handle
cde8ab25051dc86f	via.resource_handle
cdf1be261a2c86d0	app.InteractHandlingConfigurationBase.Direction
cdf21dd34064b1fa	via.vec3
cdf21dd36e8e785e	via.Quaternion
cdf21dd37af8296f	via.vec3
ce04905f7c829a50	via.curve.EaseType
ce1646814b971e6b	via.Prefab
ce1eda5996b5162f	app.GuiAttribute
ce1eda597f880865	app.GuiLimitedAtteribute
ce1eda5927cca8c2	via.gui.Segment
ce1eda598df62134	app.GuiInputLevel
ce1eda59af403d4d	app.GuiControllerBehavior.PoolLimitOperationType
ce1eda594b971e6b	via.Prefab
ce1ef8a9adcb8e35	via.Guid
ce4bbeaf5db7b8ed	via.vec3
ce4de0fb1a2c86d0	app.InteractHandlingConfigurationBase.Direction
ce5e21f76c8881e2	via.Prefab
ce6bbe676ba51265	app.character.DebuffStatus
ce7b434ee43cceb0	via.Range
ce7b434eabf88522	via.Range
ce7b434e7d134e78	via.Range
ced3bf76e52c962a	app.DetailSearchAction_NotifyAction.NotifyActionType
ced44f126533e4c1	via.Float4
ced51d352227b105	via.resource_handle
ced51d35301bc489	via.motion.WrapMode
ced51d3543cdcf3b	via.motion.Fsm2ActionPlayMotion.FrameControl
cf0061c3861ab707	via.render.ShadowPrecision
cf19055a95bbbf7e	via.vec3
cf19055a466d7535	via.Quaternion
cf19055a0c962951	via.vec3
cf2923d02e16f017	via.motion.MotionBaseResourceHolder
cf2ea2a023602710	via.Float3
cf564ba7861ab707	app.Gm99_141.StepType
cf76f4cbede44e83	via.GameObjectRef
cf7df1a8ded16703	via.timeline.TimelineBaseResourceHolder
cf7df1a8c5ad18fd	via.timeline.TimelineBaseResourceHolder
cf7df1a8f6d4a694	via.render.RenderTargetTextureResourceHolder
cf7df1a8c74faa64	via.GameObjectRef
cf80de5bf5ff1be2	via.Guid
0cf95cfca3c54e13	app.LightSceneControlType
0cf9a0a645167447	app.character.DebuffStatus
cfa69295af485d0f	app.TimelineEventDefine.ID
cfa69295115af594	app.EventDefine.Perspective
cfbb83e8efe0c328	app.GmLadderV2.ClimbType
cfbb83e888ccdbcc	app.GmLadderV2.FrontType
cfbcc8f261477743	app.LevelFlowGroup
cfbcc8f2de118265	app.LevelFlowBehaviorTreeAction_FSM_GroupEnableCheck.GroupCheckType
cfe0e18b0c8b057f	app.Cp_B800SignSoundKind
cfe0e18b22879839	via.GameObjectRef
cffc1d67f5ff1be2	via.Guid
0cffd0a05db7b8ed	via.vec3
0cffd0a02ea5f1fa	via.Quaternion
cffe5d4d861ab707	via.render.RenderConfig.VRSType
d0056111d266ceff	via.vec3
0d0108ed81e1a9e2	app.LayeredParamGroupBits
0d0108edf9f1c451	app.LayeredParamGroupBits
0d0228f8b9032fbf	via.RangeI
0d0228f863dff698	via.motion.MotionResourceHolder
0d0228f8e26beeac	via.motion.MotionResourceHolder
0d0228f8dc0b81f2	via.motion.MotionResourceHolder
d0305c4b6f592b54	via.render.ShadowCastMode
d0305c4b8e7515cf	via.render.Mesh.BeautyMaskChannel
d0333892c26ad7ec	via.hid.virtualKeyboard.KeyboardMode
d0333892e7e6a036	via.hid.virtualKeyboard.LayoutType
d03338925440795a	via.hid.virtualKeyboard.CollapseSetting
d034b243b76a0aed	via.GameObjectRef
d04005e13550ca42	via.render.RenderTargetTextureResourceHolder
d04005e1160f9a00	via.render.Bloodshed.SourceChannel
d04005e13d9679eb	via.render.TextureResourceHolder
d04005e111c920b7	via.render.Bloodshed.SourceUV
d043c65eed4381f2	app.CharacterBehaviortreeAction_SwitchCharacterControllerEnableBase.ExcuteTiming
d04b489c861ab707	via.render.RenderConfig.DeinterlaceType
d07c3128f5ff1be2	via.Guid
d08a2fc88d4b4bc5	via.vec3
d08a2fc8b6a2af8b	via.Quaternion
d091d905745d9c59	via.curve.EaseType
d091d905cb6d23c8	via.curve.EaseType
d091d90550f86251	via.curve.EaseType
d097d9728b0a1fa6	via.AnimationCurve
d097d97278a4bc7b	via.AnimationCurve
d09c14274a39cc11	app.HitPointGaugeLevel
d0a88df4f3bd73b5	via.motion.SmoothDissimilarityFrameType
d0b294fb34e15bbc	via.GameObjectRef
d0b87614fc5542a4	app.InteractTrigger.InteractTryType
d0b876140fc6d44a	app.InteractTriggerVariableInput.CommandType
d0b87614f8e2e331	app.InteractUtil.ButtonType
d0b87614517963a6	app.InteractTrigger.InteractDesiredPriority
d0c08cef4b971e6b	via.Prefab
d0c4e2be2e1c5368	via.curve.EaseType
d0c94f71f5ff1be2	via.Guid
d0ca4610e52c962a	app.InteractActionTomahawkJump.ActionType
d0cdf65cf5ff1be2	via.Guid
d0d02305e2dc42cb	app.CharacterResumeType
d0e110561aabb5e7	via.render.TextureResourceHolder
d0e110563256a358	via.vec2
d0e1105636c546cc	via.vec2
d0ea346ff5ff1be2	via.Guid
d0eb1ad7031a3db0	app.ExtraContentsElementUIType
d0f91d82f5ff1be2	via.Guid
d10bea850820d546	app.Cp_B800PlayerTension
d11143cff5ff1be2	via.Guid
d13fd87387c91ece	app.CompareType
d148806287c91ece	app.CompareType
d14880623d2965fe	app.PlayerMessageTriggerSetting.RequestType
d149494074077bc9	app.TutorialDefine.ConditionType
d1543790f5ff1be2	via.Guid
d167011e27a07ff6	via.GameObjectRef
d167011e1b882853	app.LevelFlowBehaviorTreeAction_FSM_SpawnerWarpAction.SpawnerWarpData.WarpParamType
d167011ea2510f0c	via.GameObjectRef
d16d592b5322d7a9	via.motion.AxisDirection
d16fe1006d5d1e1a	app.PressWeightEnum
d16fe100eb5c7f0a	app.PressWeightEnum
d178fa90582b1c95	via.vec3
d178fa909d346b82	via.vec3
d185254cf5ff1be2	via.Guid
d185254cb7969141	app.InteractGrappleBlackboardUnit.ReservedActionType
d18a763df5ff1be2	via.Guid
d18a763d835322de	via.Range
d19a13d16ba51265	app.AppEventUpdateOrder.UpdateOrder
d19acdf0fcba4d8f	app.Cp_B800UpdaterBase.SoundChapterType
d19ad737e52c962a	app.ZoneAreaLinkageUnitV2.ActionType
d19c187a8b9e14e9	via.GameObjectRef
d1bcae58b619836a	via.Range
d1bcae589f19049a	via.Range
d1bcae582ea5f1fa	via.Quaternion
d1d411456a99ef88	via.GameObjectRef
d1d411458796d8d8	via.GameObjectRef
d1d411453ae362e9	via.GameObjectRef
d1d8050fede44e83	via.GameObjectRef
d1f70f62458ed350	app.GmSafePlaceUserData.AngleType
d206d21f8d4b4bc5	via.vec3
d206d21fb6a2af8b	via.Quaternion
d206d21f51f5bc2a	via.vec3
d2205ecc96b5162f	app.GuiAttribute
d2205ecc7f880865	app.GuiLimitedAtteribute
d2205ecc27cca8c2	via.gui.Segment
d2205ecc8df62134	app.GuiInputLevel
d2205eccaf403d4d	app.GuiControllerBehavior.PoolLimitOperationType
d2205ecc4b971e6b	via.Prefab
d22acb32f5ff1be2	via.Guid
d2321ec6f9bc4850	via.Prefab
d2321ec65e3d9881	via.Prefab
d23a8fd15c9cd185	via.motion.InterpolationMode
d23a8fd1993fec2f	via.motion.InterpolationCurve
d24a0c1b15d1718e	via.GameObjectRef
d24df899f5ff1be2	via.Guid
d25e129850602fdb	via.motion.JointRemapValue.RemapValueItem.InputType
d25e12989249d4b0	via.math.RotationOrder
d25e1298e429dbbd	via.motion.JointRemapValue.RemapValueItem.Axis
d25e1298df8cb10f	via.vec3
d2680576f5ff1be2	via.Guid
d2680576cd533847	app.Gm99_115.GimmickConditionType
d27c6a5fb179015b	app.SoundMainMaterial
d27c6a5f3e946759	app.SoundMainMaterial
d28889de40e50d9d	via.curve.EaseType
d28889de86f7f324	app.WarpOption
d28889dea2bbd8e1	via.vec3
d28889de2e192aef	via.vec3
d28dbd8bb9f4d7e9	via.effect.script.EffectID
d28dbd8b5db7b8ed	via.vec3
d28dbd8b2ea5f1fa	via.Quaternion
d28dbd8b147b6910	via.GameObject
d28dbd8bf0dc739d	via.effect.script.EffectManager.WwiseTriggerInfo
d28dbd8b869ab3ec	via.effect.script.EffectManager.RequestOverwriteParam
d28dbd8b0057ee25	via.effect.script.EffectManager.RequestAdditionalParam
d2a1b654861ab707	via.SystemServiceCpuBoostMode
d2aedaeb7629bcb8	via.GameObjectRef
d2b9dc14424a544a	app.SituationInhibitType
d2bff950b43ddb43	app.Gm99_136.MotionType
d2c39b58f5ff1be2	via.Guid
d2c39b5868ce23a0	app.CharacterPostureType
d2cb399d07967bc2	via.GameObjectRef
d2f10dfd152e9eec	via.Transform
d2f10dfd7d59d9b8	via.vec3
d2f10dfd6519f22c	app.GimmickFragileFlag
d2f5c991f1faf954	via.vec3
d30fe11df97cff82	via.vec3
d316a81a505f76ee	via.vec3
d32fbded6ba51265	via.render.UpscalingInterface.UpscalingAlgorithm
d356121357c26845	app.cp_B000.SurgicalBed_GoDownRoleActionAdditionalSettings.GoDownVariation
d36b1c6df5ff1be2	via.Guid
d371778df5ff1be2	via.Guid
d371778d835322de	via.Range
d3719aa9e61d98c0	via.AnimationCurve
d375621974077bc9	app.Cg_NPC00BehaviorTreeAction_RequestReactionFacial.ReactionType
d37bb70f96b5162f	app.GuiAttribute
d37bb70f7f880865	app.GuiLimitedAtteribute
d37bb70f27cca8c2	via.gui.Segment
d37bb70f8df62134	app.GuiInputLevel
d37bb70faf403d4d	app.GuiControllerBehavior.PoolLimitOperationType
d37bb70f4b971e6b	via.Prefab
d38401a66f592b54	via.render.ShadowCastMode
d38401a68e7515cf	via.render.Mesh.BeautyMaskChannel
d385f3104169c24b	app.Cp_B800PhaseKind
d3af450d1ca6eac9	via.relib.light.ReLibStdCld2Controller.StdCld2MainLayerModeling.StdCld2MainLayerSingleNoiseProperties
d3af450da004263f	via.relib.light.ReLibStdCld2Controller.StdCld2MainLayerModeling.StdCld2MainLayerSingleNoiseProperties
d3af450d1e7b49fc	via.relib.light.ReLibStdCld2Controller.StdCld2MainLayerModeling.StdCld2MainLayerSingleNoiseProperties
d3af450d87924856	via.relib.light.ReLibStdCld2Controller.StdCld2MainLayerModeling.StdCld2MainLayerSingleNoiseProperties
d3af450d0120eb62	via.relib.light.ReLibStdCld2Controller.StdCld2MainLayerModeling.StdCld2MainLayerSingleNoiseProperties
d3af450dcadd17d5	via.relib.light.ReLibStdCld2Controller.StdCld2MainLayerModeling.StdCld2MainLayerSingleNoiseProperties
d3af450d0df8d029	via.relib.light.ReLibStdCld2Controller.StdCld2MainLayerModeling.StdCld2MainLayerCircleMaskProperties
d3b0461099e17baa	app.TargetType
d3b2d6ae27a6a0e2	app.Cp_B000BehaviorTreeAction_RequestCommonMessage.ExcuteTiming
d3cc894096b5162f	app.GuiAttribute
d3cc89407f880865	app.GuiLimitedAtteribute
d3cc894027cca8c2	via.gui.Segment
d3cc89408df62134	app.GuiInputLevel
d3cc8940af403d4d	app.GuiControllerBehavior.PoolLimitOperationType
d3cc89404b971e6b	via.Prefab
d3ccced296b5162f	app.GuiAttribute
d3ccced27f880865	app.GuiLimitedAtteribute
d3ccced227cca8c2	via.gui.Segment
d3ccced28df62134	app.GuiInputLevel
d3ccced2af403d4d	app.GuiControllerBehavior.PoolLimitOperationType
d3ccced24b971e6b	via.Prefab
d3d8982e1aabb5e7	via.render.TextureResourceHolder
d3ece6c3bc68e64e	via.GameObjectRef
d3edf4565db7b8ed	via.Position
d3edf456d5c29bd3	via.GameObjectRef
d3f74f1152fcf409	app.Gm99_085.ObjectType
d3f9c87896b5162f	app.GuiAttribute
d3f9c8787f880865	app.GuiLimitedAtteribute
d3f9c87827cca8c2	via.gui.Segment
d3f9c8788df62134	app.GuiInputLevel
d3f9c878af403d4d	app.GuiControllerBehavior.PoolLimitOperationType
d3f9c8784b971e6b	via.Prefab
d40025600dd10c61	via.GameObjectRef
d4002560993fec2f	via.AnimationCurve
d40a604626b9ddf0	via.vec3
d40a604677d0c333	via.vec3
d40a6046aec28d7d	via.vec3
d40a60466287b242	via.vec3
d40a60461baf8a23	via.vec3
d40a6046a9798dfb	via.vec3
d40a604615dcddcb	via.vec3
d40a6046644e854a	via.vec3
d40a6046af73a349	via.vec3
d41ac6c9b43ddb43	via.effect.script.EPVExpertFootLandingData.FootStepType
d41ac6c9df8cb10f	via.vec3
d41ac6c9c9e9df8c	via.math.RotationOrder
d41ac6c913acaee6	via.effect.script.EPVDataBase.RotateBase
d41ac6c9466d7535	via.vec3
d41ac6c9c5c96ac4	via.effect.script.EPVExpertFootLandingData.FootLandingRelationType
d41ac6c9311e04b5	via.vec3
d427a23f14bc34b4	via.Range
d427a23f291a73b3	app.Cp_B030InterruptWalkParamIndividual.Variation
d430d752424a544a	via.uvsequence.UVSequenceResourceHolder
d44ae118fc5542a4	app.InteractTrigger.InteractTryType
d44ae118a8bda540	app.InteractUtil.TagFlg
d44ae11807967bc2	via.GameObjectRef
d44ae11829ac5637	via.vec3
d44ae11817198189	via.vec3
d44c81cfe1b6082d	via.vec3
d44c81cfdeadb7a3	via.Range
d44c81cfdf8ac66a	via.Range
d44c81cfe4713105	via.Prefab
d451e3c7d93cc85e	via.navigation.FilterTarget
d452cbd445335f74	via.relib.effect.EffectControlAction.TargetGameObjectModeEnum
d452cbd4f901e775	via.GameObjectRef
d452cbd493365dc8	via.relib.effect.EffectControlAction.TargetModeEnum
d4591c11f5ff1be2	via.Guid
d480673ff5ff1be2	via.Guid
d49c9cf5fede4e7d	via.vec3
d49c9cf58aed975c	via.vec3
d49c9cf52329cbdf	via.AnimationCurve
d4a05ba82cf89411	via.effect.EffectPlayer
d4a7611396b5162f	app.GuiAttribute
d4a761137f880865	app.GuiLimitedAtteribute
d4a7611327cca8c2	via.gui.Segment
d4a761138df62134	app.GuiInputLevel
d4a76113af403d4d	app.GuiControllerBehavior.PoolLimitOperationType
d4a761134b971e6b	via.Prefab
d4c713cbf5ff1be2	via.Guid
d4d3db8c6ba51265	via.DisplayType
d4d3db8c424a544a	via.Size
d4ecdda0861ab707	app.GimmickDestructionLevel
d4edc0cc30765271	app.cp_B700.BattleAreaThinkTypes
d51032d5483259fc	via.motion.InterpolationMode
d51032d5b664d91b	via.motion.InterpolationCurve
d526cb3b8b3f3e74	via.vec3
d53163311c8ef536	app.CameraDOFOptionDataBase.OptionType
d537128be52c962a	app.InteractActionPlayerAction.InteractActionType
d537128b07967bc2	via.GameObjectRef
d537128bd266ceff	via.vec3
d53b38b5861ab707	via.motion.InterpolationMode
d53d5e3cbedd91a7	via.Component
0d5528b145cf41c5	app.BodyPartsEnum
d560e83ff5ff1be2	via.Guid
d560e83fccd8b08c	app.Cp_D000CharacterBehaviorTreeCondition_WalkPattern.ActionKind
d560e83ff0dbc030	app.Cp_D000SpawnSettings.IdlePattern
d560e83ff18b4762	app.Cp_D000SpawnSettings.WalkPattern
d57590d4f5ff1be2	via.Guid
d5883b3b3c0eef70	app.SituationType
d58a8a65d617557b	via.GameObjectRef
d58e14683ab83621	via.render.RenderOutputID
d58e1468bef418b5	via.vec3
d58e14680ce79f9f	via.render.LightImportantLevel
d58e1468be9f3db6	via.render.LightingTarget
d58e1468a1c3f26c	via.render.LightBakeOption
d59f7e2096b5162f	app.GuiAttribute
d59f7e207f880865	app.GuiLimitedAtteribute
d59f7e2027cca8c2	via.gui.Segment
d59f7e208df62134	app.GuiInputLevel
d59f7e20af403d4d	app.GuiControllerBehavior.PoolLimitOperationType
d59f7e204b971e6b	via.Prefab
d5d080bf4324452f	StaticAnalysisTest.Case1.ClueID
d5eed490ca67f614	app.Cp_C600BehaviorTreeAction_ShotFire.ShotTiming
d60d0871cd533847	app.PlayerComplexCondition.ConditionType
d63122985a729e9a	via.motion.JointMapResourceHolder
d635e79fcd533847	app.PlayerComplexCondition.ConditionType
d647141296b5162f	app.GuiAttribute
d64714127f880865	app.GuiLimitedAtteribute
d647141227cca8c2	via.gui.Segment
d64714128df62134	app.GuiInputLevel
d6471412af403d4d	app.GuiControllerBehavior.PoolLimitOperationType
d64714124b971e6b	via.Prefab
d67f1a75a7a3718f	via.vec3
d69fa2b566e457a8	via.vec2
d6a0c15e090b1744	via.effect.E2DStretchMode
d6c47177f5ff1be2	via.Guid
d6c74aaa861ab707	app.CharacterDefaultMoveType
d70b7daef5ff1be2	via.Guid
d71cb83df5ff1be2	via.Guid
d737d7d487c91ece	app.CompareType
d74f3f634988fc7f	via.vec3
d75001cc96b5162f	app.GuiAttribute
d75001cc7f880865	app.GuiLimitedAtteribute
d75001cc27cca8c2	via.gui.Segment
d75001cc8df62134	app.GuiInputLevel
d75001ccaf403d4d	app.GuiControllerBehavior.PoolLimitOperationType
d75001cc4b971e6b	via.Prefab
d765d4068c678053	via.string
d77757938e73226c	via.motion.MotionCameraBankResourceHolder
d784e67d7e4ea976	app.Cp_C600BehaviorTreeAction_MotionBankTypeSet.SetTypes
d784e67dded3f2c2	app.Cp_C600Define.MotionBankTypeEnum
d7b4732ce2dc42cb	app.CharacterResumeType
d7b98476397e1ac2	via.Color
d7b984765fb66b99	via.render.ColorCorrectLinearParams.LinearCorrector
d7b98476badd114e	via.effect.script.EffectColorCorrect.LinearParams.LinearParamsEndType
d7cb92f26ba51265	app.InventoryType
d7d4fa51f5ff1be2	via.Guid
d7d646f2ac241a76	via.effect.script.EffectMaterial2GroupHelper.CallType
d7d646f25b673006	via.GameObject
d7d646f2f5a98fc4	via.GameObject
d7eb93b696b5162f	app.GuiAttribute
d7eb93b67f880865	app.GuiLimitedAtteribute
d7eb93b627cca8c2	via.gui.Segment
d7eb93b68df62134	app.GuiInputLevel
d7eb93b6af403d4d	app.GuiControllerBehavior.PoolLimitOperationType
d7eb93b64b971e6b	via.Prefab
d7fced7d9a24585f	app.Cp_B805DamageMemory.DownDamageType
d7ff00186ba51265	app.GuiKeyAssignControlType
d81a4d67f5ff1be2	via.Guid
d82c89f4fc5542a4	app.InteractTrigger.InteractTryType
d82ecfbce52c962a	app.LevelFlowBehaviorTreeAction_FSM_Cp_C600SetStateAction.StateActionType
0d850890094c32cc	via.effect.script.EffectManager.PriorityType
0d850890a346641a	via.Range
0d850890dae58b97	via.Range
0d85089035f823b0	via.effect.script.EffectMaterialController.PlayTypeEnum
0d85089030b52b28	via.effect.script.EffectMaterialController.DestinationType
0d8508904d9cfa26	via.Color
0d850890a8c89e47	via.Color
d8517568829fe2af	app.BehaviorTreeAction_DirectDamage.DamageDirection
0d864322bf578bac	app.PlayerDefine.CustomMotionSpeedChangeType
d880aa7b861ab707	via.render.RenderConfig.Quality
d88987809c5533f1	app.Collision.Mask.Watcher_VS_WatchTarget_Enum
d88987801a8454b0	app.AppIkLookAtSimpleTaskGenerator.TimeLimitSetting
d88987809656001e	via.Range
d8898780e55979dc	via.Range
d88987806e82b161	app.AppIkLookAtSimpleTaskGenerator.PositionSetting
d8898780a8143f44	via.GameObjectRef
d8898780a2009a2c	via.vec3
d889878086c96406	via.Range
d8898780f9ba15a9	via.Range
d88987801fc40cff	app.AppIkLookAtSimpleTaskGenerator.RandomType
d88987807ecf3741	app.ObjectTags
d8aa91664b3fc068	via.vec4
d8aa9166a8f9f287	via.vec4
d8b20e2e078755fa	via.resource_handle
d8ba4cef86de2e68	via.physics.BoxShape
d8ba4cefe759ec40	app.cg_NPC00.MoveRouteBits
0d8c02c18b82490a	anim.AnimBodyBank.BankType
0d8c02c1f75912d8	anim.AnimBodyBank.BankRotateBase
d8c7726af5ff1be2	via.Guid
d8e0f5fa912df7a2	via.Range
d8ed10103644ca31	via.vec3
d8ed4afa861ab707	app.cp_B800.MoveTo`4.MovePositionInfo.LookTargetType<app.Cp_B800Context,app.cp_B800.Cp_B800ThinkDriver,app.Cp_B800Updater,app.cp_B800.Cp_B800ThinkParameter>
d8f22d30fc5542a4	app.InteractTrigger.InteractTryType
d8f22d30517963a6	app.InteractTrigger.InteractDesiredPriority
d8f83a611592d337	via.vec3
d8f83a61b0d7f73b	via.vec3
d90fafc9b2f62649	via.mat4
d91677446f4ca6b4	app.AudioDeviceType
d9167744ce0278c7	app.AudioDynamicsRangeType
d93016483d9184af	app.InteractTrigger.InteractDesiredPriority
d9301648425aa17b	app.InteractUtil.ButtonType
d93016480ea4723d	via.GameObjectRef
d93016484fe4a02e	via.vec3
d930164875cd2ae0	via.vec3
d9301648f36fc72c	app.InteractTriggerVariableInput.ObjIconDisplayType
d9301648ae59220f	app.InteractTriggerVariableInput.ObjIconDistanceActorType
d930164896f402e1	app.InteractTriggerVariableInput.ObjIconShieldingType
d9598373f5ff1be2	via.Guid
d95f208abce876e5	via.GameObjectRef
d962d625861ab707	via.render.TonemapFunction
d97811151cf37633	app.BodyPartsEnum
d97b924707aa9042	app.Collision.Material.Enum
d97b9247bc0f96c3	app.EffectMaterialGroupType
d97d39fde5b80bb8	app.Cp_B805SpawnSettings.AppearCornerType
d97d39fd1db30b06	via.vec3
d9857944c4ed9a40	via.dynamics.RigidBodyId
d9857944deae0f06	via.dynamics.RigidBodyId
d9857944f9d53ca0	via.dynamics.World
d986d129861ab707	app.EventDefine.Perspective
d994452df5ff1be2	via.Guid
d9996c692d967d21	via.motion.MotionAnalyzerBankResourceHolder
d9a55b0ee17dbe34	via.network.native.AppleAuthorizationCredentialState
d9b350b5fc5542a4	app.InteractTrigger.InteractTryType
d9b350b52185a077	app.InteractTriggerDetailSearch.InteractPurpose
d9b350b507967bc2	via.GameObjectRef
d9b350b55db7b8ed	via.vec3
d9b350b5d040aa47	via.Quaternion
d9b350b5517963a6	app.InteractTrigger.InteractDesiredPriority
d9c92c8fcf0ff9ac	via.network.context.RebeNotificationEventType
d9cb65b928b3206f	via.hid.textInput.TextInputPreEditLengthOverPolicy
d9ce142df5ff1be2	via.Guid
d9f9698fff88fcab	via.timeline.TimelineBaseResourceHolder
d9f9698f87367eca	via.effect.script.EffectTimeline.EndType
d9f9698feae8f805	via.effect.script.EffectTimeline.TimeLineBindType
d9fbe921f5ff1be2	via.Guid
da03b8a945021135	via.vec3
da03b8a9dc7008a1	via.autoplay.action.AutoNavigationPoint.ReachDistanceType
da168772424a544a	via.effect.script.EPVStandardData
da1f0aa410422649	app.MotionFsmActionTiming
da3ec249f5ff1be2	via.Guid
da404346f5ff1be2	via.Guid
0da566bdf5ff1be2	via.Guid
0da566bddf063e0a	app.GrappleBehaviorTreeConditionBase.GrappleRole
0da566bdbf017c06	app.PlayerMode
da6accbc1edfb9c9	via.GameObjectRef
da6c3c85d067de2b	app.Cp_B800NoticeAction.NoticeType
da72cfdd0fffa62c	via.Prefab
da72cfdd07ca86ab	via.Range
da72cfdd597d5288	via.Range
da72cfdd4a2c5583	via.Range
da72cfdd104f7e93	via.Range
da72cfdd6750555c	via.Range
da72cfdd3ce0aae7	via.Range
da72cfddd4ffb344	via.Range
da72cfdda8e851c9	via.Range
da72cfddab38b883	via.Range
da72cfddf5455c2c	via.Range
da72cfdd8f4aa16a	via.Range
da78763fede44e83	via.GameObjectRef
da78763fde118265	app.LevelFlowBehaviorTreeAction_FSM_Cp_B805StateCheck.StateCheckType
da8aad38f5ff1be2	via.Guid
da8aad3890135b72	via.Range
da9743fa87c91ece	app.CompareType
daab4af91a2c86d0	app.InteractHandlingConfigurationBase.Direction
dab43f330c90f45d	via.AnimationCurve
dabbd397ef3b122c	app.TPSCameraPositionCalc.CameraOffsetType
dabbd39751e183d5	app.BikeChaseCameraPositionParam.RotationType
dabbd39771059794	via.vec3
dabbd39765d1b908	via.AnimationCurve
dabbd39707f41f87	via.AnimationCurve
dabbd397c26d64ef	via.AnimationCurve
dabbd397782ddbdb	app.BikeChaseCameraPositionParam.RotationType
dabbd397c1ea7fae	via.AnimationCurve
dabbd3978746be5f	via.AnimationCurve
dabee8e816f28910	via.pointgraph.GraphFilter
dac09320f5ff1be2	via.Guid
dac093209b896075	app.cp_B000.RequestMorph_RoleActionAdditionalSettings.MorphVariation
dad0670b8c7628f3	app.Cp_C610PhaseAttackBlackBoardUnit.PhaseAttackTypeEnum
dad87f78bddcea76	via.resource_handle
0db1ce38c5758aa6	app.DetailSearchSoundCategory
db2a0700ed4381f2	via.relib.effect.EffectControlAction.TargetGameObjectModeEnum
db2a0700a9fbca9e	via.GameObjectRef
db2a070045335f74	via.relib.effect.EffectControlAction.TargetModeEnum
db4422b4d03b7c6c	via.render.TextureResourceHolder
db4422b40a7b5465	app.MovieDefine.ID
db4be6fd73387570	app.Cp_B000BehaviorTreeAction_RequestUnequip.ArmCheckType
db4be6fdc765112b	app.Cp_B000Equip.CheckEquipType
db4d45d9784cef0b	via.resource_handle
db4d45d92692e283	via.resource_handle
db57eb0df5ff1be2	via.Guid
db57eb0d9c907a9f	app.Cp_B000MoveStateBlackboardUnit.TurnCheck
db6a511673b61c3b	via.GameObjectRef
db6a511663d0821e	via.Range
db6a51160abb2225	via.vec2
db6a511677cf9746	via.Quaternion
db6a5116b2c4594b	via.vec2
db920592ab813ece	via.GameObjectRef
db9d2acc4aa0b06f	via.GameObject
db9d2accb72d2da1	via.vec3
db9d2acc3031ff65	via.Quaternion
dbc613896ba51265	app.ItemLoadingType
dbd1fc429b5c5adf	via.Range
dbda2bca1e31872e	app.Cp_B060BehaviorTreeAction_ApplyAimAssistSetting.AimAssistSetting
dbf3db0902246c70	via.OBB
dbf4646c72344672	app.EnemyHateData.HateReasons
dc12d2b071059794	via.vec3
dc2989aef8685a7f	app.PhotoPoseIgnoreUserData.IgnoreDataType
dc3948d9df2f5ccf	app.CameraInputUserData.MotionSensorSensitivityData.MotionSensorPlatformType
dc3948d9763bd933	app.CameraInputUserData.MotionSensorSensitivityData.MotionSensorPersonType
dc3beac55073cad2	via.GameObjectRef
dc490bf8d59e31cf	via.Range
dc490bf832466a01	via.Range
dc490bf89d3685aa	via.vec3
dc4d69ff861ab707	via.render.MeshRenderer.ReplaceShadowLodSyncMode
dc5d883b42d08275	app.Cp_B600BehaviorTreeAction_CheckPivotTurn.MoveType
dc5ee6f2f13e94a5	via.OBB
dc5ee6f21304e8db	via.vec3
dc5ee6f286715fd4	via.vec3
dc7db0ead03b7c6c	via.render.TextureResourceHolder
dc857b22d095ca66	via.effect.script.RecordOrder
dc8763b56ba51265	app.cp_B800.Cp_B800ThinkDriver.RetreatReasonType
dc8763b5424a544a	app.Cp_B800SpawnDirectorManager.InfoKind
dcac5fea012dbe79	app.PlayerDefine.MentalState
dcac5fea87c91ece	app.CompareType_EqNeq
dcaf0914a2835df9	via.AABB
dcaf09145e189add	via.vec2
dcaf09146e8e785e	via.Quaternion
dcaf091472c7a3f8	via.Range
dcd205d2684522c2	app.RagdollController.RootFollowType
dcd205d2cc65ca3d	app.RagdollController.ChaseBlendType
dcd205d237ef1deb	app.RagdollController.RagdollControlTrackAppOption
dce45827e0fdb83a	via.effect.script.EPVStandardData
dcecd9a7f5ff1be2	via.Guid
0dceea8b51baea08	app.WeaponCategory
dcf965def5ff1be2	via.Guid
0dcfb50c861ab707	via.SystemServiceCpuBoostMode
dd05b5f2861ab707	via.curve.EaseType
dd10fbd0b1e87ff5	via.Color
dd153bf79a24585f	app.Cp_B805DownLoopTime.DownDamageType
dd1af657152e9eec	via.Transform
dd1af6577d59d9b8	via.vec3
dd1af6576519f22c	app.GimmickFragileFlag
dd220be6b065819e	app.PlayerComplexConditionParam_Companion.CompanionMode
dd290e8af5ff1be2	via.Guid
dd291ba1c3ca5b10	via.Range
dd2aecae7e07433c	app.AttackTypeEnum
dd2aecaeb36a883e	app.AttackPowerEnum
dd2aecaeb04320d5	app.DamageCameraShakeUserData.SettingType
dd2aecaef58c8193	app.DamageCameraShakeUserData.CameraDamagerAttackPower
dd2f273ae2dc42cb	app.CharacterResumeType
dd4cc7ed0edadee9	via.GameObjectRef
dd61212abccf96a6	via.effect.script.EffectDecalMaterial.MaterialParam.Type
dd61212a9e84516d	via.Float4
dd61212af77750d9	via.Color
dd61212a31c638f7	via.render.TextureResourceHolder
dd613f765c26e27a	via.vec3
dd87652bf5ff1be2	via.Guid
ddae6703f5ff1be2	via.Guid
ddb7a412f5ff1be2	via.Guid
ddd8fb09f5ff1be2	via.Guid
ddedbb2ac1cbbf43	app.FolderRegisterBehavior.TargetFolders
ddedbb2ae9f77cc4	app.FolderRegisterBehavior.RegisterUsages
ddff5e916d1d43cc	via.Joint
de0337d73f46dda3	via.AnimationCurve
de0337d7944a49db	via.AnimationCurve
de0337d7c6912166	via.AnimationCurve
de0337d79a711a85	via.AnimationCurve
de0337d70d178ed0	via.AnimationCurve
de0337d7259db82a	via.AnimationCurve
de311175f5ff1be2	via.Guid
de337045ed4381f2	app.MeleeWeaponUsedConsumptionValue.UsedConsumptionType
de337045a43458d9	app.ConsumptionMeleeWeaponBahaviorTreeActionBase.ExcuteTiming
de40cbe29cb6d969	via.GameObjectRef
de46cccde4f87f2b	via.Guid
de5e85ed6aaba75c	app.structure.GimmickAccessParam.ParamUseType
de5e85edde118265	app.structure.GimmickAccessParam.ParamCheckType
de619f7e861ab707	via.effect.ParticleLightingResolution
de98358d43776339	app.GamePadButtonBits
de98358d3dae2a41	app.MouseButtonBits
de9a88886ba51265	app.RankManager.RankType
de9d738c7e4ea976	app.Cp_C600BehaviorTreeAction_MotionBankTypeSet.SetTypes
de9d738cded3f2c2	app.Cp_C600Define.MotionBankTypeEnum
dea68853b1586ae4	via.motion.SmoothTransitionInfo
deb0eb5bd2b6a6b2	via.resource_handle
deb0eb5bf7f56fa0	via.resource_handle
debafd7b2dd58e27	via.vec3
debafd7b8c702061	via.vec3
debafd7b6a683cc8	via.vec3
decea072b5396019	via.motion.SetMotionTransitionInfo
dee6be2dfc5542a4	app.InteractTrigger.InteractTryType
dee6be2d85b26f17	app.InteractTriggerActionGuideButtonCommand.InteractDetectionType
dee6be2d517963a6	app.InteractTrigger.InteractDesiredPriority
def86a00dcc919db	app.GrappleCameraRotationData_LookAtTarget.LookAtTargetType
def86a00be4a3237	via.vec3
df097fe526d821e9	app.Cp_B000Equip.ChainsawStabType
df097fe50a6807ab	app.Cp_B000Equip.ChainsawAttackerType
df097fe5444d7cf2	app.EnemyFormationManager.ReservedTacticsType
df097fe55974cbb9	app.EnemyTacticsType
df097fe59ca71ab9	app.Cp_B000Sever.GougeLevel
df097fe5ff98e06a	app.Cp_B000Sever.GougeLevel
df097fe5daef038c	app.Cp_B000Sever.GougeLevel
df097fe5678c1a04	app.Cp_B000Sever.GougeLevel
df097fe53cce1f40	app.Cp_B000Sever.GougeLevel
df097fe57bb463e9	app.Cp_B000Sever.JawGougeType
df097fe5bd5a46fa	via.vec3
df097fe521ec7827	app.Cp_B000Morph.UndiscoveryThinkType
df097fe5d170dd22	app.Cp_B000Dead.Cp_B000DeadPosture
df1fb81da11a7086	via.effect.script.EPVExpertAutoIsLandingData.AutoIsLandingElement
df28f2d61abfb05d	app.WeaponCategory
df28f2d6de118265	app.Cp_B000IndividualParameter.ExtraSeverConfig.SeverCheckType
df3438fec3751126	via.Size
df3438feb4ca02f0	via.gui.SamplerType
df3438fe9e59e2fb	via.gui.TextureAssetType
df3438feaae96ad7	via.resource_handle
df3438fe91acde79	via.resource_handle
df3438fe4550b8cd	via.gui.UVValueType
df3438fe103cf27e	via.gui.UVReverseType
df3438fe658efa44	via.gui.AlphaChannelType
df3438fe76418af0	via.gui.BlurUpdateAction
df3a8cae424a544a	via.motion.OrclDatabase
df7623e9adcb8e35	via.Guid
df8565188ea9078c	app.Gm17_026.TerrainRange
df97f88418654df4	via.resource_handle
dfa642d11cac8b5b	app.CharacterResumeType
dfc4e3826d2c033c	app.MotionFsmActionTiming
dfc4e382814cb140	app.EPVExpertPartsBreak.PartsType
dfc4e3821feafdc7	app.EPVExpertPartsBreak.VariationType
e015abf15a1a735f	app.GmAutoSave.ModeType
e015abf13a3996a5	via.mat4
e0192e81f5ff1be2	via.Guid
e01b5f4da5a2e25a	app.Cp_D110Definition.MainWeakPointId
e01ea5aafff81c8f	via.render.LightPowerUnitType
e01ea5aa4c36c347	via.render.LightImportantLevel
e020494bae42c2b3	app.GamePlayerID
e020494bb72d2da1	via.vec3
e020494b3031ff65	via.Quaternion
e022e6f296b5162f	app.GuiAttribute
e022e6f27f880865	app.GuiLimitedAtteribute
e022e6f227cca8c2	via.gui.Segment
e022e6f28df62134	app.GuiInputLevel
e022e6f2af403d4d	app.GuiControllerBehavior.PoolLimitOperationType
e022e6f24b971e6b	via.Prefab
e02422e21ec35a4c	app.QuestConcealType
e026444d3de2e4f7	app.GuiOptionV2ActionOptionID
e03510daad37638a	via.Float2
e03510da336da7a3	via.Float2
e03510da1ee38f23	via.vec3
e03510dab4bd6d17	via.vec3
e03510daa79d323c	via.vec3
e03510da9c6c056c	via.vec3
e03510dae4e64e1c	via.vec3
0e0428146ba51265	app.Cp_B800SignSoundTriggerKind
e04b9f6bf5ff1be2	via.Guid
e04b9f6b16a88c29	via.Range
0e0583806ba51265	app.LevelFlowGroup
e0780a558489d806	via.vec3
e0794d57b37e175c	via.Prefab
e07e6410a3c54e13	app.PlayerDefine.ActionControlType
e07e75e0f5ff1be2	via.Guid
e0bdf1d7f5ff1be2	via.Guid
e0bdf1d7bf017c06	app.PlayerMode
e0d4d070514c01b8	via.AnimationCurve
e0d98b20c5758aa6	app.DetailSearchSoundCategory
e0dbcfe0861ab707	app.SubtitleSize
e0e2a9e7bef59ad9	app.LayeredParamLayoutStyle
e0e2a9e7799772a5	app.LayeredParamGroupBits
e0e2a9e781e1a9e2	app.LayeredParamGroupBits
e0f91b19aaf818ea	app.CharacterBehaviorTreeAction_AngularRotationCommonBase.DirectionType
e12db8a7483259fc	app.CharacterBehaviorTreeAction_PressCollisionSwitch.SetValue
e12db8a710422649	app.MotionFsmActionTiming
e1422672bedd91a7	app.GamePadButtonBits
e14cda3a618db226	app.CutChangeType
e14cda3a44ece7dd	app.EventCameraMode.Finish
e14cda3a3ff76c73	app.EventFinishPlayerPoseType
e158ac7ece8c0692	via.vec3
e158ac7edb074f3d	anim.LocomotionModelApp.State
e1606165f5ff1be2	via.Guid
e16061650b1d2a7d	app.ICp_C100Door.AmbushVariationType
e1662d14483259fc	app.GrappleJackBehaviorTreeAction_ConstraintGrapplePositionBase.ConstTargetType
e1662d14a43458d9	app.GrappleJackBehaviorTreeAction_ConstraintGrapplePositionBase.ConstInterpolateType
e1662d1452843366	via.vec3
e1820ba4f5ff1be2	via.Guid
e1849bdf861ab707	app.ControllerVibrationType
e18e7dfdf5ff1be2	via.Guid
e18e7dfde2dd388c	app.GrappleFsmController.GrappleRole
e18e7dfd2e8a2a02	app.GrappleFsmController.GrappleRole
e18e7dfd33494e57	app.GrappleBehaviorTreeCondition_CheckSideInterruptCommonGrapple.Side
e19117cbf8579095	via.vec3
e198b95c91cf097f	via.vec3
e1a2dc50f5ff1be2	via.Guid
e1ad64410c6ec012	via.motion.AxisDirection
e1ad64410951985b	via.Range
e1ad644186c96406	via.Range
e1ad64419115fdff	via.Range
e1ad6441de9bfbbf	via.Range
e1ad6441a2f07310	via.Range
e1afbb6c55fb1e54	via.GameObjectRef
0e1b77abf5ff1be2	via.Guid
0e1b77ab860e88b1	app.Gm99_046.MotionJackState
e1bfe463de118265	app.CharacterMessageRegionDisplayCheckType
e1bfe4631a8d2e37	via.vec3
e1bfe4632a080243	via.vec3
e1bfe4637f8bb411	via.vec3
e1d81c07dcc919db	app.GrappleTargetType
e1d9ae176ba51265	via.GameObject
e1ecc81cf41b94df	via.Joint
e1ecc81c4261f741	via.vec3
e1ecc81c8f2d687d	via.mat4
e1ecc81c8d4b4bc5	via.vec3
e1ecc81cb6a2af8b	via.Quaternion
e1f8b1a0e2dc42cb	app.CharacterResumeType
e200207bc5d8edae	app.HitPointGaugeLevel
e202a80e96b5162f	app.GuiAttribute
e202a80e7f880865	app.GuiLimitedAtteribute
e202a80e27cca8c2	via.gui.Segment
e202a80e8df62134	app.GuiInputLevel
e202a80eaf403d4d	app.GuiControllerBehavior.PoolLimitOperationType
e202a80e4b971e6b	via.Prefab
e2077f10861ab707	via.FileAccessPriority
e212638d4ea4f66c	via.Guid
e212638dcb2264f6	via.behaviortree.action.DataSetOn
e2166123f5ff1be2	via.Guid
e2166123a1ce3e68	app.Cp_C200PerformanceRoleKind
0e216e06009bb89e	via.Range
0e216e06b5bddf8f	via.Range
0e216e0654aeb0b1	via.Range
0e216e065940f468	via.relib.light.LightBlinkUserCurveVariationPlayer.VariationParam.LightColorControlParam
e21f511b5321cb79	app.ShellLifeTypeEnum
e21f511bc50b38cf	via.vec3
e21f511bfdc70089	via.AnimationCurve
e21f511b494463fb	via.Range
e21f511bdcfd3760	via.vec3
e2282404f5ff1be2	via.Guid
e228240474077bc9	app.Cp_B600Updater.StickType
e2326a846d2c033c	app.MotionFsmActionTiming
e239ec8bf81c25d9	via.Guid
e23a7f08ed4381f2	app.MeleeWeaponUsedConsumptionValue.UsedConsumptionType
e23a7f08a43458d9	app.ConsumptionMeleeWeaponBahaviorTreeActionBase.ExcuteTiming
e23a7f08dcc919db	app.ActionCameraPlayRequestForGrappleAsset.TargetObjectTypeForGrapple
e24895cff5ff1be2	via.Guid
e266a9386ac1d1a2	via.Capsule
e27b7c5bf5ff1be2	via.Guid
e27b7c5bc315ec5d	app.GrappleBehaviorTreeConditionBase.GrappleRole
e27b7c5b708127b7	app.GrappleBehaviorTreeConditionBase.GrappleRole
e27d7278e2dc42cb	app.CharacterResumeType
e280a99a7e4ea976	app.Cg_NPC01SpawnSettings.SpawnSetType
e280a99a4a0844a1	via.RangeI
e280a99a24e2185d	via.vec3
e280a99a9c374e2b	via.AABB
e280a99a7cca3687	app.Cg_NPC01SpawnSettings.SetTimingType
e280a99a55dbdd01	app.Cg_NPC01SpawnSettings.EquipmentType
e280a99a12b10062	app.Cg_NPC01SpawnSettings.EquipmentType
e280a99acb849d59	app.Cg_NPC01SpawnSettings.EquipmentType
e28ae32696b5162f	app.GuiAttribute
e28ae3267f880865	app.GuiLimitedAtteribute
e28ae32627cca8c2	via.gui.Segment
e28ae3268df62134	app.GuiInputLevel
e28ae326af403d4d	app.GuiControllerBehavior.PoolLimitOperationType
e28ae3264b971e6b	via.Prefab
e28d6d24861ab707	via.Color
0e295613998a4e6c	app.SwitchKind
0e2b248f90a8d577	app.AppendItemCatalogUserData.AppendTarget
0e2b248f73e92668	app.AppendItemCatalogUserData.RegrantType
e2c99abc95bbbf7e	via.vec3
e2cad209dbc069e4	via.vec3
e2cad2091520ca6f	via.vec3
e2d7dd412185a077	app.OccupyPurpose
e2d7dd414a733b64	app.OccupyPermission
e2d7dd41f78fc192	app.Cp_B800GameObjectRefHolder.Tag
e2d7dd41af1b9cca	app.Cp_B800RequestOccupyGrappleOtherTarget.TargetKindType
e2dd733b6d2c033c	app.MotionFsmActionTiming
e2e32c63f5ff1be2	via.Guid
e2e7bc79f5ff1be2	via.Guid
e2e7bc79c3ef1c0a	app.ICp_C100ClimbWall.ClimbWallVariationType
e2e85bf2f5ff1be2	via.Guid
e2e85bf2350c86ea	via.Range
e2f561abf5ff1be2	via.Guid
e30a93b8cd397f67	via.network.native.MacAppStoreTransactionEvent.EventType
e30a93b8cda58aea	via.network.native.MacAppStoreError
e30a93b8ec0f5450	via.network.native.MacAppStoreReceipt
e30f239d152e9eec	via.Transform
e30f239d7d59d9b8	via.vec3
e30f239d6519f22c	app.GimmickFragileFlag
e3264d848aa9018f	via.effect.script.RecordSystem.RecordOrderList
e3264d84e8066123	via.effect.script.RecordSystem.RecordOrderList
e3264d84d33833d7	via.effect.script.RecordSystem.RecordOrderList
e3264d84e30e7009	via.effect.script.RecordSystem.RecordOrderList
e349765a9163e6c8	via.GameObjectRef
e34bc9a5d47e3777	via.resource_handle
e34cf57d51ac1207	via.GameObject
e34cf57dd70a3d93	via.render.Mesh
e34cf57d933df908	via.motion.Chain
e34dab98e33e7913	via.render.GridFluid2DPressure
e373f87a5db7b8ed	via.Position
e373f87aa1db02f3	via.vec3
e37738ae0fffa62c	via.Prefab
e37738ae07ca86ab	via.Range
e37738ae597d5288	via.Range
e37738ae4a2c5583	via.Range
e37738ae104f7e93	via.Range
e37738ae6750555c	via.Range
e37738ae3ce0aae7	via.Range
e37738aed4ffb344	via.Range
e37738aea8e851c9	via.Range
e37738aeab38b883	via.Range
e37738aef5455c2c	via.Range
e37738ae8f4aa16a	via.Range
0e379227f5ff1be2	via.Guid
e37a601a27a6a0e2	app.PlayerCameraShakeParam.Timing
e3a1dffce2dc42cb	app.CharacterResumeType
e3a26a34152e9eec	via.Transform
e3a26a347d59d9b8	via.vec3
e3a26a346519f22c	app.GimmickFragileFlag
e3a7f067861ab707	via.Size
e3ad6a0f89bf4cc2	via.sound.SoundStreamingVoxelResourceHolder
e3ad6a0f321a321a	via.simplewwise.WwiseStreamingGeometryResourceHolder
e3b157f48a6e69b0	app.Cp_B000BehaviorTreeAction_SetDamageDirectionToActionDirection.SetDirectionType
e3bc10619b51cdd8	via.AABB
e3bc1061dfc9c0ef	via.dynamics.FilterInfo
e3c8cef9ccd8b08c	app.Cp_C200RequestActionKind
e3d7afe5a68e3eb3	app.Cp_B800BehaviorTreeAction_AfterAttackWaitTimerBase.WaitType
e3dcbf530cc4989f	via.Range
e3dcbf53f74ad514	via.Range
e3dcbf53c272ac1d	via.Range
e3dcbf53f17f54c4	via.Range
e3dcbf53cae035bc	via.Range
e3dcbf538d9f976d	via.Range
e3fcfb24382cb6e6	via.effect.script.EffectManager.RequestParam
e3fcfb24e0fdb83a	via.effect.script.EPVStandard
e3fcfb24d5eb7752	via.GameObject
e3fcfb24243c5f31	via.GameObject
e3fdcbcd5c18bf69	app.MousePrimaryButtonMode
e404b7a3dce745be	via.vec3
e40e4e4571059794	via.vec3
e40f18542b7ff504	via.GameObjectRef
e412c028c748ed5a	via.vec3
e4173344861ab707	app.GunModeEnum
e42ab3850cc36e51	app.TPSCameraOverrideParam.UseParamType
e430c3c71c3cb695	soundlib.EnumBool
e430c3c7b5b06866	soundlib.EnumBool
e4355dc4861ab707	app.Cp_B800ThinkStateParam.AfterEventKindType
e44642b5f5ff1be2	via.Guid
e45123a4e0fdb83a	via.effect.script.EffectEmitZoneGroup
0e457025787f1dc0	via.render.TextureResourceHolder
0e45702582c9801c	via.GameObjectRef
0e457025f13e94a5	via.OBB
0e4570251988fe38	via.render.TextureResourceHolder
e45d2ee768e158b4	via.render.TextureResourceHolder
e46d776596b5162f	app.GuiAttribute
e46d77657f880865	app.GuiLimitedAtteribute
e46d776527cca8c2	via.gui.Segment
e46d77658df62134	app.GuiInputLevel
e46d7765af403d4d	app.GuiControllerBehavior.PoolLimitOperationType
e46d77654b971e6b	via.Prefab
e46e9cff74d3501b	via.Range
e46e9cff07c14aed	via.Range
e46e9cff7f6c8a87	via.Range
0e4805aa46f321dc	via.AABB
e49635282f9f6a56	app.LayeredParamGroupBits
e49accd207aa9042	app.SoundMainMaterial
e49accd2bc0f96c3	app.EffectMaterialGroupType
e49e44aab577766d	via.GameObjectRef
e4adf559f5ff1be2	via.Guid
e4b622539603831b	app.EventHandlightOption
e4c2022949af8111	via.vec3
e4e25abaf5ff1be2	via.Guid
e4e9602d96b5162f	app.GuiAttribute
e4e9602d7f880865	app.GuiLimitedAtteribute
e4e9602d27cca8c2	via.gui.Segment
e4e9602d8df62134	app.GuiInputLevel
e4e9602daf403d4d	app.GuiControllerBehavior.PoolLimitOperationType
e4e9602d4b971e6b	via.Prefab
e4eb2683544a9e74	via.Range
0e4ede067ebfac0e	via.render.LDRColorDeficiencySimulation.DeficiencyType
e502f41171059794	via.vec3
e50d9bc941ebfaa2	via.motion.AxisDirection
e50d9bc96411d60d	via.motion.AxisDirection
e5144b0ad03b7c6c	via.render.TextureResourceHolder
e516676a9e84516d	via.vec4
e516676afe5bc17b	via.render.TextureResourceHolder
e516676ad7a9a38a	via.render.ByteBufferResourceHolder
e51907f5f5ff1be2	via.Guid
e51b6e8d0fe5bd42	via.motion.AxisDirection
e52870c529a5d1bb	app.SaveSlotSegmentType
0e535e2b43d1a5b7	via.relib.light.user_data.ReLibGeometryAOSettingData
e55a9eded6888945	via.vec3
e55a9edeed96ebd0	via.Quaternion
e55a9ede6473c0cd	via.vec3
e56400d06d2c033c	app.MotionFsmActionTiming
e57a638afc5542a4	app.InteractTrigger.InteractTryType
e58a6a646d2c033c	app.MotionFsmActionTiming
e5983f9dbc1842bc	via.Position
e5983f9d45a0926f	via.Color
e59b05946a9a92eb	via.relib.light.ReLibStdCld2Controller.StdCld2MainLayerModeling.StdCld2SingleGradient
e59b05943ac054d7	via.relib.light.ReLibStdCld2Controller.StdCld2MainLayerModeling.StdCld2SingleGradient
e59b05942831a916	via.relib.light.ReLibStdCld2Controller.StdCld2MainLayerModeling.StdCld2SingleGradient
e59b0594305ae10a	via.relib.light.ReLibStdCld2Controller.StdCld2MainLayerModeling.StdCld2SingleGradient
e5a92646861ab707	app.SaveSlotSegmentType
e5abd1e7861ab707	app.PSSRQualityType
e5e77628adcb8e35	via.Guid
e5eccf07f5ff1be2	via.Guid
e5f91f011abfb05d	app.TargetSensor.TargetCategory
e6052a33d70a3d93	via.render.Mesh
e6052a335b673006	via.GameObject
e60a9719c4ed9a40	via.dynamics.RigidBodyId
e60a9719deae0f06	via.dynamics.RigidBodyId
e60a9719f9d53ca0	via.dynamics.World
e61fb0626fecfa41	app.SubAdjustTerrain.UnitType
e62072e686eae269	via.effect.script.ObjectEffectManager.ExternalDataContainerCommand.RequestCommand
e62072e67f5677c3	via.Prefab
e6310248f79b6206	via.vec3
e631024865493252	via.GameObjectRef
e6353c623031ff65	via.Quaternion
e64d6a5df5ff1be2	via.Guid
e64ed686fcd5b19e	app.CharacterControlAttachmentTag
e6581f07f5ff1be2	via.Guid
e6736a98f5ff1be2	via.Guid
e67878a4fd8c731e	via.motion.JointConstraintsResourceHolder
e67a0221df8cb10f	via.vec3
e67a0221466d7535	via.vec3
e67a0221311e04b5	via.vec3
e67a02210c4fa6f7	via.vec3
e67a0221df8ac66a	via.vec3
e67a0221badd114e	via.effect.script.EffectManager.EffectEndType
e67a022127a0f417	via.effect.script.CoordinateSystem
e67a02212272cad7	via.effect.script.Axis
e67a0221bcc5ea12	via.vec3
e67a0221430bc704	via.Color
e681a51ccd533847	app.PlayerComplexCondition.ConditionType
e68c7e6286199cad	via.vec3
0e6924f2fcd5b19e	app.CharacterControlAttachmentTag
e6936256f5ff1be2	via.Guid
e696c3fcde118265	app.GmGlobalFlag2Switcher.CheckType
e696c3fc523c8ecb	app.GmGlobalFlag2Switcher.ConditionChecker.OperationType
e69c03724792a2c0	app.SpecialReactionHPConfigurationData.SpecialReactionHPControlParam.DamageCalculateSource
e69c3a1fab5fab9a	via.GameObjectRef
e69c3a1ff3f7184c	app.ArmMeshController.SyncSourceType
e6a4c2505c9cd185	app.EventCameraSwitchInterpolateMode
e6a4c250993fec2f	app.CameraDefine.CameraInterpolateCurve
e6a4f61574077bc9	app.OrientRotation.DirectionType
e6ad13c97285dab7	app.BikeChaseCameraRotationParam.RotationRestType
e6ad13c9b619836a	via.Range
e6ad13c99f19049a	via.Range
e6b8a48007967bc2	via.GameObjectRef
e6ba4fa8f5ff1be2	via.Guid
e6c02968df8cb10f	via.vec3
e6c02968466d7535	via.vec3
e6c02968311e04b5	via.vec3
e6c029680c4fa6f7	via.vec3
e6c02968df8ac66a	via.vec3
e6cc711b861ab707	via.render.layer.Transparent.ReducedTransparentBuffer
e6e02ed35db7b8ed	via.vec3
e6e71577861ab707	app.GuiInventoryTab
e6eb0bc1f5ff1be2	via.Guid
e6ec06aff5ff1be2	via.Guid
e6ec06af3c6b01cf	app.ICp_C100Door.BreakVariationType
e6eec109f5ff1be2	via.Guid
e6f46e982227b105	via.resource_handle
e6f46e98301bc489	via.motion.WrapMode
e6f46e9843cdcf3b	via.motion.Fsm2ActionPlayMotion.FrameControl
e714246bdf8cb10f	via.vec3
e716259074077bc9	app.LevelFlowBehaviorTreeAction_FSM_ItemSpawnAction.SpawnType
e71ccaf43848fedf	via.OBB
e7201834bedd91a7	via.GameObject
e72f1bd774077bc9	app.ConstTargetCameraController.AdditionalParam.SyncType
e72f1bd7b619836a	via.Range
e72f1bd79f19049a	via.Range
e739fae4bdf5250a	via.motion.MotionFrameControl
e739fae45c9cd185	via.motion.InterpolationMode
e739fae4993fec2f	via.motion.InterpolationCurve
e755ff7019cad63c	via.render.ColorCorrectLinearParams.LinearCorrector
e75e0ef3f5ff1be2	via.Guid
00e75e361a2c86d0	app.InteractHandlingConfigurationBase.Direction
e76bc4d0ef4e0181	via.Color
e7acee70d6888945	via.vec3
e7acee70ed96ebd0	via.Quaternion
e7c65f906ba51265	app.EffectCameraShake
e7c7f7b51feafdc7	app.EPVExpertPartsBreak.VariationType
e7ce290a6d1d43cc	via.vec3
0e7da6d16fbd0c50	via.vec3
0e7da6d19aa41329	via.vec3
0e7da6d16906b4d7	via.AnimationCurve
0e7da6d135295ab5	via.AnimationCurve
e7f605d5ef5095c4	via.Prefab
e8063e6af5ff1be2	via.Guid
e8063e6a0dd10c61	app.CharacterBehaviorTreeCondition_CheckAngleFromTarget.TargetType
e8063e6a923dcc61	app.CharacterBehaviorTreeCondition_CheckAngleFromTarget.DirectionType
e8063e6a0128fb17	via.Range
e806b47badcb8e35	via.Guid
e809056b82032c3d	via.GameObjectRef
e8235d36f5ff1be2	via.Guid
e85054354ad1aedf	app.vfx.EffectCategory
e85b29a8cd987ca0	app.CameraNearDoorUserData.SettingData.CameraOffsetType
e85b29a8fea5334c	via.vec3
e865191720146616	via.storage.BackgroundInstallSpeed
e865f2ebf5ff1be2	via.Guid
e865f2ebb71b98bb	app.Cp_B000BehaviorTreeCondition_CheckGrappleSituation.Situation
e88576004169c24b	app.Cp_B800PhaseKind
e8961805f5ff1be2	via.Guid
e89b4ee73c62447b	app.WeaponCategory
e8b17c0a96b5162f	app.GuiAttribute
e8b17c0a7f880865	app.GuiLimitedAtteribute
e8b17c0a27cca8c2	via.gui.Segment
e8b17c0a8df62134	app.GuiInputLevel
e8b17c0aaf403d4d	app.GuiControllerBehavior.PoolLimitOperationType
e8b17c0a4b971e6b	via.Prefab
e8b57c46c24cbd97	via.render.StrandsResourceHolder
e8d62f16bedd91a7	via.GameObject
e8d62f166d1d43cc	via.vec3
e8d86329e985e10b	app.GPUScoreCalculator.GraphicsPreset
e8e1d385ab362101	app.GrappleCameraPositionInterpolation.PositionCalcType
e8e1d385596f8a93	app.GrappleCameraRotationInterpolation.RotationCalcType
e8eeb72b25ac8757	app.PlayerBehaviorTreeAction_GripHandOverWrite.ExecType
e8f48a90fc5542a4	app.InteractTrigger.InteractTryType
e8f48a908f9b7866	app.GuiActionGuideButtonMashingGuideType
e8f48a90d44040da	app.InteractUtil.InteractMashIconType
e8f48a90517963a6	app.InteractTrigger.InteractDesiredPriority
e8fcbc636ba51265	app.MovieDefine.ID
e8fec72750297c54	app.Cp_B800ThinkStateType
e9002cf0d517b630	via.render.WaveOpticalLensFlare.LensFlareType
e9002cf04d86e108	via.render.TextureResourceHolder
e9002cf0906d4baf	via.Color
e91ff0d74c137932	via.Color
e91ff0d7077b7e2a	via.Color
e91ff0d77bb8a7d4	via.Color
e933863ae52c962a	app.LevelFlowBehaviorTreeAction_FSM_VibrationTriggerAction.ExecuteActionType
e933d11107967bc2	via.GameObjectRef
e933d1116de0feea	via.vec3
e9484bff0c8b057f	app.Cp_B800SignSoundKind
e949c199c9a43cdf	app.ObjectTags
e95550df29a4db8c	via.Range
e958b5847d448322	via.GameObjectRef
e959b68284e830cc	via.Range
e9731d685db7b8ed	via.vec3
0e97c7b85478aaa7	via.GameObject
e981f0f69cb6d969	via.GameObjectRef
e989f15fab813ece	via.GameObjectRef
e98b3937f5ff1be2	via.Guid
e98c3bd2ee3368d2	via.string
e9b4aabdf5ff1be2	via.Guid
e9b4aabd012dbe79	app.NavigationSupporter.StateType
e9b7d681f5ff1be2	via.Guid
e9b7d681602af3f9	app.Cp_C200AttackMethodKind
e9c824ee50add9a9	app.PlayerMode
e9d2a4c3f5ff1be2	via.Guid
e9d8319f24f9ef48	via.AnimationCurve
e9db80f6861ab707	via.render.ShadowResolution
e9e933946d2c033c	app.BehaviorTreeAction_MFSM_BikeCameraExclusiveParamRequest.RequestTiming
e9e933943d2965fe	app.BehaviorTreeAction_MFSM_BikeCameraExclusiveParamRequest.RequestType
e9fd8ea8d37b714d	soundlib.SoundContainer.ContainerRegisterType
ea0648e09d294153	app.EffectWeaponCustomSocketType
ea0648e0061284d4	app.EffectWeaponCustomParts.Socket.SelectType
ea1aa518dd09ec99	via.GameObjectRef
ea234857861ab707	app.DepthOfFieldQuality
ea35ce831abfb05d	app.TutorialDefine.TutorialCategory
ea35ce83fd8d8e11	app.TutorialDefine.TutorialLatestInputDeviceType
ea470892d8cbf496	app.GamePlayerID
ea5109a82b25ccd6	app.Gm99_139.InteractDirection
ea76e43388738585	via.audiorender.VibrationSourceResourceHolder
ea84d0a134e15bbc	via.GameObjectRef
ea9480c65db7b8ed	via.vec3
0eaa03b4769f8f71	app.cp_C500.AfterRoleActionType
eab915472227b105	via.resource_handle
eab91547301bc489	via.motion.WrapMode
eab9154743cdcf3b	via.motion.Fsm2ActionPlayMotion.FrameControl
eae5c615f5ff1be2	via.Guid
eae5c61569d1ff20	via.Guid
0eb066263ef935fa	via.GameObjectRef
0eb066260b2c870b	via.Float3
0eb06626a551ccbf	via.Float3
00eb0bd9fc5542a4	app.InteractTrigger.InteractTryType
00eb0bd96befb985	app.InteractTriggerActionGuideComposite.InteractProcessResult
00eb0bd9517963a6	app.InteractTrigger.InteractDesiredPriority
0eb27cce6f2bbcfd	app.PlayerLightType
eb2978105b994493	via.vec3
eb2a19ab8d3e5fd2	via.relib.effect.behavior.MarkSystem.ReLibRTTListUserData
eb2b621be2dc42cb	app.CharacterResumeType
eb2c7c285b673006	via.GameObject
eb2c7c289af25f26	via.render.Mesh
eb2c7c28c1a5193e	via.effect.script.EffectMaterialController2.OperationType
eb3bfe056d2c033c	app.MotionFsmActionTiming
eb3bfe05cec7b870	app.GrappleBehaviorTreeActionBase.GrappleRole
eb5206c1de118265	app.Cp_B000BehaviorTreeAction_RequestEquipDamageReactionMotionBase.CheckEquipType
0eb6fbb5f5ff1be2	via.Guid
eb76166415d1718e	via.GameObjectRef
eb8e7b99df8cb10f	via.vec3
eb9222d66966f037	app.ShopItemData.PremiseCondition
eb9810c275ed7522	via.motion.OrclKey_Pos
eb9810c20841f576	via.motion.OrclKey_Pos
eb9810c2a1583547	via.motion.OrclKey_Pos
eb9810c29bf001f8	via.motion.OrclKey_Pos
eb9810c2842c2ecc	via.motion.OrclKey_Dir
eb9810c20546be4e	via.motion.OrclKey_Dir
eb9810c23f4b3c54	via.motion.OrclKey_Dir
eb9810c2f69347cb	via.motion.OrclKey_Dir
eba21370c3bd0064	via.resource_handle
eba213706c6de32f	via.resource_handle
eba6b3c1f5ff1be2	via.Guid
ebbdbed819a269d2	app.PlayerCameraShakeParam.Shake
ebc780479b755684	via.vec3
ebc7804746d86522	via.vec3
ebc86fe8f5ff1be2	via.Guid
ebddca8af5ff1be2	via.Guid
ebddca8aab420ed6	app.PlayerEnvironmentProcessDriver.ClimbStartType
ebe28006861ab707	app.BoolType
ebe59cea861ab707	app.CharacterRunInputType
ebe8fcb2da73f0b3	via.vec3
ec2ad01f483259fc	app.GrappleJackBehaviorTreeAction_ConstraintGrapplePositionBase.ConstTargetType
ec2ad01fa43458d9	app.GrappleJackBehaviorTreeAction_ConstraintGrapplePositionBase.ConstInterpolateType
ec2ad01f52843366	via.vec3
ec390d1cf5ff1be2	via.Guid
ec46f7caf7e51365	via.render.LDRColorDeficiencySimulation.DeficiencyType
ec59033b3d2965fe	app.LevelFlowBehaviorTreeAction_FSM_Cp_B805SetStateAction.RequestType
ec59033bede44e83	via.GameObjectRef
ec59033b9e2d27db	via.GameObjectRef
ec59033b5d6f5aa7	app.Cp_B800BGMState
ec59033b63a881c3	app.Cp_B800OrderType
ec59033b2ea2dbbd	via.GameObjectRef
ec59033b39c9efdc	via.GameObjectRef
ec59033b4169c24b	app.Cp_B800PhaseKind
ec6668941a2c86d0	app.InteractHandlingConfigurationBase.Direction
ec76ea53009dc04d	via.vec3
ec76ea532a096d52	via.vec3
ec76ea53ef1e2d85	app.CameraDefine.SyncAngleType
ec76ea534facc23e	via.Range
ec76ea53b619836a	via.Range
ec76ea539f19049a	via.Range
ec814092d11ba606	via.Prefab
ec926ee0e2dc42cb	app.CharacterResumeType
eca692bf15d1718e	via.GameObjectRef
0ecc40c5a616d4d9	app.CustomFilterController.CustomFilterType
ecc44061f5ff1be2	via.Guid
eccce1eec5c96ac4	via.effect.script.EPVDataBase.EffectRelationType
eccce1eedf8cb10f	via.vec3
eccce1eec9e9df8c	via.math.RotationOrder
eccce1ee13acaee6	via.effect.script.EPVDataBase.RotateBase
eccce1ee466d7535	via.vec3
eccce1ee311e04b5	via.vec3
eccce1eebadd114e	via.effect.script.EffectManager.EffectEndType
eccce1ee52dcdb2c	via.effect.script.EffectCommonDefine.EffectActionOnProviderDestroy
eccce1eeef1490d8	via.effect.script.EffectCommonDefine.EffectActionOnParentDisappear
eccce1ee27a0f417	via.effect.script.CoordinateSystem
eccce1ee2272cad7	via.effect.script.Axis
eccce1eebcc5ea12	via.vec3
eccce1ee13799edd	via.effect.script.RelationMirrorUseMotionBlend
eccce1ee430bc704	via.Color
eccce1eefacf5e17	via.effect.script.EffectCommonDefine.EffectActionOnCulling
eccce1ee003d169f	via.GameObjectRef
ecccfbcde0fdb83a	via.navigation.map.LinkArray
ecdeb340861ab707	via.Point
ecf121cff5ff1be2	via.Guid
ecf908c0424a544a	via.effect.script.VolumeDecalContainer.DecalInfoList
ecf9219cc7d95d7f	app.TimelineEventDefine.ID
0ecf939987c91ece	app.CompareType
ed0c4a5b26d821e9	app.Cp_B000Equip.ChainsawStabType
ed0c4a5b0a6807ab	app.Cp_B000Equip.ChainsawAttackerType
ed0c4a5b444d7cf2	app.EnemyFormationManager.ReservedTacticsType
ed0c4a5b5974cbb9	app.EnemyTacticsType
ed0c4a5b9ca71ab9	app.Cp_B000Sever.GougeLevel
ed0c4a5bff98e06a	app.Cp_B000Sever.GougeLevel
ed0c4a5bdaef038c	app.Cp_B000Sever.GougeLevel
ed0c4a5b678c1a04	app.Cp_B000Sever.GougeLevel
ed0c4a5b3cce1f40	app.Cp_B000Sever.GougeLevel
ed0c4a5b7bb463e9	app.Cp_B000Sever.JawGougeType
ed0c4a5bbd5a46fa	via.vec3
ed0c4a5b21ec7827	app.Cp_B000Morph.UndiscoveryThinkType
ed0c4a5bd170dd22	app.Cp_B000Dead.Cp_B000DeadPosture
ed1ece9ff5ff1be2	via.Guid
0ed2734f3d9184af	app.InteractTrigger.InteractDesiredPriority
0ed2734f425aa17b	app.InteractUtil.ButtonType
0ed2734f9a63b7b5	app.GuiActionGuideButtonMashingGuideType
0ed2734ffcd9bfad	app.InteractUtil.InteractMashIconType
ed2fa5234b971e6b	via.Prefab
ed367b342e16f017	via.motion.RetargetRigResourceHolder
ed42e8896d2c033c	app.MotionFsmActionTiming
ed4b00fbf97cff82	via.vec3
00ed5c5945beb162	app.CharacterPostureType
ed5c8fb2861ab707	via.Size
edadc8526ba51265	app.InventoryType
edb072f7037617e2	via.AnimationCurve
edbbc47f71059794	via.vec3
edbdf02505cd1be1	via.Range
edbdf025a48de24b	via.Range
ede1891cf00b64c1	app.PlayerCameraPositionSetting.PlayerCameraSubState
ede1891cfbae5936	app.PlayerDefine.MentalState
ede3b6c96d2c033c	app.Cp_B600BehaviorTreeAction_RoleActionRetreatNavigate.Timing
ede54a3f95bbbf7e	via.vec3
ede54a3fc8030a2d	via.vec3
ede54a3f9b8d1ae1	via.vec3
edf6cfc4c3962bbd	via.GameObjectRef
ee06cf8113936265	via.vec3
ee1cc0d0861ab707	app.OccupyMediateResult
ee1e4ddae52c962a	app.Cp_C800Define.ActionVineType
ee26521ebae5eb14	app.GuiPlayerSettingUserData.VariableInfo.TargetType
ee26521ead9b39c3	app.GuiPlayer.VariableType
ee2cc36acd397f67	via.navigation.NodeFilterInfo.FilterType
ee34a4843d5f09e3	via.motion.MotionResourceHolder
ee3d7146cbaaff4e	via.Capsule
ee3d714617ed85bb	via.vec3
ee3d71463b405b13	via.vec3
ee3e563af079c742	via.Range
0ee45455bef418b5	via.Color
0ee45455d048e0e9	via.Color
0ee45aa474077bc9	app.NavigationObstacleGenerator.GenerateType
ee50ffe9ede44e83	via.GameObjectRef
ee537deb1d808192	via.pointgraph.PointData
ee5a954eb6d065aa	via.Range
ee5f0bcfc11c1624	via.RangeI
ee632b6cfdf8acd0	app.CommonMessageTable.ShuffleExcuteType
ee632b6c4a638ce3	via.Float2
ee67be792e1c5368	via.curve.EaseType
ee754dd8f5ff1be2	via.Guid
ee83d121424a544a	via.Joint
ee8f1790cd397f67	via.network.native.IosAppStoreTransactionEvent.EventType
ee8f1790cda58aea	via.network.native.IosAppStoreError
ee8f1790ec0f5450	via.network.native.IosAppStoreReceipt
ee9c267748e1cf8c	app.PlayerDefine.SeverType
eeb1f9949dfb2de5	via.vec3
eeb1f994897398c9	via.vec3
eeb6c4ac2539b841	app.PlayerCameraTransitionParam2.OutPutType
eecc4026152e9eec	via.Transform
eecc40267d59d9b8	via.vec3
eecc40266519f22c	app.GimmickFragileFlag
eed31cece2dc42cb	app.CharacterResumeType
eed569ecaaf818ea	app.CharacterBehaviorTreeAction_AngularRotationCommonBase.DirectionType
eee2b558f5ff1be2	via.Guid
eef23922349d700b	via.Int2
eef23922eb672a06	via.Int2
ef16b6475073cad2	via.GameObjectRef
ef39e57df5ff1be2	via.Guid
ef39e57d9316832d	app.Cp_B000Motion.MotionState
ef39e57dde118265	app.Cp_B000BehaviorTreeCondition_CheckMotionState.MotionStateCheckType
ef3d904bd4d06eea	app.GmCp_C100DoorBase.DoorDirectionType
ef3d904b96cd829a	app.GmCp_C100DoorBase.DoorDirectionType
ef3d904b4ccbeffa	via.GameObjectRef
ef3f6a5ef5ff1be2	via.Guid
ef45b36e53d9e92b	app.CinemaRecodingParamType.TargetRuntimes
ef45b36e636a8f48	app.CinemaRecodingParamType.RecodingFormats
ef4a493c483259fc	anim.AnimHipYAdjuster.MoveMode
ef4a493c1e183663	anim.AnimHipYAdjuster.CharaPosType
ef4a493ceea0ac9f	anim.AnimHipYAdjuster.TargetPosType
ef4ec71b822a17f6	via.string
ef4ec71b8e311074	via.Color
ef52f83e5b673006	via.GameObject
ef52f83e9294bbd2	via.GameObject
ef52f83e004c73e7	via.GameObject
ef721531ceeca100	app.AnimRagdollDamage.DamageTerrainType
ef90580c861ab707	app.PSSRQualityType
ef9813de15d1718e	via.GameObjectRef
ef9813def430468c	via.vec3
ef9813de7aabb148	via.Quaternion
ef9813de614af987	via.GameObjectRef
ef9813de9b94d895	via.vec3
ef9813de4673be75	via.vec3
ef9cc78043a5fc12	via.render.MeshMaterialResourceHolder
ef9cc780daa7b27b	via.Float4
ef9cc7806feaa6d8	via.Float4
ef9cc7806531b268	via.Float4
ef9cc78095b0409e	via.Float4
ef9cc780274448bf	via.Float4
ef9cc78058845f86	via.Float4
ef9dd4750042cdf6	via.network.utility.UniqueId
efcfa019d6064273	via.Range
efddcbe86829aab6	app.GimmickOccupyParam.GimmickFlag
efddcbe87e0bcf1f	app.PressWeightEnum
efddcbe8c0b82fb7	app.PlayerInputMediator.ExternalControl
efe5ff7071059794	via.vec3
eff0c408c6f42859	via.motion.ConstraintsUpdateMode
eff0c4080035c845	via.motion.ConstraintsUpdate
f003a804f5ff1be2	via.Guid
f003a804e52c962a	app.Cp_C800Define.ActionVineType
00f02689248c6bf9	via.AnimationCurve
0f0277648e73dc14	via.audiorender.MultiChannelDelayUnitParameters
0f0277645eb0a52a	via.audiorender.MultiChannelDelayUnitParameters
0f0277645f7de3ef	via.audiorender.MultiChannelDelayUnitParameters
0f0277649a5ddfae	via.audiorender.MultiChannelDelayUnitParameters
0f0277645782c9e3	via.audiorender.MultiChannelDelayUnitParameters
0f0277642baf9459	via.audiorender.MultiChannelDelayUnitParameters
0f027764a8eaa0d3	via.audiorender.MultiChannelDelayUnitParameters
0f027764bd17016b	via.audiorender.MultiChannelDelayUnitParameters
0f0277648c101304	via.audiorender.MultiChannelDelayUnitParameters
0f027764ae352e39	via.audiorender.MultiChannelDelayUnitParameters
0f0277640e734e79	via.audiorender.MultiChannelDelayUnitParameters
0f02776488a1ce62	via.audiorender.MultiChannelDelayUnitParameters
f02d672296b5162f	app.GuiAttribute
f02d67227f880865	app.GuiLimitedAtteribute
f02d672227cca8c2	via.gui.Segment
f02d67228df62134	app.GuiInputLevel
f02d6722af403d4d	app.GuiControllerBehavior.PoolLimitOperationType
f02d67224b971e6b	via.Prefab
f0374c7cf83453d6	via.render.TextureResourceHolder
f04484908dbc1380	app.BehaviorTreeAction_RequestOrclAction.DirectionSources
f04484908dfc21e8	via.motion.InterpolationMode
f04484906cb5b352	via.motion.InterpolationCurve
f047ac835db7b8ed	via.vec3
f05138fcd47bb10d	via.GameObjectRef
0f0598fcfc491104	via.vec3
0f0598fc3f95de8d	via.Quaternion
0f0598fcdefe3a8c	via.vec3
f05a8e5c8846d233	via.vec3
f05a8e5cc3736d33	via.vec3
f06ef5e3f5ff1be2	via.Guid
f0700a2b1a2c86d0	app.InteractHandlingConfigurationBase.Direction
f09bbfb5b5487ce0	via.Range
f09bbfb5d2b6dd1d	via.motion.AxisDirection
0f0c0ba3b179015b	app.SoundAddMaterial
0f0c0ba33e946759	app.SoundAddMaterial
f0c79897f4ba5ded	via.AnimationCurve
f0ced94012a5547d	via.Color
f0e0df9b86f7f324	app.WarpOption
f0e943cf26f60148	via.physics.CollisionFilterResourceHolder
f0f4e57e152e9eec	via.Transform
f0f4e57e7d59d9b8	via.vec3
f0f4e57e6519f22c	app.GimmickFragileFlag
f1203620f5ff1be2	via.Guid
f1321712861ab707	app.CharacterPersonType
f138169299a4f886	via.Range
f1445c4af5ff1be2	via.Guid
f147fff157c26845	app.cp_B000.Bed_GoDown_B_RoleActionAdditionalSettings.GoDownVariation
f1547ef3c2ffcce6	via.Float3
f15bccac1ec35a4c	app.QuestConcealType
f17defb56ba51265	app.TimelineEventDefine.ID
f18f30b5bc78bdc6	via.vec3
f18f30b5f4927a91	via.vec3
f1d130346ba51265	via.motion.JointConstraintsResourceHolder
f1d13034424a544a	via.motion.JointConstraints
f1da0a8915d1718e	via.GameObjectRef
f1da7a39944ab413	app.LevelTutorialController.KeepModeType
f1da7a395280b3be	via.Position
0f1de52196b5162f	app.GuiAttribute
0f1de5217f880865	app.GuiLimitedAtteribute
0f1de52127cca8c2	via.gui.Segment
0f1de5218df62134	app.GuiInputLevel
0f1de521af403d4d	app.GuiControllerBehavior.PoolLimitOperationType
0f1de5214b971e6b	via.Prefab
f1ec1dde241e02ac	via.Size
f1ec1dde5de5ec01	via.Size
f20a13025db7b8ed	via.Position
f20a13022ea5f1fa	via.Quaternion
f20a1302a1db02f3	via.vec3
f2754df92d967d21	via.motion.MotionAnalyzerBankResourceHolder
f289ac1471059794	via.vec3
f294661979fa8d00	via.Range
f29466191ad76ed6	via.Range
f29466198b0a1fa6	via.AnimationCurve
f294661978a4bc7b	via.AnimationCurve
f29466190e0dfee5	via.motion.AxisDirection
f294661996852e56	via.motion.AxisDirection
f29ccc83861ab707	via.render.WindowMode
f2a549690855e1d0	via.render.TextureResourceHolder
f2a54969f77f8af6	via.render.TextureResourceHolder
f2a9e31d861ab707	via.RangeI
f2b2587274077bc9	app.GimmickDataAttribute.Type
f2b25872a57f08f9	app.GimmickDataChecker.GimmickOperatorType
f2b30774cebeeadb	via.vec3
f2b30774140f794a	via.vec3
f2b30774d4de828d	via.vec3
f2b30774c82bcbd0	via.vec3
f2b30774aabd62cf	via.vec3
f2b5f2be5321cb79	app.ShellLifeTypeEnum
f2b5f2bec50b38cf	via.vec3
f2b5f2befdc70089	via.AnimationCurve
f2c9e885ed4381f2	app.OccupyPurpose
f2c9e8854e9b2092	app.OccupyPermission
f2d36714861ab707	via.vec3
f2f12425dddcc0d9	via.gui.GUIVRSettings.VR2DTarget
f2fd6472ede44e83	via.GameObjectRef
f32ac560b525f62f	via.motion.SequenceCategory
f32e6ff595bbbf7e	via.vec3
f32e6ff5baf799f0	app.WindData.ATTENUATION_RATE
f32e6ff51f5440b8	via.vec2
f32e6ff582a49220	via.vec2
0f33f099861ab707	app.SubtitleColor
f34b4225fbae5936	app.PlayerDefine.MentalState
f356308faf1b9cca	app.BikeRequestKind
f356537dfa53e9e7	via.GameObjectRef
f356537d1dc89033	via.GameObjectRef
0f3628df773e3b3b	app.GameOverManager.GameOverType
f37f302d6d1d43cc	via.Int2
f37fbac0c31c8367	app.GrappleFsmController.GrappleRole
f37fbac06d2c033c	app.GrappleJackBehaviorTreeAction_TransitionDead.Timing
f383faeaf0779b59	via.AnimationCurve
f39e6b0af5ff1be2	via.Guid
f3a32a8775ed7522	via.motion.OrclKey_Pos
f3a32a870841f576	via.motion.OrclKey_Pos
f3a32a87a1583547	via.motion.OrclKey_Pos
f3a32a879bf001f8	via.motion.OrclKey_Pos
f3a32a87842c2ecc	via.motion.OrclKey_Pos
f3a46aec7078d423	via.vec3
f3ad309596b5162f	app.GuiAttribute
f3ad30957f880865	app.GuiLimitedAtteribute
f3ad309527cca8c2	via.gui.Segment
f3ad30958df62134	app.GuiInputLevel
f3ad3095af403d4d	app.GuiControllerBehavior.PoolLimitOperationType
f3ad30954b971e6b	via.Prefab
f3b3014e8b9818b5	via.motion.InterpolationMode
f3b3014eda8991a7	via.motion.InterpolationCurve
f3b3014ef414d4df	via.motion.BlendMode
f3b36244ab420ed6	app.CharacterInteractiveMessageCondition_Camera.JudgeType
f3b3624471059794	via.vec3
f3b91e9b2b33c059	via.GameObjectRef
f3c7c3fef5ff1be2	via.Guid
f3d029d41537c9b3	via.GameObjectRef
00f3e36d6d2c033c	app.TimelineEventParameter.PosteventSetting.RestoreType
00f3e36dceea4b75	app.TimelineEventDefine.ID
00f3e36d5fc0aae4	app.EventDefine.AvailabilityFlag
f3fb69485322d7a9	via.motion.AxisDirection
f3fb6948c3a95a25	via.motion.AxisDirection
f3fb6948993fec2f	via.curve.EaseType
f3fb6948942db1d3	via.motion.AxisDirection
f3fb6948f0bebf78	via.motion.AxisDirection
f4083d1505cd1be1	via.Range
f4083d15a48de24b	via.Range
f4083d15e959c496	via.Range
f408a952e419cdb9	app.PhotoModeDefine.PhotoSettingColorCorrectType
f408a952670e697e	via.render.ColorCorrectLinearParams
f408a952454881c6	via.render.ColorCorrectLinearParams
f416e7bc6297895e	app.CharacterBehaviorTreeAction_RequestTutorial.RequestTiming
f416e7bcda05363c	app.CharacterBehaviorTreeAction_RequestTutorial.RequestTiming
f425fa2551648cd6	via.GameObjectRef
f427b2dc27a6a0e2	app.CharacterBehaviorTreeAction_ChangeCharacterControllerShape.ExcuteTiming
f42ad5b01c3cb695	soundlib.EnumBool
f42ad5b0b5b06866	soundlib.EnumBool
f433d361bef418b5	via.Color
f433d36120b9ca4f	via.Range
f433d36158638b71	via.Range
f433d361f579e715	via.vec3
f433d3617a9c7162	via.render.LDRRadialBlur.LookAtType
f433d361bc1842bc	via.Position
f433d3619556a5db	via.vec2
f439feab861ab707	app.DetailSearchExitType
f44782c17b896cc2	via.motion.detail.IkNboneSolver.calcType
f44782c17e701b39	via.motion.detail.IkNboneSolver.weightType
f459c8874aa0b06f	via.GameObjectRef
f459c887012dbe79	app.dev.LevelFlowBehaviorTreeAction_FSM_DevelopProvSoundAction.ActionState
f4607a56f5ff1be2	via.Guid
f4676b5a07967bc2	via.GameObjectRef
f47ec0a284b2dd91	via.vec3
f47ec0a2235eacd6	via.vec3
f47ec0a2655cf919	via.vec3
f47ec0a28214e052	via.vec3
f47ec0a20557d864	via.vec3
f47ec0a2e078e441	via.vec3
f47ec0a24a2e15e8	via.vec3
0f480b6074077bc9	app.PlayerAbilityElement.ElementsType
f485461ff5ff1be2	via.Guid
f485461fcd533847	app.Gm99_136.GimmickConditionType
f4891786d617557b	via.GameObjectRef
f4b67150ab2328b3	anim.AnimCombinedLeg.LegType
f4b6f3e7152e9eec	via.Transform
f4b6f3e77d59d9b8	via.vec3
f4b6f3e76519f22c	app.GimmickFragileFlag
f4c0b5ecf5ff1be2	via.Guid
f4c0b5ec6392fc76	app.Cp_C800Define.GrappleHitDirection
f4c67396f5ff1be2	via.Guid
f4c673968c0635f7	app.Cp_B000Sever.State
f4d2b3aa6d2c033c	app.MotionFsmActionTiming
f4d33f184aa0b06f	via.GameObjectRef
f4d5b136bedd91a7	app.GuiAmiiboDefinition.FaceKindType
f4e3101ef5ff1be2	via.Guid
f4f9329ef5ff1be2	via.Guid
0f4fbed3320a42eb	app.Cp_B000TableActionTarget.CoordinateType
0f4fbed3661f41e0	via.GameObjectRef
0f4fbed3804ca3c4	via.OBB
f51e9c3d483259fc	app.PlayerMode
f523423afc86fbdb	app.GamePadButtonBits
f523423a0f1343e7	app.GamePadExtraButtonBits
f523423ab0158e56	app.GamePadAnalogInputBits
f523423a757af8ef	app.GestureInputBits
f523423af8b86fbd	via.hid.KeyboardKey
f523423a4a0256d7	app.MouseButtonBits
f523423a7b020bb3	app.MouseAnalogInputBits
f523423a62cf84ee	app.GestureInputBits
f523423a0ddce452	app.MotionSensorInputBits
f53d7bfbc6f42859	via.motion.ConstraintsUpdateMode
f53d7bfb0035c845	via.motion.ConstraintsUpdate
f551646df5ff1be2	via.Guid
f5766333ede44e83	via.GameObjectRef
f578b1212535c704	via.Range
f578b12174c65882	via.Range
f57ac972a321f72d	via.relib.light.ReLibStdCld2Controller.StdCld2MainLayerModeling.StdCld2CircleMaskPositionTarget
f57ac97280da9334	via.vec3
f57ac9720050a699	via.GameObjectRef
f57ac9727b15fbc7	via.vec2
f58399b14a0345e9	app.DetailSearchItemStorageBit
f5839a39237ed27e	via.Quaternion
f5839a39ab792773	via.Quaternion
f5839a39552e6014	via.Quaternion
f5839a39258d9b94	via.Quaternion
f5a9c8fc87c91ece	app.CompareType
f5b162fc06c6abc7	via.vec3
f5bd3ec9061284d4	app.GuiTitleSelectType
f5c095d39d023671	via.effect.script.UserCurveTrackParameter.UCTPFloat
f5e6f6d7700b1aab	app.RoleActionSettings.EndPattern
f5e6f6d737fc9dca	via.vec3
f5e6f6d7fa84b2a1	app.SoundDetectionType
f5e6f6d78c8ba41a	via.vec3
f5e6f6d7505f76ee	via.vec3
f5e75356f5ff1be2	via.Guid
f5e75356f6ca7264	app.Cp_D100Updater.BattlePhase
f60b260af5ff1be2	via.Guid
f61d15070dbf7542	app.TutorialDefine.SerializeType
f6431bc8e03c39a5	via.vec3
f658873aaaf818ea	app.CharacterBehaviorTreeAction_AngularRotationCommonBase.DirectionType
f65f4f9fe52c962a	app.ZoneAreaLinkageController.ActionType
f6683438a5a2e25a	app.Cp_D110Definition.WeakPointId
f66834388edaed5f	app.Cp_D110Definition.AttackGroup
f66ecffde2dc42cb	app.CharacterResumeType
0f690a2a6d1d43cc	via.motion.OrclDatabase
f69847a996b5162f	app.GuiAttribute
f69847a97f880865	app.GuiLimitedAtteribute
f69847a927cca8c2	via.gui.Segment
f69847a98df62134	app.GuiInputLevel
f69847a9af403d4d	app.GuiControllerBehavior.PoolLimitOperationType
f69847a94b971e6b	via.Prefab
f6ab66eaf5ff1be2	via.Guid
f6cfa4256d2c033c	app.MotionFsmActionTiming
0f6d65249bcdfa07	app.cp_B000.WallCorner_RoleActionAdditionalSettings.WallCornerVariation
f6e3ab8b38857000	via.GameObjectRef
f6efb0796d2c033c	app.MotionFsmActionTiming
f6f01092ed827975	via.render.MeshResourceHolder
f6f010920d0571f1	via.render.MeshMaterialResourceHolder
f6f01092bbe5854d	via.motion.Chain2ResourceHolder
f71fec03f5ff1be2	via.Guid
f7419d6226c7a0b6	via.autoplay.action.AutoButton.Unit
f7419d62d58ce273	via.autoplay.action.AutoButton.Activation
f76ad6537cca3687	app.PlayerBehaviorTreeAction_ClearMotionNextNormalizedTime.SetTiming
f7709658f5ff1be2	via.Guid
f771102026d821e9	app.Cp_B000Equip.ChainsawStabType
f77110200a6807ab	app.Cp_B000Equip.ChainsawAttackerType
f7711020444d7cf2	app.EnemyFormationManager.ReservedTacticsType
f77110205974cbb9	app.EnemyTacticsType
f77110209ca71ab9	app.Cp_B000Sever.GougeLevel
f7711020ff98e06a	app.Cp_B000Sever.GougeLevel
f7711020daef038c	app.Cp_B000Sever.GougeLevel
f7711020678c1a04	app.Cp_B000Sever.GougeLevel
f77110203cce1f40	app.Cp_B000Sever.GougeLevel
f77110207bb463e9	app.Cp_B000Sever.JawGougeType
f7711020bd5a46fa	via.vec3
f771102021ec7827	app.Cp_B000Morph.UndiscoveryThinkType
f7711020d170dd22	app.Cp_B000Dead.Cp_B000DeadPosture
f7756d25f5ff1be2	via.Guid
f77da6f19dbfd853	via.Sphere
f77da6f19e2fd4ae	via.Range
f77da6f18c80f5f1	via.AnimationCurve
f78a0be110422649	app.MotionFsmActionTiming
f7b19093814cb140	app.EPVExpertPartsBreak.PartsType
f7b1909323e00c61	app.EPVExpertPartsBreak.VariationTypeFlag
f7b190935db7b8ed	via.vec3
f7b190932ea5f1fa	via.Quaternion
f7b1909316a51121	via.effect.script.EffectCommonDefine.EffectActionOnParentDisappear
f7b28b1f861ab707	app.GraphicsQualityMiniPreset
f7d61ca36ba51265	StaticAnalysisTest.Case1.ClueID
f802ad632185a077	app.OccupyPurpose
f802ad634a733b64	app.OccupyPermission
f818c044fc491104	via.vec3
f818c0443f95de8d	via.Quaternion
f818c044d36cd1f3	app.DetailSearchExitType
f83fc5bd3759709b	app.MotionTransitionControl.MotionControlStates.StateType
f845d44ab40d76a3	via.GameObject
f845fe85152e9eec	via.Transform
f845fe857d59d9b8	via.vec3
f845fe856519f22c	app.GimmickFragileFlag
f84f4643f5ff1be2	via.Guid
f85094072227b105	via.resource_handle
f8509407301bc489	via.motion.WrapMode
f850940743cdcf3b	via.motion.Fsm2ActionPlayMotion.FrameControl
f863f5cc5073cad2	via.GameObjectRef
0f875fd18f8f16ee	via.Sphere
0f875fd1a5c30dec	via.vec3
f87f16a44ea4f66c	via.Guid
f87f16a4e8c60f0b	via.behaviortree.action.DataSetOn
f8810f80ede44e83	via.GameObjectRef
f8831563bedd91a7	via.vec3
f88315636d1d43cc	via.Quaternion
f889de8bf5ff1be2	via.Guid
f88bd63e7a7a2b9b	via.resource_handle
f88f4fa245167447	app.cp_C500.C500TempStatus
f88f4fa2028170ad	via.Range
f892e4d796b5162f	app.GuiAttribute
f892e4d77f880865	app.GuiLimitedAtteribute
f892e4d727cca8c2	via.gui.Segment
f892e4d78df62134	app.GuiInputLevel
f892e4d7af403d4d	app.GuiControllerBehavior.PoolLimitOperationType
f892e4d74b971e6b	via.Prefab
f894a452f5ff1be2	via.Guid
f8ac2c7ae785c320	via.UserIndex
f8adbf70c6f42859	via.motion.ConstraintsUpdateMode
f8adbf700035c845	via.motion.ConstraintsUpdate
f8afd9fee0fdb83a	via.effect.script.EPVExpertAutoIsLanding
f8c2eec7b72d2da1	via.vec3
f8c2eec73031ff65	via.Quaternion
f8c40931730cb1d8	via.GameObjectRef
f8c4093175a7b4b1	via.GameObjectRef
f8e32d4ec26ad7ec	via.hid.virtualKeyboard.KeyboardMode
0f8e3d61861ab707	app.character.Vital
f90525e4f5ff1be2	via.Guid
0f90b40c3c5f1479	via.network.utility.UniqueId
f913cd48483259fc	app.TimerBase.CountMode
f938dc30f5ff1be2	via.Guid
f938dc30f3317740	app.Cp_B000StickyProp.FaceStickyType
f93a25d9d266ceff	via.Position
0f93c5bb9bb51bb9	via.Range
0f93c5bb05cd1be1	via.Range
0f93c5bba48de24b	via.Range
0f93c5bbe959c496	via.Range
0f93c5bb361fb9a8	via.OBB
f94d4f9781e1a9e2	app.LayeredParamGroupBits
f94d4f97f9f1c451	app.LayeredParamGroupBits
f9661ef79b541af2	app.GimmickUtil.GlobalBitFlag2
f96c219a0925c4a3	via.Size
f983ee4f861ab707	app.GamePlayerID
0f98a282d4160e07	via.GameObjectRef
0f98a282b3961e7f	via.relib.light.TimelineUserCurvePlayer.MaterialControllParam.ParamType
f99e5f8d1a2c86d0	app.InteractHandlingConfigurationBase.Direction
f9ab4b3f5db7b8ed	via.vec3
f9b73dbed969925d	app.cp_C801.Cp_C801Define.RequestPlayMotionGm
f9d9244163d5282e	app.FindStateController.FindSource
0f9ddb07f5ff1be2	via.Guid
f9e1095489f9d16a	app.SwitchKind
f9e293bfdfc9c0ef	via.dynamics.FilterInfo
f9e293bf1bce1e31	via.dynamics.ConvexShape
f9f56ce1861ab707	via.vec2
f9f6d4d62227b105	via.resource_handle
f9f6d4d6301bc489	via.motion.WrapMode
f9f6d4d643cdcf3b	via.motion.Fsm2ActionPlayMotion.FrameControl
fa035183bf8e2613	app.VibrationWaveIndexAssignStrategy
fa035183eeb59a38	via.audiorender.VibrationSourceResourceHolder
fa0f2397d617557b	via.GameObjectRef
fa0fe92f40e50d9d	via.curve.EaseType
fa0fe92f86f7f324	app.WarpOption
fa295d1274077bc9	app.Cp_B000Collider.PressType
fa43d9049cb6d969	via.GameObjectRef
fa49c4424ea4f66c	via.Guid
fa49c442cb2264f6	via.behaviortree.action.DataSetOn
fa516ca537c418d0	via.vec2
fa516ca5acd461e2	via.vec3
fa516ca5f95a9066	via.vec3
fa516ca5ff9b3635	via.vec2
0fa5b1535e9b4bae	app.ItemLoadingType
fa75465cf5ff1be2	via.Guid
fa824a82b8095ba4	app.EffectCharacterSurfaceMaterialDefinition.WaterColorType
fa824a82bef418b5	via.Float4
fa8314e39b541af2	app.GimmickUtil.GlobalBitFlag
fa837f44bcba6faf	app.BoolType
fa87e73ff5ff1be2	via.Guid
fa96fe3a6d2c033c	app.MotionFsmActionTiming
faa3da4340e50d9d	via.curve.EaseType
faa3da4386f7f324	app.WarpOption
faa487923ab83621	via.render.RenderOutputID
faa48792bef418b5	via.vec3
faa487920ce79f9f	via.render.LightImportantLevel
faa48792be9f3db6	via.render.LightingTarget
faa48792a1c3f26c	via.render.LightBakeOption
faa48792da554126	via.render.ShadowCastFlag
faa54122861ab707	app.ItemDebutApproachType
faa69ce2f5ff1be2	via.Guid
faaa778b0a7b5465	app.MovieDefine.ID
fabd66c56ba51265	app.AI.GoalArbitrator.Mode
fac46e38f5ff1be2	via.Guid
fac46e38745d9b85	app.Cp_C610MeleeAttackBlackBoardUnit.ComboAttackTypeEnum
fad5692687c91ece	app.CompareType
fae4456eb43ddb43	via.fluid.WaterObstacleType
fae4456e35d877bb	via.fluid.WaterObstacleShape
faf7dbb050f5b102	via.mat4
faf7dbb086f7f324	app.WarpOption
fb027963f5ff1be2	via.Guid
fb0e6a94370bed98	app.Cp_B800SpawnDirectorManager.RoutineType
fb23d2df0dd10c61	app.vfx.EffectCategory
fb23d2df30bb8238	app.vfx.EffectEmitMaskDefinition
fb26bd638f37ca64	via.Float4
fb26bd63bfd95bb6	via.Float4
fb290aef0f501fe3	via.landscape.MapBakerBiomeSDFBakeType
fb290aef33b8d975	via.Rect
fb290aef0a2bab7c	via.resource_handle
fb2bd9a56c8881e2	via.Prefab
0fb36a934d7631fb	via.vec3
0fb37be76a4f57e3	app.CharacterControlAttachmentTag
fb60e2870c8b057f	app.Cp_B800SignSoundKind
fb60e28774077bc9	app.Cp_B805AppearParam.AppearCornerOption.AppearType
fb70fab7ec84d9c8	via.motion.Motion
fb79e862badf7691	via.effect.script.EffectManager.LODLevel
fb95773b3aa54005	app.CharacterContextKind
fb9af23589e7559d	via.Quaternion
fbb902d3f5ff1be2	via.Guid
fbc27780861ab707	via.Quaternion
fbce499005a8a991	app.GuiOptionV2ItemLayerType
fbce49903de2e4f7	app.GuiOptionV2ActionOptionID
fbce499031a2b1c3	app.GuiOptionV2ItemViewData.Platform
fbd2b05807967bc2	via.GameObjectRef
fbe9072fd6af3ef3	via.vec3
fbe9072ff16665a9	app.cp_C510.C510GimmickAttackHitType
fbea2b144522e5f1	System.Number.NumberBufferKind
fbea79e96590b814	via.Range
fbea79e96ea9c7b3	via.vec3
fbea79e9e63b2498	app.WayType
fbea79e9335b95f5	via.vec3
fbea79e96161c35f	app.Cp_B800WanderLocationUserData.PointActionData.TimeIdleOption_HideAndSideStep.TriggerType
fbea79e95e8a406f	app.WayType
fbfe3e2836a28f2e	via.vec3
fbfe3e2857ae6a19	via.vec3
fbfe3e28962f786f	via.vec3
fc25e201f5ff1be2	via.Guid
fc25e2014fa79e96	via.Guid
fc4762fb36f526af	app.Cp_B800RoomKind
fc4762fbfc958e6a	app.Cp_B800SpawnDirectorManager.PriorityLevel
fc50b744ed9cb01c	app.Cp_C600Define.DownType
fc866d285f9b62ee	via.render.TextureResourceHolder
fc866d282fe11632	via.Color
fc8e441f993fec2f	via.AnimationCurve
fc8f821bf5ff1be2	via.Guid
fc9be9c7f5ff1be2	via.Guid
fcbb10cb0dd10c61	via.GameObjectRef
0fcc6c3c7eddaefe	app.GmLongJump.StepType
fcd0bc9a15d1718e	via.GameObjectRef
fcd0bc9af464b6c6	via.vec3
fcd0bc9a76f1e4fa	via.vec3
fce97b0cf5ff1be2	via.Guid
0fceb4bc3fa2de71	via.resource_handle
0fceb4bce6dcdc32	via.resource_handle
fcebd9e2e2dc42cb	app.CharacterResumeType
0fcec729f5ff1be2	via.Guid
fcf0b406bef59ad9	app.LayeredParamLayoutStyle
fcf0b406799772a5	app.LayeredParamGroupBits
fcf0b40681e1a9e2	app.LayeredParamGroupBits
fcf77424f079c742	via.Range
fcf814a1f5ff1be2	via.Guid
fcf814a15bbe8c9b	app.PlayerDefine.Stance
fcfb7428861ab707	via.render.DLSSFrameGenerationInterface.DLSSGMode
fd0031bd9b896075	app.Cp_B000Motion.StandVariation
fd040ea6998a4e6c	app.AppEventDefine.Kind
fd14de14f5ff1be2	via.Guid
fd153b79f5ff1be2	via.Guid
fd1e33d23d2965fe	app.LevelFlowBehaviorTreeAction_FSM_AssistLightAction.RequestSetType
fd25507a7f5677c3	via.Prefab
fd39815be2dc42cb	app.CharacterResumeType
fd41e121e52c962a	app.GimmickAIMapEffectorController.AIMapActionType
fd41e121b26e407c	via.navigation.AIMapEffector.EffectType
fd41e121523c8ecb	app.GimmickAIMapEffectorController.OperationType
fd4556cc0a51d08e	via.vec3
fd4556ccea4223ad	via.vec3
fd4556cc17d4a736	app.IThrowGimmick.Flag
fd4db4a8e2dc42cb	app.CharacterResumeType
fd73a6cdd4160e07	via.GameObjectRef
fd73a6cdb3961e7f	via.relib.light.LightBlinkUserCurvePlayer.MaterialControllParam.ParamType
fd73a6cd54aeb0b1	via.Range
fd73a6cdaf72c0cd	via.Color
fd7b318d79fa8d00	via.Range
fd7b318d1ad76ed6	via.Range
0fd7f4493d9184af	app.InteractTrigger.InteractDesiredPriority
0fd7f449425aa17b	app.InteractUtil.ButtonType
0fd7f4490ea4723d	via.GameObjectRef
0fd7f4494fe4a02e	via.vec3
0fd7f44975cd2ae0	via.vec3
0fd7f449f36fc72c	app.InteractTriggerVariableInput.ObjIconDisplayType
0fd7f449ae59220f	app.InteractTriggerVariableInput.ObjIconDistanceActorType
0fd7f44996f402e1	app.InteractTriggerVariableInput.ObjIconShieldingType
fd9dd83f4c8cf61c	via.motion.ChainWindResourceHolder
fd9dd83fcbd88be4	via.AnimationCurve3D
fdad7066b0bd7630	app.GrappleJackBehaviorTreeAction_ConstraintGrapplePositionBase.ConstTargetType
fdad7066483259fc	app.GrappleJackBehaviorTreeAction_ConstraintGrapplePositionBase.ConstInterpolateType
fdad706671059794	via.vec3
fdc03cd307967bc2	via.GameObjectRef
fdc420b457d1e737	via.Float2
fdc420b4dc5e27b6	via.Float2
fdc420b4691af761	via.GameObjectRef
fdc420b41df61f24	via.GameObjectRef
fdc618458afc80f9	via.Range
fdc61845de14a729	via.Range
fdc6184543b9a565	app.Cp_B600Updater.StickType
fdc61845ec4f42d0	via.Range
fdc61845adcfb181	via.Range
fdd6f4c0c3470958	app.CameraDefine.CameraSwitchInterpolateMode
fdd6f4c0b77d9788	app.CameraDefine.SyncAngleType
fdd6f4c0ce845c56	app.CameraDefine.DirectionType
fde8022b152e9eec	via.Transform
fde8022b7d59d9b8	via.vec3
fde8022b6519f22c	app.GimmickFragileFlag
fde8ea8f7c981b23	app.AnimShapeShadowFullbody.AdjustmentKind
fded5574f5ff1be2	via.Guid
fe199bea74077bc9	app.CameraHitStopWork_Base.HitStopType
fe1e859861477743	app.LayeredParamGroupBits
fe297034875579d9	app.cp_B800.WanderActionType
fe2e75b9f5ff1be2	via.Guid
fe2e75b9bf017c06	app.PlayerMode
fe3fad929316832d	app.PlayerMoveUtil.MoveState
fe425e6f861ab707	via.storage.saveService.SaveIcon
fe4593d4861ab707	app.SavedataGroupBits
fe46118f27e42c6e	via.vec4
fe480d6cf5ff1be2	via.Guid
fe480d6ce4a8f4bc	app.AttackPowerEnum
fe7269dc4b971e6b	via.Prefab
fe81200800bc8499	soundlib.SoundVibInfoByTrigger.AttenuationSrcPosition
fe8607aa7a7f92ad	via.dynamics.RigidBodySetResourceHolder
fe8607aa08a6564f	via.AnimationCurve
fe862fd7402e2a5d	via.GameObjectRef
fe862fd78a20ce53	via.AnimationCurve
fe862fd7fe711ab2	via.GameObjectRef
fe862fd7f9a80401	via.GameObjectRef
fe8ee017861ab707	via.Color
0fe9d222133da116	via.Uint2
0fe9d22268c3d0eb	via.Uint2
fea77d42f41b94df	via.Joint
fea77d428b1e8fda	via.Joint
fea77d42275bf15e	via.Joint
feac1d95f5ff1be2	via.Guid
fecb6c5138857000	via.GameObjectRef
fecb6c51a12d5d4c	via.GameObjectRef
0fecd21bb72d2da1	via.vec3
fed5d4a6fe99aaad	via.GameObjectRef
ff13ae4ce0fdb83a	via.effect.script.EffectCullingZoneGroup
0ff15a33f5ff1be2	via.Guid
ff16e571ef40c571	via.vec3
ff16e57113acaee6	via.vec3
ff16e57187aea73f	via.vec3
ff16e571df8cb10f	via.vec3
ff16e571466d7535	via.vec3
ff16e571311e04b5	via.vec3
ff16e5710c4fa6f7	via.vec3
ff16e571df8ac66a	via.vec3
ff16e57127a0f417	via.effect.script.CoordinateSystem
ff16e5712272cad7	via.effect.script.Axis
ff16e571bcc5ea12	via.vec3
ff16e571430bc704	via.Color
ff16e57113799edd	via.effect.script.RelationMirrorUseMotionBlend
ff16e571082fb191	via.vec3
ff16e571cc2516ba	via.vec3
ff16e571e41d8910	via.vec3
ff409c1a9de0335f	app.Cp_D110Definition.WeakPointId
ff409c1a11fd2a35	app.Cp_D110Definition.WeakPointId
ff4458f3f5ff1be2	via.Guid
ff4458f3c50b38cf	app.Cp_B600BehaviorTreeCondition_CheckJumpHoldHitAngle.Direction
ff4458f30dd10c61	app.GrappleBehaviorTreeConditionBase.GrappleRole
ff75a6d787c91ece	app.CompareType
ff75a6d7a3e53183	app.CompareType_EqNeq
ff75a6d74f3876cf	app.CompareType_Bit
ff7ae6e9c26ad7ec	via.hid.virtualKeyboard.KeyboardMode
ff7ae6e986e2feaf	via.hid.virtualKeyboard.nsw.InvalidCharFlag
0ff7b4efd35df4f0	app.FlashLightController.LightGroupBit
0ff7b4efbe94f397	via.motion.AxisDirection
0ff7b4efdd6c487b	via.vec3
0ff7b4ef7bffa18f	via.Quaternion
0ff7b4efcb868ce4	via.Quaternion
0ff7b4ef2ea186ec	via.Range
0ff7b4ef7dfe899e	via.Range
0ff7b4ef504a9d20	via.Range
0ff7b4efcc2f6ed7	via.vec3
0ffaf74ef5ff1be2	via.Guid
ffb63464861ab707	via.Int2
ffbcd40375ed7522	via.motion.OrclKey_Pos
ffbcd4030841f576	via.motion.OrclKey_Pos
ffbcd403a1583547	via.motion.OrclKey_Pos
ffbcd4039bf001f8	via.motion.OrclKey_Pos
ffbcd403842c2ecc	via.motion.OrclKey_Pos
ffbcd4030546be4e	via.motion.OrclKey_Pos
ffbcd4033f4b3c54	via.motion.OrclKey_Pos
ffbcd403f69347cb	via.motion.OrclKey_Dir
ffcb4efe74077bc9	app.Cp_E400BehaviorTreeAction_RequestIgnoreDepth.RequestType
ffddc32943776339	app.GamePadButtonBits
ffddc3293dae2a41	app.MouseButtonBits
ffe0d356f5ff1be2	via.Guid
ffe0d35674077bc9	app.Cp_B000BehaviorTreeCondition_CheckOnStairOnKicked.CheckType
ffe19a64f5ff1be2	via.Guid
ffeced4b96b5162f	app.GuiAttribute
ffeced4b7f880865	app.GuiLimitedAtteribute
ffeced4b27cca8c2	via.gui.Segment
ffeced4b8df62134	app.GuiInputLevel
ffeced4baf403d4d	app.GuiControllerBehavior.PoolLimitOperationType
ffeced4b4b971e6b	via.Prefab
