10009562	e0fdb83a,3ecc4c33
1006ca9b	52ce7370
100924c8	9a9d5b6e
100dc4a4	39694c69,53536c60,ed4381f2,a43458d9,1c93d9d3,f5216bcf,c602a40d,ae8834fb,91fa17ab,111e88f1,89f6f8a5,4ebd1bb2,4b8a0cef,d89abf3a,7c564be4,fcf1f8c5,472143bf,81d269f1,445ee13f,4bfb77d1,604cb8a8,4d525275,1b332a89,10fded56,f2564478,2fd57652,8aab7e64,65bd861b,e51224df,0b3b3b39,66359d4f,f6b0f1c0,708fd580,034d5002,09237912,50a41601
1011bc74	39694c69,53536c60,ed4381f2,a43458d9,1c93d9d3,f5216bcf,c602a40d,ae8834fb,91fa17ab,111e88f1,89f6f8a5,4ebd1bb2,4b8a0cef,cd55cecb,5e235b27,d3a7a7f6,a5d169b3,518bac41,1f4ce0e7,3227dc32
10144950	4497a02c,9c0300b1,8f44105e,cbce1067,2ba7f78c,8dc0e05c,03103993
1018d184	52ce7370
101fae9a	156ef672
1021b94f	be5e9368
1022f72a	bcf6bc33
1023b938	52ce7370
10258c65	52ce7370
10290fa4	59e5558e,b6de12d8
102a237e	b4598fa1,b74ec5fe
10306a56	78ed4590,52bdcaaf,5e31869d
1031b50a	216302dd,27dad7cf,4f7fd3fc
104186d4	39694c69,53536c60,ed4381f2,f128948d,06975cff,b857999b,1487d595,72374a02
1041b7db	52ce7370
104876d2	98b8134d
104a3d7f	1b5a30c0
10579e57	52ce7370
1059a7e5	0a16914f
105a1878	ef10b158,5c0cb282
105fc0d7	39694c69,ea480b6c,730e5bd6,baac5ead,f48e0ca7
1063ada9	b8d3ec3d,f5ff1be2,efe3034b
01065a1d	4497a02c,d2e46478
106d2c21	39694c69
10780fff	52ce7370
107c41db	a4f1a6c6,358e4e85,6ba51265,424a544a
10830d78	a4f1a6c6,358e4e85,6ba51265
1085668a	52ce7370
1086d726	c52ad410,ff251f2b,416fe963
108c77f0	4497a02c,9c0300b1,de118265,f60d0c46
0108e227	39694c69,53536c60,ed4381f2,a43458d9,1c93d9d3,f5216bcf,c602a40d,ae8834fb,91fa17ab,111e88f1,89f6f8a5,4ebd1bb2,4b8a0cef,d89abf3a,7c564be4,fcf1f8c5,472143bf,81d269f1,445ee13f,4bfb77d1,604cb8a8,4d525275,4cb6bb56
108f4083	bcf6bc33,fc5542a4,cc9d7b39,f59e6083,0fc6d44a,32071e86,d9fd5454,f8e2e331,4722a3a5,995a2a9f,517963a6,25faefc3,ea16095b,a578c2a9,fb396ef7,8f9b7866,d44040da
108fc91e	52ce7370
1091f179	639c7070,ef46bbd3,cb433269
10929eee	52ce7370
10933695	bedd91a7,4efa80dd,958dd2f1
1095732d	82ff000e,53c0e7de
109a45fb	b8d3ec3d,f5ff1be2,efe3034b
109bc7e0	1e3e50e1
10a3bb91	bedd91a7,6d1d43cc
10a6bc3c	52ce7370
10a8c225	52ce7370
10b093cb	b72bdb50
10b1576b	39694c69,adb1e32d
10b4b6d4	156ef672
10b4b8c2	fc71d6e9,1c125faa
10b79293	c415d935,0e7aba3f,7c908b5c,56200f26,4ce99612,1c47ba7f,e0aa7f23,4ed95ede,1ee4241f
10c42bb7	85d748fe
10cd19a8	75aa25af,29a0711d,cbdcbdf4,9dc42199
10d09091	210fbc2b,41a898d6,2c9de522
010d2309	52ce7370
10d30a90	52ce7370
10d30ac4	4497a02c,9c0300b1,3d2965fe,6d2c033c,5a505f11,4edfeb58
10dd2ae2	39694c69
10dd84f5	39694c69,53536c60,ed4381f2,a43458d9,1c93d9d3,f5216bcf
010df3e0	39694c69,53536c60,ed4381f2,a43458d9
10e54e36	b14580d4,d0aa4598,8fc67efb,0043c068,b92193b6,b0ad38a0,ed3e133a
10f7fe65	a4f1a6c6,358e4e85,6ba51265
10f87830	39694c69
10f9aab4	b8d3ec3d,f5ff1be2,efe3034b
10fca65c	52ce7370
10fcac03	1c3cb695,82273c54,019dd106,b5b06866,74de3fe7
01103632	9deb246d,01ce80d8
11040017	0cc4e31f
110559cc	4497a02c
1106ad82	52ce7370
110cd6ec	a4f1a6c6,358e4e85,6ba51265,424a544a
110d0028	4497a02c,9c0300b1,fce528bb
11104fb1	52ce7370
11146c7b	983d931d,5a1f7c6c,b9367a6e,cacd4c31,1e7e195a,5f0c629a
1114b5cf	397f16be
1116534d	69369173,e985e10b
111d2b46	a4f1a6c6,358e4e85,6ba51265,424a544a
11212bc1	3f19cae6,36765160
1123e63d	152e9eec,7d59d9b8,6519f22c,ab78b87d,39572fa0,9449ec6c
1127c7b8	52ce7370
11316522	3c8d4818
1131b3ea	07967bc2
1131f304	52ce7370
11360154	6e01a547
11374822	52ce7370
0113a6ed	39694c69,53536c60,ed4381f2,a43458d9,1c93d9d3,f5216bcf,c602a40d,ae8834fb,91fa17ab,111e88f1,89f6f8a5,4ebd1bb2,4b8a0cef,d89abf3a,7c564be4,fcf1f8c5,472143bf,81d269f1,445ee13f,4bfb77d1,604cb8a8,4d525275,1b332a89,10fded56,f2564478,2fd57652,8aab7e64,65bd861b,e51224df,0b3b3b39,66359d4f,f6b0f1c0,708fd580,034d5002,09237912,50a41601,76cbe174,fc9e0f04,93be621a,5d5733ad,cd9c73df,94b05d44,9762d059,405d4257,950270d7,702e331c,70823eaa,daf56fb3,060f8f36,bb1a29f4,56638432,2b438d00,2bd5f7fe,95ee8dfe,d02acf3d
113c02c0	ede44e83,de118265
11403fd4	39694c69,281aec7e
01141a3d	39694c69,f93b7ad5,96b5162f,7f880865,27cca8c2,8df62134,572fc984,af403d4d,dddbd028,4b971e6b
1141f2bc	74077bc9,912df7a2,fd48c267,5eb3ad0c
1144320e	39694c69,64256478,45844ca9,ffed39a0,b8e6f76a,f57b9b11,ff215aed,846067ea,fe9e7f68,454b93e4,2d17c51c,98314988,0456d440,51a498d9,d028f1a9,35f35a62,f133c7e1
1146dc49	bcf6bc33
114a8fec	52ce7370
114df3b3	efb50cf9,68af9bb9,b20aa7dc,ae513837
11531e73	1106b04c
11565773	e5b85cd3,62b735e2,4b3e6528,e0d81504,a0e7d6f4,96ee328f,28f3c768
115fa4cc	bedd91a7,6d1d43cc
1164b4e5	a2d1401e,429fe0a0,9031a6c5,edb06294,fbb3f8c4,b21fe34b,5d7649d1,15fb736f,0309d1f3
11666d52	39694c69,53536c60,ed4381f2,a43458d9
116783a0	52ce7370
1169794b	52ce7370
116b21bb	303ea2c1,c260ae74,83466aa4,3701bcd4,18347217,2e39f7d5,7296a783,9809211c,41c73a68,a5b3a88a,7ed9ceda,8c7b0f02,b5f209bf,cb9f4881
116d1e22	c52ad410,ddae9c54,f60bbc32
116f348d	3296fc12,5e580707,d4e0dd4d,92202a7e,688c3481,03fcd3a3,abeda537,ef4405e6
1173f84d	52ce7370
11761b28	b8d3ec3d,f5ff1be2,efe3034b,19112645,510de21a,8c94af96,e8905956
1176fee7	39694c69,2724536b
1179b021	39694c69,752d75aa,cc900145,97e31eff
117a094f	52ce7370
117a1ff5	39694c69,f93b7ad5,96b5162f,7f880865,27cca8c2,8df62134,572fc984,af403d4d,dddbd028,4b971e6b
117b9096	46624a68,3dd488e9,792f907e
1180823a	52ce7370
11835205	9a9d5b6e
11864855	a8aceca4,58ade78b,11177941
11879770	39694c69
1188bc72	39694c69,39745163,e8c6bd1a,46933fcb
118e61af	d836311f,431c2146,57851354,b01d57ad
0118f983	52ce7370
1197c778	232d99fe
119b8629	52ce7370
11a06c9b	8e7b6f79,9038adb2,92d65246,3b2f3d6f,c2942c48,380eaba6,ff281405,120a8e66,5af210b7,c5ec285e
11a6edcd	6c8c4062,fc35be13,0b2c71ab,bf81f6cd
11a802f2	07967bc2
11a90cf9	bcf6bc33
11a9d6ef	52ce7370
11a9dc89	39694c69,53536c60,ed4381f2,a43458d9,1c93d9d3,f5216bcf,c602a40d,ae8834fb,91fa17ab,111e88f1,89f6f8a5,4ebd1bb2,4b8a0cef,d89abf3a
11ac6e5b	52ce7370
11b54b6c	a4f1a6c6,358e4e85,6ba51265,424a544a
11b68c84	39694c69
11b9fe2a	52ce7370
11be5868	5fc0aae4,c5259813,42a67ac9,db85f51c,21257c95,f15b017b,c00c5ba3
011c0090	39694c69,53536c60,ed4381f2,a43458d9
11c577dd	bc6cbc0a
11ce1ba4	b8d3ec3d,f5ff1be2,efe3034b,012dbe79,ecaf1d90,e7803122
11ce4ecc	52ce7370
11cf2298	4497a02c,9c0300b1,a416b824,2b1f788a,908c1738
11d26712	52ce7370
11d2ec9d	39694c69
11d82ae1	52ce7370
11d8c1e4	7df536f7,eb68d525
11d95d2a	39694c69,53536c60,ed4381f2,a43458d9
11da2fe3	52ce7370
11da887b	54dbcc01
011def52	f0d0b8f7
11e38c28	52ce7370
11e44fd1	4497a02c,9c0300b1,296f3960,6578b42f
11ecf2fa	e6c3c21e,bb7e2a1e
11eff179	52ce7370
11f31d4d	bcf6bc33
11f403fb	3296fc12,5e580707,d4e0dd4d,92202a7e,688c3481,03fcd3a3
11f83c6a	39694c69,53536c60,ed4381f2
11f842f9	54dbcc01
11f8ebef	52ce7370
11f904a3	52ce7370
11f998c9	f7142938,241f3066,ae3fa725,d3d6061c,79c4e2e0,65c406f0,51764901,c4b5aaa3,40f6c82a,15ccff03,bbd02e31,c04e9bb2,a9f57785,558be6b6,a1a6d126
1207fe02	ede44e83,e52c962a,c02e314c
12082381	6bccf122,67bd683c,7bb67920
120937f1	c52ad410,33a73fef,dc75495b,35bd261d,7d838502,f5520d2f,4688c8ec,f3bd17b0,8c1749bf,bb6ef6c4,835377d4,7bcc28c5,533b41ef,bba998c8,c5c40768,51250bdf,75be9d1a,b706db72,50f0e120
120b5792	a4f1a6c6,358e4e85,6ba51265,424a544a
1218b5e4	bedd91a7,6d1d43cc
121f550f	39694c69,53536c60,ed4381f2,a43458d9,1c93d9d3,f5216bcf,c602a40d,ae8834fb,91fa17ab,111e88f1,89f6f8a5,4ebd1bb2,4b8a0cef,d89abf3a,7c564be4,fcf1f8c5,472143bf,81d269f1,445ee13f,4bfb77d1,604cb8a8,4d525275,1b332a89,10fded56,f2564478,2fd57652,8aab7e64,65bd861b,e51224df,0b3b3b39,66359d4f,f6b0f1c0,708fd580,034d5002,09237912,50a41601,76cbe174,fc9e0f04,93be621a,5d5733ad,cd9c73df,94b05d44,9762d059,405d4257,950270d7,702e331c,70823eaa,daf56fb3,060f8f36,bb1a29f4,56638432,2b438d00,2bd5f7fe,95ee8dfe,d02acf3d,4b14a013,52d6f1b8,b4c59a3a,9c2397c2,6049d326,0aee9e47,5917cecc,6ee3cd6f,a3f29c27,a19c769f,e1759237,26d875d0,a6f8571a,537df9d7,c200c181,3c1b2601,184e2362,b58c4b95,906164f9,b6394a5d,364ef38a,bfbc3131,9a3d6880,2df3b4fa,acb06c15,9068b149,8f7cac60,b56d9714,862f6f6f,3c733797,8a7aa776,93df5feb,98adf974,6449cdda,d7ccd848
121fb943	3646933d,d85e5919,8e48da5e,93d35b25,8e3ef277,1983cb34,d94797cd,330d4ecd,a8a6358a,8ffd3f8e,43fe6238
12223aac	52ce7370
1223a2ad	bef418b5
1224ee8b	397f16be,cca2c39a
1228dcde	861ab707
122ab89d	dad91cc9,6f3a58e4
12304a8d	b8d3ec3d,f5ff1be2,efe3034b,ab278105
01232d9b	0fffa62c,5c091dd9,35f823b0,15d2d40c,a25ce84e,311e04b5,4ee4c39c,ab38b883,f5455c2c,8f4aa16a,65c3c26c,6c4a8fb4
123319b6	52ce7370
1239affc	b499ea3a,4d2935ab,dfb92888,40baeb8a,b155dc21,6bd2544e,e1f5a14a,f8da391a,57742b70,f4f94585,0907f2d0
0123e312	39694c69
124120bc	b4490cd7,c18b7c5d
124a1826	a4f1a6c6,358e4e85,6ba51265,424a544a
124b24da	39694c69,af77c70d,ed4381f2,a43458d9,1c93d9d3,f5216bcf,e2dc42cb,ef4c1064,050a25d7,234a0a79,c3c175ca,4ebd1bb2,d454474a,689b5772,c53f71f9,6bdb00af,58348094,81d269f1,3547a453
1250bd20	52ce7370
1251a822	39694c69,de5cbb69
1253cdf2	9cb6d969,e2ebaeae
00125753	39694c69,2368d8a3,ef8ccccb,6c38fc73,13315469,559495d7,cbc7a710,8aae50a5,4b91fd9c,224c78d8,6087d2bd,752c2be5,6a21caa1,6354f4da,70c1562e,2aea8b96,4bf7c1b1
1258c630	52ce7370
125aa1fe	52ce7370
125b67f9	52ce7370
125bcf93	abd61099
125c3c86	0b9fc79e
125d364b	52ce7370
12631a26	4497a02c,9c0300b1
0126a9dd	e0d64098,95bbbf7e,34558bfb
126e9c5d	39694c69,53536c60,ed4381f2
1270e64b	52ce7370
127582d9	b8d3ec3d,f5ff1be2,efe3034b
12776d86	4497a02c,9c0300b1,d969925d
127fe130	237d07e3,e30c4160,68a5cc17,fc032dcb,ad31e4b4,9c8b3f11,e8ad5f6d
12800a47	b8d3ec3d,f5ff1be2,efe3034b
128b3153	39694c69,3485907e
128bb489	52ce7370
128c0e23	52ce7370
128de9b8	52ce7370
1294c019	962d42e1,da186685
12963d62	5da60512,f24da7b1,287334da,ac2d355a,dee65538,c71c9c2d
129660f9	52ce7370
129f684a	4497a02c,9c0300b1,cb0ec820
12a049c3	a4f1a6c6,358e4e85,6ba51265,424a544a
12a051d2	39694c69,82273c54,da0deda5,109279ae,ff4ee59c,223d627a,eab3c5bf,c7121f30,3333e0d9,a5475426,31609214,a39b9ffb,f55d2fc9,31f1b425,01a81db0
12a38e27	39694c69
12a6e536	39694c69,53536c60,ed4381f2,b0df915e,00c65522,650606f6,81a63706
12a760ba	95bbbf7e,9916e970,466d7535,6aa34282,46c993ad
12aa5404	e6f56652
12acdb6a	52ce7370
12add13b	75ed7522,0841f576,a1583547,9bf001f8,842c2ecc,0546be4e
12afeb70	a4f1a6c6,358e4e85,6ba51265,424a544a
012b2c1b	5e41b9ed
12b2cbf4	321325f3,9ba1f462,f1306e2e,54e98f4c,888aed04,1f5c2c8b,84a4a305,4892dccf,0fac4c85,a54ce866
12b44ee5	39694c69
12badddf	39694c69,d2165fb6,ec1df7d3,10db36f4,8a5df444
012bb6ef	4497a02c,9c0300b1,5830a196
12bbd22d	9fb07347,25ac350f,0b69bfff
12c0083a	52ce7370
12c8e994	52ce7370
12cbc5e2	4497a02c,53536c60
12cfef6d	52ce7370
12d3e6b1	52ce7370
12d72447	0535c90b
012db64c	52ce7370
12ddc01a	a4f1a6c6,358e4e85,6ba51265,424a544a
12e376e4	39694c69,53536c60,ed4381f2,a43458d9,1c93d9d3,f5216bcf
12ed05d5	52ce7370
12ee3d83	39694c69
12f303de	397f16be,5bbe8c9b
12f3c211	f8cf135e,f54fa871,8d9d2636
12f81285	dee31b47,f3d7185b,0a145b67,6f0c7ee3
12fbc861	1487fca1,40e50d9d,a1b42c73,86f7f324,d4170ffb,60aa5c82
12fc1d78	52ce7370
1300273d	a4f1a6c6,358e4e85,6ba51265,424a544a
13076c19	4497a02c,9c0300b1,1191638e,bf72c275,908c1738,7a464285,7da1c31a
130ae007	22183874,d74ebeed,b3c768ec,12071db6,3512f1ef
1310a1be	4497a02c,9c0300b1,9f90b58d
13119261	569aeac3,0c6023ee,fd8c731e
13119c63	156ef672
1312c5d0	b8d3ec3d,f5ff1be2,efe3034b,7e1dd152
13134e30	b6a18211,034a19b4,feaf57a9,9ed6c303,06384150
13155412	bcf6bc33
131bb277	52ce7370
131f60a4	4061871e,03155e8c,b664d91b
131fe5e6	39694c69,c7fb2350
013208c3	4497a02c,f1551f13
13221be5	363013e0
13224f57	39694c69
13264110	bedd91a7,6d1d43cc
132d60b2	52ce7370
132e6ea6	923a6c6e
13304501	4497a02c,9c0300b1,ed9bfc62,9262a864
1332b90f	52ce7370
1333566e	3b1b3911
1337a801	987944f2,ebd24954
133cb450	b8d3ec3d,f5ff1be2,efe3034b,de118265
133d62fd	52ce7370
133ec84e	66547f14,37ee36cd,efa242cf
1345e0c6	16230b6d,e9f77cc4,1739fe34,6ade46dc,1c5625f3
1347fed5	bcf6bc33
134eb34f	532b2adf,222f3cd6,b6a5f4aa
13590b10	6966f037,695a3627
135c091b	76497e28,c003b2da,20f97c18
13694315	49b4e1ae,8e7b6f79,908c1738
136b7816	b8d3ec3d,f5ff1be2,efe3034b,fa4a018c,6a243c86
136e91f8	4497a02c,9c0300b1
137253c8	de171b22,840f09ea,4adfa6fa,a5b6b52a
13756053	a4f1a6c6,358e4e85,6ba51265,424a544a
137a86a9	52ce7370
137ae761	52ce7370
1381148d	52ce7370
1386471a	bcf6bc33
0138760e	d918c1e8,458e5d1c,705a423f,83dfc38a,35f35a62,02bc242a,275c50b5
1391367d	52ce7370
1392ecec	52ce7370
01395720	990ddbbc,d2645d3a,79fa8d00,1ad76ed6,6d766270,11f8c65e,b1a8834b,3e7819dd
1397a514	4497a02c,ae42c2b3,6803c276,b72d2da1,3031ff65,4799b644,30fa4583,7977d8fb,2ad8f353,8cc99890
01397a96	39694c69
139b9522	b8d3ec3d,f5ff1be2,efe3034b,7d71de1b
139bab5a	3296fc12,5e580707,d4e0dd4d,92202a7e,688c3481,03fcd3a3
139e4ed8	a4f1a6c6,358e4e85,6ba51265,424a544a
139fac37	52ce7370
13a16c46	39694c69
13aac16b	0ae3f8cd,3c916e0a
13b43a8b	52ce7370
13b598e6	4497a02c,9c0300b1,72f4b0f6
13bed71a	b8d3ec3d,f5ff1be2,efe3034b,94a0677d
13c78cdb	9a9d5b6e,17c741a5,dc89c1ba,6ef52abb,e6171229
13cf2ef4	156ef672
13d03e17	e03c39a5
13d2ed3a	52ce7370
13d435b1	52ce7370
13da8643	4497a02c,9c0300b1,fc1fa343,8f6896a3
13dc65ae	52ce7370
013df037	4497a02c,662a6cb1,a9fb060c,03737c40,c4ef3626,b99771e1,dfc53c54,f010dd50,3297c51b,247895fd,9da6259c,ef1bb329,9dbd0412,b2fb5a8b,bf6b96ed,2f66cae6,bc637320,fe04ce75,d67226cf,ca037bc1
13df7c42	5fc0aae4,30d26d66
13e1b295	52ce7370
13e34088	156ef672
13ea64f6	39694c69,53536c60,ed4381f2
13ebb819	94393069,861ab707
13f17c89	6c7c9ab1
13f2da1c	b8d3ec3d,f5ff1be2,efe3034b
13f984c6	07967bc2,3c50f8e2,24b1ea7f,26249e20,68b52802,59d746cf,b74fe983
14031fb3	bae07f3c
14093896	23f6c302,a3029690,53e1236b,ee276021,7573e343,13b7bc50
1409c7fe	dbc13115,f3e15a4d,7ca1b85d,d4a1aa73,aebc40cd,4bdc3092,216302dd,09e7f96e,08ee77bc,465660fd,5ff62f2f
140caf2e	a4f1a6c6,358e4e85,6ba51265,424a544a
1410ed83	4497a02c,9c0300b1,9f90b58d,77c639b7,c015fc4b
14133b78	bb68f6c7
14148ed8	39694c69
1417880e	4497a02c,9c0300b1,12713f14,00320983,1736007b
1418c2ab	52ce7370
01419c21	1b5a30c0,197ee7ba
141b8e3e	39694c69,c4900cb3,38e07240,dbc02127
141bdd6f	5fc0aae4,b02aa637,4209fff0,e7803122,137cbeb3
141cf770	52ce7370
141f2496	23f6c302,35b16abf
14253368	bcf6bc33
1425aa6f	4497a02c,9c0300b1,ed4381f2
1427a38e	c52ad410,fb629045,69dfb8ce,9bdeb816,46747927,bb1385a4,f28dae3e,bd0ae48d,622e64d2,fa780c10,9d52a066,096e3c87,96060714,20a21f36,736dc35d,b24a475a,8acda39c,e7209a65,673faebb,732baa56,1a2c86d0,f5d3bc9d,2081284d,1a5d75f0,1f6a5317
142c9d5b	b8d3ec3d,f5ff1be2,efe3034b
1430e0f4	39694c69,f93b7ad5,96b5162f,7f880865,27cca8c2,8df62134,572fc984,af403d4d,dddbd028,4b971e6b
1433f598	cc1ed2cf,4a5a28db,f40495d9,163f7b1a,5699d6f3,3e4b69eb,9b235024,783c6cac,fabca535,52fe1c69,a2de30a2,01104ab0,c5e2b5aa,1d7ba982,6e23f5e1,0961e7b6,34a51ffa,257abbd0,8398bddf
143658a7	bedd91a7,6d1d43cc
1439d044	4497a02c,9c0300b1,b43ddb43,237d07e3,509315a9,3947eb9c,639c7070,ca710dcf
143cb0d7	156ef672
14422b66	4497a02c,9c0300b1,ed4381f2,a43458d9
1445682f	4497a02c,9c0300b1
014471f4	7d71de1b
14485429	52ce7370
145183a3	39694c69,53536c60,26bed42b,0091e4f9,1c93d9d3
14578d91	52ce7370
14582d78	39694c69,ad666f23,57e63412,62f35734
145e44c1	5c9d45a4
145f270b	4497a02c,9c0300b1,ed4381f2
14625fee	52ce7370
14643148	2feb5c4f,469fadb9,dc28bb2b,5cc6b78e
14677bc8	39694c69,f93b7ad5,96b5162f,7f880865,27cca8c2,8df62134,572fc984,af403d4d,dddbd028,4b971e6b
1469b5d7	07967bc2
0146a8d2	152e9eec,7d59d9b8,6519f22c,ab78b87d,39572fa0,9449ec6c,c502779c
146aef90	ba27ce7b,675d2253
146d72d9	52ce7370
1471cc7a	ef10b158
14776781	15d1718e,dee65538,6c7cd6a0,4c0b4a0a
14789b54	39694c69,e52c962a
147c4775	f3e3ff21
147c71ee	39694c69,53536c60,26bed42b,0091e4f9,1c93d9d3,f5216bcf
147ed8b6	a4f1a6c6,358e4e85,6ba51265,424a544a
14828f60	bcf6bc33
01482c65	6861c985,f50ed3e2,2679be54
1482f5b1	39694c69,de5cbb69
1486b984	3f19cae6,36765160
148a2fa0	1ea4a1f6
148c4da7	16ec1a76
149891bf	4497a02c,9c0300b1,ed4381f2,a43458d9
14997632	52ce7370
149c5232	397f16be,75a30d62,0b17651a,5fcf8252,f976b7a2,37060a0f,4e3408ee
149c856a	32011268
149d348b	52ce7370
149e7bc8	39694c69
14a0fee8	4497a02c,9c0300b1,d74ebeed,ca00d222
14a873f7	52ce7370
14ab38ba	39694c69,40c3b60d,8a6f2577,f156761a,efa938d5
14ae6ef7	39694c69,53536c60,ed4381f2,a43458d9,1c93d9d3,f5216bcf,c602a40d,ae8834fb,91fa17ab
14aff74f	52ce7370
014b014c	152e9eec,7d59d9b8,6519f22c,ab78b87d,39572fa0,9449ec6c
14b46d91	156ef672
14b939f1	4497a02c,53536c60
14b94b06	39694c69,156ef672
14ba4607	979b7a80,ec87027d,c58e3e10,1d3640a7,2c73919a,f95a6001,73dccd4c,0dc5cac4,245e9370,bd83c8a3
014bf41b	52ce7370
14c65be4	dee65538,526abccd,8c0c227f,cde254f1,32b193bd,0fe5bd42
14c72fc1	52ce7370
14c8d0e1	39694c69,c6cbee64,7d72e381,f6714b76,d89c4b28,056b47e4,fbc413cc,5b544417,25496cd4,a07c92eb,469afe9a,a5f38bd2,5830cd0e,9dede2a5,49d1d639,f39062ed,3aad46fc,519d1139,3c23a030,c3ccbaf8,34ea87ab
14caad74	2b841a22,200dd57b,fcb927e0,95ca86bd,b8bc3e40,b77b561e
14cc0b58	b8d3ec3d,f5ff1be2,efe3034b
14ce0c13	52ce7370
14d03640	39694c69
14d16ff8	4497a02c,53536c60
14d4eb17	07967bc2
14d605ea	ba644e2a,dba99a7e,e8ca1dc7,4e9a4327,8ffc6982,d6d6a63f,52b3edee
14d79c20	39694c69,53536c60,ed4381f2,a43458d9,dc5c74bc
14d8bb1d	52ce7370
14dd8bca	a4f1a6c6,358e4e85,6ba51265,424a544a
14deda2c	52ce7370
14e8e8b2	52ce7370
14f08c9a	d068dcd5,0d89f003
14f50a8f	52ce7370
14f86168	52ce7370
14f90405	39694c69,53536c60,ed4381f2
1507bcc7	39694c69,2724536b
1507ecb1	b8d3ec3d,f5ff1be2,efe3034b
150ab77d	a4f1a6c6,358e4e85,6ba51265,424a544a
150ac5f2	4497a02c,f1551f13
150f9385	d64924ff,f710d0dc,93cdcd4f
15118fc0	52ce7370
1516fac1	39694c69
1519d3a2	4497a02c,9c0300b1,26bed42b,0091e4f9,03fbf95a
151c5b7b	c52ad410,f380e36b,502c5eed,455a1d15,4a11cb7f,70890a9a,9c71bf94,f446f943,0fb8ee10,7230b23f
151f28eb	b552f3e0
1527db6c	4497a02c,9c0300b1,ed4381f2,a43458d9
15283519	ef10b158,7e4ea976,b15b394e,5cf9a22b,70188199,7dbec69b,f499f937,0c8e8754
152e5e34	1ea4a1f6,5b561600,c6705886,3c916e0a,e72b845c
15343df9	c7563c39,ab7b4b01
15348bb6	52ce7370
1535a075	b5df7c21,b280aab0
153924db	39694c69,08e6c760,750e1d42,b1633e22
154306ae	c523a0f2,b2707eb9,5270581c,5123fc49
154459fe	9e47592c,164c4c5a,e3f54b2b,8fb7f657,0069d5f7,13b4ad35
1544b62c	52ce7370
1546bedb	39694c69,37808ff0
15478c7d	52ce7370
15485de8	dde16d45
01548bb9	bcf6bc33
1548d3b1	4497a02c,9c0300b1,6d2c033c,17c0cefd,7b470bbc,1e5ec4ae
1548f041	4497a02c,9c0300b1
154b91f6	52ce7370
1557058c	4497a02c,9c0300b1,ed4381f2
155933c2	b8d3ec3d,f5ff1be2,efe3034b
155d05a3	4497a02c
155eb5b0	4497a02c,f1551f13
1560e3ae	39694c69,53536c60,ed4381f2
156656c6	7d7d4b55,2bfb602c
1566c054	4497a02c,9c0300b1
1566d4a7	4497a02c,9c0300b1,411582c1,6d2c033c,f80f0860
156a375f	39694c69
156c66ee	c52ad410,e0a099a0,f92011b7
156e9af5	4497a02c,53536c60
157350db	52ce7370
1577c44c	f1ce02fa,b35a94fc
1577ce1a	4497a02c,9c0300b1
15796114	94393069,861ab707
157a95ec	4497a02c,53536c60
0157b8f7	de5cbb69
157c4edd	b8d3ec3d,f5ff1be2,efe3034b
1584fb77	39694c69,f93b7ad5,96b5162f,7f880865,27cca8c2,8df62134,572fc984,af403d4d,dddbd028,4b971e6b
1586ca5b	0bc551d0,971e6a0f,1e3e50e1
158808d2	39694c69,53536c60,ed4381f2,a43458d9,1c93d9d3
1589630b	b7233bc3,77d2f4c7
1594e0e1	39694c69,de5cbb69
159ace03	c906939f
159c24cd	a4f1a6c6,358e4e85,424a544a
159cd4f9	1126d489,991c372d,bc16780d,f57bc6df,b099b0e5
15a51f18	52ce7370
15a75095	52ce7370
15acde61	52ce7370
15ada7a0	a4f1a6c6,358e4e85,6ba51265,424a544a
15ae7b34	94393069,861ab707
15b13c19	52ce7370
15b1ae4a	52ce7370
15b30f04	52ce7370
15b44d1a	39694c69
15b4affc	52ce7370
15b62195	39694c69,53536c60
15b9c7d4	39694c69,d918c1e8,32f3e0d8,56731762,29aa6550,b6c10220,f1f267f9,f5638694,62754f12,d3e94038,bbaffb50,489a4931
15bc57f4	94393069,861ab707
15bd11c3	b8d3ec3d,f5ff1be2,efe3034b
15bd7fd3	52ce7370
15c28b63	4497a02c,9c0300b1,7a464285
15c96db3	b3b3f915
15ca960f	636bcf35
15d17d2d	4497a02c,9c0300b1,ed4381f2,a43458d9
15d2708b	a4f1a6c6,358e4e85,6ba51265,424a544a
15d3b4ec	39694c69,53536c60,ed4381f2,a43458d9,1c93d9d3,f5216bcf,c602a40d,ae8834fb,91fa17ab
15d8a90b	156ef672
15d97dbe	39694c69,53536c60,ed4381f2,a43458d9,1c93d9d3,f5216bcf,c602a40d,ae8834fb,91fa17ab,111e88f1
15d988b5	39694c69,2e3e3437,d87b5140,5af2fccb,b75b8b78,3460e02c,f9deb67e,46674ccd,76d55f98
15da427f	39694c69,53536c60,ed4381f2,a43458d9
15dc711d	b8d3ec3d,f5ff1be2,efe3034b
15dd0a04	bedd91a7
15de5c69	39694c69,73b61c3b,077ad555,d028f1a9,35f35a62,9716f3ea,de5cbb69,125a1a93
15e3a0b1	52ce7370
15e801bc	52ce7370
15e84f7d	b8d3ec3d,f5ff1be2,efe3034b,3485907e,7354b2d8
15ed15b6	949bc7ed
15ed1d9a	0c46a4b4,c4248c2d
15ef54ca	156ef672
15f0d16b	52ce7370
15f675d4	39694c69
15f9e1ae	39694c69,53536c60,ed4381f2,a43458d9,1c93d9d3,f5216bcf,c602a40d,ae8834fb,91fa17ab,111e88f1,89f6f8a5,4ebd1bb2,4b8a0cef,d89abf3a,7c564be4,fcf1f8c5,472143bf,81d269f1,445ee13f,4bfb77d1,604cb8a8,4d525275,3953b4c0
15fd4611	52ce7370
15fd7ef8	52ce7370
15ff1d5a	412401d1,204cd446,d068dcd5,b0000daa
15ff9e49	a4f1a6c6,358e4e85,6ba51265,424a544a
1604206d	4497a02c,9c0300b1,ed4381f2,5b272af2
1605bbf0	3dbecad4,f7142938
160905ca	b8d3ec3d,f5ff1be2,efe3034b
160a2940	4497a02c,9c0300b1,ed4381f2,a43458d9
16170a8d	4497a02c,9c0300b1,28696d9a
1619c236	52ce7370
161a7f2e	86862b2a
161aae72	52ce7370
16212ad0	39694c69,53536c60,ed4381f2,a43458d9,1c93d9d3,f5216bcf,c602a40d,ae8834fb,91fa17ab,111e88f1,89f6f8a5,4ebd1bb2,4b8a0cef,d89abf3a
1621dd3f	4497a02c,fc8540b4,61b691a6,d019dfa7,d3ebace4,72356468
1621e4fb	bedd91a7,6d1d43cc
162516c9	4497a02c,f1551f13
016256d4	52ce7370
16270538	7f4422ac,6d1d931a,b2714bdf
1627df07	39694c69,53536c60,ed4381f2,a43458d9,1c93d9d3,f5216bcf,c602a40d,ae8834fb,91fa17ab,111e88f1,89f6f8a5,4ebd1bb2,4b8a0cef,d89abf3a,7c564be4,fcf1f8c5,472143bf,81d269f1,445ee13f,4bfb77d1,604cb8a8,4d525275
1627f2f2	52ce7370
16296ddf	39694c69,11638435
162a0505	4497a02c,9c0300b1
162b8297	e056f086,c8cf7174,d509cff2,cf44f2de,4c010bab,b36e58ce,8d50d41a,6e109846,fcc0113a
1635d06b	a4f1a6c6,358e4e85,6ba51265,424a544a
1636aefb	bcf6bc33
1636e243	52ce7370
163a01da	52ce7370
163abf26	688fbadb,dfbb85d4,191ed701,7640d161,12a1288f,f4cf5867,85010f7c,a56a12d9,a51ca1bd,8fa4952b,287edb86
163d0084	39694c69,53536c60,ed4381f2,a43458d9,1c93d9d3,e0dbab46
163f28f8	152e9eec,7d59d9b8,6519f22c,ab78b87d,39572fa0,9449ec6c
1640b0f6	39694c69,53536c60
16415886	39694c69
16421926	457e7cae,a78bad88
16430869	32508d87
1644612e	52ce7370
1645c78d	52ce7370
16472d4d	39694c69,53536c60,ed4381f2,a43458d9,1c93d9d3,f5216bcf,c602a40d,ae8834fb,91fa17ab,111e88f1,89f6f8a5,4ebd1bb2,4b8a0cef,d89abf3a,7c564be4,fcf1f8c5,472143bf,81d269f1,445ee13f,4bfb77d1,604cb8a8,4d525275,1b332a89,10fded56,f2564478,2fd57652,8aab7e64,65bd861b,e51224df,0b3b3b39,66359d4f,f6b0f1c0,708fd580,034d5002,09237912,50a41601,76cbe174,fc9e0f04,93be621a,5d5733ad,cd9c73df,94b05d44,9762d059,405d4257,950270d7,702e331c,70823eaa,daf56fb3,060f8f36,bb1a29f4,56638432,2b438d00,2bd5f7fe,95ee8dfe,d02acf3d,4b14a013
164ce395	39694c69,53536c60,ed4381f2,a43458d9,1c93d9d3,f5216bcf,c602a40d,ae8834fb,91fa17ab,111e88f1,89f6f8a5,4ebd1bb2,4b8a0cef,d89abf3a,7c564be4,fcf1f8c5,472143bf,81d269f1,445ee13f,4bfb77d1,604cb8a8,4d525275,1b332a89,10fded56,f2564478,2fd57652,8aab7e64,65bd861b,e51224df,0b3b3b39,66359d4f,f6b0f1c0,708fd580,034d5002,09237912,50a41601,76cbe174,fc9e0f04,93be621a,5d5733ad,cd9c73df,94b05d44,9762d059,405d4257,950270d7,702e331c,70823eaa,daf56fb3,060f8f36,bb1a29f4,56638432,2b438d00,2bd5f7fe,95ee8dfe,d02acf3d,4b14a013,52d6f1b8,b4c59a3a,9c2397c2,6049d326,0aee9e47,5917cecc,6ee3cd6f,a3f29c27,a19c769f,e1759237,26d875d0,a6f8571a,537df9d7,c200c181,3c1b2601,184e2362
164f9518	74077bc9,5dfae434,b7333d00,ccf4a939,f09093d9,df627078,46cc4846,ffc71232
0165aa33	acde460f,a8aceca4,1c3d3222,7a52b015
165f2070	4497a02c,9c0300b1,935d48e3,3701bcd4,6d2c033c
165f406a	a4f1a6c6,358e4e85,6ba51265
166389db	52ce7370
1663ac74	d918c1e8,458e5d1c,705a423f,83dfc38a,b5a2afe3,79ee55de,83eb2441,ce27b20a,6f6d291a,a9746d96,35f35a62,02bc242a,f34fddaf,275c50b5
16660eb7	d48bb3cc
16666c99	4497a02c,9c0300b1,012dbe79
1666ac06	52ce7370
1667aa3e	4497a02c,53536c60
1669dd00	52ce7370
16728043	39694c69,f93b7ad5,96b5162f,7f880865,27cca8c2,8df62134,572fc984,af403d4d,dddbd028,4b971e6b
1675ad60	4497a02c,9c0300b1,ed4381f2,a43458d9
167a7281	4497a02c,9c0300b1
167cd39a	52ce7370
167ef25a	4fbc9618,cabba67c,6d1d43cc
168bf845	52ce7370
168ebbc2	39694c69
16907160	52ce7370
1691f9bf	4497a02c,f1551f13
1694da3b	52ce7370
169d8f17	52ce7370
16a6a7cb	52ce7370
16a799b9	52ce7370
16ab5888	9b896075
16b3ee67	52ce7370
16bafc0c	39694c69,190ce928
16bb7494	39694c69,f93b7ad5,96b5162f,7f880865,27cca8c2,8df62134,572fc984,af403d4d,dddbd028,4b971e6b
16bd4bf6	7a69cc34,9e031806,e24d23c8
16c04d58	4497a02c,53536c60
16c0fb5a	52ce7370
16c25957	39694c69
16c312a2	4497a02c,9c0300b1,ed4381f2,a43458d9
16c43812	bcf6bc33
16c495bf	39694c69,5073cad2
16c59604	39694c69,53536c60,ed4381f2
16c74702	4497a02c,9c0300b1,6d2c033c,f57f4bac
16c88944	9cb6d969,e2ebaeae
16cbfde3	4497a02c,9c0300b1
16ce1cf5	39694c69,9ee0f530,010b1860
16d009d7	39694c69,5d050aeb,832661d0
16d25451	135456f8,8298bd73,26aecdf3
16d53d20	3296fc12,5e580707,d4e0dd4d,92202a7e,688c3481,03fcd3a3,58ed1d06,6c443132
16d77c24	5767360d,588444cb,5160a3ef,6c2c7a8c,c813c921
16d97e91	e9db2dec
16da1742	e0fdb83a
16dcd828	4497a02c,9c0300b1
016e79d8	39694c69,d37b714d,0971f4f3
16ead35d	52ce7370
16f3a597	52ce7370
16f3b25f	07967bc2,2730b18e,9395cfd0
16f4373e	52ce7370
16f89f0c	52ce7370
16f94a82	4497a02c,9c0300b1,ed4381f2,a43458d9
16fa95dd	52ce7370
16fffd66	52ce7370
17005621	1abfb05d,63a587b4,095748e9,962be987
1700a23c	31049309,f6001bf4
1700a291	3794db99,72a996bb,9ceffc4e,98ecc60b,5e8ee412,5d9965cf,d9571f81,fad60386,7fb1e37e,50ea1e41,ccf55682
170daee2	39694c69,99fffc07,87789218,fc65ba87
1712ca38	0708e07a,edf2c462
17140302	0fffa62c,5c091dd9,07ca86ab,597d5288,4a2c5583,104f7e93,6750555c,3ce0aae7,d4ffb344,6fc22e02,a8e851c9,698c4786,6f4b37d0,82e46b55,34bd21af,4ee4c39c,ab38b883,f5455c2c,8f4aa16a,b02915c9,fd21a330,c1250d2a,233a6dbf
1718a814	b8d3ec3d,f5ff1be2,efe3034b,16ec1a76
171ff444	b8d3ec3d,f5ff1be2,efe3034b,bcb25225
172003a6	c9685eda,20b5d228,e5c89e40
1726a767	79216e3a
172c5e16	52ce7370
172cc703	39694c69,53536c60,ed4381f2,a43458d9,1c93d9d3,f5216bcf,c602a40d,ae8834fb,91fa17ab,111e88f1,89f6f8a5,4ebd1bb2,4b8a0cef,d89abf3a,7c564be4,fcf1f8c5,472143bf,81d269f1,445ee13f,4bfb77d1,604cb8a8,4d525275
00172db9	bcf6bc33
172e7f7b	52ce7370
172f7268	52ce7370
0173a1cd	39694c69,5c20b11b,ed4381f2,40c3b60d,1c93d9d3
173a66f3	52ce7370
173a7537	47f0e635,e6bd3704
1740abae	39694c69
17419027	4497a02c,9c0300b1
17434dbb	39694c69,0c1c31a8
1747a70d	39694c69
17499c98	d266ceff,e7803122,56791a92,d253655e
174cf7e2	52ce7370
1750b389	4497a02c,9c0300b1,ed4381f2,a43458d9
1752e209	759d1dea
01753865	52ce7370
175cf5fd	39694c69
175dc587	4497a02c,9c0300b1
1764fe62	1690ec50,cbc08ae4,dee65538,5db7b8ed,b72d2da1,56804c63,d9977365,40ce8eff,d79addb0
1769fad1	39694c69
176b4964	52ce7370
176b71e4	4497a02c,9c0300b1,5ad4a1d7,23ff0e83,d8b82f37,201915f6
176d0349	39694c69
176e7477	39694c69,53536c60,ed4381f2,a43458d9,1c93d9d3,f5216bcf,c602a40d,ae8834fb,91fa17ab,111e88f1,89f6f8a5,4ebd1bb2,4b8a0cef,d89abf3a,7c564be4,fcf1f8c5,472143bf,81d269f1,445ee13f,4bfb77d1,604cb8a8,4d525275,1b332a89,10fded56,f2564478,2fd57652,8aab7e64
17716a46	39694c69
1771707c	ff5a943f,5dfb00b7,87c91ece,688fbadb,e07f5850
1772eabb	39694c69,53536c60,ed4381f2,a43458d9,1c93d9d3,f5216bcf,c602a40d,ae8834fb,91fa17ab,111e88f1,89f6f8a5,4ebd1bb2,4b8a0cef,d89abf3a,7c564be4,fcf1f8c5,472143bf,81d269f1,445ee13f,4bfb77d1,604cb8a8,4d525275,5280ccff
17773c19	52ce7370
177825c6	39694c69
1785fdcc	a4f1a6c6,358e4e85,6ba51265,424a544a
17882469	397f16be,16ec1a76,de118265,87c91ece,688fbadb
17903b83	52ce7370
179219d0	52ce7370
179541e5	a4f1a6c6,358e4e85,6ba51265,424a544a
17959ad6	52ce7370
179889de	3d2965fe,3f1ff007
17a4c70c	b8d3ec3d,f5ff1be2,efe3034b
17a76b15	a4f1a6c6,358e4e85,6ba51265,424a544a
17a945e2	52ce7370
17acfce8	52ce7370
17b5a8e4	39694c69
17ba904c	52ce7370
17baf84d	52ce7370
17bb08b1	fc995fa0,9628ff56,b2fc3a8f,f66ced01,713c1d50,50d1fd04
17bb893c	0dd10c61,85a0fd13,f3b614b2,63c715e9,e3ac8503,0b45ee75,4ed610f5,f79b6206
17bbd178	50de5383,a9f4abcf,0e2b4cd4,2ea5f1fa,6a2a1223,4885d505,04860eb3,53ee9dd9,ed2a95ac
17bd0cc8	39694c69,82273c54,da0deda5,109279ae,ff4ee59c,223d627a,eab3c5bf,c7121f30,3333e0d9,a5475426,31609214,a39b9ffb,860020f9,b7ef8f8b,28df421d,d95c3264,b990d227,88a52523
17bd8e79	4497a02c,f1551f13
017c416b	52ce7370
17c4f714	822a17f6,5c053b98,d4c6e87d
17c6cbb5	6327e8f7,a8301006,ea6f3f01,b0f416dc,f3b0e1eb,1cb2824f,e2afd997
17c76924	39694c69
017c7cd4	4497a02c,9c0300b1,ed4381f2
17cff3d7	4497a02c,9c0300b1
17de7b4f	a4f1a6c6,358e4e85,6ba51265,424a544a
17e112a4	f71f8591
17e8720e	b496d2c8,b4bd36fd,a9f57785
17e99ff8	39694c69,af77c70d,ed4381f2,a43458d9,1c93d9d3,f5216bcf,e2dc42cb,ef4c1064,050a25d7,234a0a79,c3c175ca,4ebd1bb2,f3a1c495
17e9bc18	4497a02c,9c0300b1,fb7536f8,6d2c033c,0edae45e
17eceb68	2185a077,9b29e841
17f11d82	0047a60a,8d50d41a
17f3a618	1e3bbce9,b83c1deb,8ce21c36,a80ebbe4,0f8adab7,5b55ecfe,840fd2da,12ddbfe5,d8d432df,97f92377,92be0b2e,658cfb00,ffaa7fe4,3722a905,4660da1c,d1b375fb,8dd5b76a,268b3a20,e56aa23d
17f53675	39694c69,62acd216,bff6a27d
17f6ae71	cea950ec,1fcd2211,772a037a
17fbd695	ca97e80f,55c28bab,4a5e733c,3c14d5d2,f71f8591
17fc5a99	52ce7370
17fe3833	bcf6bc33
1805f7c6	39694c69,f93b7ad5,96b5162f,7f880865,27cca8c2,8df62134,572fc984,af403d4d,dddbd028,4b971e6b,c1aac54c
180812b6	a4f1a6c6,358e4e85,6ba51265
180aca8b	39694c69,8822727f,1322ef46,e4ce52ea
180c7168	b8d3ec3d,f5ff1be2,efe3034b
01813100	156ef672
18167f81	4497a02c,53536c60
181bb4fd	52ce7370
1820ab12	39694c69,53536c60,ed4381f2,a43458d9,1c93d9d3,f6df0527,e785c320,2ffd444f
1826b0c9	5fc0aae4,c5259813,42a67ac9,db85f51c,382d2215,276fce97
1827b2ca	2dfa3ef2
1828a89d	948b068a,ac214c66
182c413b	4497a02c,f1551f13
182dba79	52ce7370
1832ba7b	4497a02c,9c0300b1
1836ed3d	4497a02c,9c0300b1
183c1ca5	a4f1a6c6,358e4e85,6ba51265,424a544a
1841c5d2	52ce7370
1843d643	66e14441
184aeb24	39694c69
184e40fd	639c7070
1850dd4a	52ce7370
18534868	39694c69,25211e64,921413e9
18578c6d	229f73a9,68cd8998
1857e1db	2b60c983,7e9278eb,04f6869c
18588899	52ce7370
1858c7ac	52ce7370
1864c036	c52ad410,5db7b8ed,e6853c95,fffc21cd,39b9eec1,54e5b19c,40e2c6de,1a7b6814,83c755bc
18689bd8	d081c200,5478aaa7
01873936	52ce7370
1877b9c7	52ce7370
187b8267	0d52b105,d11ba606
187cd802	f9d0cfec,5815fbb1,1e8041c9,0086e59d,6d0a0e47,606c1f58,dfe634c9
187d699b	4497a02c,9c0300b1,ed4381f2,a43458d9
187e91b2	39694c69,2724536b
18810d47	a4f1a6c6,358e4e85,6ba51265,424a544a
1881356e	39694c69
1885add3	9a9d5b6e,de9ad6e8,3b772455,c9f12b7d,b2d0be3e,a7a58d34,8f0e2ba2,0ced0125,89a19a94,99d0a2b9,219e77fd,4cb6dab8,e7bedf42,c2b1725f,393affc2,b3672d69,681a1639,3c48e779,5cd0795e,902c86cc,eacd2a9a,36997d79,bd2bc25e,c142be15,fe15c255,2df77a3c,ab92e1f9,7eb73ebe,472fd8e0,451b1755,d572460b,72b70a97,c05b07c8,cef84f59,61092079,c5c399d1
1886b32a	39694c69,6975af8c,7783824f,0efb1e94,484ec57e,4390152b,35b95bde
188b6f52	7f8d4995
188ba3bb	ae3b1620,96b6abe8,0dba8468,f7368090,0a7adc84
188be73f	4497a02c,9c0300b1
188ea2ba	52ce7370
1890e5fb	39694c69,53536c60,ed4381f2,a43458d9,1c93d9d3,f5216bcf,c602a40d,ae8834fb,91fa17ab,111e88f1,89f6f8a5
189a9757	4497a02c,9c0300b1,ed4381f2,a43458d9
189bc614	39694c69
189f696b	4497a02c,422bb544,07c29866,711b0686
18a08097	4497a02c,9c0300b1
18a28f86	39694c69
18a4bd3f	39694c69
18a846bf	52ce7370
18aa364f	39694c69,b03d3fe7,8ad2df74,13369cf6,d918c1e8,c641f28c,af4db499,830ab6a8
18b0f098	52ce7370
018b2546	52ce7370
18b356c2	c52ad410,2235231f,a93ac93f
18b4cd50	4497a02c,9c0300b1,3e219d08,706b783e
18b57779	4497a02c,9c0300b1,6d2c033c,17c0cefd,7b470bbc,1e5ec4ae
18ba13e4	52ce7370
18bdf682	52ce7370
18c0ebcb	bcf6bc33
18c135cb	52ce7370
18c5b618	52ce7370
18c86f7e	4497a02c,9c0300b1,e52c962a
18d67dd3	51764901,f505e807,16eac6a2,84c6f594
18d83f70	52ce7370
18da6252	39694c69,c447f4d0,113789ab,3f46c2c2
18de3369	39694c69,311f44d2
18e0d32e	2c56f288,e3884fe6,51d33a98,e4f4f9b0
18e22d9e	52ce7370
18e2ef2d	4497a02c,53536c60
18ea7d86	52ce7370
18f86aa8	4497a02c,f1551f13
18f8b880	52ce7370
18fa1d62	4497a02c,9c0300b1,ed4381f2,a43458d9
18fc709b	e751bdfb,87aa50b6,fa6ee6bb,8cac82e6,6dc551e1,b343f8ec,14fd4160
1903f8dd	39694c69,3485907e
1907d1d2	a4f1a6c6,358e4e85,424a544a
1909ffa4	52ce7370
190ccca5	39694c69,2c56f288,1e9c2eb9,03ab8c99
19109a2a	a877a351,79076465,2cbc464e,eb8e4bbd,c100715e,4373fa73,d450fbeb,1812dfc6
1911dae4	39694c69,53536c60,ed4381f2,a43458d9,1c93d9d3,f5216bcf,c602a40d,ae8834fb,91fa17ab,111e88f1,89f6f8a5,4ebd1bb2,4b8a0cef,d89abf3a,7c564be4,fcf1f8c5,472143bf,81d269f1
19186304	52ce7370
1923e3e4	39694c69
1929ee90	861ab707
192d6821	397f16be,6b9f17cc,90be21f6
1930b57b	6a579c93,446a5baa
19332d1a	a4f1a6c6,358e4e85,6ba51265
1933bac1	9e31c1bd,d6457c36,3a3ab814,715775c9
193554b2	39694c69
01935f10	861ab707
193e9fee	639c7070,ef46bbd3,cb433269,4e9403dc,5cd4677b,9f595148,56fefce3,66bcec01,047b052e,caa6e4a9,2b62f101,42731a8c,0969821f
19490dd0	c52ad410
194afc87	bcf6bc33
194bac07	98b8134d,9eeec297,d4d87950
194f36fb	82c5c167
1957a273	94393069,861ab707
019595db	24567f31
195c76b6	39694c69,53536c60,ed4381f2,a43458d9,1c93d9d3,f5216bcf,c602a40d,ae8834fb,91fa17ab,111e88f1,89f6f8a5,4ebd1bb2,4b8a0cef,d89abf3a,7c564be4,fcf1f8c5
195d90a8	94393069,861ab707
195f93f1	52ce7370
1962ec04	1fcd2211,1e129de7,3c3d073e,6db81f77
19630f93	4497a02c,f1551f13
1967bb0a	52ce7370
1969291a	52ce7370
196c1d9d	39694c69
196e2a41	4497a02c,53536c60
196ff15d	b8d3ec3d,f5ff1be2,efe3034b,96a6173b
1974c1e9	a4f1a6c6,358e4e85,6ba51265,424a544a
1975f5d0	bcf6bc33
19763ddb	d068dcd5,b0000daa
197a8e9c	52ce7370
19804df0	1e187c8f
19818cea	52ce7370
1981d9d5	52ce7370
19875149	52ce7370
198a6503	94393069,861ab707
198c1e78	52ce7370
198da47f	52ce7370
198e2bec	ff50134c,0a2ac1f9
19909250	4497a02c,9c0300b1,74077bc9
1997ebf4	52ce7370
1999f88d	52ce7370
199a397e	a4f1a6c6,358e4e85,6ba51265
199fe8fd	52ce7370
19a3957d	4497a02c,9c0300b1,71059794,87b10783
19a6e3c1	52ce7370
19a92bce	39694c69,53536c60,ed4381f2,a43458d9,1c93d9d3,f5216bcf,c602a40d,ae8834fb,91fa17ab,111e88f1,89f6f8a5,4ebd1bb2,4b8a0cef,d89abf3a,7c564be4,fcf1f8c5,472143bf,81d269f1,445ee13f,4bfb77d1,604cb8a8,4d525275,1b332a89,10fded56,f2564478,2fd57652
19ac4d92	d137b0b8
19ac962d	f592c37b,f447fe90
19af1dd2	39694c69
19b0a6ed	52ce7370
19b5bdab	52ce7370
19b6c448	52ce7370
19b6dde8	ef10b158,fc5e299c
19c00f5c	b523b94e,bc2bc79c,ea480b6c,95bbbf7e,da294874,0ebed2fe
019cbf13	f0c690aa,fbc36557,abcba079,d026e0a6,44f516b4,0f9d52c5
19d55c4e	39694c69,9c1ed502
19dc0819	05f424d6
19e01065	39694c69,15d1718e,7eddaefe,9ffac9a1,40c7a097,597015d3,68522b7f,d918c1e8,4f5693ac,53bd8c1d,8e7e7cbf
19e18f4b	de118265,0495d210,8e7b6f79,908c1738
19e353ac	bedd91a7,6d1d43cc
19e7ddb1	52ce7370
19ea55fd	4497a02c,53536c60
19eb14e2	8e7b6f79,908c1738
19ee85c7	39694c69
019ef307	b8d3ec3d,f5ff1be2,efe3034b
19ef5206	9c1a3664
19ef8a83	4497a02c,9c0300b1,ed4381f2,a43458d9
19f10440	4497a02c,9c0300b1
19f8e3e4	39694c69
19fe8782	52ce7370
1a0046db	1b5a30c0,924895b1,6f853e47,797e8363
1a00ac16	ede44e83,de118265
1a00cda8	52ce7370
1a017d03	52ce7370
1a01f9f0	ef10b158,74ef00bd,56f44a8b
1a03d40b	3f19cae6,36765160
1a0525ee	4cd2b6d9
01a055e6	52ce7370
1a0b787d	bcf6bc33
1a1044a8	39694c69,53536c60
1a14be9b	4497a02c,9c0300b1,a68e3eb3
1a167ed1	39694c69,53536c60,ed4381f2,a43458d9
1a1ad669	b8d3ec3d,f5ff1be2,efe3034b
1a1b0a1d	39694c69,53536c60
1a2dd116	52ce7370
1a324bbd	00fb05f4,fb26d950,d537b3f5,2c2c4dfc,d8dc9a53,31f8cb38,88d17dec,9933f7f9,277643f3,8b1d8126
1a347430	52ce7370
1a3dc209	4497a02c,9c0300b1,9f90b58d,77c639b7,c015fc4b
1a419784	52ce7370
1a442083	39694c69,53536c60,ed4381f2
1a45a475	39694c69,d918c1e8,f0ed10a7,f5638694,a2f9ce2b
1a48288e	4497a02c,9c0300b1,ed4381f2,a43458d9
1a4bcaca	4497a02c,9c0300b1,16ec1a76,6d2c033c
1a4d465a	54dbcc01
1a4eb189	39694c69
1a4f731f	59ee998c
1a5129c1	45d5580b,d7ace9f9,c7597ac4,a9f57785,e4d5fc9c,99a4d76b,0aedf1ff
1a5168cf	b4fa27b9,2a1f45a1,11af8fb3,814b176a,d98bb479,b19c59ff
1a595204	39694c69
1a5ef8c9	52ce7370
1a600db7	ecaf1d90,f9631b6f
1a6160aa	39694c69
1a629d11	39694c69
1a6472f8	456bf923
1a65ea9d	39694c69,5073cad2
1a667b76	22183874,d74ebeed,b3c768ec,12071db6,3512f1ef
1a685a8e	52ce7370
1a6a1275	4497a02c,9c0300b1
1a6a9350	52ce7370
1a72e5e1	52ce7370
1a76d765	948b068a,ac214c66
1a7b94a3	39694c69,dfea5220
1a7cb158	67de00ee,a4c500db,359bfbae
1a88a8a8	b8d3ec3d,f5ff1be2,efe3034b
01a8ecec	a243c57d
1a90aae5	4497a02c,9c0300b1,fdcdc5d0,f20cecac
1a9325f2	5db7b8ed,6c2c7a8c,fd48c267,ea55bb99
1a94fde1	39694c69,4199a643
1a956f6a	52ce7370
1a95b1de	4497a02c,9c0300b1
1a9865d8	39694c69
1a99d7f0	860e88b1,cc9d4b2d,a15ccc45
1a9ca2c6	de5cbb69
1a9ead05	52ce7370
1aa2fef4	52ce7370
1aa548b8	52ce7370
1aa6eb76	1e3bbce9,b83c1deb,8ce21c36
1aa6f636	39694c69
1ab1cb41	b232b0c1
1ab35301	52ce7370
1ab60b46	52ce7370
1ab76a41	e38c3f7e
1ab7dd68	39694c69,c8c4a4bc
1ac5c619	a24296f4,5532d52c,5dacd50a,aeb5d70d,82bf5f1c,a9f57785
1ac6dbaa	52ce7370
1ad08d2b	52ce7370
1ad0af10	bcf6bc33,fc5542a4,cc9d7b39,94de3714,54749bf3,d396a161,54c80f02,34fe28bb,03ae5909
1ad0e122	39694c69,53536c60,ed4381f2,a43458d9,1c93d9d3,f5216bcf,c602a40d,ae8834fb,91fa17ab,111e88f1
1ad2abf5	72a3b7de,e3949798
1ad42393	52ce7370
1ad7b541	156ef672
1ad8799e	bcf6bc33
1adb7693	4497a02c,9c0300b1,9fae743d,d79addb0,7bd82a4c,e99d87ec,1defc527,4528c282,27a2a8e2,71345778,fa721683,0552d7a9,9ea207b3,4720095e,6bb066be,1fcea4c1,a7973b53,7ac054d9,1f8310b9
1adfd1c5	a4f1a6c6,358e4e85,6ba51265,424a544a
1ae67c4e	137cbeb3,fd48c267,6c2c7a8c,033ba216,c28858a4,75ed544a,5da60512,9f187c7e,408ec1e8,d79addb0,4a2cfd60,3d6f04b2
1ae6c54e	39694c69,53536c60,ed4381f2,a43458d9,1c93d9d3,f5216bcf,c602a40d,ae8834fb,91fa17ab,111e88f1,89f6f8a5,4ebd1bb2,4b8a0cef,d89abf3a,7c564be4,fcf1f8c5,472143bf,81d269f1,445ee13f,4bfb77d1,604cb8a8,4d525275,1b332a89,10fded56,f2564478,2fd57652,8aab7e64,65bd861b,e51224df,0b3b3b39,66359d4f,f6b0f1c0,708fd580,034d5002,09237912,50a41601,76cbe174,fc9e0f04,93be621a,5d5733ad,cd9c73df,94b05d44,9762d059,405d4257,950270d7,702e331c,70823eaa,daf56fb3,060f8f36,bb1a29f4,56638432,2b438d00,2bd5f7fe,95ee8dfe,d02acf3d,4b14a013,52d6f1b8,b4c59a3a,9c2397c2,6049d326,0aee9e47,5917cecc,6ee3cd6f,a3f29c27,a19c769f,e1759237,26d875d0,a6f8571a,537df9d7,c200c181,3c1b2601,184e2362,b58c4b95,906164f9,b6394a5d,364ef38a,bfbc3131,9a3d6880,2df3b4fa,acb06c15,9068b149,8f7cac60,b56d9714,862f6f6f,3c733797,8a7aa776,93df5feb,98adf974,6449cdda,d7ccd848,5c662a54,726c2c55,3d034923,4f2692d2,26f469a5,76309fab,81acff2d,dfdfb862,e4a0a063,b94bf80f,b3d640f1,923fff04,5a13cec6,4c99bf36,a8ba8984,013c3efa,4f5d2801,468df202,5ee16a49,7a269d91,951e2b43,32b2970e,ddffe738,1ded4f5e,7855c475,5b3e7333,f6194067,9ead75f1,050ba956,4aee3322,522eee1c,f7bff4f4,2c26e48b,2b55ab18,dd9df0df,73327df2,2e75793e,faed2e70,56e2f38d,d4cdacfa,b75124e9,a493683e,71a98d1c,dd71f8a2,c450a93c,421e42cc,804b328a,d6c03889,36ac568a
1aeae410	39694c69
1aeae726	39694c69
1aedc5cd	39694c69,53536c60,ed4381f2,a43458d9,1c93d9d3,f5216bcf
1aeebc3a	52ce7370
1aef3796	52ce7370
1af17ac6	c056f48b,3386a1ba
1afe939a	39694c69,2d17c51c,cd64af58,8fde2e83,e4f4f9b0,265822b0,fe5d0668,787485e4,f8823f0e
1aff7a84	52ce7370
1b035b5c	a4f1a6c6,358e4e85,424a544a
1b099315	4497a02c,53536c60
01b18c9a	861ab707
1b214440	52ce7370
1b2eed1d	39694c69
1b31dfb4	94393069,861ab707
1b32155f	3f19cae6,36765160
1b35051b	9a9d5b6e,de9ad6e8,59dd2197,3f30ec4b
1b38fe35	e6e143a8
1b3c0aed	ce6555f3,b99ec1b5,bcef7453
1b3cdb03	4497a02c,9c0300b1,4da46ee9,9e9ae9b6,094c8558,94905c06,1b2fe54c
1b3edd45	a4f1a6c6,358e4e85,6ba51265,424a544a
1b43053c	16ec1a76,fd0c902a,5c74e303,78ad104d
1b4379ed	39694c69,53536c60,ed4381f2,a43458d9,1c93d9d3,f5216bcf,c602a40d,ae8834fb,91fa17ab,111e88f1,89f6f8a5,4ebd1bb2,4b8a0cef,d89abf3a,7c564be4,fcf1f8c5,472143bf,81d269f1,445ee13f,4bfb77d1,604cb8a8,4d525275
1b4392a0	a4f1a6c6,358e4e85,6ba51265
1b445b4e	52ce7370
1b49d168	a4f1a6c6,358e4e85,6ba51265,424a544a
1b4b80ec	52ce7370
1b4c1de6	afd1771e
1b4e7eec	452ef71a
1b4f6313	9e47356e,65e650a8,f308bd84,226633fe,4f54a038,f6ce5976,5d6feb30,2d2ff9c2
1b5419a6	3329943e,a2705ee6,e942380d
1b56d9c6	52ce7370
1b5806d1	6c8c4062,fc35be13,0b2c71ab,bf81f6cd
1b580bca	4497a02c,9c0300b1,66cfbebc
1b5c7b2a	39694c69,9aae82c8,7d863f60
1b63be15	639c7070,ef46bbd3,cb433269,df8cb10f
1b651db3	52ce7370
1b6b8347	de5cbb69
1b6f2fee	39694c69,7b823072,bb3231e7,e181ded5,5925c6ad,a51f4a38,285438fe
1b70b29e	39694c69,53536c60,ed4381f2,a43458d9
1b7112cf	52ce7370
1b76b84c	52ce7370
1b784609	52ce7370
1b794f3c	b8d3ec3d,f5ff1be2,efe3034b,cd533847
1b871a63	61477743
1b8b16c2	52ce7370
1b8b7dea	0212e46b
1b8bb2b7	52ce7370
1b8c535c	39694c69,aa0ca5fb,ece2ca3e
1b92346b	39694c69,325d2064
1b9281cf	52ce7370
1b92e3ec	c52ad410,fb629045,69dfb8ce,9bdeb816,46747927,bb1385a4,f28dae3e,bd0ae48d,622e64d2,fa780c10,9d52a066,096e3c87,96060714,20a21f36,736dc35d,b24a475a,8acda39c,e7209a65,673faebb,732baa56,1a2c86d0,f5d3bc9d,2081284d,1f6a5317
1b95dcf7	4497a02c,f1551f13
1b96277c	2113ce38,0d75535b,37313dad,212e835f,4269bb4a,efa938d5
1b98a62d	4497a02c,9c0300b1,2227b105,7245dd55,a9b69beb,be2ea3b0,301bc489,8cef2c2b,43cdcf3b,1ae2e704,2e1a0c37,0c908cda
1b99a600	b8d3ec3d,f5ff1be2,efe3034b,7d1e0225,9230fe4c
1b9d39f4	861ab707
01ba3740	a4f1a6c6,358e4e85,6ba51265,424a544a
1ba4c3b4	39694c69,f93b7ad5,96b5162f,7f880865,27cca8c2,8df62134,572fc984,af403d4d,dddbd028,4b971e6b
1ba6913e	c415d935,de2cb5b0,0ada2004
1ba71d41	9a9d5b6e
1ba74f25	4123ab8f,816cfa19
1ba8f07f	39694c69,53536c60,ed4381f2,a43458d9,15a55584,a435d8c8
01baa255	a4f1a6c6,358e4e85,6ba51265,424a544a
1bab1929	d969925d,837dda49,416fe963
1bad9ce1	b56ede28,b53bab5c,ccd99117,25db0ea6,5792a9d9,09d205b5
1badb35e	4497a02c,9c0300b1,76f41995
1bb4dcea	881633a7,4b361f54
1bb9d833	9a9d5b6e
1bb9fd67	b7523d3f,3d8c313b,df9c6fa2
01bbf303	52ce7370
1bc221b4	a4f1a6c6,358e4e85,6ba51265,424a544a
1bcdbb5d	a4f1a6c6,358e4e85,6ba51265,424a544a
1bcfce68	fb80a8e2
01be12f1	b7247799,cc26857f,eef22ccb
1be29889	b8d3ec3d,f5ff1be2,efe3034b
1be9729e	d9762319,c9957633,eb6480e0
1be9917a	52ce7370
1bed4992	1abfb05d,6a4f57e3,9283d7bf,91a6c784,ab569de3,87a96014,bf60e809,ea118b12
1bf1431d	52ce7370
1bf18610	39694c69,53536c60,ed4381f2,a43458d9,1c93d9d3,f5216bcf,c602a40d,ae8834fb,91fa17ab,111e88f1,89f6f8a5,4ebd1bb2,4b8a0cef,d89abf3a,7c564be4,fcf1f8c5,472143bf,81d269f1,445ee13f,4bfb77d1,604cb8a8,4d525275,1b332a89,10fded56,f2564478,2fd57652,8aab7e64,65bd861b,e51224df,0b3b3b39,66359d4f,f6b0f1c0,708fd580
1bf3e960	55fd9e45,86637664,7f455b4c,03fbf95a,86f7f324,b60feade
1bf61bc6	39694c69,53536c60,ed4381f2,a43458d9,1c93d9d3,f5216bcf,c602a40d,ae8834fb,91fa17ab,111e88f1,89f6f8a5,4ebd1bb2
1bf91be9	4497a02c,9c0300b1
1c0583e2	9916e970,4edab717,c30c5f67
1c07d5b4	0a1020e7
1c0a6dd4	52ce7370
1c0c4a49	ede44e83,c02e314c
1c0e119e	71198f52
1c0e8e75	52ce7370
1c14aa67	b312c9ae
1c14ab15	639c7070
1c18ed7a	52ce7370
1c1dd697	4497a02c,9c0300b1,ed4381f2,a43458d9
1c21e33c	52ce7370
1c283e0a	60f1b5a3,aa9c48d0
1c29d1d4	74077bc9,96e4a5e5,45dc77ef
1c2c1ffc	52ce7370
1c34220d	52ce7370
1c43828f	39694c69,470e32e0,03e2458b,c19ee4eb,92d89967,75addcdb
01c4451a	52ce7370
1c44e755	b8d3ec3d,f5ff1be2,efe3034b,b065819e
1c4638ce	3bba81e4
01c47759	b8d3ec3d,f5ff1be2,efe3034b
1c49e18e	4497a02c,f1551f13
1c51e154	bedd91a7,6d1d43cc,4efa80dd
1c520273	52ce7370
1c52e778	52ce7370
1c5913bf	52ce7370
1c598fe3	39694c69,aae47be5,da782d9b,b8d1dd37,1c93d9d3,86fb4f7e,c602a40d,0ce81d88
1c61c3c2	39694c69
1c63d206	52ce7370
1c68538a	444955d6,b43ddb43,fc958e6a
1c6bd84b	72331721
1c6ea7e6	4497a02c,9c0300b1
1c6f6977	52ce7370
1c75db77	74cc38fe,f116678d,f625c646
1c75e83e	4497a02c,9c0300b1
1c79feb8	1812dfc6,a5db33d8,15f0f935,5dfdbac4
1c7ada65	52ce7370
01c7ade0	39694c69,9dd04dcf
1c7ec8bb	39694c69
1c8076ba	4497a02c,9c0300b1,b478119c,911c1ad7
1c84556c	39694c69,53536c60,ed4381f2,a43458d9,1c93d9d3,f5216bcf,c602a40d,ae8834fb,91fa17ab,111e88f1,89f6f8a5,4ebd1bb2,4b8a0cef,d89abf3a
1c846aa3	b8d3ec3d,f5ff1be2,efe3034b,a9a994ed
1c85d9b7	39694c69,39745163,e8c6bd1a,46933fcb
1c8a14cf	c52ad410,ed9bfc62
01c8da91	4497a02c,9c0300b1,ed4381f2,a43458d9
1c8e903e	52ce7370
1c94fa03	52ce7370
1c9711a2	39694c69
1c99393b	39694c69,53536c60,ed4381f2,a43458d9,1c93d9d3
1c9b29e3	458de9d3,02c5522a,78615372,5c4dbeba,cf15033d,ad8da9be,f470bf03,505be85e,31e7b08b,399333fe,b4bffe7f,46884baf,b9ed88e2,47a2523a,6c59d0fd,97dd7ad2,6cc95f45,d8e63831,91bea6b6,e4aff8d8,35b29c44,0c727d47
1c9eaef8	1466dc32,745fb851,753d920a
1c9eb26a	4497a02c,9c0300b1,62380f38
1ca4c7cd	a4f1a6c6,358e4e85,6ba51265,424a544a
1ca70190	4497a02c,9c0300b1
1caabee8	39694c69
1caafc3e	52ce7370
01cab11c	4497a02c
1cae29af	b8d3ec3d,f5ff1be2,efe3034b
01caedc3	39694c69,66e14441,79dbe6f0
1caf2ed0	52ce7370
1caf3cbd	4497a02c,9c0300b1,3992eb1c,6d2c033c,28d02f0e,f4428d5b
1cafe7f0	4497a02c,f1551f13
01cb8314	1487fca1,40e50d9d,a1b42c73,86f7f324
1cb8454b	52ce7370
1cbedfae	4497a02c,9c0300b1,ed4381f2,a43458d9
1cc2888a	b8d3ec3d,f5ff1be2,efe3034b,74077bc9
01cc4064	2113ce38,0d75535b,37313dad,212e835f,4269bb4a,efa938d5
1cc8d816	b8d3ec3d,f5ff1be2,efe3034b
1cce6533	0a84d106,db7b4638,07547fc4,41c73a68,f9d3cfbd,b5f209bf
1cd1ddee	b8d3ec3d,f5ff1be2,efe3034b
1cd22241	39694c69
1cd48af4	b8d3ec3d,f5ff1be2,efe3034b
1cd48f23	fd6ccd44,235dd2b8,e49b7331,83fd6792,feb5eb19,afec3ca0,adfcb1fe,9fa0ee8f
01cd5382	7e07433c,1cf37633,135ef33b,bd7bb393,bf4c4c86
1cd5d6b1	52ce7370
1cd79337	39694c69,53536c60,ed4381f2,a43458d9
1cd80941	39694c69,53536c60
1cd98bf7	39a2d78e,0327223f,a4d68992,781ee97a,8e27e4b2
1cdc4699	334079e8,d7e971fa
1cde3ecb	0b3b4948
1ce1fe24	39694c69,6282b804,d068dcd5,b0000daa,3c894c0f,f632489f,17683f34
1ce7f15d	c52ad410,87c91ece,c7577a11
1cebceee	db57520e,73989c78
1ceff513	d266ceff,64e5af9c
1cf3d43c	a888c9d6,7be3ee44,a53df02a,194ad331
1cfcdb30	b8d3ec3d,f5ff1be2,efe3034b,e20ab22a,b2767b4a
1cff6d45	4497a02c,f1551f13
1d0051d0	50399d3c,11d4efb3,1d1de134
1d00f6d0	52ce7370
01d01d02	980d0095
1d048d15	94393069,861ab707
1d05b06f	52ce7370
01d0a232	52ce7370
1d0bdd75	52ce7370
1d0df6e1	d918c1e8,047b8dd3,b00553de
1d12dd68	52ce7370
1d144d95	39694c69
1d147eeb	86783140,80f76e70,1aeebf15,56e4144c,d655b318,db473e4b,0a125f66,375cddf2,a6a0ae4d
1d1a13f5	e0fdb83a
1d1bcddb	4497a02c,9c0300b1,ed4381f2,a43458d9
01d1cabe	bcf6bc33
1d1e440e	52ce7370
1d1ff222	4497a02c,9c0300b1,483259fc,90c4f8dc,2ed83f74
1d23880c	52ce7370
1d28b4dd	4497a02c,9c0300b1
1d395fe3	52ce7370
1d3a0e5f	52ce7370
1d3ade32	156d62fc
1d3d42b4	4497a02c,9c0300b1
1d408669	4497a02c,9c0300b1,ed4381f2
1d476163	39694c69,76d24228
1d4f54a8	4497a02c,9c0300b1
1d50d500	52ce7370
1d511d86	b8d3ec3d,f5ff1be2,efe3034b
1d514841	3a8156ce,9a2718b6,1fcd2211
1d5b65a4	52ce7370
1d5e9387	4497a02c,04386dc8
1d61fe0f	95f37768,aa2ab867,054f8e29
1d665a77	3b0fb9c1,5a505f11,4edfeb58,1b5a30c0
01d6eccf	4497a02c,9c0300b1,74ef00bd,4741323d
1d7036b8	4f8bbfcb
1d7215bd	52ce7370
1d7a2c38	2b95a925,05258515,6db2a99c
1d7aecd7	1e3bbce9,b83c1deb,8ce21c36,265822b0,6bc4eb5c
1d80b98d	bcb74126,a200de2b
1d816780	a5320918,86fe75c5,2da83a04,1ad76ed6,79fa8d00,9529976c
1d83a778	39694c69,3485907e
1d83cd01	52ce7370
1d90e094	443bf17d,9628ff56,b32ba5af,6351fc5f,3e196d80,282fd692,48e05a6f,ca716397,f66ced01,c44eb1ce,be09795a
1d926b5c	52ce7370
1d937235	39694c69,f93b7ad5,96b5162f,7f880865,27cca8c2,8df62134,572fc984,af403d4d,dddbd028,4b971e6b
1d945c37	bf64265a,190b5a3b
1d95535e	4497a02c,9c0300b1
1d964a3b	012dbe79,695a3627
1d98303c	1ba30260,5db7b8ed,a616dd0d,3dcd92fd,6da205f8,3a16a49b,1b5d3476,3f5b8e92,983577f0,11080b06,51764901,2fd392d6,8c5fbc6a,86472d75,74af758f
1d993b91	52ce7370
1d9a74a6	39694c69,e2efb716,626732f5,e2314bd3,87f00764,ef4c1064,1cac8b5b,e4059e62,234a0a79,c3c175ca,641bc762
1d9c2ef3	52ce7370
1da12335	877a7caa,e07c549c
1da1504c	a4f1a6c6,358e4e85,6ba51265
1da1bab1	fcd139dc,168628ed,b5ad62e7
1da1f373	02cfc010,bc54f32b
1da67f1b	52ce7370
1da94772	fd7038b0,10aaf958
1db1ee50	948b068a,2bff179e
1db41b02	43f8a793,e6b38d5d,7def7863,8ffa6bd3,963f323c
1db64734	4497a02c,9c0300b1,a7ae9450,1980e4be,1c93d9d3,3355ace2,dcc27a30,ae8834fb,082b8e42,011419cc,485fc3bf,4ebd1bb2,4b8a0cef,d89abf3a,8ebcd9cd,fcf1f8c5,472143bf,81d269f1
1db8f1de	52ce7370
1dbb7643	39694c69,53536c60,26bed42b,0091e4f9,1c93d9d3,f5216bcf
1dbc2628	39694c69,f93b7ad5,96b5162f,7f880865,27cca8c2,8df62134,572fc984,af403d4d,dddbd028,4b971e6b
1dbdde3d	c9957633,2a8ba9b2,6620f9be,eb6480e0,4a39cc11
1dbf5c09	41619f58
01dc68a6	a4f1a6c6,358e4e85,6ba51265
1dca9c4d	998a4e6c,156ef672
1dcefc67	52ce7370
1dd17309	7f99eae7,db309fd3,39bcbc48,8c84c42d
01dd1791	d00ec403
1dd1f563	39694c69,53536c60
1dd888b4	52ce7370
1de01fbe	4497a02c,9c0300b1,a06f4f99,6966f037
1de2d1ec	52ce7370
1de483e3	4497a02c,9c0300b1,e9a66f69,3cb3c995,634f2af8,8da5978b,8f6536a5
1de5e6b4	52ce7370
1de617e2	52ce7370
1de6fd33	52ce7370
01de8b38	52ce7370
1dea3122	52ce7370
1defaa59	52ce7370
1df0f228	54dbcc01,688fbadb
1df83b99	bcf6bc33
1df8e85f	b8d3ec3d,f5ff1be2,efe3034b,830e9752
1e038720	52ce7370
1e04098b	39694c69
1e06f74f	4497a02c,9c0300b1,6d2c033c
1e0bcbf5	b8d3ec3d,f5ff1be2,efe3034b,6651c037
1e0c8dbb	39694c69
1e0ea5ea	bcf6bc33
1e0fb7cf	39694c69,53536c60,ed4381f2
1e1e3dbe	39694c69,53536c60,ed4381f2
1e1e6867	4497a02c,9c0300b1,11309c2b
1e1f2d01	ef3ea7d6,efc4c383,327e621c,d4afd750,f36c88da,c5cb3528
1e1fef15	9a9d5b6e
1e206f5c	4497a02c,9c0300b1,8ddf7f2d
1e2a1aab	d918c1e8,17a09aa8
1e32ddeb	4d795b6c,94f7e6ce,fb802b31,3861a349
1e34876e	52ce7370
1e370895	39694c69
1e3c928c	4497a02c,9c0300b1,08f4e560
1e41be3e	52ce7370
1e441148	52ce7370
1e4c0b55	569aeac3,0c6023ee,fd8c731e
1e4e22e1	e290f8a4,3baa8c2b,382862ec
1e5154bc	39694c69
1e518bd7	52ce7370
1e58c0a4	4497a02c,f1551f13
1e593a27	52ce7370
1e5ac45b	15d1718e
01e5c988	39694c69
1e5ddde6	2d1b0261,ad05067d
1e5fb567	39694c69
1e6106ef	5a22dc3b
1e65204e	397f16be,cc27b38b,fd411fc1,78afa5a6,17c1a452
1e653ffa	39694c69
1e6e66a5	52ce7370
1e6f474e	3d2965fe,ede44e83,64d4e7f4,90135a61,9e2d27db,8bc49141,5d6f5aa7,eff88efc,8be6e1fe,9e106df3,63a881c3,a94d4ba1,2ea2dbbd,39c9efdc,55f101d4,4169c24b
01e73bcf	39694c69,53536c60,26bed42b,0091e4f9,1c93d9d3,f5216bcf
1e746b19	2d892f18
1e7501ac	3296fc12,5e580707,d4e0dd4d,92202a7e,688c3481,03fcd3a3,69de524e
01e759dd	4497a02c,9c0300b1,ed4381f2,a43458d9
01e7f5a2	39694c69,839d0cf0,b19be77c,61afe135
1e83dc9d	4497a02c,9c0300b1
1e843123	a4f1a6c6,358e4e85,6ba51265,424a544a
1e877eeb	e0fdb83a
1e8ab4a2	80f55c10,ee898d18,44e11db0
1e980d1b	f4586362,6abdb97d,dbd2ebc2
1e9f8890	52ce7370
1e9fe868	bcf6bc33
1ea36c1e	94393069,861ab707
1ea3ef97	9cb6d969,e2ebaeae
1ea48c63	b3b3f915,1af117ab
1eacefcb	52ce7370
01ead424	b8d3ec3d,f5ff1be2,efe3034b
1eb31039	5fc0aae4,c5259813,42a67ac9,db85f51c,382d2215,276fce97,4b9e2a33,81698712,8c6cf491,643fdc9d,39d6d4c2,5f41078a,0fedbf9d,e3e48b77,fa62c23c,07b08bbe,3f7888e3,d6cc4da6,7a495236,16a04bdc,d4c34bc3,ad6ca9d5
1eb75a0d	52ce7370
1eb9871e	ba189589,ca425289,ed172001,243ed537,d3476f94,6dd4a9cb,9037df85,97f65e84,574bb905,b0f6c048,35e188a9,874a1ce4,8330687a,86559825,2cbef54c
1ebc3f92	39694c69,53536c60,ed4381f2,a43458d9,1c93d9d3,f5216bcf,c602a40d,ae8834fb,91fa17ab,111e88f1,89f6f8a5,4ebd1bb2,4b8a0cef,d89abf3a,7c564be4,fcf1f8c5,472143bf,81d269f1,445ee13f,4bfb77d1,604cb8a8,4d525275,1b332a89,10fded56
1ebe1dc5	52ce7370
1ec12b06	52ce7370
1ec363b8	5f776e84
1ec4231a	39694c69,d028f1a9,35f35a62,9716f3ea,b5a2afe3,8884b71b,86f93793,98b868c5,523886b5,6a93eda3
1ece66c1	89afc1a7,a771385f,36765160
1ecf2515	6c8da709,39af8c93
1ed09458	39694c69,53536c60,8c9c981d
1ed2fda7	52ce7370
1ed71963	39694c69
1ed76eba	52ce7370
1ed8f049	4497a02c,9c0300b1
1eda0eec	52ce7370
01eda6be	a4f1a6c6,358e4e85,6ba51265,424a544a
1ee0ad73	52ce7370
1ee4e31a	a4f1a6c6,358e4e85,6ba51265,424a544a
1ee7751e	94393069,861ab707
1ee79b3c	87c264ea,d66dc81a
1eebf6ce	1e3bbce9,b83c1deb,8ce21c36,f0879409
1ef17988	39694c69,d57e289f,3ba4093a,a3b8474d,24335199
1ef2f226	bcf6bc33
1ef4fbc2	08741a28,78ebad6f,d4aa154c,9e31c2c7,cf1afc6d,15ac3c90,6d9152a7,f19cec54,759e616a,eba25cea,89a39661,0e9e9beb,a43c520d
01ef776b	52ce7370
1ef91f3d	1e3bbce9,b83c1deb,8ce21c36
1f07500a	39694c69,2bde03c0
1f0bab7b	3329943e,a2705ee6
1f0cda86	39694c69,59123094,ea2f37e8,7f722151,859fed75
1f0d7e7d	a4f1a6c6,358e4e85,6ba51265,424a544a
1f0fc353	b8d3ec3d,f5ff1be2,efe3034b,69503528
1f1460cb	2d35b274
1f17f160	b8d3ec3d,f5ff1be2,efe3034b,0ae16c37
1f1da5da	28f6b7b0,0089af36,33df01ba,dd5cff32,f19e963e,8df550fe
1f20c8cc	39694c69,53536c60
1f23da86	52ce7370
1f257ae4	8db4ac40,8e7b6f79,908c1738
1f2e3bbe	b8d3ec3d,f5ff1be2,efe3034b
01f32216	39694c69,53536c60,ed4381f2,a43458d9,1c93d9d3,f5216bcf,c602a40d,ae8834fb,91fa17ab,111e88f1,89f6f8a5,4ebd1bb2,4b8a0cef,d89abf3a,7c564be4,fcf1f8c5,472143bf,81d269f1
1f342366	5fc0aae4,55d0e71a,faad99ec,b7295df3
1f35e146	b8d3ec3d,f5ff1be2,efe3034b,dcc919db
1f367e9f	52ce7370
1f378897	4a5fbaa7,a599f130,17c741a5,f13e94a5,6863eef3,db8c6da5,33a067da
1f3a255a	3800a0e2,2f0ffae8
1f3ec3c2	b1eb4e6b
1f494f89	4eacf831,304cfb1a,a2d1401e,429fe0a0,9031a6c5,edb06294,fbb3f8c4,b21fe34b
1f4e6a98	52ce7370
1f544c2b	39694c69
1f56450d	e50beb22,b664d91b,a1db02f3,bfaf8233,582b1c95
1f590d2b	52ce7370
1f629624	52ce7370
1f64d76a	c415d935,8bc74b3d,957344e0
1f69064b	39694c69,f93b7ad5,96b5162f,7f880865,27cca8c2,8df62134,572fc984,af403d4d,dddbd028,4b971e6b
1f6d61a9	39694c69,d37b714d,0971f4f3
1f6e46c7	a4f1a6c6,358e4e85,6ba51265,424a544a
1f6ea576	156ef672
1f71c345	e3b0ce50
1f71fd2f	bcf6bc33
1f733ec2	39694c69,c7fb2350
1f737808	3e2fe826
1f73c183	52ce7370
1f75757e	b8d3ec3d,f5ff1be2,efe3034b
1f77853d	39694c69,63e23113,daadd0dd,c2c6e6fe,f5638694,5b8d7fb4
01f7d09d	52ce7370
1f7f1dba	bcf6bc33,fc5542a4,cc9d7b39,f59e6083,0fc6d44a,32071e86,d9fd5454,f8e2e331,4722a3a5,995a2a9f,517963a6,eae1b26d,663614cb,9f4754b6
01f85786	43147f6f
1f90db9f	0aeacf70,5eb6b06e,d8823bdb
1f912ae6	4497a02c,f1551f13
1f9987d3	85093bed,a9bd3630
1fa294e7	8e7b6f79,908c1738,cee2a220,053642a4,7da1c31a,5c9cd185,993fec2f,03e520c5,b5c98397
1fa88bf7	efa938d5
1fb29a6b	4497a02c,9c0300b1
1fb30803	52ce7370
1fb33b6f	b8d3ec3d,f5ff1be2,efe3034b,830e9752
1fb653ee	4497a02c,9c0300b1
1fb6e2be	52ce7370
1fb704c6	4497a02c,f1551f13
1fc06b5e	822a17f6,d4676104,3e9e91b7,dc83e1f6,289123b8,c8161f74
1fc5a67c	52ce7370
1fc5c7ef	4497a02c,9c0300b1,45167447,7cb7e944
1fc9af5d	1be39bd7,0480a613,73918e3c,55251a35,e65cc0f6,886e578e,53e0556c,6176b868,afe46892,87e3feef
1fcdb92f	321325f3,abcf04f3,9dd38593,e643219e,20aedd1d,e7081f5e,f92ef3dc,f06925f6,28d0a102,d8e6c901,ad76749b,e43aedb2,10c60fcc,fd05781a,d19269ba,88057251,8291ac76,d8d67824,97a083df,52978607,f458cde3,0bf68ba4,5f41078a,469837d4,15072b53,e9dcbd0e,3c0b24c9,d00f3245,101b2d9d,978f9d55,a36c785e,867ed4ec,fa56f589,0ebd937c,a389ff52,91ccbf35,d95175e7,4b179dfd,3b4a8f8b,f4438a3b,aae025bf,76c00838,6b3e5310,0bfefe6b,23d878d5,a5626ca8,aa19144e,685e048a,0e48df0c,59d304bd,daa09c6a,da7c404f,3c1c6828,5057eb86,6dc7ec30,2c959b91,463abad9
1fdc497f	39694c69
1fdd95e9	52ce7370
01fde167	52ce7370
1fe95945	39694c69,1e31872e
1fede96c	39694c69
1ff0cf79	4497a02c,9c0300b1,ed4381f2,a43458d9
1ff31439	52ce7370
1ff56ce5	a4f1a6c6,358e4e85,6ba51265,424a544a
1ff6f70f	39694c69,15d1718e,c015cea0
1ffb07db	5199b870,b6f3e815
1fff00c8	bcf6bc33
1fff3ffc	52ce7370
1fff81bb	8cd446e2,513976a9,b23bc503,80a863ba,776dd241,fefda14e,fbf09f43
20062646	39694c69,7f69b260,4aa0b06f,b9ffd990
2007a91f	52ce7370
2012bbde	39694c69
201478ef	e0fdb83a,d14131ab
2017b7b5	29b55bf9,bbc6393d,40e50d9d
02019945	7711343b,e3b0ce50
201af434	39694c69,85ae69fc,e768b57e
0201d086	39694c69
202160c3	39694c69,962d42e1,2e3e69c8
202b3c53	c52ad410,fd7945e7
20369e1b	1e3bbce9,b83c1deb,8ce21c36
203ce4f6	a4f1a6c6,358e4e85,6ba51265
203f0487	c52ad410,ee990f7b,88913ea7
203f1dbe	bcf6bc33
20403f3e	602af3f9,cc5bb4da,06c46c81,02f94be4
020425fd	52ce7370
2046e674	4497a02c,9c0300b1
2048cc8b	39694c69
204c1d4f	b8d3ec3d,f5ff1be2,efe3034b,fa4a018c,6a243c86,69fec6a2
204d069b	c6ff3b9c,2287f738,46c993ad,6e23fb41
204f9fd4	c97b07e4
204fbf98	52ce7370
20503fde	4497a02c,9c0300b1,df84f087,ac90f301,07866d7c
205491eb	4497a02c,9c0300b1,c315ec5d
20570e22	52ce7370
2058d034	3f19cae6,36765160
205c1677	4497a02c,9c0300b1
0205f4b7	52ce7370
205fdc1a	7c51a8a1,76f7869a,a948b233,f1d7308b
20625221	52ce7370
206569ec	c52ad410,5322d7a9,c3a95a25,ef24a8e7,c9cbd745,b20b00c8,8c535959,e1dc5492,993fec2f,66ffb6b6
20658bdc	bdea7e6f,ef3b9106
206cea19	39694c69
20735221	bedd91a7,6d1d43cc
20813774	b8d3ec3d,f5ff1be2,efe3034b
2083db07	fbae5936,469e2e8b,4b8e56b5
2085a955	22183874,d74ebeed,b3c768ec,12071db6,3512f1ef
20876243	bcf6bc33
208d919b	52ce7370
20914233	a4f1a6c6,358e4e85,6ba51265,424a544a
2094297f	ebdd84f2,d7e7e74a
20a56fe2	a4f1a6c6,358e4e85,6ba51265
20a7d587	52ce7370
20adedde	4497a02c,9c0300b1,ed4381f2
20afc942	52ce7370
20b72f97	4497a02c,9c0300b1,ae1ea714,7a464285,f4e08ea1,993fec2f,86f7f324,af1b9cca,9c69b785,f78fc192,417e9163
20ba159f	bcf6bc33
020bbaf6	39694c69
20c3a0bd	39694c69,53536c60,ed4381f2,a43458d9,1c93d9d3,f5216bcf,c602a40d,ae8834fb,91fa17ab,111e88f1
20c496df	52ce7370
020c8fd3	a8aceca4,5ff1a9aa,c5cf3097,005a9bab,77dc7d5a,45433612,45663f91,d95ff584,fdf8acd0
20c9681d	19df91a3,79bc1aa1,cb7b7504,d454474a,689b5772,c53f71f9,30c7c4c6,58348094,f2cf2cea,72ce35b2
20cb0e2b	bcf6bc33
20ccd047	a354dff1,d064a19a
20ccec12	a4f1a6c6,358e4e85,6ba51265,424a544a
20d23d7b	52ce7370
20d3df56	203f5506,8bc49141,d3efd2a7,56253749,0c11f18d,d1ffe7b7,8e0226b3,57113eb6,377d089e,a94d4ba1,0964e27a,6f6c383a,66c656d1,d12cba86,9d50ebfc,4dc9f36b,26fedb22,01d4244e,e3460f01,fd9082bf,a6690732,53b63a7e,872d7e84
20d69ab5	52ce7370
20d7dacb	c52ad410
20d9b862	c26ad7ec,d15ed12e,01b68fad,f6091de9,62af5e39,0632a0f7,cf944ce8,83506b09,91fa17ab,111e88f1,89f6f8a5,4ebd1bb2,4b8a0cef,d89abf3a,7c564be4,fcf1f8c5,472143bf,81d269f1,da7e11cc,37ee7f89
20e3f9a0	a7cf495b,d3655b50,caab51b0,c4e9efdf,4174ccf7
20e76977	39694c69
20f12c9d	54dbcc01,688fbadb
20f4a52b	3296fc12,5e580707,d4e0dd4d,92202a7e,688c3481,03fcd3a3,fbd9fc3a
20f5821e	4497a02c,9c0300b1
20f60be0	a4f1a6c6,358e4e85,6ba51265,424a544a
20f76711	52ce7370
20f9254b	a93ac93f
20fb3719	74077bc9,40e50d9d,a9f57785,33c9fc1c
20fe074b	acde460f,b27cd8e2
20ff38f2	39694c69,f2f97b86,981e054a,9f21dc75
2104ff91	4497a02c,f1551f13
21060f44	16ec1a76,b0000daa
210bb4cb	52ce7370
210cac62	52ce7370
210d1159	52ce7370
210fc01f	1e3bbce9,b83c1deb,8ce21c36,5e8e4962
210fcb40	52ce7370
21108d88	bcf6bc33
21136e14	c311c08f
211baa56	3f19cae6,36765160
211e04c4	01391b24,13a09eb7,5e156060,0453c54f
211e87c8	1487fca1,40e50d9d,a1b42c73,86f7f324
21204759	39694c69,923a6c6e
2123a5a2	39694c69,c52ad410
212abaf9	4497a02c,f1551f13
212b3f1c	39694c69
212c684b	52ce7370
212ddb80	bcf6bc33
21338dbf	4497a02c,9c0300b1,0dd10c61,212c0978,b4906eff
0213443f	a93ac93f
213e104d	52ce7370
214035ff	52ce7370
2143b751	4497a02c,9c0300b1,ed4381f2,a43458d9
2144f068	4497a02c,9c0300b1,c6ce40d7
21452022	8e7b6f79,908c1738,e2ebaeae,02bc242a
214f2589	7a66139f,bef418b5,ca5012ff
21518824	caecd281,474a9af2
21577c27	4497a02c,9c0300b1,742c3ec9,2bc01911
00215d66	39694c69
215d9453	bcf6bc33
215e7cfd	569aeac3,0c6023ee,fd8c731e
21675313	39694c69,90f0d04d
2167a85f	4497a02c,9c0300b1
2168936b	39694c69
2170cbe5	7b6e798d
21768259	52ce7370
217832c8	5321cb79,235dd2b8,7a3f7ebc,fff1e1af,c50b38cf,cd64af58,fdc70089,a9fc132f,b1988956,60488086,be80e0f9,6a2c8e0b,5b994493,1ef94ae0,2e17aac7,2b215d3f,3ab77e6b,b33ed866,8b283095,4b9bda65,d54eac7e,c18664f1
217c7d58	bedd91a7,6d1d43cc
0218328e	39694c69,53536c60,ed4381f2
21843b3e	74077bc9,b4be4183
2186bd78	39694c69
21891dbf	156ef672
02190549	4497a02c,9c0300b1,2185a077,4a733b64,0229d97a,4e9b2092
2191ebcd	39694c69,e2efb716,626732f5,e2314bd3,87f00764,ef4c1064,1cac8b5b,e4059e62,234a0a79,c3c175ca,641bc762,b5a19389,24e1937e
2194c61f	52ce7370
219710b1	dee65538,5db7b8ed
219f8fbc	52ce7370
21a189b1	a4f1a6c6,358e4e85,6ba51265,424a544a
021a4447	52ce7370
21a54906	09bb2d98,c11c1624,c3f7b3b9
21a9dbd1	ef10b158,875dd7e9,9bdbf5f1,4a39cc11
21afbc21	a616d4d9
21b08aaf	1abfb05d,6a4f57e3,9283d7bf,91a6c784,ab569de3,b3b865c3,75e7ba6c,be743e29
21b0d887	4497a02c,9c0300b1,9ae643e0
21b1d8ef	851ac9d8,de1de2d6,2db0588e,7da4c272,8d50d41a,a3618b48
21ba179a	921c9fe9,8d52f956,5498fa4d,da3d755f,c50b38cf,a5d7c76b,ea6f12e2,cc7159a9,35dd34fa
21bffba3	8bd89f0f,18740e0f,a0b8dff5,16224c0b,8f2021fc
21c262ee	52ce7370
21c5a709	3b8b5bba
21cb4274	1abfb05d,63a587b4,ad3e9df1
21cfb801	52ce7370
21d5bd4f	4497a02c,9c0300b1,ed4381f2,a43458d9
021d626a	4497a02c,9c0300b1,b664d91b,66e4bed3,c71b6a0b,c4adc037,4e5641aa
21e25b13	4497a02c,f1551f13
21e835fa	a4f1a6c6,358e4e85,6ba51265
21e9af48	94393069,861ab707
21e9fb8c	3dedecef,d9418fbb,8b40b3b6,f1c7e5d0,188326c0
21edbb0b	52ce7370
21f114a8	52ce7370
21f1d9e7	52ce7370
21f2525f	52ce7370
21f648cf	4497a02c,9c0300b1,918b0626
21f74820	39694c69
021f807a	39694c69,53536c60,ed4381f2,a43458d9,1c93d9d3,f5216bcf,c602a40d,ae8834fb,91fa17ab,111e88f1,89f6f8a5,4ebd1bb2,4b8a0cef,d89abf3a,7c564be4,fcf1f8c5,472143bf,81d269f1,445ee13f,4bfb77d1,604cb8a8,4d525275,1b332a89,10fded56,f2564478,2fd57652,8aab7e64,65bd861b,e51224df,0b3b3b39,66359d4f,f6b0f1c0,708fd580,034d5002,09237912,50a41601,76cbe174,fc9e0f04,93be621a,5d5733ad,cd9c73df,94b05d44,9762d059,405d4257,950270d7,702e331c,70823eaa,daf56fb3,060f8f36,bb1a29f4,56638432,2b438d00,2bd5f7fe
21f812a4	5dfb00b7
21faef6b	a56de884,63e25d90,475a2a40,782d6fb8,bffdee24,4c53c96d,d4ebd5b6,6c783b98,04189cbc,68ef0e38
21fb8279	4497a02c,f1551f13
220407fa	1abfb05d,6a4f57e3,9283d7bf,91a6c784,ab569de3,0aba8c96,8ce7876e
220510d3	39694c69
22059ecc	94ed7583,2a16d9fb,0c8b057f,0da7d34b,d141418d,a46c12f4,d745b689,0dd10c61
2206bc4e	4497a02c,9c0300b1,3c62447b,032330e4,d728b092,5c75acbb
2209a703	52ce7370
220a7a37	4497a02c,9c0300b1,6d2c033c
220b306f	52ce7370
220bc91e	321325f3,d95c3c85,212f25cf,fec5ed56,490bbe63,e59f409d,72fa65bf,c9a4f973,c8e2aa1d,571459cb,74ed3ef7,7cc4cc32,3095f2b9,a97e7391,ce94f4c8,14914b8b,52cb7b11,481db835,ce8721d9,82105745,ac846f7e
2211c434	4eacf831,304cfb1a,34456c54
22120cc2	52ce7370
22150500	9f39ea55
2215103e	4497a02c,9c0300b1
22168caa	4497a02c,9c0300b1,8b71d59e,464a6631
2219338b	4497a02c,f1551f13
221dedab	85a0fd13,f3b614b2,63c715e9,e3ac8503,0b45ee75,4ed610f5,f79b6206
222a6263	74474e2c,f139a4d8
222b0593	39694c69,53536c60,ed4381f2,a43458d9,8a2367fc,97394e9c,c85ec045,a161c21c,7f9ce952,88d496b4,f22082e6,61130af3,51d6ab02
22344d3a	52ce7370
2239976b	52ce7370
223ab425	1b4f7aff
0223b1dd	a4f1a6c6,358e4e85,6ba51265,424a544a
223e12f2	52ce7370
2243429c	39694c69,982295de
22434748	4497a02c,9c0300b1
2245d23f	52ce7370
22486638	126315cb
22486eb4	39694c69,f93b7ad5,96b5162f,7f880865,27cca8c2,8df62134,572fc984,af403d4d,dddbd028,4b971e6b
224aaa8a	39694c69,53536c60,ed4381f2,a43458d9,1c93d9d3,f5216bcf,c602a40d,ae8834fb,91fa17ab,111e88f1,89f6f8a5,4ebd1bb2,4b8a0cef,d89abf3a,7c564be4,fcf1f8c5,472143bf,81d269f1,445ee13f,4bfb77d1,604cb8a8,4d525275,1b332a89,10fded56,f2564478,2fd57652,8aab7e64,65bd861b,e51224df,0b3b3b39,66359d4f,f6b0f1c0,708fd580,034d5002,09237912,50a41601,76cbe174,fc9e0f04,93be621a,5d5733ad,cd9c73df,94b05d44,9762d059,405d4257,950270d7,702e331c,70823eaa,daf56fb3,060f8f36,bb1a29f4,56638432,2b438d00,2bd5f7fe,95ee8dfe,d02acf3d,4b14a013,52d6f1b8,b4c59a3a,9c2397c2,6049d326,0aee9e47,5917cecc,6ee3cd6f,a3f29c27,a19c769f,e1759237,26d875d0,a6f8571a,537df9d7,c200c181,3c1b2601,184e2362,b58c4b95,906164f9,b6394a5d,364ef38a,bfbc3131,9a3d6880,2df3b4fa,acb06c15,9068b149
224c8dd0	52ce7370
22532031	39694c69
2254311e	39694c69,d2e46478,eb53c696
22548f55	39694c69
2256057b	81840b8e,de171b22,cc9515b6,acc5f17d,53d51aad,19e4653c,99381e01,a23d1517,1b9aef33,4fa36f45,e2e68607,ddee6406,c74f85d9,71495cb5,1a4f3544,1eb40109,ecb2e909,95f3e3b2,9edfcf11,f2360e66,91d752e5,20af5a23,df9b8b22,57d2935b,dfc3d3d8,262e3e73,e03148e2
225b77a5	1e3bbce9,b83c1deb,8ce21c36,3b3ccca5,ecd81cc8,f8cfa286,aa79683d,f8bb0afe
2263ffa2	a4f1a6c6,358e4e85,6ba51265,424a544a
2266543e	a4a8f324,be388504,82a0c407
2269cf44	4497a02c,9c0300b1,ed4381f2,a43458d9
226a0da9	e8bee54a,57071a70,57283bc2,175965b7,49e42360,af27b004,2682d09f
22722d80	4497a02c,9c0300b1,483259fc,a416b824,8e7b6f79,908c1738,2b1f788a,67b6815c
2273fa9d	a4f1a6c6,358e4e85,6ba51265,424a544a
2274ccde	4497a02c,f1551f13
0227633e	0fedbf9d
00227e67	8762e28e,5b673006,42e9e7c8,0afad8ca,22d31ea7
2280316f	bedd91a7,6d1d43cc
228316f4	39694c69,8127d4e6
02284375	39593cd3
228ac724	5db7b8ed
228efb0d	4497a02c,9c0300b1,cf194a2a,f2080fa4,8a0722ac
2292bb9c	a4f1a6c6,358e4e85,6ba51265,424a544a
22969afc	d617557b,9f90b58d
2298bdcd	52ce7370
229ef7d5	94393069,861ab707
22a27542	d9430871,8af54ac5,abfa720c,030270ce,a1d88fb0,f30bf015,87b6e860,af8c26bd
22a4bce0	39694c69
22a74269	52ce7370
022b4f38	5f00dfd4,bd4c9209,523c8ecb,2b36b77e,424ee5cb,fa374308
22b5a620	a4f1a6c6,358e4e85,6ba51265
22bcdec6	b8d3ec3d,f5ff1be2,efe3034b
22bfb1c6	f5063bbd,6207c2fd,83eaddd2
22c016ad	4497a02c,0c11f18d
22c271b2	b8d3ec3d,f5ff1be2,efe3034b
22c35333	2f2f9be4,19bc25fd,60d0f4f6
22c460bb	39694c69
22cff1cc	4497a02c,53536c60
22d031c7	39694c69,56acba55,c4e1e4f8,f1c79f89
22d0dd1b	b8d3ec3d,f5ff1be2,efe3034b,9b896075
22d12b5e	52ce7370
22d151c6	c52ad410,c0a65adf,012e28ce,8b915489,232a651b,b72bc8ff,2ea296c8
022d2402	52ce7370
22d42aaa	4497a02c,9c0300b1,181bd57b,6d2c033c
22d51351	4497a02c,9c0300b1
22d795eb	156ef672
22d8143f	39694c69,8161d71c
0022d836	44194de9,287dcf12,dee65538,c72ec61e,951e36a2
22d8bcdc	39694c69,53536c60
22e123a7	39694c69
22e1ef8b	39694c69,adb1e32d
22e24392	a5eeca7b
22e30aa4	52ce7370
22e99e9c	52ce7370
22eaa3fe	39694c69
22ec9841	39694c69,1747074e,ec846fee,87bf32b1,9053ec76,7062af0d,ea75770b,85578d8c,2a746b5f,d396caf1,96e7aaeb,3a13acef
22ef337d	a4f1a6c6,358e4e85,6ba51265,424a544a
2300cb62	52ce7370
23013ba7	52ce7370
2301ba5b	4497a02c,f1551f13
2301e1f2	0fedbf9d
23024d4e	98858421
2309a9d6	39694c69,53536c60,ed4381f2
23105e8c	ef10b158,faa47fe3
231849c7	39694c69,53536c60,ed4381f2,a43458d9,1c93d9d3,f5216bcf,c602a40d,ae8834fb,91fa17ab,111e88f1,89f6f8a5,4ebd1bb2,4b8a0cef,f0bc739f,5282b472,e98992af
231d2bd4	39694c69,53536c60,ed4381f2,a43458d9,1c93d9d3,f5216bcf,c602a40d
02321c5f	bedd91a7,6d1d43cc
23298e75	bcf6bc33
232baa7b	cb6eb787,32a1f823
23328292	39694c69
0233573c	39694c69
233922ce	bedd91a7,6d1d43cc,4efa80dd
233c92d9	39602187
23428f4b	397f16be,15fb736f,0309d1f3,b6ae47de
23493dbe	4497a02c,9c0300b1,c1366174,74ef00bd,cec7b870
234a4cd4	52ce7370
234de515	b8d3ec3d,f5ff1be2,efe3034b,de118265,41be44a2,0097970c
2356fd17	4497a02c,9c0300b1,65fdd711,f5d8e1f9
2356fefa	4497a02c,9c0300b1,688fbadb
235fbfa9	48a2fc1b,0c54dca1
23606bf4	4497a02c,9c0300b1,f4e08ea1,ca686334
23695d02	52ce7370
2369936d	a4f1a6c6,358e4e85,6ba51265
236c9b34	841cee65
236cfdd8	808c5ac8
236d20db	a4f1a6c6,358e4e85,6ba51265,424a544a
2370960b	52ce7370
2373f10c	39694c69,f93b7ad5,96b5162f,7f880865,27cca8c2,8df62134,572fc984,af403d4d,dddbd028,4b971e6b
237708d9	05f424d6,086ffea6,985f2f81,a4ae1645
23779a89	52ce7370
2377fb7e	52ce7370
237c63e5	39694c69
237e43d0	52ce7370
23844cd3	78616a89,7d67d6e5
2386079f	52ce7370
23882fb6	52ce7370
238844bc	4497a02c,9c0300b1,ed4381f2,a43458d9
2388ad0f	8be1c13f,5e9aea61
238b7982	39694c69,15d1718e,8ca48568,8ab55a1b,fc7a5f64,de5cbb69,ed469837
2394d19f	39694c69
239ae64b	52ce7370
239cac92	52ce7370
239d83eb	2b95a925,69fcb0d1,5b1ef580,8bed8653,93697ef3,757f8af9
239e6320	52ce7370
23a20306	39694c69,0f5cfb89,bce876e5,f7d9bca0,b4c4c8dc
23a22876	52ce7370
23a8135a	1f47d1ff
23ae9331	908c1738,d685c786,5c60a8e1
23af322b	52ce7370
023b1a06	bedd91a7,6d1d43cc
23b24ea5	569aeac3,0c6023ee,fd8c731e
23b3cc66	5f43c83a,3f7de328
23b808a9	52ce7370
23bf2c46	39694c69,7385b963,af4667d9,83b2ebcb,bbdc70e3,8631ac36
023bfea9	4497a02c,9c0300b1,2185a077,4a733b64
23c06271	8b6a35df,2f5d0782,bbe69df5,af0ded4d,31e423da,4dcba5ab,1d3e160c,6064b927,54efc26f,03595829,c4971260,02adaec6
23c9766b	9cb6d969,e2ebaeae
23cc056a	bedd91a7,6d1d43cc,4efa80dd
23cd2c86	ab278105
23cf15fb	94052bad
23d1b714	03fbf95a,884ace72
23d711fa	52ce7370
023d71b5	52ce7370
23d72cee	39694c69,96be9902
23d9e5fa	237d07e3,8c7239c6,d5cbffa0
23dd40c8	52ce7370
23dfcfd3	41a3979a
23e11fb7	52ce7370
23e13667	52ce7370
23e3ede5	52ce7370
23e982c1	a4f1a6c6,358e4e85,6ba51265,424a544a
23ef6d2f	39694c69
23f18480	39694c69,de5cbb69
24022e4e	39694c69,a4878246
24055694	41a3979a
24063de5	4497a02c,9c0300b1
24081a57	4497a02c,9c0300b1,5fc0aae4
240c3db8	39694c69
240ec767	4497a02c,9c0300b1
240f72ce	52ce7370
24107e25	39694c69,53536c60,ed4381f2,a43458d9
24222a93	a4f1a6c6,358e4e85,6ba51265,424a544a
2425fdb1	ca473d07
2426a853	52ce7370
24304265	52ce7370
2435e9d0	1ea4a1f6,3c916e0a
2436972d	52ce7370
02436b03	73bf48e9,43554044
243b50f3	b8d3ec3d,f5ff1be2,efe3034b
243bf326	52ce7370
243fb986	b8d3ec3d,f5ff1be2,efe3034b
2441dcf5	52ce7370
2444f04a	39694c69
24452aaa	52ce7370
244b9d41	156ef672
244fd071	cd533847,6966f037,b00e29ce
02452d8d	b8d3ec3d,f5ff1be2,efe3034b
24574756	52ce7370
24594650	52ce7370
245af1d4	39694c69,dd09ec99,1d158b36,21b053b5,3b1f10ac,ffe4d592,dbc6f3b6
245b714c	28d58e60,5ecf1eed,9afcb52a,14a1b96f,9e47592c,164c4c5a
245e6e28	6d2c033c,a6e6071d
0245f32e	397f16be,ab278105,ab814c1a,50d3bcb6,6757fea4,de9a9aaf
2460286a	0fe1095d,03248954
2468c9e5	39694c69,af77c70d,ed4381f2,a43458d9,1c93d9d3,f5216bcf,e2dc42cb,ef4c1064,050a25d7,234a0a79,c3c175ca,4ebd1bb2,d454474a,689b5772,c53f71f9,6bdb00af,58348094,c1f5412b,16eb968c
2469bec2	4497a02c,9c0300b1,ed4381f2
246b8f12	52ce7370
247259eb	52ce7370
247687a2	fdbea577,9e47592c,164c4c5a
2477eb7b	52ce7370
24797b86	52ce7370
247fe6fa	52ce7370
24840f07	c5f8c748
2485cdbc	52ce7370
248666d9	bedd91a7,6d1d43cc
24897b6b	b8d3ec3d,f5ff1be2,efe3034b
248f7b00	39694c69,53536c60,ed4381f2,a43458d9
24923d4a	569aeac3,0c6023ee,fd8c731e
24944a48	4497a02c,9c0300b1
24999fdb	639c7070,ef46bbd3,cb433269,df8cb10f,b43ddb43
249b4858	b8d3ec3d,f5ff1be2,efe3034b,012dbe79
249bcbfc	c52ad410,71059794,d79addb0
249e5b94	1573e3f4,0027c534,3227ebc6,6ee279e2
249e8dd9	bcf6bc33
24a0ad30	4497a02c,9c0300b1
24a4a29c	c52ad410,57d7e3c7
24a52f19	52ce7370
24a6b788	4497a02c,9c0300b1,4291ee70
24a85e00	52ce7370
24b6d492	52ce7370
24bbabd2	4497a02c,53536c60
24be85ff	e52c962a
24c0cf45	4497a02c,9c0300b1,6d2c033c,0dd10c61,a93429b1
24c155db	e0fdb83a
24d12c38	52ce7370
24de2151	639c7070,ef46bbd3,cb433269,6e5a47d0,354ebbd5,73c3ac12
24e4fb62	afca5f6f,b20b28b3,b800a41c
24e6e655	39694c69,e80f0ca1
24e8567c	237d07e3,0b4f71f1
24f95e3c	39694c69,53536c60,ed4381f2,a43458d9,1c93d9d3,f5216bcf
24fe1f8d	52ce7370
2503385d	52ce7370
2503639e	4497a02c,9c0300b1,74077bc9
2504e4c1	4497a02c,9c0300b1,9f90b58d,77c639b7,c015fc4b
250589fc	4497a02c,9c0300b1,f4e08ea1,56cf6517,ba9926b7,13cc438b
250d3c9b	bcf6bc33
250eae6b	eecfcb7e,4c27a75c
250f1ee4	9af25f26,30b0f633,85bf0a7b,95f126b2
25189057	39694c69,53536c60,ed4381f2,a43458d9,1c93d9d3,f5216bcf
251c996a	66d89395,bfb0d665
2527909a	1fcd2211,ec964f14
2527a4db	ef10b158,ea2c5f25
2527c08b	4497a02c,9c0300b1
2527fe30	8665516e
25322f10	a4f1a6c6,358e4e85,6ba51265,424a544a
2536a07e	52ce7370
25375440	b8d3ec3d,f5ff1be2,efe3034b
2538d32e	39694c69,53536c60,ed4381f2,a43458d9,1c93d9d3,f5216bcf,c602a40d,ae8834fb
253aabec	7cc781d9,afa6dc9d,2b77aaf7
253bfcb6	39694c69,5c20b11b,ed4381f2,40c3b60d,1c93d9d3
253c41fd	4497a02c,53536c60
253f76ab	39694c69
2540bcab	639c7070,ef46bbd3,cb433269
254325c3	8d909566,41b60805,9dab87a0,78fdf19e,c61db9ce
254a1087	52ce7370
255158fc	52ce7370
25535901	ff208c06,79e3ea86
255c0bc1	6643ca1a
255c881e	39694c69
255d7bd4	4497a02c,9c0300b1,ed4381f2,a9fbca9e,45335f74,6c8c4062,fc35be13,93365dc8,91fa17ab,badd114e
256404a4	39694c69,f93b7ad5,96b5162f,7f880865,27cca8c2,8df62134,572fc984,af403d4d,dddbd028,4b971e6b
025656da	bcf6bc33
2565ce2b	39694c69,0dbac725,e0062fe3
25662a77	52ce7370
2566b80f	8c9d8695,b8089071,e69cc302,f1d748db
256834b0	efa938d5
2568b398	1b5a30c0,695a3627
256d4130	bcf6bc33
256db23f	8e6da909,c4b62b42,b312c9ae,4f68dd8d,f720986e
256f46ce	060fa272,07936ba9,6626d505,d912005b,a4844210
256f9d8a	2ebbffab
2570e8f7	52ce7370
2573ff84	4497a02c,9c0300b1,ed4381f2,b9df173a,1c93d9d3
2576788b	39694c69,57d7e3c7
2577b8b2	5321cb79,235dd2b8,7a3f7ebc,fff1e1af,c50b38cf,cd64af58,fdc70089,a9fc132f,b1988956,60488086,be80e0f9,6a2c8e0b,5b994493,1ef94ae0,2e17aac7,2b215d3f,3ab77e6b,b33ed866,8b283095,4b9bda65,d54eac7e,c18664f1,d48b34b9,494463fb,129cbaa6,dcfd3760,306c0c1c,878bf62d
257856e1	39694c69,51764901
257d09d2	4497a02c,9c0300b1,6d2c033c,c49bbf7c
257e6620	b8d3ec3d,f5ff1be2,efe3034b
025808f8	39694c69,53536c60,26bed42b,0091e4f9,1c93d9d3,f5216bcf
02583501	a4f1a6c6,358e4e85,6ba51265,424a544a
2583ae5e	6966f037,695a3627
02589276	52ce7370
25902788	4497a02c,9c0300b1,a8aceca4
259153c1	1abfb05d,f2d195ec
02592b29	22183874,d74ebeed,b3c768ec,12071db6,3512f1ef
2593816e	52ce7370
2596bc43	52ce7370
2598b0a5	1606f140
259a5131	39694c69
259c70d0	5fc0aae4,026cfb3e,fd08d640,137cbeb3,cb6eb787,14bc34b4,7452b382,f135f362,dfd1c85b,8b1a8909
259e4041	39694c69,156ef672
25a033fc	d918c1e8
25a15c75	f38e97e1
25b1e9ee	cf721e75,7deb492d
25b8762d	52ce7370
25b9ca10	a4f1a6c6,358e4e85,6ba51265,424a544a
25c32dca	52ce7370
25c8e909	52ce7370
025d2292	52ce7370
25d5aa40	52ce7370
025d6a5c	a8bda540,3bcecabe
25d6edf3	f8b0ae39,3ee39b85,793b05a3
25d919fc	39694c69
25dacee7	b8d3ec3d,f5ff1be2,efe3034b,16a88c29
25dba623	861ab707
25ddb6fc	52ce7370
25e2136c	4497a02c,9c0300b1,ed4381f2,a43458d9
025e8261	74077bc9,0fedbf9d,c040e307,64dd9602
25f55eb4	39694c69,53536c60,ed4381f2,a43458d9,1c93d9d3,f5216bcf,c602a40d,ae8834fb,91fa17ab,111e88f1
25f7120a	1e3bbce9,b83c1deb,8ce21c36,6f1072f0,6cc4a090,071f7e81,a342a391,239194ad,505ee9e5,461da44b,065207e3,a763641b,5662163e,f69fe0db,64990985,8ae67e84,5983fc68,5ce13a58
25fd195f	bedd91a7,6d1d43cc,4efa80dd
25ff0d6b	eb9e0800,6d06e5e2,aba1428f,c3faafab
26017c97	9a9d5b6e
2603b77c	b8d3ec3d,f5ff1be2,efe3034b,012dbe79
2604c8be	52ce7370
2608448b	52ce7370
2608553b	5fa094da,617d815f,cd64af58,59f1c3df,4d69759d,1a61cb09,76658f83,d05b3e0f
2609fe06	39694c69,53536c60,ed4381f2,2438523f,7f5677c3,63720239,77a43e90,9f7bc637,fb1fd755,c9479cb2,30e5e1d3,e3f11217,cefffc2e,51fa26f1,3c8658e2
260b1e22	74077bc9,b389f0ef
260b2aa4	4497a02c,9c0300b1,ed4381f2,b9df173a,1c93d9d3,2f3f7624,fc715a8d,155355fe
260e5cc3	52ce7370
2616ae04	94393069,861ab707
26195ff1	4497a02c,9c0300b1,1faf52ad
261c7f2a	4497a02c,53536c60
26289f8c	39694c69,82273c54,da0deda5,109279ae,ff4ee59c,223d627a,eab3c5bf,c7121f30,3333e0d9,a5475426,31609214,a39b9ffb,c5c96ac4,2b498348,df8cb10f,c9e9df8c,13acaee6,466d7535,bf81f6cd
0262976f	52ce7370
262cebaa	4497a02c,9c0300b1,ed4381f2,a43458d9
262e142b	52ce7370
2632f008	0474b10d,4856d405,d1dcb73d
263443cc	52ce7370
02634ffe	4497a02c,53536c60
26354809	efa938d5
263655d2	39694c69
263dd4f4	8fca59f4,51d131cf
264556a0	52ce7370
2645acff	3a694c05
2645fc21	39694c69,53536c60,ed4381f2,a43458d9,1c93d9d3,f5216bcf,c602a40d,ae8834fb,91fa17ab,111e88f1,89f6f8a5,4ebd1bb2,4b8a0cef,d89abf3a,7c564be4,fcf1f8c5,472143bf,81d269f1,445ee13f
2649934e	52ce7370
264ad9fe	4497a02c,9c0300b1
264c7c06	52ce7370
2650a154	8658272f,366edaac,97f71490
265832cc	861ab707
266124b6	bb4966fe,31ce714d,5b994493,40e6e577,e575ebca,f45682b2,78992052,d94ea41a
26646393	52ce7370
266538a6	52ce7370
26687f63	52ce7370
266fd92d	52ce7370
2670517f	39694c69,631ab68f,1f0f229a,c392df27
2672f6bd	a4f1a6c6,358e4e85,6ba51265,424a544a
2675179e	d540dc8e
2676eaca	39694c69
2679b436	321325f3
267de937	94393069,861ab707
26841547	4a288da1
268b2795	4497a02c,9c0300b1,9d7db85b,8d3e5fd2
26919127	9a9d5b6e
2693990e	b8d3ec3d,f5ff1be2,efe3034b
269405d4	52ce7370
26961be7	52ce7370
26986903	52ce7370
26a55abe	de2cb5b0,57d7e3c7
26a6ae6d	52ce7370
26a7a9e4	639c7070,ef46bbd3,cb433269,f75912d8,f74fe2e8,38a00c9a,c449f217,1f658705,afc03b62,79b6a96e
26a948ae	52ce7370
26ac8845	a4f1a6c6,358e4e85,6ba51265,424a544a
26af6d05	4497a02c,9c0300b1,ed4381f2,7e26dcff,183fe253,eef0425d,c602a40d,ae8834fb,aaf818ea
26b5c2f7	86637664,61477743
26ba2c7a	39694c69,aff5eee5
26bfc53c	39694c69,4aaf9c64,4f04e648,436c32a5
26c2042d	39694c69
26ca5346	39694c69,de5cbb69,f133c7e1,bdc1afce
26ccecc1	d4597a01,d4597a01
26d54c76	e112a12d
26d8b54c	b8d3ec3d,f5ff1be2,efe3034b
26da9a39	4497a02c,9c0300b1,89bbdecf,8e7b6f79,908c1738
26db64b1	4497a02c,9c0300b1,6d2c033c,74077bc9
26dbe353	52ce7370
26e36fac	52ce7370
26e45dac	9e1cb5a3,230558f5,bc763771
26e725aa	bb68f6c7
26e7b480	39694c69,53536c60,ed4381f2,a43458d9,1c93d9d3,f5216bcf,c602a40d,ae8834fb,91fa17ab,111e88f1
26edfd67	52ce7370
26eeeba0	152e9eec,7d59d9b8,6519f22c
26f630ab	39694c69
26f96943	52ce7370
2703cce6	39694c69,53536c60,ed4381f2,a43458d9,1c93d9d3
2709c16e	bcf6bc33
27155bf1	52ce7370
2718023b	52ce7370
271e841e	52ce7370
2721175f	94393069,0739342d,d64d45e9,f58fc84b
272158f3	7fe76fcb,ab91a753,4f505f8b,afdf6b14
27223259	a4f1a6c6,358e4e85,6ba51265,424a544a
272586aa	a4f1a6c6,358e4e85,6ba51265,424a544a
272b8717	4497a02c,9c0300b1,ed4381f2,a43458d9
272cfbd1	39694c69,f93b7ad5,96b5162f,7f880865,27cca8c2,8df62134,572fc984,af403d4d,dddbd028,4b971e6b
272fa5a3	39694c69,695a3627,ad2cc11c,b0016d1c
272fd943	52ce7370
2734139e	52ce7370
2735c376	39694c69
273d2ab1	4497a02c,9c0300b1
273e08af	39694c69,53536c60,ed4381f2,a43458d9,1c93d9d3,f5216bcf,c602a40d,ae8834fb,91fa17ab,111e88f1,89f6f8a5,4ebd1bb2,4b8a0cef,d89abf3a,7c564be4,fcf1f8c5,472143bf,81d269f1,445ee13f,4bfb77d1,604cb8a8,4d525275,1b332a89,10fded56,f2564478,2fd57652,8aab7e64,65bd861b,e51224df,0b3b3b39,66359d4f,f6b0f1c0,708fd580,034d5002,09237912,50a41601,76cbe174,fc9e0f04,93be621a,5d5733ad,cd9c73df,94b05d44,9762d059,405d4257,950270d7,702e331c,70823eaa,daf56fb3,060f8f36,bb1a29f4,56638432,2b438d00,2bd5f7fe,95ee8dfe,d02acf3d,4b14a013,52d6f1b8,b4c59a3a,9c2397c2,6049d326,0aee9e47,5917cecc,6ee3cd6f,a3f29c27,a19c769f,e1759237,26d875d0,a6f8571a,537df9d7,c200c181,3c1b2601,184e2362,b58c4b95,906164f9,b6394a5d,364ef38a,bfbc3131,9a3d6880,2df3b4fa,acb06c15,9068b149,8f7cac60,b56d9714
273fff75	a4f1a6c6,358e4e85,6ba51265
0274b675	4497a02c,9c0300b1
274d2ee1	52ce7370
274e01b1	24f98c12
274e1bc4	52ce7370
27507255	156ef672
2750d67d	bcf6bc33
2751748f	4497a02c,9c0300b1
27531fd4	bcf6bc33
2755fccb	e03c39a5
2758f0f0	7d20474a,7b0f0a0e
2759f971	4497a02c,9c0300b1
275c0007	39694c69,53536c60,ed4381f2,a43458d9,1c93d9d3,f5216bcf
275c022c	52ce7370
2763c55e	4497a02c,9c0300b1,ed4381f2,a43458d9
2764bf12	39694c69,3657fda8,65de7ad3,de5cbb69,d0776c32
2767de7b	39694c69
276f5ca2	39694c69
276fd80e	52ce7370
27725db5	7c0b3f35,c59f666c,641a4e09
2772a8b0	fb80a8e2
27763fa1	39694c69,53536c60,ed4381f2,a43458d9,1c93d9d3,f5216bcf,c602a40d,ae8834fb,91fa17ab,111e88f1,89f6f8a5,4ebd1bb2,4b8a0cef,d89abf3a,7c564be4,fcf1f8c5,472143bf,81d269f1,445ee13f,4bfb77d1,604cb8a8,4d525275,1b332a89,10fded56,f2564478,2fd57652,8aab7e64,65bd861b,e51224df,0b3b3b39
27808ee0	52ce7370
278288be	4497a02c,9c0300b1,0c8c56ba,aacdf54a,c9e7bf85
27832c6c	39694c69
278c2bbe	39694c69,f6725798,92c447e8
278d8a3d	4a5e733c,bf019ebc,8d909566,695a3627
278d8a88	8d909566,6633fecc
278dcdae	a4f1a6c6,358e4e85,6ba51265,424a544a
278ebd75	52ce7370
2790b073	39694c69,53536c60,ed4381f2,a43458d9,1c93d9d3,f5216bcf,c602a40d,ae8834fb,91fa17ab
279168b9	3d09a617,34e25a82
27928eba	6966f037,9305aea7
2792bd09	52ce7370
279b3ec6	52ce7370
279d50e8	39694c69
27a13050	52ce7370
27a55331	39694c69
27a84390	52ce7370
27a9123e	52ce7370
27aa41f2	bedd91a7,6d1d43cc,4efa80dd,958dd2f1
27af92e9	de3a72a1,c3c14801,48a39727,f687d0bf,7fea6674
27afdec7	52ce7370
27b06337	4497a02c,9c0300b1,26888d97,3e219d08,d8093c1f,74077bc9,7a464285,d0655178,a47e342e
27b2131b	afcc277d,f78ed873
27b85a6a	39694c69
27b965ec	a4f1a6c6,358e4e85,424a544a
27b97b3e	4497a02c,53536c60
27bf4d2a	b8d3ec3d,f5ff1be2,efe3034b
27c423a2	fc1a88a1
27c67536	39694c69
27cd765e	b8d3ec3d,f5ff1be2,efe3034b,74077bc9
27d30b6b	52ce7370
0027d345	c52ad410,e224813c,5bcd8be4,6838c165,78db4179,369941ad,5114705b,7bd498d7,fa8d7c2b,26ce2ee8
27d59fea	4497a02c,9c0300b1,ed4381f2,a43458d9
27d88d11	1cf37633,58ade78b,11177941,0764eb14
27d99ba0	b7869525
27ecb792	39694c69
27f0bcdf	39694c69,156ef672
27f28085	4497a02c,9c0300b1,ed4381f2,1e8d4400
27f3ed67	39694c69
27f4f651	94393069,861ab707
27f9d957	a4f1a6c6,358e4e85,6ba51265,424a544a
27fd5596	52ce7370
27ffc69a	b8d3ec3d,f5ff1be2,efe3034b
27fff75f	ef10b158,e35e7ed6
2801daa3	94393069,861ab707
280397cf	52ce7370
2804e9a3	0eb6c91a,3d674b81,59242a3d,c19fa37a,16fc9dee,6394b053,874c5cc8,0e0dfee5,c079a67f,98191445
0280e8ea	cff5724e
28123dc1	39694c69,3485907e
2812f254	c8c3bdcb,97e98b20,3fb7ce90,e9dee382,ab38b883,f5455c2c,8f4aa16a,84d6a9bb,27efb9e3,798520b9,091e8257,4d4031f0,a3ee26a7
281d8649	52ce7370
2820a5f7	52ce7370
2822faf1	52ce7370
282e9f49	b8d3ec3d,f5ff1be2,efe3034b
2830a4c8	a4f1a6c6,358e4e85,424a544a
283a85ca	52ce7370
283fc095	cb6eb787,56181287
2840428e	4497a02c,f1551f13
28414e27	3296fc12,5e580707,d4e0dd4d,92202a7e,688c3481,03fcd3a3
28459f76	5fc0aae4,c5259813,42a67ac9,db85f51c,382d2215,276fce97,4b9e2a33,81698712,8c6cf491,643fdc9d,39d6d4c2,5f41078a,0fedbf9d,e3e48b77,fa62c23c,07b08bbe,3f7888e3,d6cc4da6,7a495236,16a04bdc,d4c34bc3,caba1289,7c0f94b6
28470dfc	52ce7370
284a7709	52ce7370
0284adad	5321cb79,235dd2b8,7a3f7ebc,fff1e1af,c50b38cf,cd64af58,fdc70089,a9fc132f,b1988956,60488086,be80e0f9,6a2c8e0b,5b994493,1ef94ae0,2e17aac7,2b215d3f,3ab77e6b,b33ed866,8b283095,4b9bda65,d54eac7e,c18664f1,af0713dc
284b2169	bedd91a7,6d1d43cc
284c2f4a	bb68f6c7
284f0be1	52ce7370
284f5d06	c52ad410,c32cf8e2
285329ca	1d0bd5a1,061284d4,d0ce2732,0c9749ff,f202412e,70c47b22,f085dac6,77f38861,3cf63f4e,820fcfa6
2857afe8	873f987b,30059f1b,d6f3615b,a0a2aeeb,c6b47670,88bc7241,6c65bad4,50f3292a,cd209d36,16e05d3a,082cc006,0f7c420e
28586c86	a9feb25a,2df352fe,1abfb05d,855bd593,9af16c13,83a900ab
285fc404	94393069,861ab707
28636f7f	52ce7370
2866ba28	a4f1a6c6,358e4e85,b7a0eada,99b8e741,de97e3dd,fe767a91,424a544a
28688057	39694c69,53536c60,26bed42b,0091e4f9,1c93d9d3,f5216bcf
2869da20	39961095,b7aba2ec,9bc75fab,ad0d2554
286f8586	39694c69,ab049db5
2871ba79	39694c69,53536c60,ed4381f2
2872d072	52ce7370
28799190	4497a02c,9c0300b1
2882e34d	52ce7370
288487e4	52ce7370
0288afa7	ef10b158,e94ec867
288cd11e	4497a02c,9c0300b1
288d1970	4497a02c,9c0300b1,ed4381f2
2890869f	39694c69,3485907e
289ea22e	b8d3ec3d,f5ff1be2,efe3034b
28a069cb	52ce7370
28a45c99	a4f1a6c6,358e4e85,6ba51265
28a711d1	ff5a943f,5dfb00b7
28a9cc43	39694c69,53536c60,ed4381f2
28afcc8e	156ef672
28b0a0b6	39694c69,53536c60
28b0a60d	1e3bbce9,b83c1deb,8ce21c36,465a2741
28b1145e	52ce7370
28b370f8	52ce7370
28b4cb85	b8d3ec3d,f5ff1be2,efe3034b,57c26845
28bc5757	52ce7370
28be9a7e	52ce7370
28bf7dfb	39694c69
28c2fcee	bd22c7a4,a48ad92d
28c5bed2	9e47592c,164c4c5a,b3961e7f
28c5d14e	52ce7370
28c6a920	94393069
28c71bd9	54dbcc01,688fbadb
28c8dfa4	39694c69,156ef672,644d5b28,e962d449
28d1a282	156ef672
28d1abcd	39694c69,36f198ca,83507bf1,36a3188b,a5690ebb,5e8d7d79,4eca8221,6ef04473,7d16363a,cc2cfa23,c7fa2fa2,2d804596
28d529f7	52ce7370
28db17d6	52ce7370
28dbe24a	e29d5026
28dcb88b	52ce7370
28dd3dc4	181bd57b,6baaa8d2
028e4757	b1eb4e6b
28eb65c4	4497a02c,53536c60
28ecde15	4497a02c,9c0300b1,4e49e99c
28ecfb5f	39694c69,53536c60,ed4381f2,a43458d9,1c93d9d3,f5216bcf,c602a40d,ae8834fb,91fa17ab,111e88f1,89f6f8a5,4ebd1bb2,4b8a0cef,d89abf3a,7c564be4,fcf1f8c5,472143bf,81d269f1,445ee13f,4bfb77d1,604cb8a8,4d525275,1b332a89,10fded56,f2564478,2fd57652,8aab7e64,65bd861b,e51224df,0b3b3b39,66359d4f,f6b0f1c0,708fd580,034d5002,09237912,50a41601,76cbe174,fc9e0f04,93be621a,5d5733ad,cd9c73df,94b05d44,9762d059,405d4257,950270d7,702e331c,70823eaa,daf56fb3,060f8f36,bb1a29f4,56638432,2b438d00,2bd5f7fe,95ee8dfe,d02acf3d,4b14a013
28f80e25	4497a02c,9c0300b1,8da8fd62,4d5839e2
28fe6934	a1f620fd
28ffd125	ede44e83,de118265
29003aa2	39694c69,82273c54,da0deda5,109279ae,ff4ee59c,223d627a,eab3c5bf,c7121f30,3333e0d9,a5475426,31609214,a39b9ffb,dcc919db,16ec1a76,7dfacc0f,c3cdc27d,972d0dce,bf81f6cd
2901fc72	7eefa621
29097a2b	52ce7370
290e6dc3	52ce7370
291257c6	52ce7370
2916e6d9	4497a02c,9c0300b1
291983e0	3f19cae6,36765160
291a836c	39694c69,53536c60,ed4381f2,a43458d9,1c93d9d3,f5216bcf,c602a40d,ae8834fb,91fa17ab,111e88f1,89f6f8a5,4ebd1bb2,4b8a0cef,d89abf3a,7c564be4,fcf1f8c5,472143bf,81d269f1,445ee13f,4bfb77d1,604cb8a8,4d525275,1b332a89,10fded56,f2564478,2fd57652,8aab7e64,65bd861b,e51224df,0b3b3b39,66359d4f,f6b0f1c0,708fd580,034d5002,09237912,50a41601,76cbe174,fc9e0f04,93be621a,5d5733ad,cd9c73df,94b05d44,9762d059,405d4257,950270d7
291abc4f	52ce7370
29201450	52ce7370
2927c179	39694c69
2928b958	152e9eec,7d59d9b8,6519f22c,ab78b87d,39572fa0,9449ec6c
292e5a98	b1eb4e6b
292eb2f2	52ce7370
292f3e7b	4497a02c,f1551f13
29301b6f	39694c69
29312ee8	bcf6bc33,a93ac93f,7ea91199
2932ee6e	4497a02c,9c0300b1
2935385a	bcf6bc33
293581f1	c311c08f,de6cf883,dcc919db,0df636ed
2936457d	39694c69,ede44e83,aae6a3bd
2938f7d3	39694c69,39745163,e8c6bd1a,46933fcb
29393933	d0390090,086aa925,af75682d,6d713fca,1dd3b19e,d0523723,3be9dffc
293c6531	841cee65
0293d774	4497a02c,9c0300b1,e2ba506a,86f7f324,40e50d9d
2940599c	86862b2a,4279ee8e,a1fd78dd,efec6500,7df5aefc,69f4d1b7,0ad95d90
2940acbd	52ce7370
29436424	52ce7370
294de334	c1dde079,660a8b87,7a4609dd,3fd8988b,68500124
2952a2ff	8e7b6f79,908c1738
29547401	b8d3ec3d,f5ff1be2,efe3034b
2958b063	52ce7370
295ac95d	52ce7370
295d7688	52ce7370
295dca81	39694c69,2724536b
295f13c8	4497a02c,9c0300b1
296103af	52ce7370
29613e1a	52ce7370
2962765b	3a8156ce,881b3db9,f053cef9,25f8ead7,b43bf93e,f44c6f7e
29633587	52ce7370
2968d78d	9a50024a,007b1d5a,1da1f405,ce4b8cae
2977a6a1	4497a02c,9c0300b1,27a6a0e2,dd570b4c,8f933149
297d3d78	52ce7370
297d8f36	39694c69,53536c60,ed4381f2,a43458d9,1c93d9d3,f5216bcf,c602a40d
297fffd3	bcf6bc33
29812de3	52ce7370
29821952	7ef24b50,9b755684,40c705b2,29c33732
298442fd	4497a02c,9c0300b1
29871053	4497a02c,9c0300b1,61cc8a69,fc16bd03
29887b19	dca1815f
298b7cc4	52ce7370
2991f37a	39694c69
2996b8bf	2dd6b76e
299715df	52ce7370
02997c9b	4497a02c,9c0300b1,ed4381f2,a43458d9
299a155b	c52ad410,d3e525a0
299cd206	52ce7370
299ea802	52ce7370
29a08184	52ce7370
29a17001	a8aceca4,650d92ab,662a7335,83e521bd,1fcea4c1,40e50d9d,d4c58e89,41297f12,81e27938
029a4ced	bcf6bc33
029a539d	a4f1a6c6,358e4e85,6ba51265,424a544a
29a5604b	39694c69
29a9620d	54dbcc01,688fbadb
29b29717	9deb246d
29b4853c	4497a02c,9c0300b1
29b651cf	4497a02c,9c0300b1,ed4381f2
29b783de	bcf6bc33
29b9494a	97a09adb,40df0371,8afc80f9,de14a729,2a1a4d8b,fe45d7b7,c040e307,037b0239,e715a54c,3da95904,4209fff0
29c0c053	a166e042,29d96c74,ab6e1ed8,353208d5,2eb9b338,e99a0414,416fe963,837dda49
29c1b553	4497a02c,9c0300b1
29c4a14f	39694c69
29c51e28	52ce7370
29cbe3f4	bcf6bc33
29cda3e3	52ce7370
29cf8469	7eefa621
29d1bbc6	76497e28,c003b2da
29d35746	39694c69,2574e468,c676749c
29d9788a	bcf6bc33
29db52c4	52ce7370
29dd0ada	39694c69,73b61c3b,de5cbb69,20c94a67
29e39b42	0e25235a
29e5e00d	951d7646,eaf4363e,e82a2c2c,df1b6297
29e79ff4	52ce7370
29e912e2	94393069,0739342d,a53082a4,ea209f63
29ef9c7c	39694c69,53536c60
2a00fca0	4497a02c,f1551f13
2a07630a	a4f1a6c6,358e4e85,6ba51265,424a544a
02a07e0e	fbae5936,3b66caf0,d615f72a,919e6504,971ad05c
2a0fcfc7	4497a02c,53536c60
2a108033	52ce7370
2a118273	4497a02c,c6f42859,0035c845,a43458d9
2a155c01	52ce7370
2a178950	94393069,861ab707
2a188f47	63203e78
2a1a3be6	156ef672
2a1ab41d	bec0c526
2a1ac58f	ede44e83,e52c962a
2a1f7403	a4f1a6c6,358e4e85,6ba51265,424a544a
2a211f4e	f447fe90,81f88b9a,1e1056b5
2a216ff2	52ce7370
2a222f91	321325f3
2a2399fe	52ce7370
2a275954	c52ad410,98635b9b
2a27833b	52ce7370
2a290237	39694c69,f93b7ad5,96b5162f,7f880865,27cca8c2,8df62134,572fc984,af403d4d,dddbd028,4b971e6b
2a296397	ef10b158,7eddaefe
2a296ba9	52ce7370
2a2d87e4	39694c69,53536c60,ed4381f2,a43458d9,1c93d9d3
02a2fb84	b8d3ec3d,f5ff1be2,efe3034b
2a310ca3	87964a6f
2a36cf27	52ce7370
2a3cebb9	39694c69
2a3e9ef3	39694c69,53536c60,ed4381f2,a43458d9,1c93d9d3,f5216bcf,c602a40d,ae8834fb,91fa17ab,111e88f1,89f6f8a5,4ebd1bb2,4b8a0cef,d89abf3a,7c564be4,fcf1f8c5,472143bf,81d269f1,445ee13f,4bfb77d1,604cb8a8,4d525275,1b332a89,10fded56,f2564478,2fd57652,8aab7e64,65bd861b,e51224df
2a41b195	21418af3,edfeb14c,83eec6ec,54ce6b8f
2a42cd5b	39694c69,53536c60
2a4c9281	e63e65de
2a4d91a4	52ce7370
2a4e3678	4497a02c,f1551f13
2a5452a4	bcf6bc33
2a5aba47	52ce7370
2a5b7a18	156ef672
2a67abf5	9a9d5b6e,de9ad6e8,f5d8368b,efa938d5
2a69dfa6	39694c69
2a69e257	52ce7370
2a69fa67	52ce7370
2a7202a9	e3931839,137cbeb3
2a72cfa8	39694c69
2a78a2c5	52ce7370
2a79a9cc	e0fdb83a,3ecc4c33
2a79c1c1	39694c69,53536c60,a8bda540
2a845d6c	a4f1a6c6,358e4e85,6ba51265,424a544a
2a889362	52ce7370
2a8d62d7	52ce7370
2a90cc0c	39694c69,53536c60,ed4381f2,a43458d9,1c93d9d3,f5216bcf,c602a40d,ae8834fb,91fa17ab
2a9290e2	52ce7370
02a94fe1	4497a02c,9c0300b1,ed4381f2,a43458d9
2a95872a	52ce7370
2a9cb81b	4497a02c,9c0300b1
2a9d5819	39694c69,f93b7ad5,96b5162f,7f880865,27cca8c2,8df62134,572fc984,af403d4d,dddbd028,4b971e6b
2aa22b93	4497a02c,9c0300b1
2aa26b54	52ce7370
02aa5b13	39694c69,53536c60,ed4381f2,a43458d9,1c93d9d3,f5216bcf,c602a40d,ae8834fb,91fa17ab,111e88f1,89f6f8a5,4ebd1bb2,4b8a0cef,d89abf3a,7c564be4,fcf1f8c5,472143bf
2aa657b9	52ce7370
2aa7ac6e	52ce7370
2aa9ad4e	39694c69,53536c60,faf09879,9fcdf2d6,0f357317,f572a733
2aac7268	bcf6bc33
2aad1827	39694c69,53536c60,ed4381f2,a43458d9,1c93d9d3,f5216bcf,c602a40d
2ab072a3	52ce7370
2ab32d0d	2e45611a,d773bd15,1615a946,ab874d15
2ab45ccd	39694c69
2ab539e1	a4f1a6c6,358e4e85,6ba51265,424a544a
2ab5a800	46b917f4,a993f612,dee87dc5,04f80ce6
2ac1a933	39694c69,53536c60,ed4381f2,a43458d9
2ac27b4a	c056f48b,7f2a0fa9,19da19e2
2ac4288e	4497a02c,53536c60
02ac56fe	ef10b158,ef10b158,2e01eac0
2ac6dc41	94393069,861ab707
2acaf927	52ce7370
2acdfcd2	52ce7370
2ad3671b	39694c69,61e01592,dcc919db,d266ceff,4aa0b06f,f430468c,eb2933b1,a9feb25a,e7803122,d253655e,a8eed38c,634c2c26,dbc62715,296f3960
2ad5744d	4497a02c,9c0300b1,ed4381f2,b9df173a,1c93d9d3,3e954978
2ad735f9	4497a02c,9c0300b1
2ad77163	52ce7370
2ad77982	52ce7370
2ad95c1d	1b5a30c0,695a3627
2ae229d8	bcf6bc33
2ae40539	4497a02c,9c0300b1,6d2c033c,64dc4bae,b9df173a,1feafdc7,ca4bed22
2ae991b4	3c8fc254
2aeaf5ea	3bc00128,4cdc02c6,93dc5db2,1cdcfb6c,d5938243,e228d8aa,00e6ccf3
2aeb40b0	3e2607c8,4c793724,b8b318a6,36d3bfac,8f0dffba,8ba04aa7,b7678014,a42295c9,098f3057,4881d8e2,69002d79,ea8e8d5a,88ac167d,00c04268,86ff292b,4293a06f,cc1f4ced
2af4a71b	a4f1a6c6,358e4e85,6ba51265,e69f7baf,c1b71575
2afaa92d	52ce7370
2afbf3a1	52ce7370
2b02346d	b8d3ec3d,f5ff1be2,efe3034b
2b08b987	1e3bbce9,b83c1deb,8ce21c36,8c893304
2b0a7e0c	569aeac3,0c6023ee
2b1276e8	52ce7370
2b12f06e	39694c69,48f9c33a,3b683fa6,b66cfe7d,6f592b54,133057ec,3319969f,8e7515cf,d09fac1c,59675226,8ae11860,4656d9b7,c0dcc778,cace1dd9,b4d6e3d2,f090956d,4af3e480,5a9cbca5
2b1562eb	39694c69,53536c60,ed4381f2,a43458d9
2b157d31	39694c69
2b16302f	77887c5d,712fd4f4
2b1634eb	39694c69,53536c60,ed4381f2,a43458d9
2b18e765	52ce7370
2b19a232	94393069,861ab707
2b265e5e	52ce7370
2b289a28	2113ce38,0d75535b,37313dad,212e835f,4269bb4a,efa938d5
2b2a9fd8	b8d3ec3d,f5ff1be2,efe3034b
2b2f72c2	a599f130,a2f2d49e,ded4e538,9e47592c,31d2dd1d,7246062c,39f88bbe,9628ff56,226028b8,2591bdea,0912da96,976b9d3b,f2831794,8599e038,dae286d2,d4ca595a,4c22f468,b09386fb,5cecab53,365fb226,033e2ce7
2b32419a	3296fc12,5e580707,d4e0dd4d,92202a7e,688c3481,03fcd3a3
2b333293	c4ed9a40,deae0f06,f9d53ca0
2b333b52	237d07e3,83eb440b
2b3f2f79	52ce7370
2b3fe5f8	a371651d,55612c06,dd23a11e,05ebf9ea,04463d0d,233794d7,73071fd3,005845c2
2b417d82	a4f1a6c6,358e4e85,6ba51265,424a544a
02b429d0	080ac573,b59433cd,8748b937,0b58cacd
2b4311b4	39694c69,a93ac93f,ede44e83,afadf3a3
2b460cec	b8d3ec3d,f5ff1be2,efe3034b
2b4a3b0e	04980c5b
2b4f1a6f	9d86a26d,76240e08,c44846db,04c23b22,5cd4677b,920a5366,08d769f2,da5ee401,30bb2093
2b50de47	54dbcc01
2b5b49a4	dd0f2bdd
2b5ba11b	bcf6bc33
2b64426f	39694c69
02b68310	52ce7370
2b687dc2	94393069,861ab707
2b6d6c14	52ce7370
2b6e6b73	52ce7370
2b6e75bb	52ce7370
2b6fa99b	b8d3ec3d,f5ff1be2,efe3034b
2b748c7f	94393069,861ab707
2b76f91d	4497a02c,9c0300b1,6d2c033c,ed9bfc62
2b7a8454	52ce7370
2b7acedb	b9569dc9
2b7fd178	52ce7370
2b821e9b	b8d3ec3d,f5ff1be2,efe3034b
2b824ffa	52ce7370
2b82ce08	152e9eec,7d59d9b8,6519f22c,ab78b87d,39572fa0,9449ec6c
2b82de6f	67c4bde5,604be001,22d5634f,23e38c44,17421193,18436e4f,6fc6d011,99914bc2,4a85ee26,6d26bb01,6d5d1e1a,fbff6f31,e90e253c
2b836da2	7559d0f8,e3b0ce50
2b83c518	52ce7370
2b858d42	e0fdb83a
2b8691d3	52ce7370
2b86ed82	5fc0aae4,b02aa637,4209fff0
2b86fdd3	cf0ff9ac,f8c44d32,91d2d8e0,06b98896
2b8735f4	39694c69,53536c60,ed4381f2,a43458d9,1c93d9d3,f5216bcf,c602a40d,ae8834fb,91fa17ab,111e88f1,89f6f8a5,4ebd1bb2,4b8a0cef,d89abf3a,7c564be4,fcf1f8c5,472143bf,81d269f1,445ee13f,4bfb77d1,604cb8a8,4d525275,1b332a89,10fded56,f2564478,2fd57652,8aab7e64,65bd861b,e51224df,0b3b3b39,66359d4f,f6b0f1c0,708fd580,034d5002,09237912,50a41601,76cbe174,fc9e0f04,93be621a,5d5733ad,cd9c73df,94b05d44,9762d059,405d4257,950270d7,702e331c,70823eaa,daf56fb3,060f8f36,bb1a29f4,56638432,2b438d00,2bd5f7fe,95ee8dfe,d02acf3d,4b14a013,52d6f1b8,b4c59a3a,9c2397c2,6049d326,0aee9e47,5917cecc,6ee3cd6f,a3f29c27,a19c769f,e1759237,26d875d0,a6f8571a,537df9d7,c200c181
2b8db788	1b5a30c0,dee65538,78b57979,6072000c
2b8f6418	4497a02c,9c0300b1
2b92bdd0	39694c69,3f9bb758
2b983016	52ce7370
2b9ac9f6	4497a02c,f1551f13
2b9e2e79	52ce7370
02ba037a	c3f7b3b9
2ba1069e	e0d64098,de171b22,f0c690aa,fbc36557,abcba079,d026e0a6,deadb7a3,df8ac66a,0f9d52c5
2ba19667	4497a02c,f1551f13
2ba55e59	b1633e22,c4248c2d
2ba65272	747190ff,05258515,ac9172f3,6a989428,93697ef3
2ba65c8f	4497a02c,53536c60
2badda5e	52ce7370
2bb22a1a	4497a02c,9c0300b1,ed4381f2,7e26dcff,183fe253,eef0425d,c602a40d,ae8834fb,aaf818ea
2bb40232	52ce7370
2bb7a6b6	39694c69,dcf597aa
2bc5fbd5	09bb2d98
2bc6734b	d450fbeb
2bced080	39694c69,53536c60,ed4381f2,a43458d9,1c93d9d3,f5216bcf,c602a40d,ae8834fb,91fa17ab,111e88f1,89f6f8a5,4ebd1bb2,4b8a0cef,d89abf3a,7c564be4
2bd2fc79	39694c69,0838661e
2bd76647	0d52b105,d11ba606
2bd7ce33	4497a02c,f1551f13
2bd9a653	52ce7370
2bdde1a3	39694c69,53536c60,ed4381f2,a43458d9
2bdf41b9	2996eb74,df8cb10f,0c4fa6f7,95f3c272,466d7535,df8ac66a,71a50017,311e04b5,fae20c6b,61e390e4,abe98814,27049be7,76068659,b8fe3c19,09c2f748,b3ec9ca8,d1257baa,082fb191,cc2516ba,e41d8910,d9e24ba9
2bdf9165	52ce7370
2bdfa415	5f34b74b
2be35c96	1712368f
2bede77d	cbb0a0c9,2f7c6535,26d821e9,5d6e6635,0a6807ab,88605cbd,f91fb1c1,444d7cf2,5974cbb9,4c928458,080e59d5,c4e6a7a7,9ca71ab9,ff98e06a,daef038c,678c1a04,3cce1f40,7bb463e9,eb77e83c,25cf07dd,4ee4dec6,bd5a46fa,21ec7827,db1478c0,6a0eef8f,79fd6833,e71a034b,3b55e671,d170dd22,83faa670,59d9f271,2516af35
2bf4ce78	52ce7370
2bfb7068	39694c69,53536c60,ed4381f2,a43458d9,1c93d9d3
2bfc45a9	b8d3ec3d,f5ff1be2,efe3034b,f6ca7264
2c064530	8de76ce5
2c0c7707	39694c69
2c14921b	52ce7370
2c195dc7	52ce7370
2c1bac3d	52ce7370
2c1c03fe	82d55d94,695a3627
2c21e2f0	52ce7370
2c2b7d52	52ce7370
2c2fbd4e	c52ad410,172a4014,f136aef1,b907c265,094ce4b8,94268d1c,31b4009d,43ef0a2a,2c58fe96,2177d5ac,a72c331b,3b748d16,09d37cda,61434127,ad5d5994,46cc4846,ffc71232
02c33eb6	4497a02c,f1551f13
2c44600d	52ce7370
2c461c7f	39694c69,82273c54
2c46da5e	52ce7370
2c492fb3	c311c08f,7cfd2581
2c4951c8	39694c69
2c4a8539	39694c69,d910723e
2c4e9646	52ce7370
2c4f3955	39694c69,53536c60,ed4381f2,a43458d9,1c93d9d3,f5216bcf
2c4f7aea	70eb7eec,70eb7eec,70eb7eec,70eb7eec
2c4fc61a	b43ddb43,98b8134d
2c55fa4f	52ce7370
2c561380	39694c69
2c5804b8	cd369b90,74190a5c
2c5b44f6	53ac6e5d,36106391,89d2ff57,aef0a39c
2c5d3289	9a9d5b6e,de9ad6e8,a37cce3f,bef418b5,2880c998,14b4209b
2c630278	52ce7370
002c641d	a66bb577,a3029690
2c650a84	4497a02c,9c0300b1,34e511d3
2c670a9f	39694c69,53536c60,ed4381f2,a43458d9
2c676f0a	39694c69,7f69b260,85d059d3
2c691b25	39694c69,0055398b,44b373be
02c69a16	52ce7370
2c6e319f	14d48a22,d2df05f2,79d897ed,f8ba3573
2c7066ee	b8d3ec3d,f5ff1be2,efe3034b,271e513b
2c70b552	ac241a76,5b673006,f5a98fc4,19bc25fd
2c736fd2	52ce7370
2c7a1918	695a3627
02c7d302	52ce7370
2c7db1f3	39694c69,af77c70d,ed4381f2,a43458d9,1c93d9d3,f5216bcf,e2dc42cb,ef4c1064,050a25d7,234a0a79,c3c175ca,4ebd1bb2,80f1124c
02c80f81	611025ab,d4bb5d44,190b5a3b
2c89e7d2	4497a02c,9c0300b1
2c8c9b07	ceca809a
2c8cc85c	94ed7583,2a16d9fb,0c8b057f,0da7d34b,d141418d,a46c12f4,d745b689,39c9d027,cbd0238c,f17f6786
2c8d0ef2	9deb246d,24b1ea7f
2c9066ad	52ce7370
2c92151c	52ce7370
2c95d0e4	52ce7370
2c987242	94393069,861ab707
2c9c65c0	39694c69,53536c60,ed4381f2,a43458d9,1c93d9d3,f5216bcf,c602a40d,ae8834fb,91fa17ab,111e88f1,89f6f8a5,4ebd1bb2,4b8a0cef,d89abf3a,7c564be4,fcf1f8c5
2c9da685	52ce7370
2c9e87da	3fb768cb
2ca08259	8311d9d9,befa5054,a8f18154,8e7b6f79,908c1738,7da1c31a,ba764490,2141a805,bf98ff46,03fbf95a,86f7f324,b60feade
2ca28257	4497a02c,9c0300b1,919162e0
2ca2d7bb	f4e70b83
02ca4e6e	94393069,861ab707
2ca50290	39694c69,4c099084,e0c7eaf4,38cf9c26,3837cfc6,89ae87c9
2caa2f5d	39694c69,240c083e,eb4e7864,6e9d3ec4
2cacd44f	52ce7370
2cb404be	52ce7370
2cb58252	4497a02c,9c0300b1,706b783e,8e7b6f79,908c1738,7a464285,f1579b57,a4dbb75b,cd64af58,f4e08ea1,f2e6edd6,b664d91b
2cb7937b	39694c69
2cbcc894	52ce7370
2cc270cf	b8d3ec3d,f5ff1be2,efe3034b,fa4a018c,6a243c86
2ccc9033	39694c69,a05a30c3,3ded92ef
2cd02d9f	d6064273,1812dfc6
2cd65118	a6b52829
2cd7f408	1487fca1,40e50d9d,a1b42c73,86f7f324,685ef8c5,1bc3be55
02cd8880	39694c69,53536c60,ed4381f2,a43458d9,1c93d9d3,f5216bcf,c602a40d,ae8834fb,91fa17ab,111e88f1,89f6f8a5
2cdb59e1	bcf6bc33,6baaa8d2,403e572c
2ce2f745	a4f1a6c6,358e4e85,6ba51265,424a544a
2ce38109	c52ad410,91c605cc,4393ba59,46839afa,25dea110,aa781a92,5401469f,c4d71fe7,36014b3a,a6e7f984,f489e36f,4d80047f,e67c3031,f0ba2c58,74045f18,2cab62e8,42f39696,35bdfc31,9e53c189,5c71e66f,7ef36c31,16e71539,4602bceb,25251679,1c987b1c,f5453c8f,078f9f5b,f141594c,09a9975d,b91c99e0,9c8be051,d79d8a40,4f891747,bfa82cb0,04369b56,f43d042e,3ecb99bc,b5776353,474c30ae
2ce94659	39694c69,95197056
2cea4e24	52ce7370
2ceee09b	4497a02c,9c0300b1,27a6a0e2,dd570b4c,4afec517,405eccbb,2a9ce923,9d681a0e,4dd3c331,c24adf8f,248cb440
02cf27f3	39694c69,df56f945,3485907e
2cf31ea5	52ce7370
2cf4a8ae	52ce7370
2cf577cc	ef10b158
2d0015a7	52ce7370
2d00da6b	4497a02c,9c0300b1,a342d8ee
2d01531c	7eefa621,c52ad410
2d037488	4497a02c,f1551f13
2d03fecb	fa3b3e14,85b68088
2d04176d	569aeac3,0c6023ee,fd8c731e
2d08f344	52ce7370
2d0b1dce	aacfcb08
2d0be98a	52ce7370
2d0fabba	7b6e798d,e853bbe0,3cfbdf1d,e0f0fa54,071512ef,947963e7,fb12256c
2d12114f	4497a02c,9c0300b1,2185a077,4a733b64
02d1615c	a4f1a6c6,358e4e85,6ba51265,424a544a
2d1739de	4497a02c,9c0300b1
2d1b2e30	b3612de6
2d1bacc6	94393069
2d1d9c2a	52ce7370
2d23c999	a4f1a6c6,358e4e85,6ba51265,a23a4c9d,2bcf1fa4
2d2587a5	112d3710,4b971e6b
2d27161e	52ce7370
2d2a5754	39694c69
2d2b0f35	74077bc9,b9b57c94
2d2bf389	52ce7370
2d2e93e8	6966f037,47400132
02d2f593	39694c69,4f38c697,d918c1e8,4c099084
2d3298d9	39694c69
02d3896b	4497a02c,9c0300b1,0dd10c61,84c6f594,e4895a36,31d76a4a
2d3a7253	b8d3ec3d,f5ff1be2,efe3034b
2d3b5b89	4497a02c,53536c60
2d3ee104	156ef672
2d40925a	52ce7370
2d416e03	52ce7370
02d4412e	f74b82c4,4a4d011b,a7ac7dd3,1a0f7846
2d458410	4497a02c,487f3286
2d46422d	52ce7370
2d4b32e5	52ce7370
2d61cc9a	52ce7370
2d62ac71	52ce7370
2d68dd75	b8d3ec3d,f5ff1be2,efe3034b,98ea65e6,0128fb17
2d6ddd08	39694c69
2d722f98	4497a02c,9c0300b1,3643570c
2d76c809	a4f1a6c6,358e4e85,6ba51265
2d78a03d	ceca809a
2d78c2ef	52ce7370
2d7b2ded	4497a02c,f1551f13
2d7c30a6	dba99a7e,e8ca1dc7,4e9a4327,8ffc6982,d6d6a63f,52b3edee,95bbbf7e,fc958e6a
2d7d5d13	52ce7370
2d85ef17	a4f1a6c6,358e4e85,6ba51265,424a544a
2d89cc1f	a4f1a6c6,358e4e85,6ba51265,424a544a
2d8b74e4	73211b89,e0fdb83a,c80e8943,0457701c
2d8c344d	990ddbbc,d2645d3a,79fa8d00,1ad76ed6,6d766270,11f8c65e
2d8c3b9b	321325f3,5591ae49
2d8d6e13	39694c69
002d9267	52ce7370
2d9f3806	4497a02c,9c0300b1,6d2c033c,ed9bfc62
2da3385e	39694c69
02da3837	569aeac3,0c6023ee,fd8c731e
2dadb08d	52ce7370
2dae1686	10bed3fc,c94f10b9,f7084405,ca17a1f9,f7db477f,8efdb2e5,97958ff1,d6ab66d5,af79006e,79000504,ef698ccd,627c291a,873620de
2dafd97b	7383d65f,a873255d,cad30ba7
2db06b1e	19df91a3,79bc1aa1,cb7b7504,d454474a,689b5772,c53f71f9,30c7c4c6,58348094,3b4810ad
2db36376	bcf6bc33
2db4359b	4497a02c,9c0300b1,ed4381f2,a43458d9
2db61346	39694c69,53536c60
2db676fb	ef10b158,444ef155
2db6a3cc	39694c69
2dbb1503	4497a02c,f1551f13
2dbbce65	52ce7370
2dc828e3	b82d864e,9ff41bbd
2dc84b0d	39694c69,08e6c760,750e1d42
2dc96a69	a4f1a6c6,358e4e85,6ba51265,424a544a
2dcdd177	b7333d00
2dd04b9f	4497a02c,9c0300b1,c61cb49d,a43458d9
2dd076b1	3d289f10
2dd63e9c	bcf6bc33
2dd7ddb2	156ef672
2de15cf7	bcf6bc33
2de3ab17	39694c69,adb1e32d
2de4e5d4	52ce7370
2de5ef68	7e4be574
2de9c09e	4497a02c,f1551f13
2debf043	52ce7370
2dec937d	4497a02c,9c0300b1
2deea86a	39694c69,481a21ca,0973d9f8,5dea9294,42b88262,18e49456,86b65e25
2df32087	52ce7370
2df91597	39694c69,53536c60,ed4381f2,a43458d9,1c93d9d3,f5216bcf,c602a40d,ae8834fb,91fa17ab,111e88f1,89f6f8a5,4ebd1bb2,4b8a0cef,d89abf3a,7c564be4,fcf1f8c5
2dfb8865	52ce7370
2dfc9ee3	39694c69,53536c60,d2d77117,e83460b6,d4d06eea,96cd829a,c602a40d,ae8834fb,91fa17ab,4ccbeffa,1dc25fbb,56b01e3b,6bc06a43,d89abf3a,28e86f35,ee5a7c56,249b285e,dee65538,3af12ce5,7f3c93f6,088c0672,a16cc6f6,fe713ac7,56cf9e0e,497f4ff0,e11c1573,3824f5c0,491ddd7d
2dfd943c	39694c69,8f21bbbb
2e01d271	39694c69,53536c60
2e0fe8a4	bcf6bc33
2e16a078	c3f895ef,c790edae
2e19ae8f	4245aec7,6d4ace80
2e265965	52ce7370
2e2c40ac	39694c69,53536c60,ed4381f2,a43458d9,1c93d9d3,f5216bcf,c602a40d,ae8834fb,91fa17ab,111e88f1,89f6f8a5,4ebd1bb2,4b8a0cef,d89abf3a,7c564be4,fcf1f8c5,472143bf,81d269f1,445ee13f,4bfb77d1,604cb8a8,4d525275
2e2cc1b7	b8d3ec3d,f5ff1be2,efe3034b
2e2cd7d9	52ce7370
2e312b90	bedd91a7,6d1d43cc,4efa80dd,958dd2f1
2e319c6d	52ce7370
2e37cc3b	6a990665
2e3abf45	b8d3ec3d,f5ff1be2,efe3034b
2e4ad5e0	012dbe79,efa938d5,bb796d24
2e4fb4d5	ede44e83
2e53d3ce	639c7070,ef46bbd3,cb433269,7b0542ef
2e577307	b8d3ec3d,f5ff1be2,efe3034b,5a9e9b5a
2e590297	52ce7370
2e5b5f37	4497a02c,9c0300b1,ed4381f2,a43458d9
2e5c0fdb	4497a02c,f1551f13
2e603d8e	dc1b3459,8617a4b4
2e6069f6	52ce7370
2e614979	52ce7370
2e625486	52ce7370
2e67aadb	39694c69
2e67b83d	bcf6bc33
2e6a2ba5	4497a02c,9c0300b1
2e6b942e	52ce7370
2e73dddd	52ce7370
2e7b3964	a6bb1575,843fac69
2e7ecf1e	39694c69,f3d3b540,a09228f8,fa653432
2e7fd4b9	52ce7370
2e8583b4	52ce7370
2e8e3f14	445cce46,d46d6e8a
2e922ec8	f3acd50c
2e93f5f2	d75897f2
2e94048f	4497a02c,53536c60
2e97bbd6	667c54f2
2e99698c	39694c69
2e9b1130	d2c51646
2ea0c733	237d07e3,8d50d41a,04980c5b,3d306c6f,6b96dcc8,b9b525d2,85bedf74,1c01f602,c3e40797,182cc60b
2ea4ba28	39694c69
2ea5d25d	f7fbbd13,5db7b8ed,2ea5f1fa,31b4009d,a4a6a538,f3d3d177
2ea918fe	e0fdb83a
2eaf2f44	a4f1a6c6,358e4e85,6ba51265,424a544a
2eb37228	7516c613,bb68f6c7
2eb3be36	52ce7370
2eb6bead	ef10b158,477c3af6
2eb9bd0c	52ce7370
2ec412d1	4497a02c,f1551f13
2eccef84	98858421
2ecf64e6	639c7070,ef46bbd3,cb433269,864d2e6f
2ed01642	051eaa28,97eee61d,b7142fd2,8d7ad931,34d63489,610698a2
2ed155d4	a4f1a6c6,358e4e85,6ba51265,424a544a
2ed2ab8a	52ce7370
2ed7b317	016887e6,5db7b8ed
2edd2464	04fac2aa,73df2e80,8b50786c
2ede0601	52ce7370
2ee4a47d	39694c69
2ee56551	52ce7370
2ee890bb	52ce7370
2ee96687	19ada27b
2eea10da	39694c69
2eeb664d	39694c69,8eb25cca,dce745be,27521c0d,e5da7cf1,16c7e2fa,77a81dc7,eec89b7b,ea2ab70c,14b640f2,c052d2ff,59a5da67,3bbabdbc,03430cb4,4d1d32d6
2ef3de4c	c52ad410,02d03d0e,2995b9b0,3788860e,aec7efe9,d31ac3f3,fb18a361,e8cd333a,84437c9f,4f4e98d9
2ef57e10	52ce7370
2efc4894	39694c69,f1f267f9,9190cd07
002efd66	4497a02c,9c0300b1,d2f6c060
2f0768d8	39694c69,53536c60,ed4381f2,a43458d9,1c93d9d3,f5216bcf,f7b28393,48c77c1e
2f09f981	b3fb62d5,5ae393e5
2f0a4283	5fc0aae4,e3a23983,5da60512,783066af,80c31144,437b588b,be1e7649,465b03e0,13ba0f8d,1b337e96,22398aeb,0dba8468
2f0af301	9e31c1bd
2f12240c	39694c69
2f13bc72	c52ad410,5ef9684a
2f15843b	4497a02c,53536c60
2f1d0838	ac963c95,6590b814,2fee5544,6ea9c7b3,4200aedc,e63b2498,0f295316
2f23ceab	bcf6bc33
2f26ba24	4497a02c,9c0300b1,fbbe3432
2f2850f9	52ce7370
2f2aed0e	52ce7370
2f2b20f5	e9fe44fa,a23af12f,8805c10f,9682405a,e53e98f1,5332c3b9,be04cb1e,78f3c4bf,f02e1993,38982df3,5d4e7b96,09263353,add6fedd,c3890856,fec89fde,58c66357,576dd233,7330adb1,1bc56cfe,f6399b39,a5ccf0e4,901824bf,07ff9b1b,319177b3,a9681859,cc35db06,6ae7242d,99ee9dd9,2f31af1f,c6d42a32,3ebe0469,7b0e3a44,01ffc8c1,061b1864,0cd341a0,d9645c85,34258cde,83c02bb5,9665e269,f97e6337,a13ecc19,6d416e55,48d1b443,7280be39,e2d53b14,221440f4,8c726352,dc883992,c33b02dd,22b2aafe,6e658076,ff1b38f8,c3f4d793,843fac69,4b1b02b5
02f2c47a	4066960c,a599f130,dae1a91a,4064b1fa,8ff2d191
2f2c9950	52ce7370
2f2dd824	b8d3ec3d,f5ff1be2,efe3034b
2f2f6381	b8d3ec3d,f5ff1be2,efe3034b
2f314eab	39694c69,53536c60,ed4381f2,a43458d9,1c93d9d3,f5216bcf,c602a40d,ae8834fb,91fa17ab,111e88f1
2f3e8515	152e9eec,7d59d9b8,6519f22c
2f447439	ef40c571,13acaee6,87aea73f,df8cb10f,466d7535,311e04b5,61e390e4,2b498348,0c4fa6f7,df8ac66a,fae20c6b,6c65b68f,ea4bdb43,27a0f417,2272cad7,bcc5ea12,04ab0cbf,430bc704,271167c0,16726139,d552a2c4,3b04383a,723faa5d,13799edd
02f479da	39694c69
2f4d0cfb	52ce7370
2f5574b8	52ce7370
2f56c346	a4f1a6c6,358e4e85,6ba51265,424a544a
2f59b683	b84746ac
2f62a565	52ce7370
02f63cdb	b59d741b,8e7b6f79,b230310b,33c84d7d,b8a90621,9cad8827,3e47681c,8d975415
2f6578c6	39694c69
2f6eb3e4	39694c69
2f7114d2	b8d3ec3d,f5ff1be2,efe3034b
2f728ceb	52ce7370
2f74c9f2	52ce7370
2f773ec6	39694c69,1c81d37b
2f774224	1e3bbce9,b83c1deb,8ce21c36,68022057
2f789570	52ce7370
2f79f5c8	4497a02c,53536c60
2f7be23c	52ce7370
2f7c5bfe	52ce7370
2f837d64	39694c69,3485907e
2f846015	0c248d65,bc327c4a
2f84c1e5	39694c69
2f878946	4497a02c,9c0300b1,837369a2,5398f8bf,257b5bae,7bfee011,3be5a010,ebac0dc7,19757517
02f89fdb	f59e6083,2a1afa46,2f2cc1d8,84c6f594,57250e1a,c73a480d,98f0fa56,ba15bf2c
2f8d485a	4497a02c,9c0300b1,5532d52c,7db68253,a9f57785
2f8f3327	4497a02c,9c0300b1,154ad8b8,37a4fbe9
2f999b31	bb9c95f8
2f9a9028	39694c69,53536c60,ed4381f2,a43458d9,1c93d9d3,f5216bcf,c602a40d,ae8834fb,91fa17ab,111e88f1
2f9c8512	4497a02c,53536c60
2f9fc8a5	d5a50bee,88fd0775,b0f5648b,49d37314,817e8192,1574844e
02fa1412	39694c69
2fa5e64d	4497a02c,9c0300b1,fede4e7d
2fa640c4	ab19f1d1
2fa846f6	52ce7370
2fa872ee	4497a02c,9c0300b1
2fad2955	39694c69,53536c60,ed4381f2,a43458d9
2fad57d3	838b6612,6c01e55a,0b7f7be6,90431730,f8c1c7bb,d6429f9c,3030e709,8093b9f9,9b714e0a,22ee2d06,73f411ba,44692fc1,4db65125,bf461e6c,5acd386a,c0d068e1,b8a8ce52,322ae36e,b38b2eab,e1087f70
2fae4cef	e57c7326,52586dc7,6e63ac2d,ac12255c,7aabc2f4,4cf1958b
2fb1a83c	39694c69,a1665ff6
2fb581e9	39694c69,5d7530f4,577d2601,00e0a3eb,76bd3287,526fbcb1,c25c814c,e91d94be,312b8b6c,63471559,54e9e827
2fb647cf	b8d3ec3d,f5ff1be2,efe3034b,a9a424de,8eac4c12
2fbe082e	39694c69,056233fa
02fc2405	4497a02c,9c0300b1
2fc376a7	29e4354a,f0cbd2ec,6c42a189
2fc7e193	ef10b158,74ef00bd,e52c962a,5bf24807
2fcfc605	639c7070,ef46bbd3,cb433269,0acce51a,2f69634f,e9dc88c6,e356e32f
2fde2c72	adcb8e35,53536c60,ed4381f2,a43458d9,1c93d9d3,f5216bcf,c602a40d,ae8834fb
02fdfe8d	b8d3ec3d,f5ff1be2,efe3034b
2fe001e8	52ce7370
2fe07c0c	39694c69
2fe183f9	f4b46220
2fe31bde	4497a02c,f1551f13
2fe4d046	52ce7370
2feaaa12	39694c69,53536c60,ed4381f2
2feb0d78	6b9f95bc,f78e3140,1054b51c
2ff0ad69	5d3ba75a,9ae9d9ee,19232c9a,e8298498,92be9765,bf017c06,5f000875
2ffa303e	4497a02c,9c0300b1,8e7b6f79,908c1738,203c5e05
2ffe0100	7340b215,5eaa78ec,0082cf31,6b8e58f6,cd39aa0e,3adb9ccb,dc51f155,1e408d82,452ff815,4a69880d,87cc3413,5a447d2e,730006c2,f2f97b86,e60a7a52
2ffeeb60	52ce7370
30019c3b	39694c69,f93b7ad5,96b5162f,7f880865,27cca8c2,8df62134,572fc984,af403d4d,dddbd028,4b971e6b
30029462	235450d9,0f187eaa
3004187b	b8d3ec3d,f5ff1be2,efe3034b,f2c3a175
3007a12f	52ce7370
300bfcb4	39694c69,f93b7ad5,96b5162f,7f880865,27cca8c2,8df62134,572fc984,af403d4d,dddbd028,4b971e6b
30128c0b	39694c69,53536c60
3015c2ae	846d7911
30161adb	ef10b158,83c95008,43122ed7
302362e0	4497a02c
3026abd2	bcf6bc33
3026b64e	dcc919db,2141a805,cbafda23
3029c7d2	52ce7370
302c5912	fe8af5c0,cc885c4a
30348a30	bcf6bc33
3035916a	b8d3ec3d,f5ff1be2,efe3034b,c50b38cf
303a6cdb	b59d741b,bb68f6c7
303b2bd1	de6cf883
303bfeca	2113ce38,0d75535b,37313dad,212e835f,efa938d5
303e8f2f	4497a02c,9c0300b1,ed4381f2,a43458d9
303f1d38	532b2adf,a93ac93f
3043017b	569aeac3,0c6023ee,fd8c731e
3043f83d	19df91a3,79bc1aa1,cb7b7504,d454474a,689b5772,c53f71f9,30c7c4c6,58348094,ac321f66,47ba6c5a
30467fc9	75ed7522,0841f576,a1583547,9bf001f8,842c2ecc,0546be4e,3f4b3c54,f69347cb,a53a50e8,ac5626f9,09f2ed5c,d854088a,fb3e2c4c,c9c6c21e
304b629a	b8d3ec3d,f5ff1be2,efe3034b
304d3036	5fc0aae4,dbda9306,00425f1b,a3291324,9a3084db,c0c41bd5,9fe92889
304e268c	a4f1a6c6,358e4e85,6ba51265,424a544a
305718b9	321325f3,f48afa59,5f60c558,694890fa,a30fd618,d20085fa,3f5a5ff0,527a524e,c0ea5e81,2c2b996a,a40b4363,c1d35895
305b384f	52ce7370
3060837f	4497a02c,9c0300b1
3066c24c	39694c69,31c81ef1,69d4f058,f5d5000d
3067332f	39694c69,8eecf5f3,74ad29bf
306a8e56	52ce7370
306aae69	a4f1a6c6,358e4e85,6ba51265
306f2673	39694c69,af77c70d,ed4381f2,a43458d9,1c93d9d3,f5216bcf,e2dc42cb,ef4c1064,050a25d7,234a0a79,c3c175ca,4ebd1bb2,d454474a,689b5772,c53f71f9,6bdb00af,58348094,62fe2ae7
306f30a7	b8d3ec3d,f5ff1be2,efe3034b
3072b27e	52ce7370
307655fe	52ce7370
307da403	bcf6bc33,fc5542a4,cc9d7b39,85b26f17,a8bda540,d9fd5454,f8e2e331,0532ff38,618cead2,b73eb846,ac986a14,2081284d,0ba441ab,eae1b26d,55307fd3,586f6c02,f25b067e,6c71ab42,1d83572a,ac95acb4,9e0f9952,3296b1c2,17762364,3bc804d3,b28e01ad,5ed7d707,d666a864,3a6d707c,6f3515b6,08c968ae,9d10577d,5ba688e2,b8f30dc4,2d6097bd,995a2a9f,517963a6
307eabdc	39694c69,53536c60
307ed601	52ce7370
3080bf22	52ce7370
3081363c	52ce7370
30887950	39694c69
03095426	bcf6bc33,c52ad410
309572f7	156ef672
3096e1b3	52ce7370
309b256b	15d1718e,87b10783,19f5a6e4,fc9c1104,68266d08,a544aeb5,27cb6d85,84f2e52c,2634eaf9
309e7140	b8d3ec3d,f5ff1be2,efe3034b
30a0338d	9fb07347,25ac350f,0b69bfff,5490bfb2,3d9184af,425aa17b,ae4dce1c,eae1b26d,663614cb,8d2eee24
30a4c4e8	33e17976,60094e97
30a63492	bcf6bc33
30a64175	52ce7370
30aa0ab5	4497a02c,9c0300b1,6297895e,da05363c,de9a258d
30ac88a8	39694c69
30acd789	c26ad7ec,d15ed12e,01b68fad,f6091de9,62af5e39,0632a0f7,cf944ce8,83506b09,57f657f2,86dda63f,c7dc6f8d,fdbc3587,09066a30
30ae1101	bcf6bc33
30aeed10	bcf6bc33
30b054d1	39694c69
30b67d62	52ce7370
30bacad3	a4f1a6c6,358e4e85,6ba51265,424a544a
30bc2f1e	39694c69
30c39568	bc05c8e3,efc579ae,76c87f5c,9067f1a6
30c553d4	639c7070,ef46bbd3,cb433269
30cc5a2a	fb812845,4af15e8b,ca8224db
30cd9e22	569aeac3,0c6023ee,fd8c731e
30ce14d3	a4f1a6c6,358e4e85,6ba51265,424a544a
30d93b4a	5559ddd7,fb19886c,7add969c
030e60b0	39694c69,53536c60,ed4381f2,2438523f,7f5677c3,63720239,77a43e90,9f7bc637,fb1fd755,c9479cb2,30e5e1d3,e3f11217,cefffc2e,51fa26f1,3c8658e2
30e7ed4f	98b8134d,4609829d,fc35be13,47e6ae77,8b1c2a07,22b01b92,411705a8,9440e248,f65977a1,84440978,03919da5,365bd840,9b4c6062,11e45302,8c0bdbd6,b169578d
30e93a5b	b6626cb8,424a544a
30e9c9d2	bcf6bc33
30ebe11e	2c79bec9,1b1293de
30ec0dde	4497a02c,9c0300b1
30f95c51	39694c69
30fc62bb	bcf6bc33
30fd34ed	638b85f7,b797959a,1d5cf154,da8692cd,f6ce899c,d5641d35
30febf78	72e1d238,26dc17ff,173a9483
3100479e	52ce7370
310336ed	8e63cd06,de6cf883
3103441f	52ce7370
31063f65	b6a18211,034a19b4,feaf57a9,9ed6c303,06384150
3106c383	39694c69,d356ae4b,fa76d4c6,a61d8446,4fcab782,aa49b197
3107106f	4497a02c,f1551f13
31076d56	ebe871a1,0972b916,17903df6
31085c87	39694c69,53536c60,26bed42b,0091e4f9,1c93d9d3,f5216bcf
31095b27	39694c69
310b1277	52ce7370
310da859	efa6910d,f8f063b5
0310df33	39694c69,c7fb2350
311728ca	d918c1e8,458e5d1c,705a423f,83dfc38a,b5a2afe3,79ee55de,83eb2441,6f6d291a,35f35a62,02bc242a,f34fddaf,275c50b5
311ebc18	acde460f,9deb246d,10839ee7
311f7950	52ce7370
311fa7b6	39694c69,4abeb8e2,cf38bed3,08abea9a,413f25c6
3122627c	52ce7370
312338d2	a4f1a6c6,358e4e85,6ba51265,424a544a
31288344	1ccb13db,c7d775a9,3a2b669e
3128f9b4	24d6f859,61477743
312a54ed	52ce7370
312c1d88	639c7070,9edc95c7,176d9ee1,f826441f
313b4739	17c741a5,03952400,7c5aa5fb
313dcf18	52ce7370
0313e733	ceca809a
3142b5cd	b8d3ec3d,f5ff1be2,efe3034b,a68e3eb3
314912cb	b3b3f915,22521ff3,fd23becd,e5147719,06bc48a2,6726b914
314d4e6f	52ce7370
31522a5c	39694c69,53536c60,ed4381f2,a43458d9,1c93d9d3,f5216bcf,c602a40d,ae8834fb,91fa17ab,111e88f1
31598893	52ce7370
316246d3	4497a02c,9c0300b1
3166f4f2	444b9e61
3169efe1	4497a02c,9c0300b1
316aae74	39694c69,53536c60
31713bfc	52ce7370
317450bd	9a918304,fe3bc2b9,ff251f2b
3175b5db	52ce7370
31765c19	76d8c539,eb8f5b5d,8892d1cb
31774043	109279ae,584dabbb,85b7a38b,02fb6455,dacba935,443b95aa,da9aba09,2033766a,7757a148,f34cdc49,80a139fb,170986fe,f5b187f6,077a2b63,29f7e5c4,f43da64c,cf9ceff2,eb351720,9ea59346,1d5d4b7b,99affde8,8806ca08,37efd360
31784721	a4f1a6c6,358e4e85,6ba51265,424a544a
31791da0	01444544,a88600dc,6996e10d
317c930b	39694c69
31876f31	5ed385eb
318d947f	4497a02c,9c0300b1
318e90a4	a4f1a6c6,358e4e85,6ba51265
319d26ba	ef10b158,854c87ef
319f6b4c	8222f1b0
31a767a3	bcf6bc33
31aacfc5	22183874,d74ebeed,b3c768ec,12071db6,3512f1ef
31ad5d47	4497a02c,9c0300b1
31adadd2	b8d3ec3d,f5ff1be2,efe3034b
31af1611	52ce7370
31af809b	39694c69
31b264f7	77b3034d,3c91fd13,74232f8a,422edaaa,af6ffb6d,f936f6b1,c114b7c8,9a9d67dd,3fa6e72f,609cf9ae,c1d3ca46,5e2ffe94,7ba14e48
31b3d157	b8d3ec3d,f5ff1be2,efe3034b,9fad42df
31bdceaf	d538cf84,8c8d39fa
031bdd21	55c4cd3c,f8983bca
31c2179a	b280aab0
31c51390	52ce7370
31c67200	9a9d5b6e
31c721d2	95337b57,b5bab095
31c78bc7	39694c69,f93b7ad5,96b5162f,7f880865,27cca8c2,8df62134,572fc984,af403d4d,dddbd028,4b971e6b
31c8614f	990ddbbc,d2645d3a,79fa8d00,1ad76ed6,6d766270,11f8c65e
31ca7527	4497a02c,9c0300b1
31cba721	8e7b6f79,ded3f2c2,5c60a8e1,48712d8d
031cd1c7	4497a02c,53536c60
31cdb4ea	4497a02c,731c77fa,a4358807
31d04792	b766449e,2d37eefe,225a6f68,e572accc,af302a22,e6fc2476,6f6be0ae,0e1ad334,e091ea2b,ccaa0787,5ba56b62
31d3746a	39694c69,53536c60,ed4381f2,a43458d9,1c93d9d3,f5216bcf,c602a40d,ae8834fb,91fa17ab,111e88f1,89f6f8a5,4ebd1bb2,4b8a0cef,d89abf3a,7c564be4,fcf1f8c5,472143bf,81d269f1,445ee13f,4bfb77d1,604cb8a8,4d525275,1b332a89,10fded56,f2564478,2fd57652,8aab7e64,65bd861b,e51224df,0b3b3b39,66359d4f,f6b0f1c0,708fd580,034d5002,09237912,50a41601,76cbe174,fc9e0f04,93be621a,5d5733ad,cd9c73df,94b05d44,9762d059,405d4257,950270d7,702e331c,70823eaa,daf56fb3,060f8f36,bb1a29f4,56638432,2b438d00,2bd5f7fe,95ee8dfe,d02acf3d,4b14a013,52d6f1b8,b4c59a3a,9c2397c2,6049d326,0aee9e47,5917cecc,6ee3cd6f,a3f29c27,a19c769f,e1759237,26d875d0,a6f8571a,537df9d7,c200c181,3c1b2601,184e2362,b58c4b95,906164f9,b6394a5d,364ef38a,bfbc3131,9a3d6880,2df3b4fa,acb06c15,9068b149,8f7cac60,b56d9714,862f6f6f,3c733797,8a7aa776,93df5feb,98adf974,6449cdda
31d3df1b	52ce7370
31d4d811	52ce7370
31d63902	4497a02c,9c0300b1,f7aefbe4
31d7e158	4b0c2b1c,353208d5,530839b2,05b15295
31d8a2d6	52ce7370
31d9f0f3	8d228fec,61cd4b47,ff48735d,7d462b7d,16ce13cc,b4ee509d,79de59b6,660252ae,36f393dd,aff0970f,5eca379c,919d7bad,53f44328
31dacfda	4497a02c,9c0300b1,ed4381f2,a43458d9
31dc2626	4497a02c,f1551f13
31dd0412	3485907e,11fd16b2,25e987fc,831a932d,d813a777,77b31687
31dfac2f	9cb6d969,e2ebaeae
31e08938	39694c69,53536c60
31e154be	39694c69,08e6c760,750e1d42
31e54e6d	bcf6bc33
31e875e5	52ce7370
31ec4513	52ce7370
31ece169	ba644e2a,dba99a7e,e8ca1dc7,4e9a4327,8ffc6982,d6d6a63f,52b3edee,95bbbf7e,fc958e6a,f5a98fc4,df8cb10f
31ef5977	bcf6bc33
31f1a9b4	94393069
31f550f9	52ce7370
31f8073a	397f16be,f872881f
31ff93dc	52ce7370
320469eb	bcf6bc33,b664d91b,c060f088,88bc7241
320558b4	4497a02c,9c0300b1,6d2c033c,d969925d
32061cb3	e14f2e0b,305099ec,ed3b5a3c,10c39e7b,9c94f5ba,f59c46cb,2f3b7557
32065475	52ce7370
3206d40f	52ce7370
320b95c9	39694c69
32136df9	52ce7370
321483ca	a4f1a6c6,358e4e85,424a544a
03218f15	a4f1a6c6,358e4e85,6ba51265,424a544a
0321a7fc	6fd5f9a3,24fd35a7,9d1d17b1
321aacd8	39694c69,53536c60,ed4381f2,a43458d9,1c93d9d3,f5216bcf,c602a40d,ae8834fb,91fa17ab,111e88f1,89f6f8a5,4ebd1bb2,4b8a0cef,d89abf3a,7c564be4,fcf1f8c5,472143bf,81d269f1,445ee13f,4bfb77d1,604cb8a8,4d525275,1b332a89,10fded56,f2564478,2fd57652,8aab7e64,65bd861b,e51224df,0b3b3b39,66359d4f,f6b0f1c0,708fd580,034d5002,09237912,50a41601,76cbe174,fc9e0f04,93be621a,5d5733ad,cd9c73df,94b05d44,9762d059,405d4257,950270d7,702e331c,70823eaa,daf56fb3,060f8f36,bb1a29f4,56638432,2b438d00,2bd5f7fe,95ee8dfe,d02acf3d,4b14a013,52d6f1b8,b4c59a3a,9c2397c2,6049d326,0aee9e47,5917cecc,6ee3cd6f,a3f29c27,a19c769f,e1759237,26d875d0,a6f8571a,537df9d7,c200c181,3c1b2601,184e2362,b58c4b95,906164f9,b6394a5d,364ef38a,bfbc3131,9a3d6880,2df3b4fa,acb06c15,9068b149,8f7cac60,b56d9714,862f6f6f,3c733797,8a7aa776,93df5feb,98adf974,6449cdda,d7ccd848,5c662a54,726c2c55,3d034923,4f2692d2,26f469a5,76309fab
321cefc6	39694c69
321d071e	52ce7370
321f0814	39694c69
003222cb	52ce7370
322320aa	52ce7370
322ca2e2	ef10b158,6a208e01,b0ef0a57,8b574598,a5b1c52a
322da5df	39694c69,af77c70d,ed4381f2,a43458d9,1c93d9d3,f5216bcf,e2dc42cb,ef4c1064,050a25d7,234a0a79,c3c175ca,4ebd1bb2,f3a1c495
32305937	962be987
32335d23	a4f1a6c6,358e4e85,6ba51265,e69f7baf,c1b71575
0323721c	52ce7370
3238dcd6	ec745b7e,67d2064e
323a4e9b	39694c69
323a7261	09bb2d98,c11c1624,c3f7b3b9
323df61b	4497a02c,53536c60,33241215
323ec6d0	b6a18211,034a19b4,feaf57a9,9ed6c303,06384150
32452a2f	4497a02c,53536c60
3246da14	39694c69
324a637a	a4f1a6c6,358e4e85,6ba51265
324a7601	52ce7370
324e1201	52ce7370
32501061	c52ad410
3253cfba	a3d6bb8f
32540c79	40771ac6
325b1da2	4497a02c,9c0300b1,6d2c033c,0dd10c61
325bb41f	bcf6bc33
325c16f8	4497a02c,9c0300b1
0325d4d7	52ce7370
325dc5a5	39694c69,53536c60,ed4381f2,a43458d9
32609e41	39694c69
3261374a	bcf6bc33
3268683e	ef10b158,a04ca1f9
326aa34d	ef10b158,560f9e51,63d5282e,1894da4a,a890bb72
326b9b5b	152e9eec,7d59d9b8,6519f22c,ab78b87d,39572fa0,9449ec6c,2cef8bd0,d46eaad3,de85a743
326bca71	4497a02c,9c0300b1,68ce23a0
326d379b	a21c6d47
3273125a	4497a02c,9c0300b1,8e7b6f79,9f595148,bfc66d76,85445995
327657c0	39694c69,4fda7b1a,9772041f,f3f95702,24ac6321,975fd15e,a883467f,c8c24d0e,e5b26dd8,bfc12f53,958ba245,1ef5528d,43f5887b,7b2bbf40,7647a86a,9aee50be,57fbe60f,4e59824f,56795e58
32779999	b8d3ec3d,f5ff1be2,efe3034b
3279e063	1d08d25e
327f95f4	4497a02c,53536c60
32810ba5	e3748545,7c27d435,907b9321,521f02df,875d6e04,ca678fa9,edbeea96,1f420d1a,331ec61c
3282d636	639c7070,ef46bbd3,cb433269,bd05b285,faa1784a,9a8a959d,4f660493,77002ab1,971afe2b
32856585	d382d2de,6769c62c,73a9b9c4
32867957	39694c69,53536c60,ed4381f2,a43458d9,1c93d9d3,f5216bcf,c602a40d,ae8834fb,91fa17ab,111e88f1,89f6f8a5
32889efd	39694c69,1e31872e,e7c24c07,ed4b726d
3288bae8	39694c69
328aba4d	8e7b6f79,908c1738
32901599	52ce7370
0329bbcf	1106b04c
329efb54	52ce7370
32a0aa3f	de93031c
32a71346	52ce7370
32a843c9	a4f1a6c6,358e4e85,6ba51265,424a544a
32a9ca76	39694c69
32ab0e20	52ce7370
32abc182	39694c69,53536c60,ed4381f2,a43458d9,1c93d9d3,f5216bcf,c602a40d
32ae04e8	52ce7370
32b2c01b	52ce7370
32b5698f	52ce7370
32b5e064	b312c9ae
32b9172a	39694c69,73b61c3b,077ad555,d028f1a9,35f35a62,9716f3ea,de5cbb69,8cfb5522
32bb2eb6	52ce7370
32c20221	8d9f70e7,b31b0431,f8d227f4,fd01eeeb
32c45d39	39694c69
32c4d834	341d8e4a
32c66121	52ce7370
32c688a0	1e3bbce9,b83c1deb,8ce21c36,fe5e69d0,268ec2e6,a7dbe2a7,6472c230,e08a9787,380bf234,361873f0,cc1f866b,b59fca10
032cf13c	b8d3ec3d,f5ff1be2,efe3034b
32d005b2	4497a02c,53536c60
32d1a55f	52ce7370
32d32824	8141c44f
32d4acfc	52ce7370
32e1b5ad	39694c69,53536c60,ed4381f2
32e8134d	39694c69,0a9563ee
32e8d8a2	861ab707
032ea5f5	c52ad410,ec84ac85
32eb0bcc	a4f1a6c6,358e4e85,6ba51265,424a544a
32f0cb3f	39694c69,dd09ec99,1d158b36,21b053b5,3b1f10ac,ffe4d592,dbc6f3b6
32f21b36	dee65538,53014ee9
32f7114f	4ab1eb98,a898919b,1f364ffb,1b8b5835,fae5693a,8cbf95b0,4d45e1f5
32fa9cb2	b8d3ec3d,f5ff1be2,efe3034b
32fb38fb	39694c69
32fc941a	de118265,15b04c34,9c6bb678,513e002e,947a7d3c
3300080e	4eacf831,304cfb1a
033093b7	52ce7370
330b18c0	a4f1a6c6,358e4e85,6ba51265,424a544a
330e234c	54dbcc01
330fa991	4497a02c,9c0300b1
330ff247	4497a02c,81be46f8
3314a1e1	39694c69,fced5de1
3315a79b	39694c69
3315c856	948b068a,ac214c66
331f90e0	b8d3ec3d,f5ff1be2,efe3034b,35095510,7bde9ba8
33265b9b	52ce7370
033268a9	52ce7370
3328c1fc	21484027,d3f711fb,36e99fdc,988ba43c,3db945c1
332a96ca	4497a02c,9c0300b1,a7ae9450,1980e4be,1c93d9d3,3355ace2,dcc27a30,ae8834fb,082b8e42,011419cc,485fc3bf,4ebd1bb2,4b8a0cef,d89abf3a,8ebcd9cd,fcf1f8c5,472143bf,81d269f1
33333597	39694c69
333785e2	52ce7370
3341907c	52ce7370
33433434	4497a02c,9c0300b1,fbf9cd00
3347638e	1e187c8f
334904e5	39694c69,9ee0f530,706b783e,4a1e6435
3349afca	716b9e83,999db172
334d5847	52ce7370
33512f26	52ce7370
33575cd2	4a78c03c,d71cff99
335c69d2	98b8134d,5b157452,d50144d1
335f0bd9	9a9d5b6e,de9ad6e8,131c047b,bef418b5,4a85ee26,4781ab7e,969c612a,eb4c50f1,d37061d3,07cc405b,42fcb4ca,32cec850,12cecff9,ef1a49a4,67b8b128,d048e0e9
33637d2f	39694c69
33644326	52ce7370
336adcb7	52ce7370
336d7cfd	bc6ae5c0
336de5b5	79c0b707
336edc41	4497a02c,9c0300b1,6d2c033c,d266ceff
3370853c	39694c69,5909506b,8cf8f96e,3c5aed08,d4087cf2,7051a898,91a6c784,9bdae358
337aca83	39694c69,d918c1e8,efa938d5,c0ad67c2
337b78d8	efa938d5
33806644	39694c69,3c8e86a1
3381c99f	52ce7370
33836464	b8d3ec3d,f5ff1be2,efe3034b,962874f6
33855649	246e0a5e,a1db02f3
3386d057	52ce7370
3386ec54	bcf6bc33
338c1eff	4497a02c,9c0300b1
338e708a	9a9d5b6e
3390bab2	52ce7370
33967d8d	53df5d9a,da91c0a0,cf523ac0,27dad7cf
339853b6	52ce7370
339adb9d	07967bc2,dee65538,5db7b8ed,2ea5f1fa
339d3892	9e47592c,164c4c5a,b3961e7f,8fb7f657,e3f54b2b,022993d8,3adae2af,86395f37,40e50d9d,d013d210,0a775c77,fb31fc69,afc507b0,895e71c4
339d8e86	39694c69,53536c60,ed4381f2,a43458d9,1c93d9d3,f5216bcf,c602a40d,ae8834fb,91fa17ab,111e88f1,89f6f8a5,4ebd1bb2,4b8a0cef,d89abf3a,7c564be4,fcf1f8c5,472143bf,81d269f1,445ee13f,4bfb77d1,604cb8a8,4d525275,1b332a89,10fded56,f2564478,2fd57652,8aab7e64,65bd861b,e51224df,0b3b3b39,66359d4f,f6b0f1c0,708fd580,034d5002,09237912,50a41601,76cbe174,fc9e0f04,93be621a,5d5733ad,cd9c73df,94b05d44,9762d059,405d4257,950270d7,702e331c,70823eaa,daf56fb3,060f8f36,bb1a29f4,56638432,2b438d00,2bd5f7fe,95ee8dfe,d02acf3d,4b14a013,52d6f1b8,b4c59a3a,9c2397c2,6049d326,0aee9e47,5917cecc,6ee3cd6f,a3f29c27,a19c769f,e1759237,26d875d0,a6f8571a,537df9d7,c200c181,3c1b2601,184e2362,b58c4b95,906164f9,b6394a5d,364ef38a,bfbc3131,9a3d6880,2df3b4fa,acb06c15,9068b149,8f7cac60,b56d9714,862f6f6f,3c733797,8a7aa776,93df5feb,98adf974,6449cdda,d7ccd848,5c662a54,726c2c55,3d034923,4f2692d2,26f469a5,76309fab,81acff2d,dfdfb862,e4a0a063,b94bf80f,b3d640f1,923fff04,5a13cec6,4c99bf36,a8ba8984,013c3efa,4f5d2801,468df202,5ee16a49,7a269d91
33a870d5	b8d3ec3d,f5ff1be2,efe3034b,2b36b77e
33ae6aa8	1940dfcb,234e24ff,9583d900,f135f362
33aebeb8	39694c69
033af253	c311c08f,4d9411d6
33b0bd40	bcf6bc33
33b49a38	4497a02c,9c0300b1,7da1c31a
33b50b6a	b8d3ec3d,f5ff1be2,efe3034b
33b66b12	52ce7370
33bbb0a8	5aa8b5bc,5bf33e52
033bc3f0	4497a02c,9c0300b1
33c0eac2	4497a02c,f1551f13
33c3a400	52ce7370
33c5fb34	52ce7370
33cefc15	bcf6bc33
33cff0a0	52ce7370
33d0f00a	0a4703bf
33d49840	c056f48b
33d50742	ef10b158,cd84fd64,a29a5290,283c17b8
33d768d8	b8d3ec3d,f5ff1be2,efe3034b
33d86bfb	39694c69,8d3e5fd2
33d8701f	39694c69
33daf192	52ce7370
33dee98a	52ce7370
33e06be9	52ce7370
33e7d2a3	75ed7522,0841f576,a1583547,9bf001f8,842c2ecc,0546be4e,3f4b3c54
0033ecf9	1dba11f4,d5d1a151
33ed7bac	bcf6bc33
33f75482	6eb20e62
033f7d43	4497a02c,9c0300b1
3405021f	156ef672
3409d96b	e07c549c,a599f130,c3f6377a
340c5421	321325f3
340e5056	944f2241
34135bc0	52ce7370
3413d810	6c59bf46
3415a623	a0c60359,28d36e0a,051c7364,fe3ccd88,5de4020a,d7140e9a,8ba2c833,dcdbc1bf,c0957a56,794ec64b,2bd45b50,c8312c16,7fead6c3,c5514fee,f75c5e17,7cc958bc,5ecc1653
3415f6d1	52ce7370
3416409a	4497a02c,9c0300b1
341be89a	1e3bbce9,b83c1deb,8ce21c36
341f6910	39694c69
0341fcab	52ce7370
34210bdf	fd8c731e
3422248e	52ce7370
34248d0e	2113ce38,0d75535b,37313dad,212e835f,efa938d5
34258fa2	39694c69,53536c60,ed4381f2,a43458d9,1c93d9d3,f5216bcf,c602a40d,ae8834fb
3428a042	f4586362,6abdb97d,dbd2ebc2,7a0c52cc
342b5539	52ce7370
342c880b	52ce7370
342c8d44	52ce7370
342fb6e6	b8d3ec3d,f5ff1be2,efe3034b,31c36dc8,11acaa58,9a1cc420
34317b03	9ae9ecab,c003b2da
34359d7d	52ce7370
3437a496	39694c69,57d7e3c7
343a85aa	b43ddb43,75c89ecc
343bc79a	c8133179,fb01619e,5ed8ebb7,19558424,95224651,6a43cc7e
3440ab6b	998a4e6c,1b5a30c0
3442fb01	ef10b158,6805d351,0de62b35,79e3ea86,89471a45,1804ca43,9aba0449,6ca1b4b6,e1342f3d,1b81d79a
00344410	c8dc3446,10d72ae0,a97f322f,b29a698f,594166c8,b966b8cb,4362dc00,b8158c81,6b363b7a,0af21ed5,fff81c8f,f8cf135e,927245d2,9bf2ddcb,78365de6,3ad9ec69,0b1b3975,c0232b24,8e514f4e,29fe913b,15675599,496c1411,0a29d88c,4c36c347,be7ee904,8b5161b0,00d63b1e,fdbefd19,0081f603,91d6b5bb,b1caa993,f5bd26e2,02eb1372
3445a184	39694c69,74077bc9,a1c5db63,814df3e4,c87409a3
344b85b2	52ce7370
344fac8e	a4f1a6c6,358e4e85,6ba51265,424a544a
3455951e	bcf6bc33
3455a0ba	bcf6bc33
345679d2	4cbc7373,844d3942,b363b10b,57fa5723,86b857e6
3456800a	52ce7370
345fcaec	b8d3ec3d,f5ff1be2,efe3034b,7d1e0225
3468a2a2	bcf6bc33,fc5542a4,cc9d7b39,dfd59f7c,4b8ab7f2,3960f9ef
3468a902	dd545689
346b979b	52ce7370
346cbfea	adfa4e8b
3470bf1d	bcf6bc33
34731e49	52ce7370
34787ea0	dee65538,53014ee9
347a9470	6737d666,c748ed5a,ab8b3470,0f3a9990,c8dc3446,167b3da0,0f0358b3,352a0ea7
347c6abe	52ce7370
347d41ff	4497a02c,9c0300b1
347fc285	a4f1a6c6,358e4e85,6ba51265,424a544a
3480bd5d	5bd71d70,fd98388c,6a71c407,99633d49,66fbbca4,d9cf9887
34837b36	52ce7370
348958e7	16331766,f3781579
348a0f39	19df91a3,79bc1aa1,b7ab8c7b,80f1124c
348a75fa	4497a02c,9c0300b1,ed4381f2,a43458d9
348bde82	4497a02c,9c0300b1,6d2c033c,44bf48c6,78b57979,99c73a02,1fcea4c1
348e4f28	c415d935,1ec35a4c,2d773a9c
348e7dd6	39694c69,53536c60,ed4381f2,a43458d9,1c93d9d3
348f1e00	52ce7370
3494c3a5	39694c69,7dc671fc,de5cbb69
34972d5b	39694c69
349b2721	39694c69,53536c60,ed4381f2,a43458d9
34a03956	4497a02c,9c0300b1,6d2c033c,c50b38cf,0a8849ba,5b994493,e627e82f
34a060a8	52ce7370
34a39b0d	c311c08f,165de293
34ab3173	4497a02c,53536c60
34aefcb9	c311c08f
034af5bf	4497a02c,9c0300b1,2a0db346,2c2dfe8d
34b0b7de	2b36b77e,e2ebaeae
34b1201d	15d1718e,b26e407c,a4963b3e,f1d61922,ba3b9fcb,52206fad,9debfb41,a533f992,6b6771fe,0323ca4c,00b7f216,3de181ff,b1ff59c8,24fdf2f3,dee826ac,189939bb
034b5d50	b8d3ec3d,f5ff1be2,efe3034b,0c0c49b8
34be3cea	52ce7370
34be8b03	0e25235a
34bef2e5	a4f1a6c6,358e4e85,6ba51265
34c1a5de	52ce7370
34c95d75	4497a02c,9c0300b1
034cff8c	52ce7370
34d8f454	4497a02c,9c0300b1
34daf67c	bedd91a7,6d1d43cc
34df6b9d	b8d3ec3d,f5ff1be2,efe3034b,de118265
34e0e4d7	4497a02c,9c0300b1
34e32acf	a8aceca4,c43fa777,fea929c9,d1260d93,8ec5d161,a3c54e13,d9e523e3,5809de83,7936333a,760ac341,b3c3781d,7dc87bce,e30a585f,8d5a54a5
34e7071f	52ce7370
34eb3695	17634055
34efeb54	4497a02c,9c0300b1,8e7b6f79,908c1738
34f12851	4497a02c,9c0300b1,ca686334,e614a13c
34f2f60f	39694c69,55fd9e45,1e3e50e1
34f9c785	ecc16560,23dc8e5e,540c7539,081f13e2,5f76d818,e1de9853,d49ecd10,803cb210,c4b54b4a
34fe7164	a4f1a6c6,358e4e85,6ba51265,424a544a
34ffa71e	bcf6bc33,fc5542a4,cc9d7b39,e1322e85,07967bc2,dee65538,d873667f,b2290095,ebca428d,995a2a9f,517963a6
3502a5e5	39694c69,f5faec8c,42fa0de7,0aeacf70,23d55368,2e1f73db,32cf12db,057bf32c,5e6d8a39,69795bdc,8a75c4ca,77e393c9,c6cbd907,7c4657b7,8bd6842a
3503ff09	ac963c95,6590b814,2fee5544,6ea9c7b3,4200aedc,e63b2498
3506cbd8	39694c69,de5cbb69,c7d95d7f
35088c90	ac4743f6
0350befd	52ce7370
3514bfd0	4497a02c,9c0300b1,ed4381f2,7e26dcff,183fe253,eef0425d,c602a40d,ae8834fb,aaf818ea
3517658a	39694c69,d74b00f0
3517a216	4497a02c,9c0300b1,ed4381f2,a43458d9
3517e2c7	52ce7370
351b8d0d	38ab074b
351bd3e1	962be987,2f21d80f,a84b1b31,56c1ecca,c4d75c47
351df943	52ce7370
3520d0a0	94393069,861ab707
3528ebcb	efa938d5
352db1a2	39694c69
352f05d9	52ce7370
352f1f35	52ce7370
35321ff8	52ce7370
3534b42e	3296fc12,5e580707,d4e0dd4d,92202a7e,688c3481,03fcd3a3,ef4405e6,b6626cb8
3538845d	52ce7370
3544f1f6	52ce7370
354624d9	39694c69
35473bb5	4497a02c,f1551f13
3548a711	4497a02c,9c0300b1
354a4b9a	998a4e6c,0d75535b,37313dad,212e835f,efa938d5
354e76c4	569aeac3,0c6023ee,fd8c731e
35504882	39694c69,156ef672
035511a0	4497a02c,9c0300b1
355d42e0	c8dc3446,10d72ae0,a97f322f,b29a698f,594166c8,b966b8cb,4362dc00,b8158c81,6b363b7a,0af21ed5,fff81c8f,f8cf135e,927245d2,9bf2ddcb,78365de6,3ad9ec69,0b1b3975,c0232b24,8e514f4e,29fe913b,15675599,496c1411,0a29d88c,4c36c347,be7ee904,8b5161b0,00d63b1e,fdbefd19,0081f603,91d6b5bb,b627c98f,94b42115,27168c3d,8a08057d,e280fada,811898ac,876d31d0,f83453d6,4c986cfe
355ddc1d	39694c69,2b3e28ac,8b2e228a,d9217472,a149677f
3560f646	4497a02c,9c0300b1,74077bc9,c00c5ba3,a0a68919
356143cf	b8d3ec3d,f5ff1be2,efe3034b
35662a33	52ce7370
3566e779	b9ba78c0,24cb5188
3567a6d3	b21fe34b
3568fb14	2113ce38,0d75535b,37313dad,212e835f,4269bb4a,efa938d5
356a1588	4497a02c,9c0300b1
3574b674	52ce7370
35787a5d	4497a02c,9c0300b1,9299afaf
357a2aa5	a4f1a6c6,358e4e85,6ba51265,424a544a
357b15fb	39694c69,5ef03540
35841996	1b9d3700,c4b5aaa3,4166ac6d
358744a7	39694c69,07967bc2,3485907e
35878587	df4aa8fb,6f6c15e1,26864636
35901f9e	375040c6,a03b6390,2d2e31cd,9375177b,fb9b1d0e,851db029,ff40e0ed
3590db94	39694c69
359176fa	39694c69,53536c60,ed4381f2,a43458d9,1c93d9d3,f5216bcf,c602a40d
35965d03	52ce7370
35987356	39694c69
35a31f1d	52ce7370
35a41eaa	52ce7370
35a5334f	2113ce38,0d75535b,37313dad,212e835f,4269bb4a,efa938d5
35b1f69f	a4f1a6c6,358e4e85,6ba51265,424a544a
35baccff	a47e342e
35bca05b	52ce7370
35c33d81	09275ffa,0c7f6d66,68131d73,029d502b,219d8602,5a869de6,c3a00f72,05986c49,d026e0a6,5f276fe2,73858f24,44f516b4,911b2ad3
35c721cd	39694c69,29255a93
35ce53b5	52ce7370
35cf6659	39694c69,bb4299e7,49359be1
35cfdac4	39694c69
35d00db7	d35df4f0
35d08db7	52ce7370
35d0c8f2	4497a02c,9c0300b1,ed4381f2,a43458d9
35d4232a	39694c69,53536c60,ed4381f2
35d5ea7d	0b96a0c4
35d60aaf	52ce7370
035d685c	b8d3ec3d,f5ff1be2,efe3034b,d41df750,f54e88cf
35d81e83	2996eb74,df8cb10f,0c4fa6f7,95f3c272,466d7535,df8ac66a,71a50017,311e04b5,fae20c6b,61e390e4,abe98814,27049be7,76068659,b8fe3c19,09c2f748,b3ec9ca8,d1257baa
35d90da0	ef10b158,b4bed69d,1d5ff99f,25dba4bf,31ac492c,0305f176
35daf7ee	2c56f288,e3884fe6,51d33a98
35db43e4	52ce7370
35dbb85c	5fc0aae4,25fa584d,1b23c80c,311c5b85,33bd10cd,ae45039c
35ded6d5	52ce7370
35e47f17	c52ad410,fb629045,69dfb8ce,9bdeb816,46747927,bb1385a4,f28dae3e,bd0ae48d,622e64d2,fa780c10,9d52a066,096e3c87,96060714,20a21f36,736dc35d,b24a475a,8acda39c,e7209a65,673faebb,732baa56,1a2c86d0,f5d3bc9d,2081284d,1a5d75f0
35e5667f	695a3627
035e8b2b	39694c69,53536c60,ed4381f2,a43458d9,1c93d9d3,f5216bcf,c602a40d
35eb2487	a4f1a6c6,358e4e85,6ba51265,424a544a
35eb65f3	4497a02c,9c0300b1,60f92167
35ebb8fe	639c7070
35ee6af3	39694c69
35f068de	52ce7370
35f4587c	4497a02c,9c0300b1,5df433db
35f5274d	8de0b720,00e8317a,f23b39bb
35f5f10b	52ce7370
35f8e5dc	0e25235a
35f93c3a	52ce7370
3604266a	4497a02c,9c0300b1,ed4381f2,a43458d9
360de518	39694c69,53536c60,ed4381f2,a43458d9,1c93d9d3
3629bef8	39694c69
3630685e	bcf6bc33,fc5542a4,cc9d7b39,f59e6083,0fc6d44a,32071e86,d9fd5454
03636fa3	4497a02c,53536c60
3637c73c	54dbcc01
363b8b0d	a4f1a6c6,358e4e85,6ba51265
363e7c6f	820c3296,e001498a
3642d30c	5cf7b60f,76497e28,c003b2da
364842ff	52ce7370
364b7ce8	4497a02c,9c0300b1,ed4381f2,a43458d9
0364f5b4	39694c69,f93b7ad5,96b5162f,7f880865,27cca8c2,8df62134,572fc984,af403d4d,dddbd028,4b971e6b
36508706	39694c69,32b45cc1
36508e84	f447fe90
36514bd2	3b604873,8e7b6f79,908c1738
3654da7b	639c7070
3655be43	39694c69,de5cbb69
3658258f	f7d03cb4,d96c12d5,6aff040c,eda4a3c8
0365c243	bedd91a7,6d1d43cc
365cfce4	b8d3ec3d,f5ff1be2,efe3034b,f976b7a2
365f3dbe	a1dd6efc,4e52f5bd,3eb7850f,7b6c56bc,f941a3e6,46507faf,26fca83c,3fcfb024,50cda7f1,315d498a,94fd29da,4e65ff5f,baa651ec,308fca30,416ce64d,1a5e035b
36617199	39694c69,711b6bf4
36633fc4	b8d3ec3d,f5ff1be2,efe3034b,87918f61,c311c08f
366345fe	b8d3ec3d,f5ff1be2,efe3034b
3663f348	c6528e4d,c7577a11,de118265
36648eb5	52ce7370
3665836a	fc031782,3c5f1479,bd97b05a,06e2f4ad
36715a62	39694c69,53536c60,ed4381f2,a43458d9
367f817c	695a3627
36816b30	52ce7370
3681e1d8	1f22d997
3683534e	cb6eb787
36867a7a	85fc4172,b154b4f9
3687cad9	52ce7370
36966607	f96612a2,c26aaeb4,d0213543
36974a6b	19df91a3,79bc1aa1,b5a19389,0e79d61a,7525f53f
3699339d	52ce7370
36a78614	efa938d5
36ae8714	4497a02c,53536c60
36b36aa3	6db23438
36b490cf	abee46cb,c770770b,8cdcbc13,803a6461,a7857dc0,28016163
36b80104	4497a02c,f1551f13
36b8fad9	4497a02c,9c0300b1
36bdd284	52ce7370
36bf0dd6	4497a02c,9c0300b1
36bf8d29	bcf6bc33
36bf9a4c	bcf6bc33
36c49556	a4f1a6c6,358e4e85,6ba51265,424a544a
36c733d5	a4f1a6c6,358e4e85,6ba51265
36cd7908	52ce7370
36cd8497	a3c54e13,3b35ff63,dcdaf62d,9ee85040,cf7cabf6
36d2e3f2	39694c69,53536c60,ed4381f2,a43458d9,1c93d9d3,f5216bcf,c602a40d,ae8834fb,91fa17ab,111e88f1,89f6f8a5,4ebd1bb2,4b8a0cef,d89abf3a,7c564be4,fcf1f8c5,472143bf,81d269f1,445ee13f,4bfb77d1,604cb8a8,4d525275,e150d29b
36d3efcb	4497a02c,9c0300b1,7a464285,7b0f0a0e,ded3f2c2,8e7b6f79,908c1738,35347e4c,db715de1,9e4aa9d7,b64c0b3a,cb53cd49,6eb3094c,60ff5313,1fda91f1,7105099c,26888d97,3e219d08
36d5a24d	52ce7370
36d63d6d	a4f1a6c6,358e4e85,6ba51265,424a544a
36ddf79f	a4f1a6c6,358e4e85,6ba51265,424a544a
36e72fb8	52ce7370
36e83d18	4c39a3ca,94d6fa02
36e9d82b	02246c70
36f4f43c	108928e7,48dc4f50,2abd9c61,a29057fc
36f540d7	de2ce8eb,5bf1018e,b1b6715e,d913b990
36f9cbd6	a4f1a6c6,358e4e85,6ba51265
36fb6761	52ce7370
36fc58cc	39694c69,adb1e32d
3707899c	5ed385eb,f50bdcc2
370c1464	4497a02c,9c0300b1
3712df8e	52ce7370
37139e91	1ea4a1f6,a02af814,c6705886,3c916e0a,e72b845c
3714f8c2	39694c69,f93b7ad5,96b5162f,7f880865,27cca8c2,8df62134,572fc984,af403d4d,dddbd028,4b971e6b
37165b2f	4497a02c,53536c60
371759f4	52ce7370
371847c1	4497a02c,9c0300b1
37195372	52ce7370
371b35ae	526d8ccb,c8dc3446,10d72ae0,7ea810b7,a06c9227,16b86a8c,30d02c26,6c938157,c9e9df8c,5bf0e366,5bf099c2,9d505a1e,e327af95,5b932742,13f23755,a8645114,aab9cec0,0341cfc4,9b39d165,f0323de2,9d15a77a,d566d148,60901eb7,d4d61ffe
371e9874	52ce7370
371ef10f	52ce7370
371f855d	39694c69
37246f94	d22863b3
372495a4	4497a02c,1e96f6ed
3725f959	52ce7370
3726963d	bcf6bc33
372aab1c	4497a02c,9c0300b1,55b01456,74ef00bd
372b8e10	52ce7370
372c53d6	39694c69,15d1718e,87b10783,837b7826,b63b087f,1015706d,8c042954
372f2c19	39694c69,53536c60,ed4381f2,a43458d9
37314f86	39694c69,53536c60,ed4381f2
3731af60	39694c69
37329295	bcf6bc33
3732d530	52ce7370
37331fc9	39694c69,86637664,4159ea4c
37359470	39694c69,a93ac93f
37382493	b8d3ec3d,f5ff1be2,efe3034b,5ad85b72
37384b1b	152e9eec,7d59d9b8,6519f22c,ab78b87d,39572fa0,9449ec6c
373a84c4	bcf6bc33
373bdb97	94393069,861ab707
373cdaeb	cc27c9f4,e8ae0491,34b5f15b,339b12e0,d47b4ef1,f91d55bc,3c39bc88,500def06,74b17438,14060b18,dd0f2bdd,1f83799a,f6ec8bd9
3741397b	948b068a,ac214c66
3748b297	b8d3ec3d,f5ff1be2,efe3034b
374b0a88	52ce7370
374e0854	a4f1a6c6,358e4e85,6ba51265,424a544a
3750bdca	52ce7370
375449df	1ea4a1f6
376321ba	39694c69
376372ed	1e3bbce9,b83c1deb,8ce21c36,30109311,dd3efc04,b30ac73f,086a3519
03769b18	52ce7370
3769c5df	39694c69,f93b7ad5,96b5162f,7f880865,27cca8c2,8df62134,572fc984,af403d4d,dddbd028,4b971e6b
377305b2	e03c39a5,4d23f9bf,7d16b579
03773998	4497a02c,9c0300b1,ed4381f2,a43458d9
37766a89	52ce7370
37794740	a4f1a6c6,358e4e85,6ba51265
377a0f82	b8d3ec3d,f5ff1be2,efe3034b
377ed7fa	52ce7370
37858352	52ce7370
3785afaa	54dbcc01
3785d402	52ce7370
3786b692	4497a02c,9c0300b1,0c8c56ba,aacdf54a,c9e7bf85
3787ab8d	bcf6bc33
37884e5c	a4f1a6c6,358e4e85,424a544a
378967bf	b8d3ec3d,f5ff1be2,efe3034b
378dca9c	52ce7370
378fe708	41a3979a,59dd2197
3793034f	9a9d5b6e,de9ad6e8,d5413695,bf3e9325,efcf86df,cdb675a4,b3e8235a,bc1fb9e4,76ad632b,b0cb1f9b,9301f5d2,d63d1126,fdb76743,d14b7e94,6b441a52
3794ea9e	39694c69,53536c60,ed4381f2,a43458d9,1c93d9d3,f5216bcf,c602a40d,ae8834fb,91fa17ab,111e88f1,89f6f8a5,4ebd1bb2,4b8a0cef,d89abf3a,7c564be4,fcf1f8c5,472143bf,81d269f1,445ee13f,4bfb77d1,604cb8a8,4d525275,1b332a89,10fded56,f2564478,2fd57652,8aab7e64,65bd861b,e51224df,0b3b3b39,66359d4f,f6b0f1c0,708fd580,034d5002,09237912,50a41601,76cbe174,fc9e0f04,93be621a,5d5733ad,cd9c73df
3795faaa	52ce7370
3798d13b	39694c69,53536c60
379aa1cd	a4f1a6c6,358e4e85,6ba51265,424a544a
379b53e6	39694c69,af77c70d,ed4381f2,a43458d9,1c93d9d3,f5216bcf,e2dc42cb,ef4c1064,050a25d7,234a0a79,c3c175ca,4ebd1bb2,d454474a,689b5772,c53f71f9,6bdb00af,58348094,16f74067
379e20c4	a4f1a6c6,358e4e85,6ba51265,424a544a
37a06263	39694c69,53536c60,ed4381f2,a43458d9,1c93d9d3,f5216bcf,c602a40d,ae8834fb,91fa17ab,111e88f1,89f6f8a5,4ebd1bb2,4b8a0cef,d89abf3a,7c564be4,fcf1f8c5,472143bf,81d269f1
37a17d07	bedd91a7,6d1d43cc
37a7bd15	39694c69
37a80420	15d1718e,8f9f470d
37a8397e	39694c69,d791eeac,9fa0ee8f
37ac1c43	bcf6bc33
37adc91f	695a3627
37b350b3	9deb246d
37b99c6e	3f19cae6,36765160
037b9d4a	4497a02c,9c0300b1
37bd3227	52ce7370
37bf3358	94393069
37c3eaf3	498580c1,7771692a,1016eeaa
37c63bd8	5fc0aae4
37c6d0a7	52ce7370
37c8a6f9	52ce7370
37c8ebda	39694c69,82273c54,da0deda5,109279ae,ff4ee59c,223d627a,eab3c5bf,c7121f30,3333e0d9,a5475426,31609214,a39b9ffb,c1c3332d,2b498348,df8cb10f,c5c96ac4,bf81f6cd
37c95164	65d3397d
37ca515b	52ce7370
37d6580f	bcf6bc33
37d72115	84e5844f,48c72a24,25dfd5d0,7814a2c2,20236564,2fa593b1,5676feab,c1e72a49,9a58e092,da8fa1a5,301a6807,bcfeb68c,6d96faaf,c346756f,6ca91402,1b5a30c0
37d98a53	52ce7370
037dbf04	4497a02c,9c0300b1
37e03627	52ce7370
37e2aa5b	52ce7370
37e3c03b	4497a02c,9c0300b1,6e4188c7,9c6ad91f
37e6ed25	4497a02c,9c0300b1
37e888c0	39694c69,abfcf6e8
37ebeda8	a99f8f9a,5114f2fa,ed917b43,11423b7e,6f64a5f8,1d90195e,abc3152d,74864dc3,030bb9ca,b185e870,9197071d,82b6337f,e2a2d481,097c92eb
37ed416d	bedd91a7,6d1d43cc
37f57258	52ce7370
37f7365a	39694c69,53536c60,ed4381f2,a43458d9,1c93d9d3,f5216bcf,c602a40d,ae8834fb,91fa17ab,111e88f1,89f6f8a5,4ebd1bb2,4b8a0cef,d89abf3a,7c564be4,fcf1f8c5,472143bf,81d269f1,445ee13f,4bfb77d1,604cb8a8,4d525275,1b332a89,10fded56,f2564478,2fd57652,8aab7e64,65bd861b,e51224df,0b3b3b39,66359d4f,f6b0f1c0,708fd580,034d5002,09237912,50a41601,76cbe174,fc9e0f04
37f79c8a	39694c69
37f89f27	39694c69,4ddcf3c3,8b9c0ccc,52230d53,444e7666,0b0794a7,0554ba06,08e56587,dcf9e92a,e1ab6647,c83f5bf3,f0ad1754,d195ef49,3bc804d3,17d4a736,519f439e
037fa0dd	cd300aca,1cadc1a5
37fba326	52ce7370
37fc4152	4497a02c,9c0300b1,74077bc9
037ff4ce	39694c69,c8941f25,6b4dbfb4
3800702d	52ce7370
38022910	52ce7370
3805ec8e	66a9ab1a
038062a3	39694c69
38082ca6	bedd91a7,6d1d43cc
380a06ba	8e7b6f79,908c1738,7da1c31a,2a120275
38112470	4497a02c,9c0300b1,c5f58046
03815de4	52ce7370
03817aaa	a4f1a6c6,358e4e85,6ba51265,424a544a
3817c7d3	52ce7370
381a2119	ede44e83,e52c962a,fb73ffbe
381cc62f	ad1c4905,7449d87a,6828e71c,6f165690
3828eec8	569aeac3,0c6023ee,fd8c731e
382c36a2	52ce7370
382eee9b	4497a02c,9c0300b1,ed4381f2,a43458d9
382fa48a	39694c69,fb6e0a53,dd3ff2d0
3836c1e7	39694c69,a99864f3
383aa351	39694c69,de5cbb69
383b0479	4497a02c,9c0300b1
383caf2f	4ebb09a6
383eec2d	de118265,a58b93ee,49d791c9,9684a586,e7ffeb91
384641b2	ef10b158,9c186f99,87f00764,4288db15,942455f7,2c7e04f5,c0873b67,e7ebb6a7,956d782a,1c67876a,ef10b158
384ae256	52ce7370
384bcadd	a4f1a6c6,358e4e85,6ba51265,424a544a
384e2b40	a4f1a6c6,358e4e85,6ba51265,424a544a
385000cc	39694c69,53536c60,ed4381f2,a43458d9,1c93d9d3,f5216bcf
3851df2d	c9999a48,e71e24f6
385752f2	52ce7370
385a375b	b8d3ec3d,f5ff1be2,efe3034b
385a4af9	78ff1512,0322e11d,5cfc44ed,256269d9,cb8c8577,b1c31587,14d4e404,8ae4854f,78ede9db,be2a049d
0385e85d	39694c69,39745163,e8c6bd1a,46933fcb,c48c6afe,2c982f25
385ed837	2c20de32,ac237991,85c96b66,87c91ece
386749dd	0d52b105,d11ba606
3868382c	39694c69,e8e40444,da57f416
386a4d6e	52ce7370
386c64bc	55fd9e45
038754fa	52ce7370
3878b9de	b6626cb8,ac115eb6
38866f5b	52ce7370
3888f54c	39694c69
388a02e2	52ce7370
388f3352	4497a02c,9c0300b1,6d2c033c
388febf8	bcf6bc33,fc5542a4,cc9d7b39,8ffe071a,bac8d967,f430468c,d6508e80,7aabb148,7e441007,123ed396,a333531c,8426e5eb,1b5c04f8,7f179411,28505f06,a27b1893,9870fbaa,d9fd5454
03897d54	ce8def73,81b1733d
000389ba	bcf6bc33,41a3979a
38a41a50	39694c69,156ef672
38aba1a8	e52c962a,7d52da3a,908c1738,2b5235d2,38b17ba6,742c3ec9,c48b02ba,266007a5,7f923edb,d59655b2,662d1c2c,9bdcc08d,d5d8264e
38acd6d7	52ce7370
38aef6e3	4cbc7373,a978182e
38b43699	39694c69,40c3b60d,8a6f2577,f156761a,efa938d5
038b8464	94ed7583,2a16d9fb,0c8b057f,0da7d34b,d141418d,a46c12f4,d745b689,39c9d027,cbd0238c,f17f6786
38bbb894	b3b3f915,861ab707
38bf21ed	52ce7370
38c57543	db244816,7e4ea976,10c78dad,37435fcd,d60c3198,4a0844a1,9917937f,31db59df,24e2185d,634e8a15,9207d833,9c374e2b,55477664,7cca3687,55dbdd01,12b10062,cb849d59,c4c0c104,9660308f,854d2dfa,766b5ed8,b4745253,2b47afce,8fdd4cf5,cd97c4df,ea85b1f0,8afee03c
38c62e1f	a4f1a6c6,358e4e85,6ba51265,424a544a
38c95526	4497a02c,9c0300b1,ed4381f2,a43458d9
38cbd93e	52ce7370
38cc72f6	9ad50217,a8c396e7
38d5e4d5	6bafbd55
38db4543	39694c69
038e1c3e	52ce7370
38ec5d25	52ce7370
38fbf8d3	39694c69
0390210f	1c2b8af2
3904198b	52ce7370
3907118a	39694c69,53536c60,ed4381f2,a43458d9,1c93d9d3,f5216bcf,c602a40d,ae8834fb,91fa17ab,111e88f1,89f6f8a5,4ebd1bb2,4b8a0cef,d89abf3a,7c564be4,fcf1f8c5,472143bf,81d269f1,445ee13f,4bfb77d1,604cb8a8,4d525275,1b332a89,10fded56,f2564478,2fd57652,8aab7e64,65bd861b,e51224df,0b3b3b39,66359d4f,f6b0f1c0,708fd580,034d5002,09237912,50a41601,76cbe174,fc9e0f04,93be621a,5d5733ad,cd9c73df,94b05d44,9762d059,405d4257,950270d7,702e331c,70823eaa,daf56fb3,060f8f36,bb1a29f4,56638432,2b438d00,2bd5f7fe,95ee8dfe,d02acf3d,4b14a013,52d6f1b8,b4c59a3a,9c2397c2,6049d326,0aee9e47,5917cecc,6ee3cd6f,a3f29c27,a19c769f,e1759237,26d875d0,a6f8571a,537df9d7,c200c181,3c1b2601,184e2362,b58c4b95,906164f9
39093d7a	4cbc7373
0390b101	89f795db,3eb1d334,ac07e09d,f7ebce0c,164c4c5a
391027ee	39694c69,69c14c39,bc1b5db6,626c1a9d,4cf57ec0
391121ae	52ce7370
391896ad	52ce7370
391919af	52ce7370
39232994	4497a02c,9c0300b1,6d2c033c,7e4ea976,feca4ef8
39255d5f	52ce7370
392670cc	52ce7370
3926e58c	a4f1a6c6,358e4e85,6ba51265,424a544a
392763fc	52ce7370
392e2d76	4497a02c,9c0300b1,83491843,75e79299
392f1c43	39694c69
39306521	4497a02c,9c0300b1,ee27d474,b063c1d7,3e10cd62,612ac6fd,b4caefc1
39310a39	52ce7370
3941a140	4497a02c,9c0300b1,ed4381f2
3942a117	52ce7370
3943a3a9	77ddface,c00d8d79
394db7f1	9deb246d,955d3f51,7b0ef656
394e020f	52ce7370
39522be8	c311c08f,b2f18896
3952c94a	4497a02c,9c0300b1,122e3ed4
3952d605	c26ad7ec,d15ed12e,01b68fad,f6091de9,62af5e39,0632a0f7,cf944ce8,83506b09
39541a84	39694c69,53536c60,ed4381f2,a43458d9,1c93d9d3,f5216bcf,c602a40d,ae8834fb,91fa17ab,111e88f1,89f6f8a5,4ebd1bb2,4b8a0cef,d89abf3a,7c564be4,fcf1f8c5,472143bf,81d269f1,445ee13f,4bfb77d1,604cb8a8,4d525275,1b332a89,10fded56,f2564478,2fd57652,8aab7e64,65bd861b,e51224df,0b3b3b39,66359d4f,f6b0f1c0,708fd580,034d5002,09237912,50a41601,76cbe174,fc9e0f04,93be621a,5d5733ad,cd9c73df,94b05d44,9762d059,405d4257,950270d7,702e331c,70823eaa,daf56fb3,060f8f36,bb1a29f4,56638432,2b438d00,2bd5f7fe,95ee8dfe,d02acf3d,4b14a013,52d6f1b8,b4c59a3a,9c2397c2,6049d326,0aee9e47,5917cecc,6ee3cd6f,a3f29c27,a19c769f,e1759237,26d875d0,a6f8571a,537df9d7,c200c181,3c1b2601,184e2362,b58c4b95,906164f9,b6394a5d,364ef38a,bfbc3131,9a3d6880,2df3b4fa,acb06c15,9068b149,8f7cac60,b56d9714,862f6f6f,3c733797,8a7aa776,93df5feb,98adf974,6449cdda,d7ccd848,5c662a54,726c2c55,3d034923,4f2692d2,26f469a5,76309fab,81acff2d,dfdfb862,e4a0a063,b94bf80f,b3d640f1,923fff04,5a13cec6,4c99bf36,a8ba8984,013c3efa,4f5d2801,468df202,5ee16a49,7a269d91,951e2b43,32b2970e,ddffe738,1ded4f5e,7855c475,5b3e7333,f6194067,9ead75f1,050ba956,4aee3322,522eee1c,f7bff4f4,2c26e48b,2b55ab18,dd9df0df,73327df2
3959728e	39694c69
395bc43f	4497a02c,9c0300b1,ed4381f2,a43458d9
395c1a37	39694c69,70e2386e,bf63accc,5f865b23
395c8c49	156ef672
39604a8b	4497a02c,9c0300b1
3961db65	39694c69,de5cbb69,9f0a19fa,22134e3a,91c3ab0b,b2168ff0,1b5c5ff1,3c8b0b1a,62280145,09950e13,f91b8889,9fc82936,e2a3d30f,fdf4a07a,44af0ad8,ea120cff
396325d2	4497a02c,53536c60
39635c30	39694c69,f93b7ad5,96b5162f,7f880865,27cca8c2,8df62134,572fc984,af403d4d,dddbd028,4b971e6b
3964b0c5	52ce7370
39654009	07967bc2
3966e994	39694c69
39677696	39694c69
39680e73	52ce7370
39699c68	190b5a3b
396a0e47	39694c69,d028f1a9,57d7e3c7,1566b373,de5cbb69,88a8733e,b619836a,687895f1,6e1efba6,d9d360c6,3ac3bc1b,43f72d3d,41f1b202,b722d894,73b61c3b,597c2694,f41b73cc,fec66494,e10331b4,9630852f,3b7f1f72
396b576a	bcf6bc33
396f8a3d	acde460f,4f38c697,44165c75,d33c0a90,132854fd
3970dd58	52ce7370
3977fd68	22183874,d74ebeed,b3c768ec,12071db6,3512f1ef
397bb2e6	c52ad410,d2f6c060,74077bc9,ffddeb35,d8dc9a53,2c1a7bc1,290e2884
3983ffd7	a4f1a6c6,358e4e85,424a544a
398466fe	21107fc9
398474a1	1c9d1ca1,adb53cbb
3985ad7e	52ce7370
398cdad7	98b8134d,c632da4a
398e8d78	4497a02c,9c0300b1
39954291	39694c69,53536c60,ed4381f2
39974dd8	695a3627
3998a590	4497a02c,9c0300b1,c8941f25,6d2c033c
399cc255	4497a02c,53536c60
39a434ce	39694c69
39a49d67	39694c69,2f1a39c3,533daaf1
39a8dd51	64538851
39adaba7	e0fdb83a
39ae301c	a4f1a6c6,358e4e85,6ba51265,424a544a
39aed38c	52ce7370
39b06752	52ce7370
39b2365e	52ce7370
39b911e1	321325f3,8773f46f,081a7062,50e8f41f,4caafd75
39beaad9	7dda70fa,d3ffe417,e2c49210,c97b97c8,153d304c,9b923743,84cec372
39bfd3d3	b8d3ec3d,f5ff1be2,efe3034b,0dd10c61,923dcc61,0128fb17,7811e163
39c23c22	52ce7370
39c2b429	a4f1a6c6,358e4e85,6ba51265,424a544a
39c38d57	4497a02c,9c0300b1
39c5ed08	52ce7370
39ca02aa	c52ad410,57d7e3c7
39cb78e8	52ce7370
39cc567d	75ed7522,0841f576,a1583547,9bf001f8,842c2ecc,0546be4e,3f4b3c54
39d26b45	52ce7370
39d85380	52ce7370
39d93043	bedd91a7,6d1d43cc
39d9d2cd	8d909566,a48f54ec
39dc0d87	52ce7370
39de9b42	39694c69,e2efb716,626732f5,e2314bd3,87f00764,ef4c1064,1cac8b5b,e4059e62,234a0a79,c3c175ca,641bc762,d454474a,689b5772,c53f71f9,6bdb00af,58348094,cb7b7504,3547a453
39e1413d	5db7b8ed,2ea5f1fa
039e2d8f	4497a02c,53536c60
39e7fc82	52ce7370
39e8781e	52ce7370
39ec2324	955d02fb,c75f89e3
39ee81a9	4497a02c,9c0300b1,706b783e,8e7b6f79,908c1738,7a464285,f1579b57,a4dbb75b,cd64af58,f4e08ea1,f2e6edd6,b664d91b
39f1da41	2feda404,d66dc81a
039f233c	4497a02c,9c0300b1,ed4381f2,a43458d9
39f3d647	ef10b158,1a6232f1,2ea5f1fa,05c65bba,0d89f003
39f8b9b1	52ce7370
039fed17	86c43895,dd2666dc
3a060433	4066960c,f266709e,57a5d046,07aeee43
3a07b236	4497a02c,9c0300b1,ed4381f2,a43458d9
3a08252d	4497a02c,9c0300b1,830e9752
3a0973b7	1b5a30c0,2cfc13b9,f78ed873,dd346c37,93b46a92
3a0b0fad	4497a02c,9c0300b1,0dd10c61
3a0dc011	52ce7370
03a13d3b	52ce7370
03a16938	39694c69,53536c60,ed4381f2,a43458d9,1c93d9d3,f5216bcf,c602a40d,ae8834fb,91fa17ab,111e88f1,89f6f8a5,4ebd1bb2,4b8a0cef,d89abf3a,7c564be4,fcf1f8c5,472143bf,81d269f1,445ee13f,4bfb77d1,604cb8a8,4d525275,1b332a89,10fded56,f2564478,2fd57652,8aab7e64,65bd861b,e51224df,0b3b3b39,66359d4f,f6b0f1c0,708fd580,034d5002,09237912,50a41601,76cbe174,fc9e0f04,93be621a,5d5733ad,cd9c73df,94b05d44,9762d059,405d4257,950270d7,702e331c,70823eaa,daf56fb3,060f8f36,bb1a29f4,56638432,2b438d00,2bd5f7fe,95ee8dfe,d02acf3d,4b14a013,52d6f1b8,b4c59a3a,9c2397c2,6049d326,0aee9e47,5917cecc,6ee3cd6f,a3f29c27
3a227c86	569aeac3,0c6023ee,fd8c731e
3a24930f	ad2fd6f2,d3b4deb5,c063573b,e1406602
3a2783ee	4497a02c,9c0300b1
3a2807ab	d3f5c39b,4a3822ec
3a289356	7fbcfbbc
3a2c3828	66e14441
3a2faa2d	bcf6bc33
3a34b916	948b068a,2bff179e
3a35363c	d918c1e8,dcc919db,523c8ecb,2b36b77e
3a35c8ff	52ce7370
3a37dbf0	4497a02c,9c0300b1,27a6a0e2,dd570b4c,4afec517,405eccbb,2a9ce923,9d681a0e,4dd3c331,c24adf8f,248cb440
3a384b76	39694c69
3a3ba7e4	39694c69
3a3ce97b	a4f1a6c6,358e4e85,6ba51265
3a42d264	39694c69,53536c60,ed4381f2
3a45c61c	419dac8a,6255a6b6,0496c8df,01d7fa95,9fc9d113,bb796d24
3a48ee62	39694c69,0c5c6405
3a4f4e85	39694c69,53536c60,ed4381f2,a43458d9,1c93d9d3,f6df0527,e785c320,2ffd444f
3a51c17f	d5b80879,379d46f6,21d7d53f,3b63e432
3a52f516	ad25a054,562bbc0a,1f8b0853,0fedbf9d,109ce95e,258081e3
3a537dbb	52ce7370
3a5882bc	c3740dce
3a592445	156ef672
3a5b9a51	52ce7370
3a5bf9f0	acde460f,b26e407c,9e0f9952,3296b1c2
3a5c501b	52ce7370
3a6a2416	a829f969,e947bd47
3a6a7d8b	23f6c302,35b16abf
3a6adfe8	52ce7370
3a6d2a9e	6c67fca6,d8749bbe,8984bec1,2ab47653,ee68f21c,661cb505,b3012819,eb7d4185,ad4d6215,a06c9227,0b6a5442,31638eda,368d2b37,7c6f1b29,55e21b73,64eba5ad,6375113a,f66ec5d7,ebffa010,be1bd19a,976a2854,00d63b1e
3a708d24	52ce7370
3a70b087	4497a02c,9c0300b1
3a7114ba	a4f1a6c6,358e4e85,6ba51265,424a544a
3a786512	52ce7370
3a83076c	365b30bb,47f0e635,e0e7a001
03a8374d	52ce7370
3a83ce32	4497a02c,9c0300b1,1980e4be,8ebcd9cd,dcc27a30,af41a95f,082b8e42,72b485c2,011419cc,2c45204e,3355ace2,06ff65de,bbba6594,9e038dff,4d65b859,8d86c60d,dea92cdb,485fc3bf
3a85459d	1191638e,608b9df2,3854ad37,c897f69a,0cf559bc
3a858d28	39694c69
3a868346	bf017c06
3a882214	0f501fe3,5806a42f,8da31f9f
3a88af75	b8d3ec3d,f5ff1be2,efe3034b,012dbe79
3a89d5b3	cdc1f141
3a89d65f	52ce7370
3a8e272a	52ce7370
3a8ede0b	639c7070,ef46bbd3,cb433269,74fdefe1,00e5d867,949d717d,8dcc3b12,a6a1d53a,676070f6
3a9b7d04	52ce7370
003aa0c7	52ce7370
3aa32e09	4497a02c,9c0300b1,6d2c033c
3aa33fc8	39694c69,af77c70d,ed4381f2,a43458d9,1c93d9d3,f5216bcf,e2dc42cb,ef4c1064,050a25d7,234a0a79,c3c175ca,4ebd1bb2,d454474a,689b5772,c53f71f9,6bdb00af,58348094,299f1fac,51766759
3aa398d7	cd2afedf,45969c2d,679079ed,53e451e6,bb3a5bbb,8d6899a7
3aa3c4f7	23f6c302,a3029690,53e1236b,ee276021,7573e343,13b7bc50
3aa4b75a	52ce7370
3aaaf756	39694c69
03aaed11	b518a36a
3aafda62	efa938d5
3ab0c3db	52ce7370
3ab14c43	44ee794d,55a5392d,b56ee8d5,ea59b392
3abffa30	4497a02c,53536c60
3ac38fc4	0ae3f8cd,3c916e0a
3ac467ac	b6626cb8,424a544a
3ac49abb	52ce7370
3ac6f12d	4497a02c,9c0300b1,6d5d1e1a
3acdd427	bcf6bc33
3acf82e5	94ed7583,2a16d9fb,0c8b057f,0da7d34b,d141418d,a46c12f4,d745b689,74077bc9
3ad057dd	4497a02c,9c0300b1,ed4381f2,b9df173a,1c93d9d3,2f3f7624,c99fd8d8,5f55741b,fc715a8d
3ad1c827	c52ad410,673cd6aa
3ad46da8	4497a02c,9c0300b1
3ad5e9a2	91478052,b279ada7,91f6f4d8,58cf7349,bd7447f7
3ad74fbd	156ef672
3adbafb7	fb562211
3adc0eaa	bcf6bc33
3ae07447	19df91a3,79bc1aa1,cb7b7504,d454474a,689b5772,c53f71f9,30c7c4c6,58348094,f246c6bf
3ae78aab	4497a02c,9c0300b1
3aead75a	ef10b158,a9c7328d
3aef1746	bcf6bc33
3af3da4b	39694c69,f93b7ad5,96b5162f,7f880865,27cca8c2,8df62134,572fc984,af403d4d,dddbd028,4b971e6b
3af6d5c7	458e5d1c,705a423f,02bc242a,75401d71
03af783d	4497a02c,9c0300b1
3afb8ea6	156ef672
3afccfe1	cf2b3e1d
3afeae1b	a4f1a6c6,358e4e85,6ba51265
3b035899	52ce7370
03b084fb	d35df4f0,2141a805,6e6502ac,407b4b8d,955078f4,ad0d2554,2ea186ec,352a85c4,abe9fb66,5d4fd5ca,9ee5d14b,36047a51,7dfe899e,504a9d20
3b0f2b98	2c84e16c,9f2bbb34,0de5c303,457e7cae,060bc3c8,083db37a
3b106ec6	dabba6ad,57d7e3c7
3b144490	514ef6da,7ac28b40,d3f5c39b,fc958e6a,85bf0a7b,41456aa5,106867d3,9d5c6e92,10e24119
3b16a5a6	47c09ded
3b17baf5	156ef672
3b18a9c3	a4f1a6c6,358e4e85,6ba51265,424a544a
3b1e0689	fbae5936
3b1f7032	4497a02c,9c0300b1,aed565af
3b292674	4497a02c,9c0300b1,476810e3,9cdd48c5,dd254f13,1b0f807c,9bcfd15a,7e26dcff
3b2cb22e	52ce7370
3b2ee060	a4f1a6c6,358e4e85,6ba51265
03b31b67	52ce7370
3b3969c4	4497a02c,9c0300b1
3b39dd4d	cf15691b
3b3b4d1b	52ce7370
3b440a19	52ce7370
3b443c82	1e3bbce9,b83c1deb,8ce21c36
3b446844	52ce7370
3b46436c	fd1ba07f
03b4760c	39694c69,f93b7ad5,96b5162f,7f880865,27cca8c2,8df62134,572fc984,af403d4d,dddbd028,4b971e6b
3b4a4140	52ce7370
3b4d205d	4497a02c,9c0300b1
3b51a70c	52ce7370
3b571223	1abfb05d,695a3627
3b572458	875dd7e9,955d3f51
3b5b96f4	52ce7370
3b5bf152	19df91a3,79bc1aa1,b5a19389,0e79d61a
3b5d8364	bedd91a7,6d1d43cc
3b5e8cbe	52ce7370
3b6164a4	39694c69
3b63f08f	b8d3ec3d,f5ff1be2,efe3034b,abecd1d3
03b6662f	44b1e76d,94ac535d
3b6802df	c415d935,9deb246d,6bed8eea,90a8d577,73e92668,0e2d1628,2292f208
3b6aa83f	39694c69,af77c70d,ed4381f2,a43458d9,1c93d9d3,f5216bcf,e2dc42cb,ef4c1064,050a25d7,234a0a79,c3c175ca,4ebd1bb2,d454474a,689b5772,c53f71f9,6bdb00af,58348094,3ed886b5,9fef81cc
03b766dc	52ce7370
3b76fd96	126315cb
3b822688	321325f3,18da8d98
3b85f175	152e9eec,7d59d9b8,6519f22c
3b86bda5	bcf6bc33
3b86cfb5	39694c69
3b895c38	52ce7370
3b9204d3	39694c69,53536c60,ed4381f2,a43458d9,1c93d9d3,f5216bcf,c602a40d,ae8834fb,91fa17ab,111e88f1,89f6f8a5,4ebd1bb2,4b8a0cef,d89abf3a,7c564be4,fcf1f8c5,472143bf,81d269f1,445ee13f,4bfb77d1,604cb8a8,4d525275,1b332a89,10fded56,f2564478
3b92c8cc	32508d87,d02e8c37
3b93a6e6	8d909566,16ec1a76,6e2e2b7f,829bdcdf,d7c2f8ac
3b947e25	52ce7370
3b9637d9	52ce7370
3b9820e0	ef10b158,451eb89f
3b99539a	52ce7370
3b9bd1f2	9a9d5b6e,de9ad6e8,6f7d0168,3144baf6,04846e4f
3b9c0645	bcf6bc33
3b9f5bde	c52ad410,5322d7a9,c3a95a25,ef24a8e7,c9cbd745,b20b00c8,8c535959,e1dc5492,993fec2f,66ffb6b6
3ba0c199	52ce7370
3ba14a4a	52ce7370
3ba6113a	52ce7370
003bb0f3	19df91a3,79bc1aa1,cb7b7504,d454474a,689b5772,c53f71f9,30c7c4c6,58348094,7a6395bc,18226f30
3bb51a2d	39694c69
03bb79f2	39694c69,39745163,e8c6bd1a,46933fcb,c48c6afe,2c982f25
3bbae09a	39694c69,4ddcf3c3,9da4bdd6,b7ead971,3b961adc,d526c130,2f6e6a59
3bbb8832	d918c1e8,17a09aa8
3bc9f1d2	156ef672
3bd0d9b6	a8b50967,9e0cb4bc,3edd6c50,98a2c76f,38c5c032,4d993be7,cfa75491,cc856cb1,8bd85e47,d8491993,ab85e4c2
3bd5cc9c	ef10b158,c25f0648,5721de7f
3bdc1345	156ef672
3bdc9c40	4497a02c,f1551f13
3be17750	39694c69,b2751c67,7dfe643a,5591fd63,f36c9350,4be955a2
3be2c461	52ce7370
3be3c325	39694c69,dbfc2758
3be59410	4497a02c,9f622422
3be8d708	52ce7370
3bec6e97	39694c69,e039c92b,6018b3f0,52755e29
3bedb3a6	5dcab229,85b26f17
3bedb6a5	5a7f095a,f99d95ff
3bf590ed	52ce7370
3bfb3b90	b8d3ec3d,f5ff1be2,efe3034b
03c00084	39694c69
3c03f895	52ce7370
3c04937c	39694c69
03c0752b	52ce7370
3c08d462	37214f4b,87ff7422,f4608ac5,9f485bd7,c24e1c09
3c0c135e	4497a02c,9c0300b1
3c0cf31a	52ce7370
3c0d19c7	b8d3ec3d,f5ff1be2,efe3034b
3c109b79	efa938d5
3c1127fd	52ce7370
3c15f371	56acba55,eccd1781,b51d4e5c,d8514b80,77313387,c81f382f,e877a4df,85573e3a,a0a854ce,51a81dc4
3c1b8fde	c52ad410,ed9bfc62
3c217649	165bcd54,6baaa8d2,418c68bb,474869d5
3c2516c2	39694c69
3c2ae58c	9985f179,e9f77cc4,428104ce
3c2dbdaf	52ce7370
3c31d099	52ce7370
3c3302fe	487f3286
3c334afe	4497a02c,f1551f13
3c339aed	4497a02c,9c0300b1,28f5c979
3c38e72c	397f16be,fbae5936,962874f6
3c38f54e	52ce7370
3c3c9306	52ce7370
3c41eb4c	e7814fad
3c4b5d23	4e02f87f,00590b7d
3c4ca08f	dbe87dd0,1812dfc6
3c58b4ff	39694c69,7d8c2c1a,75addcdb,08adfcac,c1fac60e,07752429,b8fcd24e,612f2361,faa7863f,862e7b53,a2040cf9,db200a1f,95c45587,642318db
3c58ff66	39694c69,d1fcf3eb,ed4381f2,a43458d9,01fac503
3c5d2452	94393069,861ab707
3c600d51	c2634932,3bdad352
03c61cf3	52ce7370
3c624184	7854e726,6524eb6b,88179a07
3c65834f	52ce7370
3c66629a	dfa63122
3c6909d1	397f16be,87c91ece,861ab707
3c6ce047	4497a02c,9c0300b1,3f6c9d14
03c723d0	ef10b158
3c74f395	90c292d2,33cacd77,0e48e546
3c7b210a	51e183d5,28ea7e06,af4e21bb
3c817086	7821783a,f447ee1b,fa9194f5,cdee3a81,6d766270,11f8c65e,8b0a1fa6,78a4bc7b
3c867c91	07967bc2
3c86ded9	4497a02c,9c0300b1
3c8a3721	39694c69,1e31872e,3d9f949a
3c915d62	4497a02c,9c0300b1,319b5818
3c92e795	465660fd,1b38b144,463981ee
3c93422d	64e36c29,169e4393
3c93dff7	52ce7370
3c986b7f	b157c125,f4e3b356
3c98e975	74077bc9,74ef00bd,cdf3cd2c
3c9ab8c1	52ce7370
3c9b3270	e0fdb83a
3c9b4d34	52ce7370
3c9c0065	39694c69
3ca113cd	465660fd,d9e14dac,c04e9bb2
3ca3168c	18d69109,cf25fcf2,3b3a06ca,41d13adc,978ca839,ca7e776c,439fd14e
3ca4a9c2	52ce7370
3ca64847	b11f2b4f
3ca9990a	52ce7370
3ca9bbf0	39694c69
3caca687	b8d3ec3d,f5ff1be2,efe3034b
3cad2427	4497a02c,9c0300b1
3cb7b930	4497a02c,9c0300b1,c61cb49d,a43458d9
3cc178d3	2e16f017,d08deab4
3cc78678	52ce7370
3cc88084	39694c69,53536c60,ed4381f2,a43458d9,1c93d9d3,f5216bcf,c602a40d,ae8834fb,91fa17ab,111e88f1,89f6f8a5,4ebd1bb2,4b8a0cef,d89abf3a,7c564be4,fcf1f8c5,472143bf,81d269f1,445ee13f,4bfb77d1,604cb8a8,4d525275,1b332a89,10fded56,f2564478
3ccc7894	52ce7370
3cd133de	a1855320,7835b2d6,7f4422ac,d87ff9d1
3cd5732a	4497a02c,f1551f13
3cd97aab	39694c69,53536c60
3cdcc06e	9deb246d,5e9b4bae,ff3aba1b,633a5c3f
3cddf5ee	52ce7370
3ce212e7	39694c69,53536c60
3ce5c96d	52ce7370
3ce61f79	52ce7370
3ced5e3c	5fc0aae4,617783c3,15d09c4d,1b63880e,bfe74e53,0128fb17,bfd2c2ff,69dfb8ce,96f4964b,d7caab36
3cefe718	39694c69
03cf17c9	f41b94df,3637fcbc,0519002f,4aecf81f,c9fc625a
3cf1d68f	f09f0a02,e0d64098
3cf2d9e3	9093a1e9,8cbe166a
3cf5bf2c	4497a02c,9c0300b1,c00c5ba3
3cfa6a36	fd972ce0
3d01f29a	39694c69
3d041435	52ce7370
3d04fa8e	4497a02c,9c0300b1
3d06b21a	a4f1a6c6,358e4e85,6ba51265,424a544a
03d07368	c97bcbdb
3d0de08a	52ce7370
3d0df0b7	216302dd
3d10443b	4497a02c,9c0300b1,c5f58046
3d10cad2	0b0fca03,a49fd5a7,5db7b8ed,2ea5f1fa
3d10ea6f	39694c69
3d13e96f	639c7070,ef46bbd3,cb433269
3d180032	52ce7370
3d198cfd	5e1cdb44
3d1a8a41	c52ad410,efa7f489,b6f3e815
3d1b87da	4f8dd039,08402227
3d1cb4be	b8d3ec3d,f5ff1be2,efe3034b
3d284536	2fee5544,6ea9c7b3,4200aedc
3d2872bb	ef10b158,c9f88a96,d61bad3a,8276e892,0020dd7a,0ebe1c4b
3d298191	9cb6d969,d0d46de7,60448ea7
3d2d4a4c	1fcea4c1,993fec2f
03d2efaa	8dd7a1d7,08f4e560
3d2f1642	4497a02c,9c0300b1
3d2ff8d7	b8d3ec3d,f5ff1be2,efe3034b
3d302ff7	c52ad410,4280ff5c,695a3627,8ca57634,1cc06eef,410b32b1,57028b46,88146b6e
3d3088b3	4497a02c,9c0300b1,10422649
03d3a223	4497a02c,9c0300b1,08741a28,908c1738
3d3cb9bf	39694c69
3d3d71e1	52ce7370
03d3de2a	52ce7370
3d41dd26	89f2b327
3d443405	861ab707
3d4641af	bcf6bc33,fc5542a4,cc9d7b39
3d47e2f5	ef10b158,ed8eabaf
3d4d34bb	52ce7370
3d52f316	6966f037,64f103b8,b74be928,3623c4ba,c551c4fa,3102c3f6,7629957b,91c1d379,e6a316f3,f57040c8,9b751663,8284dc3a
3d535027	4497a02c,9c0300b1
3d541c15	4497a02c,f1551f13
3d598f91	39694c69,4f517dfa,dfd9ba75
3d5c4ded	52ce7370
3d5dd66d	4497a02c,9c0300b1,6d2c033c
03d62032	aa598ad1
3d63bbc1	4497a02c,9c0300b1
3d63c342	39694c69,53536c60
3d6601f6	39694c69
3d66acb0	39694c69,53536c60
3d6ccf11	bcf6bc33
3d74b82e	9ad50217,072e23e8,f33df2c8
3d7800e1	52ce7370
3d7a4ef3	52ce7370
3d7a76df	39694c69,53536c60,ed4381f2,a43458d9,1c93d9d3,f5216bcf,c602a40d,ae8834fb,91fa17ab,111e88f1,89f6f8a5,4ebd1bb2,4b8a0cef
3d7d716e	bcf6bc33
3d839725	9cb6d969,e2ebaeae
03d8afbd	4497a02c,53536c60
03d90862	39694c69
3d91570e	39694c69,c4900cb3,38e07240
03d91d08	dee65538,f41b5337
3d9759d9	52ce7370
3d98693d	4497a02c,9c0300b1,ed4381f2,a43458d9
3d9ad621	c78c28af,539c2318
3d9f5b5c	52ce7370
3da4370c	52ce7370
3da544e4	b8d3ec3d,f5ff1be2,efe3034b
3da574df	52ce7370
3da74d1c	52ce7370
3da970f0	4497a02c,9c0300b1,ed4381f2,a43458d9
3dac4779	9a9d5b6e
3db2b669	b8d3ec3d,f5ff1be2,efe3034b,3f5b8e92
3db519ac	4497a02c,9c0300b1,8df363e5
3db5d806	39694c69,b1e1a7e7
3db80dbd	363013e0,e71ce60b
3dbbc3f5	b8d3ec3d,f5ff1be2,efe3034b
03dbd1ce	e03c39a5,8e3a5921,5f93e73d
3dbd5901	52ce7370
3dc01038	8222f1b0
3dc2c38d	ad7118c7
3dc801f8	39694c69
3dc94545	52ce7370
3dcb7a83	39694c69
3dcc8905	52ce7370
3dcdacd5	52ce7370
3dcdff70	34ff0163
3dcea82e	bcf6bc33,b180ac3b,fd48c267,766a0d70,d79addb0,f330b862,b72d2da1,7d2aa8ed,dee65538,95929b0d,351002b0
3ddaa82f	1fcd2211,c821118a
3ddad3e2	52ce7370
3ddfa39b	9ad50217,0d0d89d0,571a73d8,e40d59e5,a244d775,c04eaed9
3de08715	9c7019e6
3de622e2	4497a02c,9c0300b1,bcf895c1,27a6a0e2
3de67260	bedd91a7,6d1d43cc
3de6e9f8	52ce7370
3de7228e	39694c69,57d7e3c7
3dec35e1	750e1d42,589f8d99
3def4bb6	52ce7370
3defe4b8	1abfb05d,6a4f57e3,9283d7bf,91a6c784,ab569de3
3df00b19	52ce7370
3df043b7	4497a02c,53536c60
3df516cc	52ce7370
3df6fa51	156ef672
3df9c916	1b4a2ca3,8fda8ef0
3dff0278	39694c69,f93b7ad5,96b5162f,7f880865,27cca8c2,8df62134,572fc984,af403d4d,dddbd028,4b971e6b
3dffdc8c	4497a02c,9c0300b1,9f90b58d,77c639b7,c015fc4b
3e01634c	52ce7370
3e02a73d	39694c69
3e03553e	f13e94a5
3e03d277	a8e8144f
3e0872f8	39694c69
3e0b889f	b8d3ec3d,f5ff1be2,efe3034b
3e0c63f3	52ce7370
3e0ddece	4497a02c,9c0300b1
3e10d7c3	52ce7370
3e131263	52ce7370
3e1493d9	09b814d6,6e3c9464,780905b6,49a29188,f045e6be,a12f5db8,c50fe486,82a2cbcd,771212e4,b9aafcce,24f1ec39,15a0fba4,d2f9a7db
3e1640f0	4497a02c,9c0300b1
3e1f518d	adcb8e35,50dc9c39
3e1ffb04	4497a02c,9c0300b1,ed4381f2,a43458d9
3e28358c	c66d7159
3e2e2a21	19df91a3,79bc1aa1,cb7b7504,d454474a,689b5772,c53f71f9,30c7c4c6,58348094,fddd251a
3e33cd97	a39650fa,c03be17c,6f387435,154bac68,429a8b7f
3e349562	97c3fd60,5b81cbad
3e36bbb4	bcf6bc33
3e3ebb4b	39694c69,de5cbb69
3e407f30	52ce7370
3e40fe15	39694c69,93aad7bd
3e4864df	52ce7370
3e49a80b	52ce7370
3e4b0cfc	a4f1a6c6,358e4e85,6ba51265,424a544a
3e4c40bf	a4f1a6c6,358e4e85,6ba51265
3e50adaa	39694c69
3e547991	a4f1a6c6,358e4e85,6ba51265,424a544a
3e54c24a	4497a02c,9c0300b1,bd04f870
3e5894ae	7028d51f,6b602cd9,9fc7db8b,4fef3f8d
3e5e30bf	39694c69,f93b7ad5,96b5162f,7f880865,27cca8c2,8df62134,572fc984,af403d4d,dddbd028,4b971e6b
3e5f2e5f	4497a02c,9c0300b1,0d070eed
03e628ba	4497a02c,9c0300b1
3e630210	39694c69,53536c60,ed4381f2,a43458d9,1c93d9d3,f5216bcf,c602a40d,2c785bc0,9d9b4752
3e67c64c	41608266
3e67fee8	39694c69,a869eb13,ee57bf8e,8bcbf4c9,71b51f9c,680c3de4,7832ee89,c3475566,147dc5c8,2312a371,9b94d895,4673be75,292ced30,1cded8c1
3e68c625	52ce7370
3e6c48e2	ede44e83,e52c962a
3e74812d	639c7070,ef46bbd3,cb433269,5d5923c5,2c4bad4d,21133a20,dd658eec
3e764065	52ce7370
3e76effe	39694c69,adb1e32d
03e78179	397f16be,9fad42df,7354b2d8,6d7ffcb1
3e7bb152	a46c12f4,d745b689,0c8b057f,0da7d34b
3e7e5bf4	4497a02c,53536c60
3e80812e	8b46b142,3f5e9cd0,eb729f19,b1eb511f,e65542d0
3e81f08a	52ce7370
3e84abc0	52ce7370
3e8513d4	52ce7370
3e89ae3a	4497a02c,53536c60
3e9226be	52ce7370
3e986438	52ce7370
3e989338	52ce7370
3e9f4ddb	39694c69,53536c60,ed4381f2,a43458d9
3ebd973b	4497a02c,9c0300b1,dae7be58,41fed4a7
3ebf3bdc	5db7b8ed,5e8f6d74,8f70d08f,7a6b7fa0,ff473fa6,68f49bdc,b8738423,c5ec569d,701f66ff
3ec27a0b	39694c69,04d90142
03ec8006	a4f1a6c6,358e4e85,6ba51265,424a544a
3ec9b9a9	b8d3ec3d,f5ff1be2,efe3034b
3eca9a0a	b8d3ec3d,f5ff1be2,efe3034b,086ffea6,336cd9ee,37cacd47
3ecf2a3a	0e4ce0f5,f4277649,b1635265
3ed02a71	39694c69
3ed17529	39694c69,53536c60,ed4381f2,a43458d9,1c93d9d3,f5216bcf,c602a40d,ae8834fb,91fa17ab,111e88f1,89f6f8a5,4ebd1bb2,4b8a0cef,d89abf3a,7c564be4,fcf1f8c5,472143bf,81d269f1,445ee13f,4bfb77d1
3ed58544	39694c69,39049bf6,b4209218
3edd33c6	c58f8c02,04c0a361
3ee4bd99	52ce7370
3ee8aa56	52ce7370
3ef1bf2d	52ce7370
3ef24b10	39694c69,53536c60,ed4381f2,a43458d9,1c93d9d3,f5216bcf,c602a40d
3ef46fae	52ce7370
3ef7b983	39694c69,ce9086e5,ed4381f2
3ef8c2c4	321325f3,b9dd9aed,4531f10f,9b9d91b2,68541758,02314f4f,3679b4d1,17208f5f,a0fab7b9,63c907ba,5357901c,4defd1e3,44e5ab80,9b7588d6,c0e141f1,2b21f79c,4fc6aa3f,25ad34f6,bda34482,58b8215b,89d31d85,046b973a,139b3fc0,6b5e640b,5e51d004,5b8ff6df,4b9b8199,10dd1ea2,1a688710,583f4b78,050b3068,a9a2bd0f,00c9aeb0,b19e9ad5,c2c841b9,534bc4c8,73c9637c,32ad3fd6
3f030492	52ce7370
3f077329	4497a02c,9c0300b1
3f078ef9	c52ad410,efa7f489,b6f3e815
3f0b5f6e	52ce7370
3f0ffbbc	bedd91a7,6d1d43cc
3f10d10a	39694c69,49001f7f
03f16b6c	52ce7370
3f215285	39694c69,62cb1106,b6a7fa6d,201ac969
3f228c7e	b98484f7,747f9cb2,41cbd5c5,30db6a85,b55ac702
3f22dec3	39694c69,53536c60,ed4381f2,a43458d9,1c93d9d3,f5216bcf,c602a40d
3f25c9ce	8e7b6f79,908c1738,e2ebaeae,02bc242a
3f25c9e5	39694c69
3f3135f5	39694c69
3f341627	ef10b158,ef10b158,c0c00b74
3f356d76	b8d3ec3d,f5ff1be2,efe3034b,0128fb17,7811e163
3f3819fb	1e187c8f
3f49804c	9a9d5b6e,de9ad6e8,ff57ae25,17514af7,b4051c9b,46f901a3,10cfe746,1b7a6123,52d66f94,a15eecdf,4f4d4631,ef16a8ea,70c38432,ce8dd872,5003f2ce,eed5e9a4,35a01022
3f4a197f	39694c69,3485907e
3f4a3a48	9deb246d
3f53787d	39694c69,f93b7ad5,96b5162f,7f880865,27cca8c2,8df62134,572fc984,af403d4d,dddbd028,4b971e6b
3f61b871	07967bc2
3f6406c9	39694c69,e2efb716,626732f5,e2314bd3,87f00764,ef4c1064,1cac8b5b,e4059e62,234a0a79,c3c175ca,641bc762,b5a19389
3f6bc510	6524e329
3f6cb72c	7eefa621
3f6cc445	52ce7370
3f77a0fe	52ce7370
3f78455e	bcf6bc33,fc5542a4,cc9d7b39,4aa0b06f,e45516bb,e6d2e171,73a3f5db,6d2c033c,3adae2af
3f79044b	52ce7370
3f7c79e6	52ce7370
3f7f3643	52ce7370
3f804d7f	39694c69
3f82fae3	877a7caa,e07c549c
3f85c647	4497a02c,9c0300b1,f4e08ea1,ca686334
3f860db3	ef10b158,74ef00bd,a716390a
3f87475d	5e5322a8
3f8acf09	8e7b6f79,908c1738,e2ebaeae,02bc242a
3f8bca1d	55f51b22,688fbadb
3f8cd109	52ce7370
3f8e2042	52ce7370
3f8f5ca5	bcf6bc33
3f97997f	943717a3,282c097a,2e5abee9,d6390cd8
03f98996	073da0b3
3f9932c4	52ce7370
3f9a71d3	96cf2af0,c902b7d9,0b48e481,d025bb47,38e07240
3f9f5af0	a4f1a6c6,358e4e85,6ba51265,424a544a
3fa48c5a	52ce7370
3fa932d0	e6a60fb3
3faa3862	4497a02c,9c0300b1,411582c1,f80f0860
3fb321f1	39694c69,53536c60,ed4381f2,a43458d9,1c93d9d3,f5216bcf,c602a40d
3fb3c1cf	39694c69,53536c60,ed4381f2,a43458d9,1c93d9d3,f5216bcf,c602a40d,ae8834fb,91fa17ab,111e88f1,89f6f8a5,4ebd1bb2,4b8a0cef,d89abf3a,7c564be4,fcf1f8c5,472143bf
3fb7585e	39694c69,adb1e32d
3fbc139c	52ce7370
3fbdbbf7	39694c69,53536c60,ed4381f2,a43458d9,1c93d9d3
3fbdc1ff	52ce7370
03fc56a9	0a77aa6a
3fc7ca41	bcf6bc33
3fce8d10	39694c69,53536c60,ed4381f2,a43458d9,1c93d9d3,f5216bcf
3fd0932b	39694c69,de5cbb69,292ced30,1cded8c1
3fd0e621	ec0b0efa,b2300410,dbef156c,8391b13e,60e2cddb
3fd1afa4	1e3e50e1
3fd26439	2d3cfc11,00adec32,8e1c264f,912df7a2,137cbeb3,44a1bc0b,ce8d61fb,3adae2af,c9bcb68b
3fd5a334	52ce7370
3fd74029	39694c69
3fd8838a	52ce7370
3fda3ec6	b8d3ec3d,f5ff1be2,efe3034b,6282b804
3fe0bb96	1b4a2ca3,8fda8ef0
3fe62043	52ce7370
3fe97927	52ce7370
3fea256d	4497a02c,9c0300b1,773e3b3b,4fff3f89,2c0b2b59
3fea337a	8fca59f4
3fee7e54	52ce7370
3ff971bf	f1ce94cc,221ef454,939fb443,c3dd61f7,e54e8382,6e748155,68d3a85d,75b0c0cb,3eb895ed
3ffced61	52ce7370
40007303	52ce7370
4001edc6	39694c69
4006c5bb	52ce7370
4007b213	6a5a173a,10760be6,9e31c1bd
400aaa59	39694c69,3485907e
400da974	d3b58a9f,ba008db3,9d1bbc76,be67bbd8
400dc8c6	39694c69,53536c60,ed4381f2,a43458d9,1c93d9d3,f5216bcf,c602a40d,ae8834fb,91fa17ab,111e88f1,89f6f8a5,4ebd1bb2,4b8a0cef,d89abf3a,7c564be4,fcf1f8c5,472143bf,81d269f1,445ee13f,4bfb77d1,604cb8a8,4d525275
40109c07	f16c5faa,b998f50f,ce858e01,67ff786c,1b35cacd
4012d05f	39694c69
40149cbc	bcf6bc33
4015f0ec	39694c69,57d7e3c7
4036eb32	4497a02c,9c0300b1
4037b2ac	497dd112
4039d3e7	52ce7370
403d7ed5	39694c69,53536c60,ed4381f2,a43458d9,1c93d9d3,f5216bcf
403dfbbd	4497a02c,9c0300b1
40416773	8d909566,6bb6ca1f,c1bece0e,314f7f03,6fc28ceb
4045a309	ca473d07
404bfac4	3670800e
40511a07	39694c69,3485907e
405bd04f	39694c69,53536c60
405ca635	54dbcc01
40608cb9	5d1ee636,d8c2bb03,3609cb1d
4060aa41	4497a02c,9c0300b1,8e7b6f79,908c1738,3a14bdab,34e4ccb6,7a464285,3ba3c804,37a4fbe9,4da46ee9,9e9ae9b6,094c8558,94905c06,1b2fe54c
406273a1	94393069,861ab707
4069a24e	d918c1e8
406b704a	39694c69,53536c60,ed4381f2,05ccf0f2,e65fede4
406ef035	39694c69,4aa0b06f,f3882b1c,e1c7e187,a6af2b33,1d158b36
4070907e	39694c69,1e31872e,07396a07,8f8ffad1,3b10517b,f8daa462,3f95e83a,2671c4b8,efddfddd,094be7c5,e4a07187,de6fa1bf,0c3292f3
4072968f	4497a02c,9c0300b1
40775ba3	39694c69,8945f19c,2d1ec89f,86b9f231,eb0a51ca,094ccbe2,00d535d4,71059794
4077ec99	4497a02c,9c0300b1,ed4381f2,a43458d9
4078644a	39694c69,ce484895,00615e3b,21d66c92
40798999	39694c69
407b2a9e	52ce7370
407ce2dd	ae4dd84f,dee65538,affcdacf,e29d39fd,ba8e2177,a8ed54fd,fc5833fa,2adab90d,a9f57785,022993d8,6c40737c
408b23c4	52ce7370
408f419e	397f16be,acebfb6b
408fe3de	bcf6bc33
4093aa92	52ce7370
409829a5	695a3627
4099cb6e	52ce7370
409bb6cb	52ce7370
409cf87b	ba644e2a,dba99a7e,e8ca1dc7,4e9a4327,8ffc6982,d6d6a63f,52b3edee,95bbbf7e,fc958e6a,f5a98fc4,df8cb10f,cf091af2,b6372dcd,baf799f0,14febce6,7971b3d9,5f8ab1a6
40a0dc1c	4497a02c,9c0300b1
40a48f29	b8d3ec3d,f5ff1be2,efe3034b
040a4ae0	39694c69,66e14441
40b1ceac	52ce7370
40b2fa14	52ce7370
40b64003	478593ae,dc4d832e
40b95c59	52ce7370
40c005ac	d87ff9d1,25211e64,7f5bc2b3
40c2123d	39694c69
40c323c6	1f981af5
40c70d2a	52ce7370
40c88f84	52ce7370
40c8bb74	52ce7370
40cbdf90	52ce7370
40ce11b0	45e11a4a
40cfaeb8	d8586ff0
40d41646	39694c69,53536c60
40d514f8	52ce7370
040d5873	627aee2e,6cb9abfe
40d91333	fc958e6a,094c32cc,6c67fca6,d8749bbe,8984bec1,2ab47653,ee68f21c,661cb505,b3012819,eb7d4185,ad4d6215,a06c9227,0b6a5442,31638eda,368d2b37,7c6f1b29,55e21b73,64eba5ad,6375113a,976a2854,f66ec5d7,ebffa010,be1bd19a,00d63b1e
40ed61cd	f59e6083,912df7a2,22521ff3
40ee987f	bcf6bc33
40f0391d	40ff28d5,2632a139,da91d0bb,f77e6829
40f61671	52ce7370
40f92c18	4497a02c,9c0300b1,0dd10c61,1487fca1,2bbc7dfe
40f9f807	4497a02c,9c0300b1
40fb945d	39694c69,53536c60,ed4381f2,a43458d9,1c93d9d3,f5216bcf,c602a40d,ae8834fb,91fa17ab,111e88f1,89f6f8a5,4ebd1bb2,4b8a0cef,d89abf3a,7c564be4,fcf1f8c5,472143bf,81d269f1
0040fbc0	1487fca1,40e50d9d,a1b42c73,86f7f324,a2bbd8e1,2e192aef
4106fd59	bcf6bc33
410b52f5	52ce7370
410b88be	a4f1a6c6,358e4e85,6ba51265,424a544a
004110f0	0535c90b
4111504c	39694c69,29b2f2ad
411326a1	4e302961,72c7a3f8
41151edd	a4f1a6c6,358e4e85,424a544a
4116ac14	52ce7370
411aab1a	52ce7370
411eaf99	bcf6bc33
04121111	69f66c9d,0a1c3778
4128f40a	39694c69
412a2cea	52ce7370
412b80c4	9a9d5b6e
412cdf76	b8d3ec3d,f5ff1be2,efe3034b
412dc6d1	232952ef,efa938d5,b7559080
413018bc	52ce7370
4132e8e4	b8d3ec3d,f5ff1be2,efe3034b,a1f620fd
4137d58b	3f302197,5be5ceb2,e3949798
0413e4ae	bedd91a7,6d1d43cc,4efa80dd
413efc00	a4f1a6c6,358e4e85,6ba51265,424a544a
413f6134	22183874,d74ebeed,b3c768ec,12071db6,3512f1ef
4140a460	8dea8bee
4141a980	156ef672
041430c5	c50fb640,567af4a9,6d1d43cc
41447881	39694c69
4148869e	52ce7370
414f4501	f4981b42,e0fdb83a
4154f5ac	52ce7370
4155a167	39694c69,b23bc503,24e2185d
4156fa58	9bb1e3ac,0e32cc88,c9957633
415abe81	39694c69,97898a4b
415db944	4dc5a5b7,2ae02983
41643273	bcf6bc33
416d5d30	39694c69
0416d817	19df91a3,79bc1aa1,cb7b7504,d454474a,689b5772,c53f71f9,30c7c4c6,58348094,03fb3fd6
416da0fe	52ce7370
0416f04e	39694c69,adb1e32d
417051b8	f7c975fd,52f58c37
041706d6	39694c69,53536c60,ed4381f2,a43458d9,1c93d9d3,f5216bcf,c602a40d,ae8834fb,91fa17ab,111e88f1,89f6f8a5,4ebd1bb2,4b8a0cef,d89abf3a,7c564be4,fcf1f8c5,472143bf,81d269f1,445ee13f,4bfb77d1
41713594	52ce7370
41718093	39694c69,53536c60,ed4381f2,a43458d9,1c93d9d3,f5216bcf,c602a40d,ae8834fb,91fa17ab,111e88f1,89f6f8a5,4ebd1bb2,4b8a0cef,d89abf3a,7c564be4,fcf1f8c5,472143bf,81d269f1,445ee13f,4bfb77d1,604cb8a8,4d525275,1b332a89,10fded56,f2564478,2fd57652,8aab7e64,65bd861b,e51224df,0b3b3b39,66359d4f,f6b0f1c0,708fd580,034d5002,09237912,50a41601,76cbe174,fc9e0f04,93be621a,5d5733ad,cd9c73df,94b05d44,9762d059,405d4257,950270d7,702e331c,70823eaa,daf56fb3,060f8f36,bb1a29f4,56638432
4175298c	52ce7370
417ef043	ef10b158,9e8b9262
4184d7bb	5b43b7cd
41879a8d	52ce7370
4189758a	b8d3ec3d,f5ff1be2,efe3034b
418b4117	4497a02c,f1551f13
418bbf24	2b841a22,200dd57b,fcb927e0,95ca86bd,b8bc3e40,b77b561e,7dfacc0f
418c7b33	52ce7370
418c91dd	4497a02c,9c0300b1,476810e3,9cdd48c5,dd254f13,1b0f807c
41913b6e	17514af7,2adab90d
4192364a	7449d87a,ccb1cc5e,ffb68300,43810e74,d33e76ce,2bbbdf7c
419640b4	569aeac3,0c6023ee,fd8c731e
4196d5b9	bcf6bc33
4196ee87	52ce7370
41989da1	52ce7370
419a9891	39694c69
419b4242	39694c69
41a737ef	75ed7522,0841f576,a1583547,9bf001f8
41a7b186	39694c69,5fe33987,82f8c3aa,1740afba,38e07240,9e1df916
41ac5292	465660fd,037b0239,c040e307
41ae26c9	6aab8701,3d2965fe,f700be48,ac01d818,21921953,c9f99f61
41b0ad5f	4497a02c,9c0300b1,ed4381f2,a43458d9
41b16d64	dee65538,b72d2da1,67de93e1,b9a9bd3a
41b35899	b8d3ec3d,f5ff1be2,efe3034b,26d821e9
41b3e38d	52ce7370
41b45b42	0f5d5760
41b757a1	52ce7370
41b8e0f4	b8d3ec3d,f5ff1be2,efe3034b,912df7a2,0bff4f6f
41bb332c	7516c613,bb68f6c7
41c440ee	285b6a71,e52c962a,1890d5bc,e2ebaeae
41cd5ebc	39694c69,f93b7ad5,96b5162f,7f880865,27cca8c2,8df62134,572fc984,af403d4d,dddbd028,4b971e6b
041d2fad	e50beb22,b664d91b,1b8f8e96,322b3b7a
41d40f7d	d45b96ea,bb841338,00a412ed,e9faf01c,466d7535
41d70ae3	238d21bc
41d71261	67051935
41d7314f	4497a02c,9c0300b1,5fc0aae4
0041d955	5fc0aae4,74077bc9,fa21dc6c
41dc164f	a4f1a6c6,358e4e85,6ba51265,424a544a
41e1edb0	52ce7370
41e383ff	f9c7d119,ba73d99b,f4cfd99a,8a156dfb,8ede9e0a
41e4aa98	c52ad410,d641ae43
41eb750b	52ce7370
41ef5d46	2f2f9be4,31f1b425,8961b78c,95bbbf7e,e3b7bfec
41f106c5	39694c69,459bcb18
41f48e14	639c7070,ef46bbd3,cb433269,c2c12970,fb5ceec8,4f83e98d
41f494e2	ef5095c4
41f63b5c	4497a02c,9c0300b1
41fc6d45	4497a02c,9c0300b1
41fd9848	b43ddb43
41fdcc78	4497a02c,9c0300b1
4200ad6a	3997d843
420727f6	39694c69
42098f4e	bcf6bc33
420ccb19	b8d3ec3d,f5ff1be2,efe3034b,acc1a857
4213f1f1	2c09a09a
422366f6	4497a02c,9c0300b1
42237bf3	39694c69,c7fb2350
4226f495	4497a02c,53536c60
422aa8bb	52ce7370
422c8dd5	39694c69,53536c60
423941f3	a4f1a6c6,358e4e85,6ba51265,424a544a
423efc33	f1a98eb7
423efef1	ead95069,8fe6ba4c,3ffba769,c7ee12a3,936aa727,7859e0e7,fb2ef81c,6c3f336f,a2040b82,43b98709,6ca00721,154018e4
423f6001	569aeac3,0c6023ee,fd8c731e
4241e0cd	b8d3ec3d,f5ff1be2,efe3034b
424295b5	39694c69,53536c60,ed4381f2,a43458d9,1c93d9d3,f5216bcf,c602a40d,ae8834fb,91fa17ab,111e88f1,89f6f8a5,4ebd1bb2
42430e2b	39694c69,7a57a332,8f52fae3,3cc21fd3,a9f57785,3255fd4a
4244d43a	a4f1a6c6,358e4e85,6ba51265,424a544a
4246b556	a4f1a6c6,358e4e85,6ba51265,e69f7baf,c1b71575
4254e52c	5db7b8ed,2ea5f1fa
425c1427	4497a02c,53536c60
425ccffa	de9ad6e8,44b3f04d,5a1baca8,ccd1ba02,a599f130,7aaa58b2,8a9ad649,7e7583be,ebcb0686,11d1a11b,fcafb73b,d7b29210,403108d6,6690db6d,db7586d0,5d4fe7eb,676d4635,f13e94a5,6078574c,1af1f054
426115e8	52ce7370
4265feca	891f40ab,fa490b2f,a599f130,f326e188,4fac1fad,c72a0413,3ea44440,dbb99df1,3db87d28,71059794,f6efa65a,c2eca729
426a8ea1	39694c69,53536c60,bc42d6e2,af2eb919,b5359c66
426cca1a	a8aceca4,56acba55,6ff6b61e,458b1862,fb9eecc9,ed9bfc62,de9a258d,ca0d6226,fe1c0197,5625206e,32475e87,d5842808,bbb879b4,07967bc2,dee65538,f430468c,aea15b87,403e3f51,59c6afb0,aed714ef,94a71ffc,0ef21922
427263ff	ac47c21c,fa0312c5,21c6ab86
42729ff6	a48a311e,c9957633
4278879c	4497a02c,9c0300b1,f4e08ea1,86f7f324,d47d41ea,b0f62f5c,6fa2a372
427ceea8	52ce7370
42842f26	b8d3ec3d,f5ff1be2,efe3034b
42856aa0	52ce7370
428747b9	7e07433c,f8983bca
42887a88	52ce7370
428acaf1	52ce7370
428d31dd	82d55d94,695a3627
42914139	9debfb41,a533f992,075d4eb8
042a50b3	48326463,6491921a,c724f2ac,7244fae4,481050cb,0c607cc3
42a55351	5db7b8ed,604b1944,68def41c,baec5d3e,04c2bef6
42b2f19e	4497a02c,9c0300b1,7a464285
42b609b4	f1f267f9,c250256f
42ba2110	fd8c731e
42bde85f	a4f1a6c6,358e4e85,6ba51265,424a544a
042c0f9f	b8d3ec3d,f5ff1be2,efe3034b,8c0635f7
42c38e00	39694c69,f93b7ad5,96b5162f,7f880865,27cca8c2,8df62134,572fc984,af403d4d,dddbd028,4b971e6b
42c7e2c9	a4f1a6c6,358e4e85,6ba51265,424a544a
42cc9032	b8d3ec3d,f5ff1be2,efe3034b
42ce6714	39694c69,562bbc0a
42ceb09a	a4f1a6c6,358e4e85,6ba51265,424a544a
42d1e0f6	ede44e83,de118265
42d30694	39694c69,f93b7ad5,96b5162f,7f880865,27cca8c2,8df62134,572fc984,af403d4d,dddbd028,4b971e6b
42d842be	52ce7370
42e026f7	39694c69,d918c1e8,862f06eb,b5a2afe3,79ee55de,83eb2441,6f6d291a,ce27b20a,23fd24e8,de5cbb69,d028f1a9,35f35a62,f34fddaf,fa4ffca2,2a670239
42e1215c	3d2965fe,4e1a6a78,9cc21fbc
42e14db1	39694c69,53536c60,ed4381f2,a43458d9,1c93d9d3,f5216bcf,c602a40d,ae8834fb,91fa17ab,111e88f1,89f6f8a5,4ebd1bb2,4b8a0cef,d89abf3a,7c564be4,fcf1f8c5,472143bf,81d269f1,445ee13f,4bfb77d1,604cb8a8,4d525275,1b332a89,10fded56,f2564478,2fd57652,8aab7e64,65bd861b,e51224df,0b3b3b39,66359d4f,f6b0f1c0,708fd580,034d5002,09237912
42f67065	4497a02c,53536c60
42f72714	52ce7370
42f8a40e	639c7070,ef46bbd3,cb433269
42fa1434	7eefa621,d11ba606
42fa7fae	bcf6bc33
42fbd793	52ce7370
42fd6157	f0c690aa,fbc36557,abcba079,d026e0a6,5a869de6,44f516b4,0f9d52c5
42fe50ea	39694c69,53536c60,ed4381f2
4302f25d	39694c69
43085d77	4a288da1
430dd003	52ce7370
4310b8fb	52ce7370
4312ada9	b8d3ec3d,f5ff1be2,efe3034b,137cbeb3
4314381b	4497a02c,9c0300b1,908c1738,a3453d76
43148235	39694c69
43175f3e	b0706ebf,65077366,9cf558ef,ce97cd9e,4b4e2125
431894e2	832ea81b,ca5c6878,64fc642d
0431c41f	c718a6a1
431d27c0	4497a02c,9c0300b1
431f9d3b	2113ce38,0d75535b,37313dad,212e835f,4269bb4a,efa938d5
4328f3f3	52ce7370
43295512	39694c69,a4714e4c
432c4ebe	912df7a2,d8dc9a53
0432f499	4eacf831,304cfb1a,a2d1401e,429fe0a0,9031a6c5,edb06294,fbb3f8c4,b21fe34b
0432fc25	52ce7370
43305c2e	a9a38e68,6fabfe49
4330beab	4497a02c,9c0300b1,dbc62715
4333e818	4497a02c,53536c60
4339b472	52ce7370
433d1118	4497a02c,9c0300b1
433da92e	52ce7370
433edf7a	a616d4d9
4340667b	52ce7370
43420502	ceca809a
4342bb84	b8d3ec3d,f5ff1be2,efe3034b
4342e672	ca425289,1b4a2ca3,8fda8ef0
0434613f	b8d3ec3d,f5ff1be2,efe3034b
4348066a	a4f1a6c6,358e4e85,6ba51265,424a544a
43486976	2c20d971,42c7c05e,c8f5b6b1,f3226fc5,3f5b00d3
43492b91	c52ad410,fb629045,69dfb8ce,9bdeb816,46747927,bb1385a4,f28dae3e,bd0ae48d,622e64d2,fa780c10,9d52a066,096e3c87,96060714,20a21f36,736dc35d,b24a475a,8acda39c,e7209a65,673faebb,732baa56,1a2c86d0,f5d3bc9d,2081284d,54b81a97,13003f6e
434cb266	39694c69,53536c60,ed4381f2,a43458d9,1c93d9d3,f5216bcf,c602a40d
434cd324	b8d3ec3d,f5ff1be2,efe3034b
435421e3	58aea222
43577108	52ce7370
4358243b	52ce7370
435ba556	3f19cae6,36765160
435d15b2	52ce7370
4363fadf	1fcea4c1,5c9cd185,993fec2f
4364b0d3	39694c69
43681cb6	52ce7370
43696799	52ce7370
436c9a6a	52ce7370
4376a2a4	39694c69
437bddd8	19df91a3,79bc1aa1,b7ab8c7b
4380cdd5	1b5a30c0
4380cef4	bcf6bc33
43843cba	52ce7370
43871781	c52ad410,5db7b8ed,e6853c95
4387797a	39694c69
0438bcdf	bf017c06
04394619	52ce7370
43976124	52ce7370
4397fc9e	c52ad410,a5f95caf
4398435c	52ce7370
439d0a05	39694c69,53536c60,ed4381f2
439d7e55	1e3bbce9,b83c1deb,8ce21c36
43a05f6e	85db3aa3
43a41bbe	a4f1a6c6,358e4e85,6ba51265,a23a4c9d,2bcf1fa4
43a5f830	39694c69
43a72006	52ce7370
43a9858b	52ce7370
43aa3510	52ce7370
43af46f5	52ce7370
43b0042a	a3c54e13,9fc82936,eb05aa73,62437692
43b14528	52ce7370
43b3deff	bcf6bc33
43b770b8	39694c69,f93b7ad5,96b5162f,7f880865,27cca8c2,8df62134,572fc984,af403d4d,dddbd028,4b971e6b
43ba2b3e	ef10b158,55f6a1e6,024bc393,37ce8b5a,688af5dd,c41098f9,1a22f70c
43ba7716	4497a02c,9c0300b1,2227b105,7245dd55,a9b69beb,be2ea3b0,301bc489,8cef2c2b,43cdcf3b,1ae2e704,2e1a0c37,0c908cda,74ef00bd
43c1015e	57d7e3c7,dd570b4c,fc48e2b8,b2865c4e,0b45ee75,ee14637b,63c6b375
43cf0f75	1b5a30c0,ed827975,0d0571f1,2a5dbd44,afae9b42
43d98512	52ce7370
43dadea4	52ce7370
43dcb0eb	6006e542,6a990665,43565a8d,d74ebeed,d912005b,b361b6eb,a4844210
43ddbffa	39694c69,68e433ec,68b45352,a7b9cb85,73b61c3b,79e2b50e,df77cb09,0d296677,be02253b,9c911a65,2fec7ee5,3f61375a,72c49b5b,55016b69,843f7485
43e268b3	f58e109f
43e2d9e4	7a60e311,5cb50915
43e6475e	39694c69,53536c60
43ebab39	39694c69,53536c60,ed4381f2,a43458d9,1c93d9d3,f5216bcf,c602a40d,ae8834fb,91fa17ab,111e88f1,89f6f8a5,4ebd1bb2,4b8a0cef,d89abf3a,7c564be4,fcf1f8c5,472143bf,81d269f1,445ee13f,4bfb77d1,604cb8a8,4d525275,1b332a89,10fded56,f2564478
43f478ee	52ce7370
043f5cad	a37dd50e,76d24228,130625dc,f549cc98
43f5f8e1	76c64d1b,50c5df5d,b414ea7e
43f6562a	39694c69
43fa2e7b	a4f1a6c6,358e4e85,6ba51265,424a544a
043fe8ab	52ce7370
43fef861	a616d4d9
440254e4	52ce7370
4403e376	1b5a30c0,688fbadb
44057449	2381d6ef,19733972,137cbeb3
4406ce83	9ef4386d,0ddc7eae,062afca0
44089b64	b8d3ec3d,f5ff1be2,efe3034b
44092fb3	4497a02c,9c0300b1,c00c5ba3,a0a68919,a1b42c73
440a637d	52ce7370
440c3ce3	52ce7370
44139d38	52ce7370
4416c9b6	4497a02c,9c0300b1,2dae4962,e3342022,1fcea4c1
4418b949	52ce7370
441bb9fb	b8d3ec3d,f5ff1be2,efe3034b,a43458d9
441c042a	39694c69,53536c60,26bed42b,0091e4f9,1c93d9d3,f5216bcf
44209459	39694c69,53536c60,ed4381f2,a43458d9,1c93d9d3,f5216bcf,c602a40d,ae8834fb,91fa17ab,111e88f1,89f6f8a5,4ebd1bb2,4b8a0cef,d89abf3a,7c564be4,fcf1f8c5,472143bf,81d269f1,445ee13f,4bfb77d1,604cb8a8,4d525275,1b332a89,10fded56,f2564478,2fd57652,8aab7e64,65bd861b,e51224df,0b3b3b39,66359d4f,f6b0f1c0,708fd580,034d5002,09237912,50a41601
44236559	52ce7370
442c7801	39694c69,941fc208,c1613a6b,bdea7e6f
442f6248	52ce7370
4430482f	4497a02c,9c0300b1,ed4381f2,a43458d9
4430672a	52ce7370
443341d7	76497e28,c003b2da,c020205d
44398537	52ce7370
4445bc09	bcf6bc33
4447e142	4497a02c,9c0300b1
444efe13	74077bc9,b3b3f915
04450722	5fc0aae4,da66143b,0035a964,dbbe52bb,9644c862,a804fece
44543147	1abfb05d,6a4f57e3,9283d7bf,91a6c784,ab569de3,7b76f109,9e71cce8
04455ba8	4497a02c,9c0300b1,ed4381f2,a43458d9
44561817	39694c69,f28260fa,b5147fbe,43654dcf,5035166b,65a97898,a993a9e4
445a48b1	e0fdb83a
445a5fab	4497a02c,9c0300b1
445f546d	54dbcc01
4460701c	a4f1a6c6,358e4e85,6ba51265
4465ea96	a4f1a6c6,358e4e85,6ba51265,424a544a
446770d2	dc744c9f,3148748c,4b2c92e9,618e8b7f,80a75195,6460c3f7,6f247cf6,b6fb6fb7,ee79f046,2c8e88d2,fc3b8e40
4471363f	52ce7370
4472bd07	39694c69,a9bea7ac,7e3f4b13,c9e0cb9c,7e4d5ede,5aebf457,fb46a355,c1072412,c594b8b1,d9419d10,a073264e,cb6c61e3,858d5ae8,8484d657,d3e74567,55c31713
44756755	39694c69
44789b4b	a93ac93f
04478e5e	39694c69,53536c60,ed4381f2,a43458d9
447fd2cb	4497a02c,9c0300b1,ed4381f2,a43458d9
4483313f	32508d87,7e4ea976
448efae5	1b5a30c0
448fcc90	21eecc0a
44940fd6	397f16be,998a4e6c
449500f4	4497a02c,9c0300b1,ed4381f2,a43458d9
4496c5d8	52ce7370
4497c5e6	39694c69,53536c60,ed4381f2,a43458d9,1c93d9d3,f5216bcf,c602a40d,f5c4a174,d914f569
4499cc77	52ce7370
449a2557	b8d3ec3d,f5ff1be2,efe3034b,c31c8367,688fbadb,87c91ece
44a2fe46	52ce7370
44acbead	39694c69,08d2e20d,3ca55e4f,fb2eff58
44ad47c1	52ce7370
44b434fe	4497a02c,53536c60
44baf4af	4497a02c,9c0300b1,1d476425
44bdfc2b	39694c69,156ef672
44c1f34a	39694c69,53536c60,ed4381f2,a43458d9,1c93d9d3,f5216bcf,c602a40d,ae8834fb,91fa17ab,111e88f1,89f6f8a5,4ebd1bb2,4b8a0cef,d89abf3a,7c564be4,fcf1f8c5,472143bf,81d269f1,445ee13f,4bfb77d1,604cb8a8,4d525275,1b332a89,10fded56,f2564478,2fd57652,8aab7e64,65bd861b,e51224df,0b3b3b39,66359d4f,f6b0f1c0,708fd580,034d5002,09237912,50a41601,76cbe174,fc9e0f04,93be621a,5d5733ad,cd9c73df,94b05d44,9762d059,405d4257,950270d7,702e331c,70823eaa,daf56fb3,060f8f36,bb1a29f4,56638432,2b438d00,2bd5f7fe,95ee8dfe,d02acf3d,4b14a013,52d6f1b8,b4c59a3a,9c2397c2,6049d326,0aee9e47
44cc2c8b	877502c5
44d3b200	b8d3ec3d,f5ff1be2,efe3034b
44d8ae0f	39694c69
044d9b4f	a4f1a6c6,358e4e85,6ba51265,424a544a
44da26c4	fffdf10d,ad34d230,8cfa8445,88269809,3acf5a4c
44db927e	b8d3ec3d,f5ff1be2,efe3034b,de118265,66a3d100
44dcd334	52ce7370
44de610c	39694c69
44df965c	bcf6bc33
44e41164	52ce7370
44ea73fc	aa598ad1
44eb8e26	52ce7370
44f3c834	4497a02c,9c0300b1
44f4a258	39694c69
44f79a2d	b8d3ec3d,f5ff1be2,efe3034b,64f7d9d1,9eaec247,f478b7d1,962874f6
44fa28e3	a4f1a6c6,358e4e85,6ba51265,424a544a
44fd6b43	52ce7370
44ffed79	52ce7370
4501811a	52ce7370
45038e7c	b8d3ec3d,f5ff1be2,efe3034b,923dcc61,0128fb17,7811e163
450c209c	4497a02c,9c0300b1
450c43dd	201c9338,98a38ccd,883d02d5,3f375689,252a090a,b4115739,d1d92647,0eb064a8,a58ddc83,a576b466,8257e91a,745d9ce7,0fa59edc,5d8b73a7,016fa5e7,48cd762b,78885e16,274aca47,3389102e,05158303
450f476d	bedd91a7,6d1d43cc
451190ac	b6a18211,034a19b4,feaf57a9,9ed6c303,06384150
4511eb0d	75a74016
45120293	39694c69,f93b7ad5,96b5162f,7f880865,27cca8c2,8df62134,572fc984,af403d4d,dddbd028,4b971e6b
4514c74c	639c7070,ef46bbd3,cb433269
4514da36	ef10b158,7eddaefe,e52c962a,8cea5a04,4902292a
451dc0a6	dabba6ad,ca1de45c
451e8d0f	22183874,d74ebeed,b3c768ec,12071db6,3512f1ef
451eae0d	52ce7370
451fe6e4	52ce7370
04521374	0c278c0a,3a41fb98,63028dc8,580a126e,b7f82830,e22e5767,e3189d7c,c7a5e0d1
45263717	39694c69,53536c60,ed4381f2,a43458d9,1c93d9d3,f5216bcf,c602a40d,ae8834fb,91fa17ab,111e88f1,89f6f8a5,4ebd1bb2
452c6fd4	39694c69,53536c60,ed4381f2,a43458d9,1c93d9d3,f5216bcf,c602a40d,ae8834fb,91fa17ab,111e88f1,89f6f8a5,4ebd1bb2,4b8a0cef,d89abf3a,7c564be4,fcf1f8c5,472143bf,81d269f1,445ee13f,4bfb77d1,604cb8a8,4d525275,1b332a89,10fded56,f2564478,2fd57652,8aab7e64,65bd861b,e51224df,0b3b3b39,66359d4f,f6b0f1c0,708fd580,034d5002,09237912,50a41601,76cbe174,fc9e0f04,93be621a,5d5733ad,cd9c73df,94b05d44,9762d059,405d4257,950270d7,702e331c,70823eaa,daf56fb3,060f8f36,bb1a29f4,56638432,2b438d00,2bd5f7fe,95ee8dfe,d02acf3d,4b14a013,52d6f1b8,b4c59a3a,9c2397c2,6049d326,0aee9e47,5917cecc,6ee3cd6f,a3f29c27,a19c769f,e1759237,26d875d0
452cf847	b232b0c1,6cc1a2e4,a599f130
452ef7fd	e1e423f9,199d10f7
45301b93	39694c69,53536c60,ed4381f2,a43458d9,1c93d9d3,f5216bcf,c602a40d,ae8834fb,91fa17ab,111e88f1,89f6f8a5,4ebd1bb2,4b8a0cef,d89abf3a,7c564be4,fcf1f8c5,472143bf,81d269f1,445ee13f,4bfb77d1,604cb8a8,4d525275,1b332a89,10fded56,f2564478,2fd57652,8aab7e64,65bd861b,e51224df,0b3b3b39,66359d4f
45361176	25211e64,dc72bb24
4538aa28	39694c69,f93b7ad5,96b5162f,7f880865,27cca8c2,8df62134,572fc984,af403d4d,dddbd028,4b971e6b
4538b413	52ce7370
453aafac	b8d3ec3d,f5ff1be2,efe3034b
453b6063	4497a02c,57d7e3c7
453c51b2	b8d3ec3d,f5ff1be2,efe3034b,74077bc9
453e1c64	c311c08f
04544b55	54dbcc01,688fbadb
4549613c	52ce7370
0454a74b	3d9acc90
454a8f2d	52ce7370
454cac5e	4497a02c,9c0300b1
454f7710	b8d3ec3d,f5ff1be2,efe3034b,7940cbad,30b95c45
4552b8dd	39694c69,53536c60,cf35768d,3c9f39bb,2ecdbe29,208c362e,8879b18f,11ad5b71
45535d39	52ce7370
4556dabe	c52ad410,75be9d1a,74077bc9,4088cfc2,76329b30
455b1465	39694c69,ac97732d,e4f4f9b0
455b546e	39694c69,53536c60,ed4381f2,a43458d9,1c93d9d3,f5216bcf,c602a40d,ae8834fb,91fa17ab,111e88f1,89f6f8a5,4ebd1bb2,4b8a0cef,d89abf3a,7c564be4,fcf1f8c5,472143bf
455db108	39694c69,e2efb716,626732f5,e2314bd3,87f00764,ef4c1064,1cac8b5b,e4059e62,234a0a79,c3c175ca,641bc762,d454474a,689b5772,c53f71f9,6bdb00af,58348094,cb7b7504,f246c6bf
45691997	39694c69,53536c60,26bed42b,0091e4f9,1c93d9d3,f5216bcf
456d3635	39694c69,363ccde5,3474f0fe,9205cdfb,47c4aa9d,1b1af87e,f3ff41af
457712da	4497a02c,9c0300b1
458078e3	39694c69,53536c60,ed4381f2,a43458d9,1c93d9d3,f5216bcf,c602a40d,ae8834fb,91fa17ab,111e88f1,89f6f8a5,4ebd1bb2,4b8a0cef,d89abf3a,7c564be4,fcf1f8c5,472143bf,81d269f1,445ee13f,4bfb77d1,604cb8a8,4d525275,1b332a89,10fded56,f2564478,2fd57652,8aab7e64,65bd861b,e51224df,0b3b3b39,66359d4f,f6b0f1c0,708fd580,034d5002,09237912,50a41601,76cbe174,fc9e0f04,93be621a,5d5733ad,cd9c73df,94b05d44,9762d059,405d4257,950270d7,702e331c,70823eaa,daf56fb3,060f8f36,bb1a29f4,56638432,2b438d00,2bd5f7fe,95ee8dfe,d02acf3d,4b14a013,52d6f1b8,b4c59a3a,9c2397c2,6049d326,0aee9e47
45890a39	52ce7370
458c6daf	52ce7370
458fffa8	e1b1b327,d14b0aca,c46fdfc1,04980c5b,b77e149f,5931a78b,809615f7,e2909393,1e1dfe49,6fde5381,562ff15d,92b49ea4
4597dee4	bc21024f,c808dd38
459c0826	ed6ce00d,ebce816c,26e32e93
45a00632	2e16f017,302c5d35
45a09532	569aeac3,0c6023ee
45a0beca	1e31872e,1487fca1,e749caa8,651101b2,9ed3134a,fa833fe7,9ce06e6c
45a54b0d	94393069,861ab707
45a7b6e7	acde460f,cdf123f2,2276614c,4a0345e9
45aa9ffa	39694c69
045abf27	e52c962a,6fad5f17,e06ab270,4bcc2bef
45b01341	39694c69,adb1e32d
45b29016	52ce7370
45b865be	156ef672
45b98c6c	bcf6bc33
45bb4f45	1e3bbce9,b83c1deb,8ce21c36,663536d3,c99703cb,5fe61828
45c0c1bc	4497a02c,f1551f13
45c94a09	4497a02c,f1551f13
45d33756	94393069,1c52cfb2
45d41209	f447fe90,81f88b9a
45d42f7a	8141c44f
45d65d59	4497a02c,9c0300b1
45e12a59	25faefc3
45f1cb0f	52ce7370
45f4e2fb	a4f1a6c6,358e4e85,6ba51265,424a544a
45fb2b0f	f3e2c004,c11b67e2,7b9401c8,776d1ecd
4605bf16	874a17af
46074d92	5d7530f4,577d2601
460c00b5	39694c69,53536c60
460fad1e	94393069,861ab707
461262b9	a4f1a6c6,358e4e85,6ba51265,424a544a
4614f21e	7bed9343,521a41f3,7ed3a671,e7a4f603,b292931a,35898d50,b5b2675c,53967102,16a81a67,dbc62715,d6f768a5,affc8b16
46159b2b	4497a02c,9c0300b1,f3cd97a3,80578a10,6d2c033c,7810b97c,6e8fdb43,f4428d5b
4616d3c6	1b5a30c0,87b13b63
4617231e	156ef672
46206a48	de118265,523c8ecb,b749f2ce,2b36b77e,2a5a76c7,74ef00bd
4621c51d	d6475102,975d58b2
4626689f	b8d3ec3d,f5ff1be2,efe3034b,5dfae434
46271682	52ce7370
462cd050	25faf13f,06bfd558
462fa8df	52ce7370
46302598	4497a02c,9c0300b1,ed4381f2,a43458d9
46312265	52ce7370
46324eea	39694c69,97898a4b
46339b8d	39694c69,57d7e3c7,1e40a268
4635c9dc	8b46b142,3f5e9cd0,ba39a2f0
4636bf28	4497a02c,9c0300b1
463b331a	52ce7370
463b8ab9	a4f1a6c6,358e4e85,6ba51265,424a544a
46417b32	569aeac3,0c6023ee,fd8c731e
46428ddb	156ef672
4642bde4	39694c69,73b61c3b,5bc49c91,de5cbb69,839194fa
4647f5c6	39694c69,93e5aa03,a8bda540,5196d02e
4648488e	52ce7370
464ebfda	cfbdc21e,05339865,3c524fb5
4651b3a2	de171b22,840f09ea,d2cf16c3,7f1b1502,95432295
465491df	bf40ee9d,ad608d96
4656d37d	0e2b4cd4,4d37b622,dd26cb07,45e91bc7,0faf9dfc,de116924
46583770	39694c69,0a2ac1f9
4658d8de	39694c69,53536c60,ed4381f2,a43458d9,1c93d9d3
46599c81	52ce7370
0465a1a3	4497a02c,9c0300b1
465c73dc	39694c69,f93b7ad5,96b5162f,7f880865,27cca8c2,8df62134,572fc984,af403d4d,dddbd028,4b971e6b
465e0a27	52ce7370
04662b10	39694c69,0535c90b
466313da	c8f15fac
466ad75c	0ce48bc4
466c453b	4497a02c,9c0300b1
466cc704	4497a02c,9c0300b1
466fab22	3296fc12,5e580707,d4e0dd4d,92202a7e,688c3481,03fcd3a3
4672749f	52ce7370
4673a001	39694c69
4673a666	4497a02c,9c0300b1,cb952221,4d185cde,289123b8
46741caf	52ce7370
467c732c	39694c69,3485907e
468096eb	ae946810,df9da826
4681c15e	a599f130,52fb0e7d,b495247d,888f90b9,03244065,e56d0729,f3485a21
0468a320	52ce7370
468f6966	0f501fe3,5806a42f,8da31f9f,4f048219
46928c4b	f22bd71f,d5eebe52
046956b5	52ce7370
4696630c	52ce7370
469b8250	5db7b8ed,d4e2e9e9,aff9e3d7,217e74d6,cd16a18a
469c7463	2d967d21,c878a7d1,84ff3980
469ce8a8	52ce7370
46a0b876	52ce7370
46a20100	39694c69,53536c60
46ab30c7	4497a02c,9c0300b1,360c2f1e,2a1915f6
46ad9ac9	39694c69,53536c60
46adb274	4497a02c,f1551f13
046aef90	52ce7370
46b25143	52ce7370
46baf331	39694c69
046bc7f3	ef10b158,3ef3f2ec
46bcb501	39694c69,156ef672
46bdc47e	52ce7370
46bf88cd	a4f1a6c6,358e4e85,b7a0eada,99b8e741,424a544a
46c79d3c	bcf6bc33
46c849a9	39694c69,4dda861c,f5638694,5d0ca336,006c72b3,b447686b
46ca6942	52ce7370
46cae9eb	7eefa621,6d5d1e1a,5a19e848,2d1cda47,ee9d6056,515f8f3d,5f0c25ee,9bd7d725
46cfef86	0eb6c91a,3d674b81,59242a3d,c19fa37a,16fc9dee,6394b053
46d1b62c	39694c69
46d46f1d	2654077b,d16f2be2
46d4a0f0	39694c69,53536c60
46d6713b	4497a02c,9c0300b1,483259fc,10ed8483,787a8a48,48e9204b
46d6dc10	8e7b6f79,908c1738,b35e23e5,81c602cf,3aaa7791
46dea40a	cdb711ae,b1678508,68843633,90b59b15,163cd9e3,a3296a6e,16046db9,e21ba2d6,eb7e6220
46e1f625	8613306d,da1b2bdd,293802f9,42d537df
46e77df6	4497a02c,673e06ec
46e85545	9debfb41,9ae643e0
46ea39bf	39694c69,156ef672
46ecd602	b8d3ec3d,f5ff1be2,efe3034b
046ee846	52ce7370
46efabf8	341d8e4a
046f2217	acde460f,da9a204d,a1bfade7,3296b1c2,9debfb41,a533f992,00b7f216,beb2c5a4,2ddd4c81
46f37769	39694c69,8bdac7f8
46f65199	4497a02c,9c0300b1,ed4381f2,a43458d9
46fa3741	bcf6bc33
46fc5a1d	52ce7370
046fcc47	39694c69,55667c4f
46fd1685	39694c69,53536c60,ed4381f2,a43458d9,1c93d9d3,f5216bcf,c602a40d,ae8834fb,91fa17ab,111e88f1,89f6f8a5,4ebd1bb2,4b8a0cef,d89abf3a,7c564be4,fcf1f8c5,472143bf,81d269f1,445ee13f,4bfb77d1,604cb8a8,4d525275,1b332a89,10fded56,f2564478,2fd57652,8aab7e64,65bd861b,e51224df,0b3b3b39,66359d4f,f6b0f1c0,708fd580,034d5002,09237912,50a41601,76cbe174,fc9e0f04,93be621a,5d5733ad,cd9c73df,94b05d44,9762d059,405d4257,950270d7,702e331c,70823eaa,daf56fb3,060f8f36,bb1a29f4,56638432,2b438d00,2bd5f7fe,95ee8dfe,d02acf3d,4b14a013,52d6f1b8,b4c59a3a,9c2397c2,6049d326,0aee9e47,5917cecc,6ee3cd6f,a3f29c27,a19c769f,e1759237,26d875d0,a6f8571a,537df9d7,c200c181,3c1b2601,184e2362,b58c4b95,906164f9,b6394a5d,364ef38a,bfbc3131,9a3d6880,2df3b4fa,acb06c15,9068b149,8f7cac60,b56d9714,862f6f6f,3c733797,8a7aa776,93df5feb,98adf974,6449cdda,d7ccd848,5c662a54,726c2c55,3d034923,4f2692d2,26f469a5,76309fab,81acff2d,dfdfb862,e4a0a063,b94bf80f,b3d640f1,923fff04,5a13cec6,4c99bf36,a8ba8984,013c3efa,4f5d2801,468df202,5ee16a49,7a269d91,951e2b43,32b2970e,ddffe738,1ded4f5e,7855c475,5b3e7333,f6194067,9ead75f1,050ba956,4aee3322,522eee1c,f7bff4f4,2c26e48b,2b55ab18,dd9df0df,73327df2,2e75793e,faed2e70,56e2f38d,d4cdacfa,b75124e9,a493683e,71a98d1c,dd71f8a2,c450a93c,421e42cc,804b328a,d6c03889,398d69b1,93028229,da64f69b,43e41f6f,fb4a61ab,e89814ce,cdd03d8f,f6cd5ee2,de009e09,e0adb87e,1cb615d8,359a069c,413127a8,51095af7,65b680f4,7ded2dda,103ae0f7,d17b0c2c,0fb80ddd,029325f6,ca6f569b,0565bd25,67dc2823,ff48c2ad,9252394f
4700df53	7fab9790,f7084405,459a82a9
470169f6	a4f1a6c6,358e4e85,6ba51265,424a544a
470410e4	52ce7370
4705f47c	4497a02c,53536c60
470944d7	3d689abd,6863eef3,d74ebeed
4709c0a0	52ce7370
4709c49c	39694c69
470e15c1	2671c4b8,8484d657,d3e74567,87c91ece,a3e53183,4f3876cf,55c31713,141a9f59,f041f9b3,e11ba21c,841718b0
470e9c75	bcf6bc33
471087be	de76bdbc
471e13d9	7337b46f,804a1ca3,45cb65ce
47205cf8	25211e64,e72c95ba
47258c08	94393069,861ab707
4725fff8	4497a02c,f1551f13
4728b668	7506a8c7,ab813ece
472e694d	39694c69,fb6e0a53,dd3ff2d0
472fd591	ad8ca820
4730680f	4497a02c,f1551f13
473171f0	a4f1a6c6,358e4e85,6ba51265
47337e35	52ce7370
0473541a	09275ffa,0c7f6d66,68131d73,029d502b,219d8602,5a869de6,c3a00f72,05986c49,d026e0a6,5f276fe2,73858f24,44f516b4,911b2ad3
04737bcc	4497a02c,9c0300b1
473c2b3e	52ce7370
473d5190	f447fe90
474109b5	39694c69,adb1e32d
4741d63c	b8d3ec3d,f5ff1be2,efe3034b,a5802738
47489c76	b8d3ec3d,f5ff1be2,efe3034b,5ad85b72
474ae8b1	52ce7370
474e21b2	2b95a925,69fcb0d1,0cdeb3a2,93697ef3
4758c0e3	a4f1a6c6,358e4e85,6ba51265,424a544a
47637b8b	b6626cb8
47674ac9	b8d3ec3d,f5ff1be2,efe3034b,0128fb17
47677619	e5982106
4769333f	52ce7370
476cc2f1	152e9eec,7d59d9b8,6519f22c,ab78b87d,39572fa0,9449ec6c
476e3622	24f98c12
4772a206	b8d3ec3d,f5ff1be2,efe3034b,e078e9dc
477b6be4	cbaece38,16d07f55,08bdc2fa,0cb68005,fa97ee42,9d96eec6,b2fc3a8f,372fb430,f511a64d,d625c72c,edcddf81,3ed8a0d1,29ab83b5,3df1993f,27dad7cf,947f90b7,d86f2515,ca9a1737,33bfae05,09e18dca,2ff13788
477bc990	39694c69,68e67615
477da459	397f16be,6ffaee0c
47806c4d	39694c69
47828d10	b8d3ec3d,f5ff1be2,efe3034b
478364aa	acde460f,56acba55,eb5986ae,483259fc,75bf245e,6ee56503
4785ab93	52ce7370
478a05f6	52ce7370
478acd06	19df91a3,79bc1aa1,cb7b7504,d454474a,689b5772,c53f71f9,30c7c4c6,58348094,948a7fa3,b2a14d25
478b6a45	bcf6bc33
479633fa	52ce7370
4796a7d6	52ce7370
479b25c7	afcf1d96,3b389bb6
47a08d9c	a4f1a6c6,358e4e85,6ba51265,424a544a
47a11558	39694c69
47a4237d	39694c69,53536c60,ed4381f2,a43458d9,1c93d9d3,f5216bcf,c602a40d,ae8834fb,91fa17ab,111e88f1,89f6f8a5,4ebd1bb2,4b8a0cef,d89abf3a,7c564be4,fcf1f8c5,472143bf,81d269f1,445ee13f,4bfb77d1,604cb8a8,4d525275,1b332a89,10fded56,f2564478,2fd57652,8aab7e64,65bd861b,e51224df,0b3b3b39,66359d4f,f6b0f1c0,708fd580,034d5002,09237912,50a41601,76cbe174,fc9e0f04,93be621a,5d5733ad,cd9c73df,94b05d44,9762d059,405d4257,950270d7,702e331c,70823eaa,daf56fb3,060f8f36,bb1a29f4,56638432,2b438d00,2bd5f7fe,95ee8dfe,d02acf3d,4b14a013,52d6f1b8,b4c59a3a,9c2397c2,6049d326,0aee9e47,5917cecc,6ee3cd6f,a3f29c27,a19c769f,e1759237,26d875d0,a6f8571a,537df9d7,c200c181,3c1b2601,184e2362,b58c4b95,906164f9,b6394a5d,364ef38a,bfbc3131,9a3d6880,2df3b4fa,acb06c15,9068b149,8f7cac60,b56d9714,862f6f6f,3c733797,8a7aa776,93df5feb,98adf974,6449cdda,d7ccd848,5c662a54,726c2c55,3d034923,4f2692d2,26f469a5,76309fab,81acff2d,dfdfb862,e4a0a063,b94bf80f,b3d640f1
47a5b81c	52ce7370
47a78693	9911a201,d07a570b,eb5af877
47a7d656	52ce7370
47ac400c	39694c69,53536c60,26bed42b,0091e4f9,1c93d9d3,f5216bcf
047add7d	bec7a0aa,bdc9b661,7df11746,2b868960,003661f2
047b0505	39694c69,53536c60,e15fb3a5
47b2339f	861ab707
47b5e831	dba0e5f8,6c4cff1d
47b64af8	bedd91a7,6d1d43cc,4efa80dd
47c1de41	b2457bea,db62caf9,b664d91b,3e1731ee,55469a81
47c5d124	b8d3ec3d,f5ff1be2,efe3034b
47c5e2e9	4497a02c,f1551f13
47c79571	67de93e1,cd6128bd,14fb3594,1fac4cb7
47cb0b92	52ce7370
47cfc9c0	d6064273,1812dfc6
47d0d63f	b8d3ec3d,f5ff1be2,efe3034b,137cbeb3,466b824c
47db4a70	cd64af58,fdbc22a6,5aa4564a
47db73e3	52ce7370
47e3738d	c52ad410,3102c1b7,2f964129,91cfcff2
47e64451	52ce7370
47e65b54	aec4271f,0b6d14b8,cde00639,f314ef80,2f83422f,beef8ad3,a52e1c91,af1b9347,a17fea6e,ca4f8cc3,8ba2f554,abfce522,7cbec21c,f2e3e143,f2cfa392,d4bd38c6,74001e08,fbedaac7,df119223,98070d62,f66e5653,b651f6b5,f15edf8c,faf02057,e251faab,333d2709,1899efc1,65684a58,64e772c1,d18ea2d5,6b8e629b,1a34b603,9e38dc42,474e02fd,67ffc594,fb5ff273,02384d34,491e0f67,66a31bf8,5e124183,48080df8,6793ca8d,d200583e,5cab5c6c,fd216c14,1c7dfbbd,5cfc2dd6,2cd83c64,60bcad42,04dc21d9,ec5ced4d,f235b5b5,307e81ad
47e6acbd	87c91ece,b48f1bf1
47f03109	39694c69
047f10a4	52ce7370
47f55ccd	bcf6bc33
47ff0c9d	bcf6bc33
48069d61	b8d3ec3d,f5ff1be2,efe3034b
48073a2d	695a3627
4808c17b	52ce7370
4808c6a8	52ce7370
480ca271	fb7536f8,6d2c033c
480d98cc	39694c69,f93b7ad5,96b5162f,7f880865,27cca8c2,8df62134,572fc984,af403d4d,dddbd028,4b971e6b
048178a0	39694c69,8cabb380
48194147	4497a02c,f1551f13
48213fcb	f2499755,7b398c5f
4826fa59	bcf6bc33
48285632	52ce7370
482c2ec4	822a17f6,1b6d0780
482d56a0	39694c69,53536c60,ed4381f2,a43458d9,1c93d9d3,f5216bcf,c602a40d,ae8834fb,91fa17ab,111e88f1,89f6f8a5,4ebd1bb2,4b8a0cef,d89abf3a,7c564be4,fcf1f8c5,472143bf,81d269f1
483359e5	2113ce38,0d75535b,37313dad,212e835f,4269bb4a,efa938d5
48378346	39694c69
483ca924	2113ce38,0d75535b,37313dad,212e835f,4269bb4a,efa938d5
483d8f8a	4497a02c,9c0300b1
4845b465	63a587b4,962be987
48509373	bcf6bc33
48517780	fe3bc2b9,4f5e0787,695a3627
48519c3a	39694c69
48534b86	b8d3ec3d,f5ff1be2,efe3034b
485eb826	b8d3ec3d,f5ff1be2,efe3034b
485ed2f0	f8b2ad76,af3d4ffe,8c6222d0
4861f608	5fc0aae4
4866c8f6	b32a3ac3,b92e437a
0486a1b3	bedd91a7,6d1d43cc
486b92b9	52ce7370
486f4357	b8d3ec3d,f5ff1be2,efe3034b
487866f4	bcf6bc33,acd31101,1db70eeb
487d5e70	4497a02c,9c0300b1
487de49e	4497a02c,9c0300b1
487e37cf	52ce7370
4882174d	9249d364,7b0a3f76,b5ad62e7
48823d7a	37ee36cd,bef418b5
4883c3c4	39694c69,53536c60,ed4381f2,a43458d9
48845ec7	39694c69
48849e8f	9deb246d
048851a6	52ce7370
04888000	e0fdb83a,7901a4ba
488a6bed	51764901,f505e807,84c6f594
488c6105	82273c54
488cbdfe	9b1b1576
489010d5	c415d935,2bea68f9,1ec35a4c,65390ef7
48914d7e	4497a02c,9c0300b1
4891eb28	e1b6082d,5a869de6,840f09ea
04896dda	d068dcd5,b0000daa,aa7d368e
48991cf7	52ce7370
48992ac3	52ce7370
48992c5a	a4f1a6c6,358e4e85,6ba51265,424a544a
489e169a	39694c69,53536c60,ed4381f2,a43458d9,1c93d9d3,f5216bcf,c602a40d,ae8834fb,91fa17ab,111e88f1,89f6f8a5,4ebd1bb2,4b8a0cef,d89abf3a,7c564be4,fcf1f8c5,472143bf,81d269f1,445ee13f,4bfb77d1,604cb8a8,4d525275,1b332a89,10fded56,f2564478,2fd57652,8aab7e64,65bd861b,e51224df,0b3b3b39,66359d4f,f6b0f1c0,708fd580,034d5002,09237912,50a41601,76cbe174,fc9e0f04,93be621a,5d5733ad
489fa9a1	52ce7370
48a0e1b9	341d8e4a
48a2d2b3	19122902,0fd38bca
48a432c1	39694c69,53536c60,ed4381f2
48a4e041	39694c69,2724536b
048a7e9f	4497a02c,9c0300b1
48ac4c18	a4f1a6c6,358e4e85,6ba51265
48ad742e	39694c69,53536c60,ed4381f2,a43458d9,1c93d9d3,f5216bcf
48b38c39	39694c69,3485907e
48b755b7	4497a02c,9c0300b1
048bcba2	54dbcc01
48bf8ce2	63cea036,6966f037,69c81eb0,63a587b4
48c2b5ed	39694c69
48c4700d	e0fdb83a,ec497eb7
48c5e891	94393069,861ab707
48cbb473	4497a02c,9c0300b1,216302dd
48cbcdc0	39694c69
48ccb223	4497a02c,e4c0f55c
48cf03c3	94393069,861ab707
048d02d9	acf08892,c1155b78,2ec16522,a599f130
48d1083a	39694c69,2724536b,db9d332f,30cb7cbb,0012b1ea,df0c89e5
48d74104	c311c08f,f7a97e39,c30b4e22,fefc3c17,62452f26
48db6290	4497a02c,f1551f13
48dce118	1e3bbce9,b83c1deb,8ce21c36,6314a891,f921af79
48dd024a	bcf6bc33
48dd1f2a	39694c69
48de01b3	76c64d1b,a5c0c06b
48de8d0d	39694c69,53536c60,ed4381f2,a43458d9,1c93d9d3
48e0cec3	52ce7370
48e17049	52ce7370
48e656db	39694c69,922843fa,edd64f3f,de5cbb69,fa136a6e
48ea2782	52ce7370
048eb30d	2113ce38,0d75535b,37313dad,212e835f,4269bb4a,efa938d5
48eb5800	52ce7370
48ed66fe	39694c69,5167dfba,f6003ed1,ca1de45c,bd46d14d,c20846eb
48ef188c	4497a02c,9c0300b1
48f0ef7a	39694c69,53536c60,ed4381f2
48fae25e	52ce7370
49023554	55f51b22,b3ad168a,617a2b84,7e07433c,b6d863db,b36a883e,1bff09bc,4a9a0618,947fd894,08435c60,3824f5c0,066119e4,ec4f52b0,8a6e69b0,09523d00,53383ca9,6f7120ed,e711c8b2,3270856b,a1067b0e,980ae4fc,690cf5f7,b9a34812,04b384fd,20b3ebe8,869790d2,6bd682d1,78d2c3ab,664b3c6f,52efa414,5e55333f,ea8d3146,9df0d21c,2bdedc49,fb4edece,4649a4ed,30de499e,ebf94fff,62a0f594,64986ff0,5675086e,918b770a,9ced063b,2331fce2,429119e7,68627bd2,e6652934
4903909d	52ce7370
49048875	b1c0b0bb
4904d313	998a4e6c,f41e2de7
4909434c	39694c69,c4c189b9
490ac34a	52ce7370
490d9541	52ce7370
49116b15	0a61b828,90be21f6
49156873	39694c69,fad3cb3f,bc17c873
49159e1e	09708169
4919240a	39694c69,cc1ed2cf,7ac7e711,e966fdc7,e9cc97e6,9ca83823,c68773b6,8398bddf
4919ec9b	39694c69,07eee7e7
491d1396	ef10b158,875dd7e9,955d3f51
4923c619	52ce7370
04926d95	b8d3ec3d,f5ff1be2,efe3034b
492900aa	dc5cd9d6,ba36a6bd,0e243135,60ecdd4b,6c60d535,ca3557b2,d3cda700
492a66e3	22183874,d74ebeed,b3c768ec,12071db6,3512f1ef
492dc44c	52ce7370
492f3fae	32508d87
492f9cc3	52ce7370
4930742a	39694c69,53536c60,ed4381f2,a43458d9,1c93d9d3,f5216bcf,c602a40d,ae8834fb,91fa17ab,111e88f1,89f6f8a5,4ebd1bb2,4b8a0cef
4932d2ca	19df91a3,79bc1aa1,b5a19389,0e79d61a,a033f406
493568f5	52ce7370
4936288a	b8d3ec3d,f5ff1be2,efe3034b,62380f38,d17730bc
493a6b9d	4497a02c,53536c60
493bf595	52ce7370
493cd084	39694c69
493d4e7f	a4f1a6c6,358e4e85,6ba51265,424a544a
493f89e0	efa938d5
493f8db0	602af3f9,3559d62e,b819007b,4173d078,fce66a25,ad0d2554
49404e90	52ce7370
4947d53e	bcf6bc33
4949b563	bcf6bc33
494fa8c4	7cffdece,134450ca
495031ba	52ce7370
495146a3	4497a02c,9c0300b1,ed4381f2,a43458d9
4952913e	52ce7370
4953050e	39694c69
495bde92	52ce7370
495d62c5	81087d73
495dbc27	a4f1a6c6,358e4e85,6ba51265,424a544a
495df99a	4497a02c,53536c60
49662540	39694c69
4968ddd8	deaf4133,7d618bf6,a904cd2a,fbedc0a0,928626cc,20e66fc5,88f5ec72,344df8f4
49695c63	39694c69,e9f77cc4
496c607c	c6619eb9,e2a5ade4,16dace8c
496c7b4b	94393069,861ab707
49742b27	4497a02c,9c0300b1
4975831e	a8aceca4,b19df49d,cc34eb98,779083cd,d19d4164,c8c51e7f,78eaccc8
0497a0e8	52ce7370
497a744c	52ce7370
497b4f0d	52ce7370
497c6300	ff2decb8,d16f2be2,0d456de2
497e97e8	52ce7370
0498136e	e0fdb83a,8b3f3e74,48fe4803,243c5f31,c8385bd2,e6d8c6ed
498d60d1	d7e4b771,48757f6b,b51869f6,7d84496c,d40d967d
49921d16	52ce7370
499a0ea7	d918c1e8
499eb0d6	bedd91a7,6d1d43cc
49a795f4	bcf6bc33
49a7c887	bcf6bc33
49a875ed	c26ad7ec,d15ed12e,01b68fad,f6091de9,62af5e39,0632a0f7,cf944ce8,83506b09
49ae2f3c	39694c69,53536c60
49b10307	07967bc2,3c50f8e2,24b1ea7f,26249e20,59d746cf,b74fe983
49b6d8cc	90661977,927d875e
49b6f400	465b95d4,f3c8bfe4
49b848a5	52ce7370
49b89a2f	39694c69,ba4faaed
49b95994	b8d3ec3d,f5ff1be2,efe3034b,999f3d25
49bb8a4f	321325f3,596cbb44,5a7a7b33,d2acad90,a5660373,35fe54cc
049bd7ea	39694c69,3485907e
49c1c9e0	39694c69
49c2d37d	94393069,861ab707
49c5a434	39694c69,82273c54,da0deda5,109279ae,ff4ee59c,223d627a,eab3c5bf,c7121f30,3333e0d9,a5475426,31609214,a39b9ffb,73bf48e9,c5c96ac4,2402edaa,c4b62b42,b312c9ae,2b498348,2ac582b6,b1e3dae6,df8cb10f,c9e9df8c,13acaee6,b1beede3,466d7535,311e04b5,977aae91,badd114e,52dcdb2c,ef1490d8,fae4520e,3f93dd16,f3fb973b,b32cb2f8,6c65b68f,ea4bdb43,0ba8f177,27a0f417,2272cad7,bcc5ea12,9813dbd8,f80e5ce2,d0d87b0f,71fd4e90,16facd2e,a25ce84e,66a6bf40,d552a2c4,723faa5d,0c5999d3,13799edd,e4389bd7,430bc704,c0a43f37,6fa7e225,facf5e17,003d169f,bf81f6cd,9367913d,fed352dd,667c54f2,d47e09d6
49d5a3c6	a4f1a6c6,358e4e85,6ba51265,424a544a
049db114	52ce7370
49db13bd	4497a02c
49dd44d8	52ce7370
49df2415	39694c69,53536c60,ed4381f2,a43458d9,1c93d9d3
49df65a6	94393069,dbb52a9a,a9dc15b9,551203e0,e3e599b2,1b0f8ef5
049e0e4e	a4f1a6c6,358e4e85,6ba51265,424a544a
49e21b97	52ce7370
49e55289	1b5a30c0,3ecbed40
049ef76e	bb47f345,f175ba5d,0b4c8d96,a96b1527
49f0f1df	7106be07,e799c7ae,3bb2bb70
49f4e6ae	52ce7370
49f5108e	39694c69,53536c60,ed4381f2,a43458d9,1c93d9d3,f5216bcf,c602a40d,ae8834fb,91fa17ab,111e88f1,89f6f8a5,4ebd1bb2,4b8a0cef,d89abf3a,7c564be4,fcf1f8c5,472143bf,81d269f1,445ee13f,4bfb77d1,604cb8a8,4d525275,1b332a89
49f5c54b	85c07c3a
49f91d98	4497a02c,9c0300b1
49fcfbfe	39694c69
49fe96f1	483259fc,9b7c4bf0,9ba352bd,c55de769,99e0ce74,e82ec154
49ff61d9	39694c69
4a049985	e0fdb83a
4a093640	52ce7370
4a09533a	209de72a,2b1939ed,4fc3d7ea,f708d387,602af3f9
4a0a7df6	39694c69,53536c60
4a0bfa02	52ce7370
4a0dc490	39694c69
04a1c07d	ef10b158,18402cee
4a1d484c	52ce7370
4a1ecbaa	a4f1a6c6,358e4e85,6ba51265,424a544a
4a21be91	39694c69,53536c60,ed4381f2,a43458d9
04a22e5c	52ce7370
4a266d3e	39694c69,33da6c5f
04a26743	39694c69,53536c60,ed4381f2,a43458d9,1c93d9d3,f5216bcf,c602a40d,ae8834fb
4a26b7a3	52ce7370
4a2bf39e	4497a02c,9c0300b1,8e7b6f79,9f595148
4a43feaa	341d8e4a
4a4b4959	52ce7370
4a4d5a36	126315cb
4a4f0b10	4c7b93e2,3110d6fd,ee425796,f54277f4,ee0f1896,19f90a0c,3c1fefd7
4a51d4fb	c407fa56,c7e122aa,a60e69c4,f687ad40,ebeb33b2,590c31a4,c7a815ca,b384fe12,241d18cb,a7615c59,ab6ac032,0bb51647,c203bf0a,29eb1525,1a9301b2,c5ab091a,6064607b,4ea150e4
4a56cd6d	39694c69,53536c60,ed4381f2,53734952,c68032a0,41f15876,55142cb3
4a5eca39	39694c69,5fc0aae4
4a60e745	2db184ea,8d6edbc5
4a626513	b8d3ec3d,f5ff1be2,efe3034b,74077bc9
4a673c8c	1e3bbce9,b83c1deb,8ce21c36,5d0e7cc7
4a6b833f	4497a02c,9c0300b1,ed4381f2
4a6b8884	52ce7370
4a6cfe85	048afc9f,fde1dbde,a93ac93f
4a722ed6	39694c69
4a7808b3	52ce7370
4a7f088f	52ce7370
04a82e52	c52ad410,7117dd34,4300ec1b,ad37638a,336da7a3,6fe0ad4c,e5f028fa,7e941a1d,97967917,faca9387,1ee38f23,b4bd6d17,6453f358,a79d323c,b4e14518,5ef6ed8a
4a8326c5	52ce7370
4a87b594	39694c69
4a8e6c06	52ce7370
4a90a5a2	012dbe79,89f2b327
4a922734	4497a02c,9c0300b1,c6742209,1537c9b3,1487fca1,2bbc7dfe,74628f1d
04a949b2	52ce7370
4a97fbef	39694c69,2724536b
4a99fd26	39694c69,53536c60
4aa1095e	e0fdb83a,21fdfdba,3ecc4c33
4aa46a3d	39694c69,53536c60,ed4381f2,a43458d9,3f0ec06f,418a9b0b
4aa80c53	52ce7370
4aa9869a	94393069,861ab707
4aae6946	c8f5b6b1
04ab1e90	52ce7370
4ab47487	acde460f,e52c962a
4ab52459	fd05d678,5db7b8ed
4ab5eff0	a4f1a6c6,358e4e85,6ba51265,424a544a
4abac068	39694c69
4abfe147	094a1738,4d1a8e87,04980c5b,f62ef368,405910ff,674d8268,fcd11ed0,50051705,fefda31f,715bc06b,4d971442,395d1c6c,d41c4f0d,07991fb7,05fd331d,66d27819,cf44f2de,a4017d41,308e77bd
4ac1b76c	75a41912,34a8aa3f,7b2cfbd2
4ac7b071	ef10b158,f3db2c84
4acf0252	39694c69
4ad11872	4497a02c,9c0300b1,3ca3a5e8
4ad22683	4497a02c,9c0300b1
4ad2c4da	39694c69,cea2a49e
4ad4f106	bcf6bc33
4ad732ab	9a9d5b6e
4ad9af79	a4f1a6c6,358e4e85,6ba51265
4adacf9a	52ce7370
4adb9b3c	0ba5f4d3,9ee0f530
4adcbcbc	8141c44f
4adef575	4497a02c,9c0300b1
4ae51b37	52ce7370
4ae529dc	17634055,16ec1a76
4aea9be9	52ce7370
04aede7d	a4f1a6c6,358e4e85,6ba51265,424a544a
4aef9599	9d3f7bf1,c9d46e69
004aefa9	52ce7370
4af359af	7ce7dc19,ae4b582b,4283270e,793baf3e,232952ef,f47b3813,353482f2,e3d43f96,f861c4f4
4af64432	a4f1a6c6,358e4e85,6ba51265,424a544a
4af86dc7	a243c57d,17b1c36a,9935e516
4aff17bc	39694c69,53536c60
4b0366d9	39694c69,7f408241
4b0e5475	39694c69,0a994518,c27a3c8b,794996eb
4b0f195b	316e6b49,0c27cd53,9fcb6d5b
4b108fcf	38b50b93
4b111c7b	52ce7370
4b11bdd0	b8d3ec3d,f5ff1be2,efe3034b,d101d782
4b15f699	012dbe79,a316fe77,7f4422ac,6d1d931a
4b190fbe	73bf48e9,e81b5065
4b1e3dd4	43068c57,4c384454
4b1f28a1	ef10b158,f3db2c84
04b217bc	5d326fa1
04b27483	c52ad410,5163e2fb,dcabbbb8,ff479c65,e91f6917,5551bcd4,f4d4436e,c020205d,a441a922
4b295968	695a3627
4b2d4580	4497a02c,9c0300b1,d8093c1f,6d2c033c,94ce9a3d
4b2fb92c	4497a02c,f1551f13
4b32549f	4497a02c,9c0300b1,e52c962a,ba9926b7
4b334f06	a4f1a6c6,358e4e85,6ba51265,424a544a
4b373c08	39694c69,f20b05d8,9e31c1bd
4b456647	98809b75,9241cf66,5767360d,74077bc9,718d1a02
4b4b0707	817221f9,16ec1a76,fcd5b19e
4b4ef2f9	52ce7370
4b51ae45	39694c69,53536c60,ed4381f2,a43458d9,1c93d9d3,f5216bcf
4b557b4e	b8d3ec3d,f5ff1be2,efe3034b,6f26faae
4b59b916	39694c69,bf5e738b,a8ac80bc,87b10783,d6a87ac3,4678ace4,e4924f87,3816eeca,bed6b9cf
4b637cdf	955d3f51,e07c6ad8,d3ab2785,4b370940,5c01e659,ff42830d
4b63bed1	4497a02c,9c0300b1
4b65073d	569aeac3,0c6023ee,fd8c731e
4b6598f2	126315cb
4b6c8911	52ce7370
4b6da7ed	4497a02c,9c0300b1
4b6f8b8f	39694c69,a39f7ff8
4b72db1d	39694c69,53536c60,ed4381f2,a43458d9,1c93d9d3,f5216bcf,c602a40d,ae8834fb,91fa17ab,111e88f1,89f6f8a5,4ebd1bb2,4b8a0cef,d89abf3a
4b745fb3	52ce7370
4b7537cc	52ce7370
4b7869fa	ccd78d9e,88d760a7,b63b087f
4b824ad3	9a9d5b6e
4b82dda2	39694c69,3485907e
4b881866	52ce7370
4b88af24	a4f1a6c6,358e4e85,6ba51265,424a544a
04b8ec30	bcf6bc33
4b9179b5	8c4600f1
004b922b	52ce7370
4b981d16	39694c69,53536c60,ed4381f2,a43458d9,1c93d9d3
4b995633	7af12e77,ce8b714f,9c49f038,40d2dd6e
4b9a85db	52ce7370
4b9b91d3	4497a02c,9c0300b1
4b9d64a2	52ce7370
4b9f7847	4497a02c,9c0300b1,ed4381f2
4ba0875e	52ce7370
4ba2c8a2	ede44e83,e52c962a,d025bb47,38e07240
04ba2cb1	a4f1a6c6,358e4e85,6ba51265,424a544a
4ba72226	b8d3ec3d,f5ff1be2,efe3034b,0dd10c61,9316832d,de118265
04ba7e76	52ce7370
4baa5216	a4f1a6c6,358e4e85,6ba51265,424a544a
4baacb8f	39694c69,53536c60,3ed40a6e,a43458d9,f651ad91
4bb336a8	94393069,861ab707
4bb58e49	52ce7370
4bb7dec7	39694c69,97c3ead5,b5d035f2,c444f449,cf67f126,2a8e49e3
4bbc385f	39694c69,53536c60,74077bc9
4bc532b2	39694c69,53536c60,ed4381f2,a43458d9,1c93d9d3,f5216bcf,c602a40d,ae8834fb
4bc79b79	0fffa62c,5c091dd9,35f823b0,15d2d40c,a25ce84e,311e04b5,4ee4c39c,ab38b883,f5455c2c,8f4aa16a,65c3c26c,6c4a8fb4
4bc98f88	52ce7370
4bcc9a46	52ce7370
4bce080f	e15fb3a5,e357827b,b704e95a,a93393f0
4bce471a	52ce7370
04bd0826	52ce7370
4bd8ccf6	ad0b3844,0dd10c61,698420c3
4be3b450	39694c69
4be69620	ee765979,012dbe79
4be6d492	1c2573a8,f860c07b,593e060f,72535377,efced673,089e234e,724202be,e297be33,8a38bc7f,95fdda21,405910ff,2335cf43,0a6a6aea
4be6ea22	a4f1a6c6,358e4e85,6ba51265,424a544a
4bea0c72	7849c577,f02166e9,861ab707
4bea1134	52ce7370
4bee854d	52ce7370
4bef6a8b	9a179418,ad7e2c38,41c34ae8,a3cf82a1,1c0fedbf,a5d4a753,f82e1df5,eff80439,00d7c44b
4bf23c6c	4497a02c,9c0300b1
4bf26c08	bcf6bc33
4bf8ca87	4497a02c,9c0300b1,6d2c033c,7af8296f
4bfe37fb	3f19cae6,36765160
4c02625c	0126098a
4c0b45f5	e0fdb83a
4c0d8eee	4497a02c,53536c60
4c0dada4	2113ce38,0d75535b,37313dad,212e835f,4269bb4a,efa938d5
4c103e56	948b068a,2bff179e
4c18be6e	bcf6bc33
4c2196c4	52ce7370
4c21f36c	52ce7370
4c30ac57	07967bc2
4c32bf38	52ce7370
4c39de27	bcf6bc33
04c3a97a	4497a02c,9c0300b1,50f5b102,f4e08ea1,2141a805,86f7f324,b60feade
4c3bd503	39694c69,0fdaca91,d028f1a9,efa938d5
4c408b30	5591ae49,5a1550e4,342013a5
4c430b40	4497a02c,9c0300b1,7cb7e944
4c4b3916	948b068a,2bff179e
4c4c37ae	8945f19c
4c4cdf0f	39694c69,2724536b
4c5b1ff5	52ce7370
4c5ba4b2	39694c69,9ea6ecc3
4c5cc41f	adfa4e8b
4c5f33c8	39694c69,f3610a3c,87094c1e,15dd369b
4c62592a	52ce7370
4c64600f	4497a02c,9c0300b1,ed4381f2,a43458d9
4c655b2d	52ce7370
4c68ccdc	39694c69,53536c60,ed4381f2,a43458d9,1c93d9d3,f5216bcf,c602a40d,ae8834fb,91fa17ab,111e88f1,89f6f8a5,4ebd1bb2,4b8a0cef,d89abf3a,7c564be4,fcf1f8c5
4c6be3e9	52ce7370
4c6dd178	a4f1a6c6,358e4e85,6ba51265,424a544a
4c6fe64f	b8d3ec3d,f5ff1be2,efe3034b
4c72b894	a85a3eff,a70b9af3
4c755285	52ce7370
4c762585	52ce7370
4c7bbdcd	156ef672
4c814a6e	52ce7370
4c8246ec	52ce7370
4c828694	b8d3ec3d,f5ff1be2,efe3034b,c58f8c02
4c860307	bedd91a7,6d1d43cc
4c91f9f2	72e1d238,26dc17ff,173a9483
4c9ee89a	a4f1a6c6,358e4e85,6ba51265,424a544a
4c9fd8e9	a4f1a6c6,358e4e85,6ba51265,424a544a
4ca01f3a	39694c69,df8cb10f,900a278e,bbfbe789,96ec4d55,61c3e46f,976bf775,a49fd5a7,9d38fa3c,430bc704,a5475426,a9892e80
4ca863bf	39694c69,711b6bf4
4caee961	39694c69
4cb60464	8ce21c36
4cb6f70e	4497a02c,9c0300b1
4cb84c7e	126315cb
4cbbeef7	52ce7370
4cbf1a98	39694c69,32309279
4cbf6ea4	52ce7370
4cc0c46b	a4f1a6c6,358e4e85,6ba51265
4cc28e73	39694c69,53536c60
4cc7a53c	fa9230da,df6dd538,b70e0cec,bb10c371,c0925e63,d1ce0040,0e33f292,c9685eda,20b5d228,e5c89e40
4ccc3d1f	bcf6bc33,0564ccc6,ae343d70
4cce3d3e	f1a98eb7
4ccf0dd6	156ef672
4cd29690	39694c69
4cd53277	321325f3,13265da3
4cdcf4aa	6d2c033c,50555948
4cdf0355	52ce7370
4ced6937	0309d1f3
4cf14414	8539c8f0,c18eb8c7,d941bca9,ce6327ed
4cf8469e	52ce7370
4cf8ca90	bcf6bc33
4cfc1581	52ce7370
4d0dbb38	304cfb1a
4d102d1f	3296fc12,5e580707,d4e0dd4d,92202a7e,688c3481,03fcd3a3
4d156fde	52ce7370
4d165f0b	39694c69,80cfad8c
4d1af4a1	4497a02c,53536c60
4d28c868	39694c69,53536c60,ed4381f2,a43458d9,1c93d9d3,f5216bcf,c602a40d,ae8834fb,91fa17ab,111e88f1,89f6f8a5,4ebd1bb2,4b8a0cef,d89abf3a,7c564be4,fcf1f8c5,472143bf,81d269f1,445ee13f,4bfb77d1,604cb8a8,4d525275,1b332a89,10fded56,f2564478,2fd57652,8aab7e64,65bd861b,e51224df,0b3b3b39,66359d4f,f6b0f1c0,708fd580,034d5002,09237912,50a41601,76cbe174,fc9e0f04,93be621a,5d5733ad,cd9c73df,94b05d44,9762d059,405d4257,950270d7,702e331c,70823eaa,daf56fb3,060f8f36,bb1a29f4,56638432,2b438d00,2bd5f7fe,95ee8dfe,afa849ae
4d2989b7	39694c69,43ae01b3,2c24bc35,8afec838,ff848074
4d2ac2df	4497a02c,9c0300b1
4d2e1a20	39694c69
4d2e3785	52ce7370
4d2e3b14	2ab47653
4d2e4657	52ce7370
4d32c5c5	acde460f,579785b2
4d333156	eb5d4893
4d33d680	b8d3ec3d,f5ff1be2,efe3034b,e540e967
4d37df35	52ce7370
4d3bdaf2	39694c69,82273c54,da0deda5,109279ae,ff4ee59c,223d627a,eab3c5bf,c7121f30,3333e0d9,a5475426,31609214,a39b9ffb
4d3ce7eb	52ce7370
4d404422	52ce7370
4d443c05	4497a02c,53536c60
4d48059d	c9cd11db
4d4cbe06	b8d3ec3d,f5ff1be2,efe3034b,e2e99fda
4d54f06c	4497a02c,9c0300b1
4d566c5c	52ce7370
4d56956e	39694c69,53536c60,3ed40a6e,a43458d9,f651ad91
4d57f758	52ce7370
4d5bbafd	39694c69
4d5c475d	2f9e01ad,c38201db,912a07bb,49e0e19b
4d61e8ff	984c3250
4d642f81	39694c69
4d6d820c	52ce7370
4d6f592c	52ce7370
4d740040	569aeac3,0c6023ee,fd8c731e
4d7771af	39694c69,b9fd9fff
4d781f72	4497a02c,9c0300b1
4d7c4c86	52ce7370
4d7df990	52ce7370
4d83b3a5	0c256430
4d86ddcf	1b5a30c0,695a3627
4d8ab34e	a4f1a6c6,358e4e85,6ba51265,424a544a
4d91fdc7	39694c69,53536c60
4d9a2c66	52ce7370
4d9b0ffb	569aeac3,0c6023ee,fd8c731e
4da09c80	5fc0aae4,b02aa637,4209fff0,3c17b22c,206d6590,5192afec,4a5f27c3,29503cc8
4da21759	52ce7370
4da2d243	4497a02c,9c0300b1
4da33950	52ce7370
4da3e111	b8d3ec3d,f5ff1be2,efe3034b,5a2e29b4
4da89041	52ce7370
04daaccd	de5cbb69
4dadbb6f	52ce7370
4db7825c	bcf6bc33
4db9e553	c52ad410,efa938d5
4db9f2d5	52ce7370
4dbbf534	9a9d5b6e,42df8589,2aefc6d0,c627a918,f0669b24,d1c4a112,30e7374a
4dbcb207	52ce7370
4dc20a8b	aa598ad1
4dc9a83c	bedd91a7,6d1d43cc
4dcaefe6	7df536f7,eb68d525
4dcfff38	bcf6bc33
4dd3b7ef	a973b0a6
4dd3f4fd	39694c69
4dd6401e	35cbadd2,328a5b75
4dd891e4	52ce7370
4dd9f059	52ce7370
4de8c105	52ce7370
4dea862f	39694c69,ef2b4a4b
4df4200f	52ce7370
4df6c8aa	01bb346f,8935823e,96a61a2d,e049b6c1
4df6f4c9	39694c69,3485907e
4df9653a	39694c69
4dfb6764	52ce7370
4e00d9dc	4497a02c,9c0300b1
4e02d825	52ce7370
4e03f4f5	52ce7370
4e052ce6	52ce7370
4e071ad4	4497a02c,53536c60
4e0ec964	a4f1a6c6,358e4e85,6ba51265,424a544a
4e13db86	39694c69,1f5f1e96,82cc69aa,c97299ac,75221bfb
4e14bf46	39694c69
4e179c27	52ce7370
4e1c1133	914eca37,fe20f887,71a5ed70,23021d2a
4e1c29b8	39694c69
4e1fbee5	39694c69
4e211037	d918c1e8
4e21bec2	b8d3ec3d,f5ff1be2,efe3034b
4e234ae8	4497a02c,9c0300b1,0cf770ab,b4d28cd4
4e235051	54dbcc01
4e243e9f	39694c69,08e6c760,750e1d42
04e2d815	52ce7370
4e2f79db	52ce7370
4e314b24	bedd91a7,6d1d43cc,4efa80dd,958dd2f1
4e31fe05	a4f1a6c6,358e4e85,6ba51265,424a544a
4e347180	39694c69,53536c60,ed4381f2,a43458d9,1c93d9d3,f5216bcf,c602a40d,ae8834fb,91fa17ab,111e88f1,89f6f8a5,4ebd1bb2,4b8a0cef,d89abf3a,7c564be4,fcf1f8c5,472143bf,81d269f1,445ee13f,4bfb77d1,604cb8a8,4d525275,1b332a89,10fded56
4e3b0479	52ce7370
4e3ea0e2	f9631b6f
4e44dd31	bcf6bc33
4e47345f	de5cbb69
4e490da5	39694c69
4e4cdb60	380065f9,f81da300,91c51488,e406e24a
4e5321ac	39694c69,53536c60
4e53b5ac	52ce7370
4e5583ba	52ce7370
4e58f547	39694c69,56acba55,c4e1e4f8,9fc82936,9821ebb0,f1c79f89
4e5af481	65fff8d9,16675241,b416f108,ef954553,9ac7b482
4e5ff1fc	1e3bbce9,b83c1deb,8ce21c36
4e6406bf	52ce7370
4e64fc9a	52ce7370
4e6910bf	52ce7370
4e6a669c	9b345d30,132210f8
4e6ae4de	39694c69,2724536b
4e6cabaf	71281cae,22b9b559,8b734b16,fc060e3c
4e6e568c	52ce7370
4e75e19b	b8d3ec3d,f5ff1be2,efe3034b,90135b72
4e7afeaa	c9d81df3,93b719ed
4e8791b7	39694c69
4e898f9f	5fc0aae4,f079c742,7452b382,8b50786c,468f58e7,640f27b0,3a79eead,7d75c4b7,4209fff0,7cfc913b,2714b94e,6f9ab57f,d7d006c2,18d70cb9,9f2cb6a2
4e90c166	39694c69
4e9753da	b8d3ec3d,f5ff1be2,efe3034b
4e99dc69	39694c69,012dbe79,8b8e9cf3,211b5797,4c4ba9ce,10810b9c,65bbad33,6159afa8,8f9460f5
4e9f85da	94393069,861ab707
4ea4b9c6	b8d3ec3d,f5ff1be2,efe3034b
4ea6fe2a	52ce7370
4ea7d065	39694c69,94848f72,192e2ffe
4ea8590b	39694c69,53536c60,ed4381f2,a43458d9,1c93d9d3
4eaba42c	39694c69,53536c60,ed4381f2,a43458d9
4eacd424	39694c69,53536c60,ed4381f2,a43458d9,1c93d9d3,f5216bcf,c602a40d,ae8834fb,91fa17ab,111e88f1,89f6f8a5,4ebd1bb2,4b8a0cef,d89abf3a,7c564be4
4eae4946	94393069,861ab707
4eaf2657	39694c69,d918c1e8,9fc82936
4eb44018	a4f1a6c6,358e4e85,6ba51265,424a544a
4eb60c8b	52ce7370
4eb6fa15	4497a02c,9c0300b1
4ebbd417	52ce7370
4ec24e72	137cbeb3
4ec2d7b8	52ce7370
4ec3c18c	39694c69,1307d452,15923f7a
4ec469dd	4497a02c,9c0300b1
04ec573e	b5922d58
4ec670a7	39694c69,244456d7,7b3c1154,92e8142b
4ec6875e	52ce7370
4ecb8c35	11666f01
4ece2d3a	52ce7370
4ed9c027	a4f1a6c6,358e4e85,6ba51265,424a544a
4eda902f	39694c69,53536c60,ed4381f2,a43458d9
4edc4fca	52ce7370
4ede9038	bedd91a7,6d1d43cc
4ee87762	52ce7370
4eeb1547	39694c69,53536c60,ed4381f2,a43458d9,1c93d9d3,f5216bcf,c602a40d,ae8834fb,91fa17ab,111e88f1,89f6f8a5,4ebd1bb2,4b8a0cef,d89abf3a,7c564be4
4eee12fe	861ab707
4eee14d0	52ce7370
4ef12b22	4497a02c,9c0300b1,5824e193
4ef4d021	4497a02c,9c0300b1,993fec2f
4ef74e8b	b8d3ec3d,f5ff1be2,efe3034b
4ef7651d	df66f299
4efbfb55	39694c69
04efe3c1	39694c69,53536c60
4f073673	52ce7370
4f094ddd	52ce7370
4f099492	52ce7370
4f112a9c	ef10b158,fd7038b0
4f177aca	da83e050
4f182d25	09c3719d,7d40d077,dc39112b,510b031d,e72b845c
4f1ad620	39694c69
4f1f3ce0	39694c69,16455899
4f2e94d0	1f22d997
4f318946	6e64d4cc
4f3245a0	fd00078f,7ca1b85d,9a83e4cc,09e7f96e,817a7af8
4f357cbb	de171b22,8b247c75,1e9c6c66
4f3c87a7	9516ec66,43beb71d
4f3fa39d	731e7061,4148e1df,a51d928c,457e39fa,5fbff196,5b157452,ca425289
4f44e863	4497a02c,f1551f13
4f454c83	52ce7370
4f4590ee	52ce7370
4f4a1c27	4497a02c,9c0300b1
4f4aa1d5	861ab707
4f4f2d56	569aeac3,0c6023ee,fd8c731e
4f5008f8	52ce7370
4f5a1db5	bedd91a7,6d1d43cc
4f5f54b5	855bd593,695a3627
4f60e4cd	39694c69,53536c60,ed4381f2,a43458d9,1c93d9d3,f5216bcf,c602a40d,ae8834fb,91fa17ab
4f614cdc	39694c69
4f62ccea	a4f1a6c6,358e4e85,6ba51265,424a544a
4f6720d9	639c7070,ef46bbd3,cb433269
4f68c0aa	39694c69,3b681ecc,7d400c11
4f6afc8c	adcb8e35,53536c60,ed4381f2,a43458d9,1c93d9d3
4f6b1f5d	39694c69
4f6b391d	07f951b4,a819fba0,fdc432a1,61aa0487,3a1e31e0
4f6f9ac8	61d24cc5,d05e76ab,8f45666a,8e382912,52e2d221,fd71819d,7d97d0bd
4f778cae	f1b02b18
04f7880d	39694c69,0efb1e94
4f78b81e	52ce7370
4f796beb	52ce7370
4f7d08d5	39694c69,53536c60,ed4381f2,a43458d9,1c93d9d3
4f7dafcf	25211e64,616f0884,766b8339,a93ac93f,7ea91199
4f82e49c	4497a02c,9c0300b1
4f8667f1	bb68f6c7
4f8e1af3	4497a02c,9c0300b1
04f92edc	543fe6c4,8d3fee97,e93190af,de3371a0,4d762bb6
4f9574c8	52ce7370
4f969d2b	39694c69
4f96f96b	deeef55b,d279f7cf
4f9a048a	ef10b158,969cea79
4f9fcd2f	39694c69
04fa036f	52ce7370
4fa6ed6a	2b841a22,200dd57b,fcb927e0,95ca86bd,b8bc3e40,b77b561e,0ab2b71e
4fa87918	e3c4e7b7,90fc638a,2bca2f99
4faaef18	39694c69,53536c60,ed4381f2,a43458d9,1c93d9d3,f5216bcf,c602a40d,ae8834fb,91fa17ab,111e88f1,89f6f8a5,4ebd1bb2,4b8a0cef,d89abf3a,7c564be4,fcf1f8c5
4faee0bb	a4f1a6c6,358e4e85,6ba51265,424a544a
4fb2c318	bcf6bc33,fc5542a4,cc9d7b39,79c9bc6b,8ffe071a,bac8d967,f430468c,d6508e80,7aabb148,7e441007,123ed396,a333531c,8426e5eb,1b5c04f8,7f179411,28505f06,a27b1893,d9fd5454
4fb6c44c	39694c69
4fb6cf35	4497a02c,9c0300b1,b0bc756b,671084eb,e7217bb6
4fbbdaac	b8d3ec3d,f5ff1be2,efe3034b
4fbdf5bc	b2fc3a8f,232952ef,e3d43f96,82032c3d
4fc3c502	156ef672
4fc695e4	52ce7370
4fc6fbcb	39694c69
4fc91a24	5db7b8ed
4fd301f0	39694c69,53536c60,ed4381f2,a43458d9,1c93d9d3,f5216bcf,c602a40d,ae8834fb,91fa17ab,111e88f1,89f6f8a5
4fd3fa65	e3f516d5,ff524582
4fded654	39694c69,af77c70d,ed4381f2,a43458d9,1c93d9d3,f5216bcf,e2dc42cb,ef4c1064,050a25d7,234a0a79,c3c175ca,4ebd1bb2,d454474a,689b5772,c53f71f9,6bdb00af,58348094,248e5540
4fe0df25	52ce7370
4fe3fb8c	6a43995c,4d854a77,6955542f,cfda5ff4,a9ccd887
4fe962cd	52ce7370
04feac28	c52ad410,f262325a
4feea32d	39694c69,634e4da1,ca745c85,fd83f26d
4fefb8c6	bcf6bc33
4ff0c36b	bcf6bc33
4ff2285b	6fc8b4c9,7ce1ef38,5161ce00,831157dd,770ca498,841a2a6e
4ff377be	2671c4b8
4ff76ecc	52ce7370
4ffd4ed5	be5e9368
50091af5	57ae6a19,57c11182
5009ec83	4497a02c,53536c60
500aca9e	861ab707
500ad709	52ce7370
050140e8	32508d87,e0d64098
050159a1	fd1ba07f
5017501b	01c6d370,73c9637c,75053d94,ea010588,e863e7a2,47adcb6b,0f40dc2e,addc93f9,86618223
05023bfa	e3311bf1,9bb51bb9,3ed623fb,d79addb0
502eff90	39694c69
50316791	ee154bac,b39c8a8c,00e127ce,1b75b64c,c7c67674,a021511e,dc09303a,2d4b2a1e,b8ccc323,f55d052b,2514510d,7809f5a3
503211f7	52ce7370
5033c9c6	126315cb
503b3163	52ce7370
503cdeea	52ce7370
50406684	4497a02c,9c0300b1
50406f49	4497a02c,9c0300b1,9f90b58d,77c639b7,c015fc4b,5ba4cc33
50485ef3	52ce7370
504df13c	39694c69,f93b7ad5,96b5162f,7f880865,27cca8c2,8df62134,572fc984,af403d4d,dddbd028,4b971e6b
504e1255	f8cf135e,f54fa871,23179655,b6694847,68a79985,17b66136
505231cc	39694c69,53536c60,ed4381f2,a43458d9,1c93d9d3,f5216bcf,c602a40d,ae8834fb
5053390f	b4490cd7,c18b7c5d
505f41d7	87b780aa
5062136b	52ce7370
50651023	39694c69
5067ece0	fb1c468d,f3abbe3f
50687686	52ce7370
506a1961	12dd2445,af2ffc25,d25e7b59
506c3602	2eb9f4cb,de8208a8,be7c4d32,770619fd,a057a56d
506c4219	52ce7370
506cc2e6	52ce7370
506d0f7a	c52ad410,57d7e3c7
506e307c	52ce7370
507078bd	a8aceca4,58ade78b,11177941
50716da3	52ce7370
50744c7b	c52ad410,fb629045,69dfb8ce,9bdeb816,46747927,bb1385a4,f28dae3e,bd0ae48d,622e64d2,fa780c10,9d52a066,096e3c87,96060714,20a21f36,736dc35d,b24a475a,8acda39c,e7209a65,673faebb,732baa56,1a2c86d0,f5d3bc9d,2081284d,f8e2e331,eae1b26d,1ac7d4ee
507705dd	c52ad410,fb629045,69dfb8ce,9bdeb816,46747927,bb1385a4,f28dae3e,bd0ae48d,622e64d2,fa780c10,9d52a066,096e3c87,96060714,20a21f36,736dc35d,b24a475a,8acda39c,e7209a65,673faebb,732baa56,1a2c86d0,f5d3bc9d,2081284d,1a5d75f0
5083fbb6	39694c69,d028f1a9,de5cbb69
508493d3	ef10b158,21fcf8e8
5085e7b5	4497a02c,9c0300b1,6d2c033c,181bd57b,76c64d1b,71059794
5086c045	39694c69,53536c60,26bed42b,0091e4f9,1c93d9d3,f5216bcf
5086ee4e	b8d3ec3d,f5ff1be2,efe3034b
5087993b	4497a02c,9c0300b1
5089150a	623d4c71,c94d3def,db901299,f393936c,f60a03e6,4c5d400b,fc5bdee1,cd7e4cdf,2b5f2178
508961cc	bedd91a7,6d1d43cc
508af6aa	152e9eec,7d59d9b8,6519f22c,ab78b87d,39572fa0,9449ec6c
509a06c1	b8d3ec3d,f5ff1be2,efe3034b,a409f5bc,2bb11bba,42d08275
509c8a69	321325f3
509e5b9e	a4f1a6c6,358e4e85,6ba51265,424a544a
509e681d	a4f1a6c6,358e4e85,6ba51265,424a544a
50a1b641	52ce7370
50ada7ef	39694c69,f93b7ad5,96b5162f,7f880865,27cca8c2,8df62134,572fc984,af403d4d,dddbd028,4b971e6b
50bad846	39694c69,53536c60,ed4381f2,a43458d9,1c93d9d3,f5216bcf,c602a40d,ae8834fb,91fa17ab,111e88f1,89f6f8a5,4ebd1bb2,4b8a0cef,d89abf3a,7c564be4,fcf1f8c5,472143bf,81d269f1,445ee13f,4bfb77d1,604cb8a8,4d525275,1b332a89,10fded56,f2564478,2fd57652,8aab7e64,65bd861b,e51224df,0b3b3b39,66359d4f,f6b0f1c0,708fd580,034d5002,09237912
50cc310c	52ce7370
50ce0e3d	39694c69
050ce5c4	82b9a0af,ef7be9b4,a952729e,4c1899f3,1b38b144,13c2abb7,b268238e,a84eb12b,5938658f,86dc6881,46663379,27294e2a,03cfbc06,ccd934d6,7cfb2877,7bb3a310,ecd609f4,331b5d7b,84e6ba18,18085921,6adbbc24,3f4e7ce4
50ce8725	cbb0a0c9,2f7c6535,48a81497,1b499ac5,fe954795
50cf4577	73554da6,123b7a3a,33a9a5f5,721ff72e,b3fe4080,36f8404a,7da2d5ca
50d40945	83e25c3c,9e84516d,fe5bc17b,64e2e0f9,d7a9a38a
50d7df37	a4f1a6c6,358e4e85,6ba51265,424a544a
50dae708	b8d3ec3d,f5ff1be2,efe3034b,6504e31c
50db8c8f	39694c69
050e0862	4497a02c,9c0300b1,ed4381f2
50e49c85	861ab707
50e737d6	52ce7370
50eea04a	39694c69,b9028ee5,66421051,89725afa
50f3d91c	ceca809a
50f6a2f4	c75f89e3
50fbc7bf	575b3338,4b0540c0,efa938d5
50fbdc27	a4f1a6c6,358e4e85,6ba51265,424a544a
50fd76b2	52ce7370
50feeb70	4eacf831,304cfb1a,34456c54
5100917b	39694c69,53536c60,ed4381f2,a43458d9,1c93d9d3,f5216bcf
5104dc9a	52ce7370
5107821a	9d023671,d3a6b11e
5108b11b	dee65538,29274392
510cb753	52ce7370
5113e135	52ce7370
5118a5bb	bcf6bc33
0511ae18	4497a02c,a236290c,f2c55d2c,ab8f31c8,d8922503
511f447d	94393069,861ab707
5121a17c	38b50b93
512c57a6	b8d3ec3d,f5ff1be2,efe3034b,de118265,87c91ece,c58f8c02,7d9c61ba
512deceb	52ce7370
512e0b69	39694c69,3fdc1ecb
51318467	52ce7370
51369276	2132d628,a8b31b87,df1e068c
513d408f	baf199d9
51409dde	a4f1a6c6,358e4e85,6ba51265,424a544a
51413523	39694c69,2724536b
51429a7b	397f16be,51585aba,5afef579,d48bb3cc,09904d4b,efaa5416
51442c9c	bcf6bc33
5145cd92	39694c69
5146d041	39694c69,53536c60,3ed40a6e,a43458d9,f651ad91
514794d7	837dda49,416fe963
514b5656	f1a98eb7
514ca380	4497a02c,9c0300b1
0515078c	ef10b158,9d6a5098,f590eb64,d7cfa350
515273eb	4497a02c,9c0300b1,2185a077,4a733b64,0229d97a,4e9b2092
51528681	52ce7370
51568669	a4f1a6c6,358e4e85,6ba51265,424a544a
51569b12	52ce7370
51582c7e	bcf6bc33
515c2b08	39694c69
5160223e	39694c69,a93ac93f
5165d0a6	4497a02c,53536c60
5166afa4	39694c69,adb1e32d
51712b62	281d43d8
51782fc8	52ce7370
5182e8bb	52ce7370
518539a8	4497a02c,9c0300b1,6e6dfd79,c6318c62,8e1c264f
518aa5c9	39694c69
518c73b9	39694c69,933a26e3,3c78a50d
0518e1b7	39694c69
518fddbd	86995391
519310dc	b0706ebf,65077366,9cf558ef,ce97cd9e
51944e4d	1c6ac04c,00cae2ca,1cfe7236
5196ebc1	39694c69,53536c60,ed4381f2,a43458d9,1c93d9d3,f5216bcf,c602a40d,ae8834fb,91fa17ab,111e88f1,89f6f8a5,4ebd1bb2,4b8a0cef,d89abf3a,7c564be4,fcf1f8c5,472143bf,81d269f1,445ee13f,4bfb77d1,604cb8a8,4d525275
519d5531	52ce7370
519e9c20	202ec693,7a9de6b6,14ae8a5b,643a191c
51a071bb	32a1f823
51a211cb	94393069,861ab707
51aae3d0	4497a02c,9c0300b1,8e7b6f79,908c1738,058407d5
51ab1c8a	39694c69,81d1c2d1
51b62c62	e52c962a,ba27ce7b,d4917194,e07c549c,a6e6071d,63a881c3,028ee248,8d7a3b50,5ed5c3f8,bf95c0c6,e23fbefd
51b9a718	4497a02c,9c0300b1,3354b2a3,5160c4dc,030666a1,435d2d17,49060fcd
51bbdc1a	52ce7370
51bc77b9	861ab707
51be4082	52ce7370
51c0f55e	52ce7370
51c102c4	8d46d5e1,c4622e3f,931cd8e4
51c1e345	a4f1a6c6,358e4e85,6ba51265,424a544a
51c736d3	156ef672
51c7d6a7	52ce7370
51c86a4d	b8d3ec3d,f5ff1be2,efe3034b
51cc77f0	1e3bbce9,b83c1deb,8ce21c36,f2c1e81a,4de89b1f,9444fe3d
51cc87a6	a4f1a6c6,358e4e85,b7a0eada,99b8e741,424a544a
51cd91e2	94393069,861ab707
51cf0320	52ce7370
51cf8cd9	39694c69,adb1e32d
0051d7f7	0047a60a,d4b6705c,b818887b,b0c9ef51
51d9252b	9ad50217,998a4e6c,924f8da3
51e2c944	52ce7370
51e50d80	b8d3ec3d,f5ff1be2,efe3034b
51e6d8a6	52ce7370
51e7f8f0	52ce7370
51f07720	39694c69
51f31683	a4f1a6c6,358e4e85,6ba51265,424a544a
51f3725d	39694c69,d028f1a9,de5cbb69
51f41e33	39694c69,53536c60,ed4381f2
051f468c	bedd91a7,6d1d43cc
51f49396	94ed7583,2a16d9fb,0c8b057f,0da7d34b,d141418d,a46c12f4,d745b689,2ae02983,683a08fc
51f7a4df	39694c69
51faa070	639c7070,ef46bbd3,cb433269
520094b7	39694c69,53536c60,ed4381f2,a43458d9,1c93d9d3,f5216bcf,c602a40d,ae8834fb,91fa17ab,111e88f1,89f6f8a5,4ebd1bb2,4b8a0cef,d89abf3a,7c564be4,fcf1f8c5,472143bf,81d269f1,445ee13f,4bfb77d1,604cb8a8,4d525275,1b332a89,10fded56,f2564478,2fd57652,8aab7e64,65bd861b,e51224df,0b3b3b39,66359d4f,f6b0f1c0,708fd580
5212e6a3	52ce7370
52172311	90f75f48
521729da	52ce7370
5218cc7a	52ce7370
5219962f	a4f1a6c6,358e4e85,6ba51265,424a544a
522181a5	012dbe79,908c1738,742c3ec9
522212ef	52ce7370
52273e8c	a59db6bd,e6bd3704,bbbd3aab,95a3d84c
522a27e6	bedd91a7,6d1d43cc
0522a6ba	4497a02c,9c0300b1,ed4381f2,a43458d9
522fa3d4	52ce7370
52360f78	4497a02c,9c0300b1,ed4381f2
52366614	39694c69,70280f99
0523751e	4b8e3765,d52e3858
523786b1	39694c69,53536c60
523d898e	ef10b158,f2b38529
523fe81f	22183874,d74ebeed,b3c768ec,12071db6,3512f1ef
52425c23	39694c69,6c435686,cca37d65
5246506c	5fc0aae4,b02aa637,4209fff0,3c17b22c,206d6590,5192afec,af0b7642,3fce6120
524a214f	ef10b158,f3db2c84
0524a39c	52ce7370
524f7f64	9f56bf52,b43c9963,807d19e3
52516c3c	52ce7370
5255748f	39694c69,53536c60,ed4381f2,a43458d9,1c93d9d3,f5216bcf,c602a40d,ae8834fb
525686de	4497a02c,9c0300b1,830e9752
52573460	52ce7370
5257968c	c52ad410,a93ac93f
52585d0e	39694c69,c7fb2350
52602624	07967bc2
52645e0f	f18c4ed4,5a266708,bc1305c7,b619836a,9f19049a,dd95ebc9,712ce7cd,79d66a8f,c50b8034,5fa2cae0,69b00bd6,f36d1793,99ede3f4
52665eea	39694c69,fb90a65d,271d281f,af2b0cb0
52670a20	52ce7370
526af1a4	39694c69
526c0b07	39694c69,cfb0b253,2b2859ce,f651ad91,1751e732
52736ea8	52ce7370
52760513	39694c69,5146e0e1,50c4eb3c,4403615c,98a59da2
5278c8bb	52ce7370
527bdc43	b8d3ec3d,f5ff1be2,efe3034b
527bfaee	52ce7370
527c2bcb	877502c5
5280a657	52ce7370
5284d741	b8d3ec3d,f5ff1be2,efe3034b,0128fb17,7811e163
5286ad0f	d91228f2,a0247ed4,6335ff43,9644c862,a804fece
5286eab3	52ce7370
5287d96d	52ce7370
5289a8c3	39694c69,64d9ff62
528be35e	52ce7370
52985979	098b2b7e,76943535,8378f053,59906ba9,0c058da6,2d434eb0,a0f0201b,14ee2381,7c3d1204,d29e1677,e7c12540,e5e2bd94,4d1cf9cd,b2457bea
529f9bdc	52ce7370
052a317f	a8aceca4,63a587b4,0dedbf84,9af457e6,0db969b6,13a666ac,068ea75a
52a416f9	bdb003d2,776c672c
52a6efd1	abeb9999,a93ac93f
52ac7bcf	52ce7370
52addcfc	c52ad410
52aec7f5	a4f1a6c6,358e4e85,6ba51265
52b709f5	39694c69
52b97195	52ce7370
52bd719b	b3b3f915,1af117ab
52be78ef	39694c69
52bef0e9	94393069,861ab707
52c2bb08	dee65538,0df636ed,f41b5337
52c30af5	52ce7370
52c383cd	52ce7370
52c5e198	52ce7370
052c8fce	52ce7370
52ca0e30	39694c69,35c2602e,7076710d,848681e9,b6ce3d52,69fd367a
52ce3226	955ac90a
52d6495a	39694c69,08eee6c4
52d885e6	39694c69,53536c60,ed4381f2,a43458d9,1c93d9d3,f5216bcf,c602a40d,ae8834fb,91fa17ab,111e88f1,89f6f8a5,4ebd1bb2,4b8a0cef,d89abf3a,7c564be4,fcf1f8c5,472143bf,81d269f1,445ee13f,4bfb77d1,604cb8a8,4d525275
52db0154	5fc0aae4,026cfb3e,1812dfc6
52e0757c	b8d3ec3d,f5ff1be2,efe3034b
52e0da0b	4497a02c,f1551f13
52f1b1d0	7e68ca93,e290f8a4,3baa8c2b,61b2e088,d1ad555f,353ab8db,f1113cca,03d19f8e,e1211228,313810f5
52f3aef1	b7869525
52f4aa1e	52ce7370
52f72a9e	52ce7370
53003caf	9bcff894,2304d4ac
5301214b	a4f1a6c6,358e4e85,6ba51265,424a544a
530159d3	b8d3ec3d,f5ff1be2,efe3034b
53026f57	39694c69
530520ac	52ce7370
53092523	ede44e83,46ea0643,1ef410d6,ca06e2c5
5310b29a	52ce7370
5311116e	569aeac3,0c6023ee,fd8c731e
5319cf95	52ce7370
531a0471	b8d3ec3d,f5ff1be2,efe3034b,4fa79e96,8973781a,b4f0e11c
531abb94	9a9d5b6e,de9ad6e8,bed09f37,56305e12,bcad1a47,8760d4f4,ea27b2cb,90c8410a,9c2a91e7,c0a5f7c0,fc1b048f,0e5321b3,92d20a21,aba50714,87927b7d,655d48f5,4bbc948f,fbff6f31,2167ff0d,d074b4d2,01039035,4acf6048,44342867,a7f37b9e,1b861bb3,73748524,cbf96c40,19b5dc96,4c9eb27f,dc64f471,10014024,0a81ffc5,efc9e3b7,c0711fe0,1cce4f4b,238d4171,36ef1e27,97e68749,931875f7,9d9ff69c,d5cbaca7,7cc40b41,adb2e853,eaa0661a,a1211c59,5e2a7e6a,e46a98d0,9cbe3377,3bca576f,bac6e575,48d636ac,d47a3c70
531c5774	4497a02c,f1551f13
5322b807	52ce7370
53263d09	4497a02c,53536c60
5328b507	39694c69
5329f215	19df91a3,79bc1aa1,b7ab8c7b,785a7d0b
532e4f55	52ce7370
53312aaa	2bf31031,313aa8b6,54f39a69,508e4a8e
53319e13	39694c69,ab5fab9a,74ef1f36,f3f7184c,88169e7b
53331caf	52ce7370
533335ea	639c7070,ef46bbd3,cb433269,caa6e4a9,d79200a4,047b052e,95be503a,4ae277f3,68438492,5d7b5211,7b5c34c3
5335450c	22183874,d74ebeed,b3c768ec,12071db6,3512f1ef
5335dec6	52ce7370
5336fec1	4aa0b06f,2c7ed5e1
533982df	52ce7370
5339f6fb	dd3d16ca,77ac4583
533a755c	e0fdb83a
533ce4cb	74077bc9,903cfb69,c6ab63b0,e5b02df7
534bcb53	fb2639b9,e68f6761,57b8869e
534e5cb6	e144bcef,a6dd2f30,d447a24a,86637664,7e7e3027
53517ce7	a4f1a6c6,358e4e85,6ba51265
53545110	39694c69,53536c60,ed4381f2,2ea5f1fa,57fa3b9f,e449f85f,4b779d47,eecc6c96,033b3e5d,54cf52c9
53557a85	52ce7370
5358a0b1	39694c69,53536c60
53591143	a4f1a6c6,358e4e85,6ba51265,424a544a
535966e9	39694c69,dd7e00cf,8f9521a1,cec929d7,52aae355,d99b68d2
535c9046	52ce7370
535e6a9e	ca37cb06
535f76b4	39694c69,73b61c3b,c44e28c7,c42cc283,18fdcb48,82a6bb78,82c1c073
5361b2d5	7ea35f3b
53654179	52ce7370
53660947	39694c69,c4900cb3,38e07240,74077bc9
53668ed9	dee65538,71059794
5366cffe	39694c69,53536c60,ed4381f2,a43458d9,1c93d9d3,f5216bcf,c602a40d,ae8834fb,91fa17ab
5367424e	695a3627
5367e275	ae4dd84f,dee65538,affcdacf,e29d39fd,ba8e2177,a8ed54fd,fc5833fa,2adab90d
5371c8c7	9a9d5b6e,2919d670
53724d9a	4497a02c,9c0300b1
5373b597	52ce7370
5376dc3d	8ce21c36
5379d29f	f37fb6d7,94e06688,57e7bb6c,793b9b4c,63398a60
537bd520	52ce7370
5382d11a	52ce7370
5383ab66	39694c69,b3fec3f7
5388733d	66e14441
53894547	39694c69
5389a2c1	39694c69
538a4118	52ce7370
0538ceb3	4497a02c,9c0300b1,2492a35b
53928954	bcf6bc33
539c455b	8141c44f
53a18c54	52ce7370
53a1eba1	39694c69,af77c70d,ed4381f2,a43458d9,1c93d9d3,f5216bcf,e2dc42cb,ef4c1064,050a25d7,234a0a79,c3c175ca,4ebd1bb2,21249c98
053a6daf	39694c69,53536c60,ed4381f2,a43458d9,1c93d9d3,f5216bcf,c602a40d,ae8834fb,91fa17ab,111e88f1,89f6f8a5,4ebd1bb2,4b8a0cef,d89abf3a,7c564be4,fcf1f8c5,472143bf,81d269f1,445ee13f,4bfb77d1,604cb8a8,4d525275,27e42c6e
53a77e94	52ce7370
53abe595	639c7070,ef46bbd3,cb433269
53b0c1ff	19df91a3,79bc1aa1,b7ab8c7b,3fc9bb50
53b33edd	a4f1a6c6,358e4e85,6ba51265,424a544a
53b97ae0	52ce7370
53ba3fc4	52ce7370
53bbeb5f	39694c69,60e08c36
53bc8068	19df91a3,79bc1aa1,b7ab8c7b,785a7d0b
53c60f2d	6a086a12
53ca2452	52ce7370
53ca7d13	bcf6bc33
53cd5f68	39694c69
053cddee	52ce7370
53cee206	39694c69,3eb1d334
53d00a05	e9fe44fa,a23af12f,8805c10f,9682405a,e53e98f1,5332c3b9,be04cb1e,78f3c4bf,f02e1993,38982df3,5d4e7b96,09263353,add6fedd,c3890856,fec89fde,58c66357,576dd233,7330adb1,1bc56cfe,f6399b39,a5ccf0e4,901824bf,07ff9b1b,319177b3,a9681859,cc35db06,6ae7242d,99ee9dd9,2f31af1f,c6d42a32,3ebe0469,7b0e3a44,01ffc8c1,061b1864,0cd341a0,d9645c85,34258cde,83c02bb5,9665e269,f97e6337,a13ecc19,6d416e55,48d1b443,7280be39,e2d53b14,221440f4,8c726352,dc883992,c33b02dd,22b2aafe,6e658076,ff1b38f8,c3f4d793,34a51810,7d0a935a
053d221b	dae2ab06,2005d03b,4c421f9f
53d440df	dee65538,c487eeef,daa1101b,4e0fab85,7cee01c1,44a415d4,e71d4361
53d6e2d9	39694c69,53536c60,ed4381f2,a43458d9,1c93d9d3,f5216bcf,c602a40d,ae8834fb,91fa17ab,111e88f1,89f6f8a5,4ebd1bb2,4b8a0cef,d89abf3a,7c564be4,fcf1f8c5,472143bf,81d269f1,445ee13f,4bfb77d1,604cb8a8,4d525275,1b332a89,10fded56,f2564478,2fd57652,8aab7e64,65bd861b,e51224df,0b3b3b39,66359d4f,f6b0f1c0,708fd580,034d5002,09237912,50a41601,76cbe174,fc9e0f04,93be621a,5d5733ad,cd9c73df,94b05d44,9762d059,405d4257,950270d7,702e331c,70823eaa,daf56fb3,060f8f36,bb1a29f4,56638432,2b438d00,2bd5f7fe,95ee8dfe,d02acf3d,4b14a013,52d6f1b8,b4c59a3a,9c2397c2,6049d326,0aee9e47,5917cecc,6ee3cd6f,a3f29c27,a19c769f,e1759237,26d875d0,a6f8571a,537df9d7,c200c181,3c1b2601,184e2362,b58c4b95,906164f9,b6394a5d,364ef38a,bfbc3131,9a3d6880,2df3b4fa,acb06c15,9068b149,8f7cac60,b56d9714,862f6f6f,3c733797,8a7aa776,93df5feb
53d82fc3	4497a02c,9c0300b1
53dc21a0	52ce7370
53df6505	b8d3ec3d,f5ff1be2,efe3034b
53df6f1b	52ce7370
53e12f2c	bcf6bc33
53e2cd4e	52ce7370
53eb6b7b	52ce7370
53efd8ad	52ce7370
53f0460b	3e78e9a4,e99a0414
53f0ccd4	569aeac3,0c6023ee,fd8c731e
53f2211d	52ce7370
53f6964a	497f446c
53f99ad2	52ce7370
53f9d93e	52ce7370
53fac367	52ce7370
53fe15bf	a4f1a6c6,358e4e85,6ba51265,424a544a
5400f032	58bc5ca5,dee65538,3031ff65,b72d2da1
540158b3	39694c69,8d8a4bbf
05402c87	b8d3ec3d,f5ff1be2,efe3034b
5402ed7d	ae946810
54036c06	5476a75d,66617ffb,6fe0ad4c,eecb15cf
540455bf	52ce7370
5407dc29	52ce7370
54082817	39694c69
54095728	52ce7370
540f3eee	a4f1a6c6,358e4e85,6ba51265,424a544a
5411223b	bf2ba9aa,aa0990ba,137cbeb3,abbdbd27,2e7b2ec8,1e66318a,a29bd9a6
5416ba8b	52ce7370
541c7122	54dbcc01,688fbadb
541ca798	22183874,d74ebeed,b3c768ec,12071db6,3512f1ef
054210c2	52ce7370
54215a75	94176b40
5421fd36	1cf37633,424ff9d8
5424db84	52ce7370
54250770	52ce7370
54287862	a4f1a6c6,358e4e85,6ba51265,424a544a
542bed26	52ce7370
5430ed3f	52ce7370
5437b85e	bcf6bc33
543a1599	39694c69,adb1e32d
543acd9f	4497a02c,9c0300b1,6d2c033c,64dc4bae,b9df173a,1feafdc7,ca4bed22
5441db62	4497a02c,9c0300b1
544b8f89	2ce0ed22,e0d64098,d026e0a6,95bbbf7e,98a779dc,7e709229,789151ae,2cfe3925
544fddcd	52ce7370
5459344f	4497a02c,53536c60
54593a57	9deb246d,24b1ea7f,5e9b4bae
545f1331	4497a02c,9c0300b1
545f33bb	52ce7370
5460e919	54dbcc01
546b5afa	94393069
546e288a	472fd8e0
546eb919	4497a02c,9c0300b1
546ed972	998a4e6c,f41e2de7
546f3205	f22bd71f,cbd31be3
546f9360	52ce7370
05471e04	61521533
547c60af	4497a02c,b5ae3834,4252d13a,93739b0c,2e47b7f1,ca090dea,58704f53
547c9f55	74fd9557
547f1f4a	fffdf10d,92aef342,7f4422ac,6d1d931a
547f4b46	07967bc2
5484101f	bcf6bc33
5486c04e	39694c69,53536c60,ed4381f2
54899e30	2113ce38,0d75535b,37313dad,212e835f,efa938d5
549560d0	08741a28,908c1738,8326a921
549603fe	39694c69,39745163,e8c6bd1a,46933fcb,c48c6afe,2c982f25
5499d816	4497a02c,9c0300b1,27a6a0e2,dd570b4c,4afec517,405eccbb,2a9ce923,9d681a0e,4dd3c331,c24adf8f,248cb440
549a7cfd	4497a02c,9c0300b1
549dbd4f	4cbc7373,e6644508,1b38b5c9,57fa5723,8d3931db,4b12828c
54a797f6	39694c69,adb1e32d
54a85af2	52ce7370
054abca2	a4f1a6c6,358e4e85,6ba51265,424a544a
54b1dc56	3c0eef70,ad73ad2b,309c858b,331decb6,9ab828b5
54bcd4d0	9b51cdd8,dfc9c0ef
54bf31e7	d7ce1a0c
54bffcf6	108928e7,48dc4f50,2abd9c61,a29057fc,32a801c3
054c29de	bedd91a7,6d1d43cc
54c2f0e5	67de93e1,14fb3594,1fac4cb7
54c38a2d	c52ad410,c252c4df
54c677ad	52ce7370
54c8a99f	23cd13a9
54ca0626	39694c69,af77c70d,ed4381f2,a43458d9,1c93d9d3,f5216bcf,e2dc42cb,ef4c1064,050a25d7,234a0a79,c3c175ca,4ebd1bb2,d454474a,689b5772,c53f71f9,6bdb00af,58348094,c1f5412b
54d52302	39694c69,1f5f1e96,82cc69aa,c97299ac,75221bfb
54e2479e	891f40ab,fa490b2f,a599f130,f326e188,4fac1fad,c72a0413,3ea44440,dbb99df1,3db87d28,4a572f7a,71059794
54e356e1	afae8e83,520eb592,55728c43
54e52903	4497a02c,f1551f13
54e95eb3	e9fe44fa,a23af12f,8805c10f,9682405a,e53e98f1,5332c3b9,be04cb1e,78f3c4bf,f02e1993,38982df3,5d4e7b96,09263353,add6fedd,c3890856,fec89fde,58c66357,576dd233,7330adb1,1bc56cfe,f6399b39,a5ccf0e4,901824bf,07ff9b1b,319177b3,a9681859,cc35db06,6ae7242d,99ee9dd9,2f31af1f,c6d42a32,3ebe0469,7b0e3a44,01ffc8c1,061b1864,0cd341a0,d9645c85,34258cde,83c02bb5,9665e269,f97e6337,a13ecc19,6d416e55,48d1b443,7280be39,e2d53b14,221440f4,8c726352,dc883992,c33b02dd,22b2aafe,6e658076,ff1b38f8,c3f4d793,34a51810,7d0a935a,8d5c3c50,611c8f92
54edba3c	39694c69,53536c60,ed4381f2,a43458d9
54edbc4d	52ce7370
54efef1c	fe3bc2b9,f8da6576,8e1f1b8e,d6c6142f,6ba2d1e4,6966f037,cdcd6569,69c81eb0,ec284bf3,88d025a0,75ef7732,5ab0cad6,a69246ee,0cf559bc,6a50dd54
54f8dd75	b8d3ec3d,f5ff1be2,efe3034b
54fe5b26	52ce7370
550223f0	39694c69,60d4492d,981e0e9f,86a46e3f,df063e0a,329a4f6d,8d3e5fd2
550c949e	52ce7370
550e8650	39694c69,f93b7ad5,96b5162f,7f880865,27cca8c2,8df62134,572fc984,af403d4d,dddbd028,4b971e6b
550fb7ba	c415d935,9deb246d,6bed8eea,90a8d577,73e92668,0e2d1628,2292f208
550fc76b	39694c69,53536c60
5511264d	39694c69,53536c60,ed4381f2,a43458d9,1c93d9d3,f5216bcf,c602a40d,ae8834fb,91fa17ab,111e88f1,89f6f8a5,4ebd1bb2
55189b75	52ce7370
551b0089	52ce7370
0552023a	52ce7370
5522c74b	39694c69,53536c60,ed4381f2,a43458d9,1c93d9d3,f5216bcf,c602a40d,ae8834fb,91fa17ab,111e88f1,89f6f8a5,4ebd1bb2,4b8a0cef,d89abf3a,7c564be4,fcf1f8c5,472143bf,81d269f1,445ee13f,4bfb77d1,604cb8a8,4d525275,1b332a89,10fded56,f2564478,2fd57652,8aab7e64,65bd861b,e51224df,0b3b3b39,66359d4f,f6b0f1c0,708fd580,034d5002,09237912,50a41601,76cbe174,fc9e0f04,93be621a,5d5733ad,cd9c73df,94b05d44,9762d059,405d4257,950270d7,702e331c,70823eaa,daf56fb3,060f8f36,bb1a29f4,56638432,2b438d00,2bd5f7fe,95ee8dfe,d02acf3d,4b14a013,52d6f1b8,b4c59a3a,9c2397c2,6049d326,0aee9e47,5917cecc,6ee3cd6f,a3f29c27,a19c769f,e1759237,26d875d0,a6f8571a,537df9d7,c200c181,3c1b2601,184e2362,b58c4b95,906164f9,b6394a5d,364ef38a,bfbc3131,9a3d6880
5522c885	14d80fa2,72933bca
552f7ed8	4cbc7373,c7213f8e,2a9b614b,ea118b12,2256a6d2,6e844197,b50d30d9,f02e1993,e6644508,ab569de3,17396424,a978182e
5534a1e5	4497a02c,5db7b8ed,2ea5f1fa,f7fbbd13
5535c802	52ce7370
5536e249	41a3979a,6e184b12,e1b136bd,936335b7,0bef8815,e07c549c
553abe7e	52ce7370
553d61ad	a93ac93f
554b7dca	c2634932,7d295135
554f735f	4497a02c,9c0300b1,65db6387,3461e769,43d2c3b0,1c4bf35c
555407fb	52ce7370
55543fc4	4497a02c,9c0300b1,ed4381f2,a43458d9
5555854c	e985e10b,c159f00a
5557271b	690954e0,bada6be0,d2a97720,eeb352a8,6b177f8a,afbd78a2
555e7953	4497a02c,9c0300b1
556392b8	52ce7370
55663eda	c52ad410,ed9bfc62
55687fe2	4497a02c,9c0300b1
5569750c	4497a02c,9c0300b1
557793f4	ef10b158,b8336afc,2283581b,763d28ff,fd5f917d
0557ab8e	39694c69
55812cdb	b8d3ec3d,f5ff1be2,efe3034b,9071cd7c
558141cb	52ce7370
55826268	4497a02c,f1551f13
55844839	52ce7370
558bb124	52ce7370
558e5201	39694c69,5613e5a1,ed3f98c9,fbfcebd3,771e9b96
55936624	39694c69,53536c60,ed4381f2,a43458d9,1c93d9d3,f5216bcf,c602a40d,ae8834fb,91fa17ab,111e88f1,89f6f8a5,4ebd1bb2,4b8a0cef,d89abf3a,7c564be4,fcf1f8c5,472143bf,81d269f1,445ee13f,4bfb77d1,604cb8a8,4d525275
55944e6c	4497a02c,9c0300b1,ed4381f2,a43458d9
5597fb05	ef10b158,74ef00bd,e52c962a
5598c99e	4497a02c,9c0300b1,ed4381f2,a43458d9
55a515e1	a4f1a6c6,358e4e85,6ba51265,424a544a
55a9f864	dee65538,f430468c,92afdb18,0e7e2930,520e50d1,137cbeb3,9fc9d113
55b22788	39694c69,53536c60
55b5f056	e185476a,fa2376b3,d79addb0,fd7038b0,4bdc075e,5db7b8ed,2ea5f1fa
55b96098	39694c69,53536c60,ed4381f2,a43458d9
55be8c9a	52ce7370
55c4f37b	39694c69
55c62640	52ce7370
55cfed54	a4f1a6c6,358e4e85,6ba51265,424a544a
55e738b2	52ce7370
55e9d7d7	e0fdb83a
55eb93bd	2e16f017,e8450f16,bef418b5,7aaa58b2,12f48c54,1c218efa,660bec42,93390aa4,03522610,09b0e801,488b96d2,8ad01760,2777791c,f8b0ae39,096653b5,59aa42e3,09313d6d,e04d411c,94e05c7a,ad55aafd,843d8497,6c6380d5
55eb9b3d	39694c69
55ebe05f	39694c69,53536c60,ed4381f2,a43458d9,1c93d9d3,f5216bcf,c602a40d,ae8834fb,91fa17ab,111e88f1,89f6f8a5,4ebd1bb2,4b8a0cef,d89abf3a,7c564be4,fcf1f8c5,472143bf,81d269f1,445ee13f,4bfb77d1,604cb8a8,4d525275,1b332a89
55f22921	52ce7370
55f31ab1	4497a02c,9c0300b1,19dc6c05,1bd6a672
55f6544c	52ce7370
55f65c44	5e9a23ee,8b04407b,b685d7e5
55ff062a	4497a02c,9c0300b1
56032b5c	39694c69,07967bc2
5607e7bb	e3e840a6
560b67a2	4497a02c,9c0300b1
5610c141	52ce7370
5610e80e	94393069,861ab707
561534c5	db862d84
56155439	156ef672
5615d777	75ed7522,0841f576,a1583547,9bf001f8,842c2ecc,0546be4e
56186590	52ce7370
561d7f80	39694c69,38857000
561dde12	52ce7370
56201555	76ca4388
56223f9a	c415d935,9deb246d,6bed8eea,90a8d577,73e92668,0e2d1628,2292f208,fe3bc2b9
0562e4fa	4497a02c,9c0300b1,f5bf2061
5632f956	41a3979a
5632ff9c	52ce7370
5633e0fe	81a1f25e,420e908f,f31be976,e5d882de
5635db8f	52ce7370
5637318d	4497a02c,9c0300b1,ed4381f2,a43458d9
56415b36	39694c69,53536c60,ed4381f2,a43458d9,1c93d9d3,f5216bcf,c602a40d,ae8834fb,91fa17ab,111e88f1,89f6f8a5,4ebd1bb2,4b8a0cef,d89abf3a,7c564be4,fcf1f8c5,472143bf,81d269f1,445ee13f,4bfb77d1,604cb8a8,4d525275,1b332a89
56438faf	2f26ed19,594efe29
5643b3fc	9516ec66,43beb71d
56465a6b	39694c69,53536c60,ed4381f2,a43458d9,1c93d9d3,f5216bcf,c602a40d,ae8834fb,91fa17ab,111e88f1,89f6f8a5,4ebd1bb2,4b8a0cef,d89abf3a,7c564be4,fcf1f8c5,472143bf
5646b1b8	52ce7370
564c6e1a	4497a02c,9c0300b1
564f26ec	822a17f6
56516fa3	52ce7370
565233f2	52ce7370
56539492	4497a02c,9c0300b1,58ade78b
5655db18	fe3bc2b9,7f89f0d3,1eb5635f,18010a3b,74e1af18,443b75be,a69246ee,6ba2d1e4,45b61eb9,8f2e4edf,0cf559bc
56591863	f7142938,cf6b7b62,a14986a5,92bf4f4a,483259fc
565a2d56	2cca8988
05661007	75f6105e,69dbae94
5661065a	c52ad410,432fb97d,d43be3d4
56648a8f	9a9d5b6e
5668c5e1	52ce7370
566a024b	5c2d3aa3
566a10e5	4497a02c,9c0300b1,5a59d692
566da6a8	b8d3ec3d,f5ff1be2,efe3034b
566e163b	b8d3ec3d,f5ff1be2,efe3034b
56758569	de9ad6e8,7aaa58b2,3ab83621,bef418b5,6e9a3367,76de3380,3e694fea,69f2efe0,c49b5062,0ce79f9f,be9f3db6,a1c3f26c,0a29f572,2735b946,e113bc69,907065b6,da554126,ad124b2b,eadee9e3,877d6611,a5dfad6d,291e6e48,ca37957c,69e403d9
567892de	52ce7370
567cb784	52ce7370
567d08a4	39694c69,f93b7ad5,96b5162f,7f880865,27cca8c2,8df62134,572fc984,af403d4d,dddbd028,4b971e6b
567d3136	39694c69
5680245f	52ce7370
56881a3f	de93031c
5688bd60	1e3bbce9,b83c1deb,8ce21c36,b7c71e1b,b3397fe5,4e56f8c1,5ed0fac5,a5f95548,1eb7ce43,dd4d948f,2d75ac09,caf965f0,ee081ed6,9fca8bd5,f1e1d5b0,69e3276c,b35be86f
5689aaa6	39694c69
568a7ca3	c52ad410,1abfb05d,f976af3b
568ab0b6	52ce7370
568f8b2c	861ab707
569252e3	39694c69
5695196d	39694c69
56a3388d	965b8f37,8fe81ff1,0dd10c61
56a7b0b0	39694c69,53536c60,ed4381f2,a43458d9,1c93d9d3,f5216bcf,c602a40d,ae8834fb
56ac53c0	acde460f,2381d6ef,dee65538,d6888945,ed96ebd0
56ad17ab	52ce7370
056ae1ac	f1551f13
56b42e17	bcf6bc33
56b43627	52ce7370
056ba013	52ce7370
56ba8e50	39694c69,53536c60,ed4381f2,a43458d9,1c93d9d3,f5216bcf,c602a40d,ae8834fb,91fa17ab,111e88f1,89f6f8a5,4ebd1bb2,4b8a0cef,d89abf3a,7c564be4,fcf1f8c5,472143bf,81d269f1,445ee13f,4bfb77d1,604cb8a8,4d525275,1b332a89,10fded56,f2564478,2fd57652,8aab7e64,65bd861b,e51224df,0b3b3b39,66359d4f,f6b0f1c0,708fd580,034d5002,09237912,50a41601
56bb41ff	82ff000e,2adab90d
56c58dcf	52ce7370
56c78019	4497a02c,9c0300b1,ed4381f2,a43458d9
56cafa84	4497a02c,53536c60
56ccf509	b8d3ec3d,f5ff1be2,efe3034b,ac025949,210c4983
56d28bd8	39694c69
56dae64a	8e053185,50a22cec
56db719b	1e3e50e1
56dd4c66	52ce7370
56e2e5ac	52ce7370
56ef1478	7ed954ee,e17227b1
56f09867	d918c1e8,4cbdd173,a8bda540
56f0fed9	52ce7370
56f8b444	39694c69,53536c60,ed4381f2,a43458d9,1c93d9d3,f5216bcf,c602a40d,ae8834fb,91fa17ab,111e88f1,89f6f8a5,4ebd1bb2,4b8a0cef,d89abf3a,7c564be4,fcf1f8c5,472143bf,81d269f1,445ee13f,4bfb77d1,604cb8a8,4d525275,1b332a89,10fded56,f2564478,2fd57652,8aab7e64,65bd861b,e51224df,0b3b3b39,66359d4f,f6b0f1c0,708fd580,034d5002,09237912,50a41601,76cbe174,fc9e0f04,93be621a,5d5733ad,cd9c73df,94b05d44,9762d059,405d4257,950270d7,702e331c,70823eaa,daf56fb3,060f8f36,bb1a29f4,56638432,2b438d00,2bd5f7fe,95ee8dfe,d02acf3d,4b14a013,52d6f1b8,b4c59a3a,9c2397c2,6049d326,0aee9e47,5917cecc,6ee3cd6f,a3f29c27,a19c769f,e1759237,26d875d0,a6f8571a,537df9d7,c200c181,3c1b2601,184e2362,b58c4b95,906164f9,b6394a5d,364ef38a,bfbc3131,9a3d6880,2df3b4fa
56f8fa4f	52ce7370
56fc0213	9d023671,d3a6b11e
56fd2696	52ce7370
56fe169b	d332078a,f5063bbd,1f22d997
5700beb7	52ce7370
5707264d	4497a02c,9c0300b1,6d2c033c,d969925d
5708dd13	39694c69,e2efb716,626732f5,e2314bd3,87f00764,ef4c1064,1cac8b5b,e4059e62,234a0a79,c3c175ca,641bc762,d454474a,689b5772,c53f71f9,6bdb00af,58348094,cb7b7504
57091ab7	d33a9aa6,dcc919db,07967bc2,39870e8e,94066691,5db7b8ed
570b0fd2	52ce7370
570c1112	52ce7370
570cc904	532b2adf,cd7a12cd,1191638e,7429909f
57101dad	4497a02c,51e738e6
571208a6	c583e737,500aba31,af2b040b,567e98ae,948cd1d9
5714f87a	94393069,861ab707
57153605	4497a02c,f1551f13
571561a8	4497a02c,9c0300b1
0571dfa8	52ce7370
57225b1c	52ce7370
5725d402	31a7a1a4,49f1affb,93c1f5f3
572b3fdc	b8d3ec3d,f5ff1be2,efe3034b
5730eb4f	df063e0a,83b1d036,bab10dbb,d6579c7e,2ff7d880,5e078afb,c748ed5a,45eda702,c8dc3446,a3a4d41c
5737a4ab	4497a02c,f1551f13
573d5fbc	3a8156ce,881b3db9,abe98814
574036c7	52ce7370
57459f10	152e9eec,7d59d9b8,6519f22c,ab78b87d,39572fa0,9449ec6c
57491626	bcf6bc33
574b3af7	39694c69,53536c60,ed4381f2,a43458d9,1c93d9d3,f5216bcf,c602a40d
574daa96	52ce7370
575031a8	52ce7370
5755db55	52ce7370
57561f02	52ce7370
575687eb	861ab707
5760e1bc	c52ad410
05762177	52ce7370
057650b4	52ce7370
576f1239	39694c69
5776f1a7	ef10b158,9c186f99,87f00764,4288db15,942455f7,2c7e04f5,c0873b67,e7ebb6a7,956d782a,1c67876a
5777e536	39694c69,f0291bf9
5779951f	4497a02c,9c0300b1,27a6a0e2
577a986d	39694c69
577b6b85	52ce7370
5788b9bf	465660fd,c04e9bb2,2b85ecd7,19071cea
5793ca82	39694c69,f93b7ad5,96b5162f,7f880865,27cca8c2,8df62134,572fc984,af403d4d,dddbd028,4b971e6b
57942e6c	4497a02c,53536c60
5794c13e	695a3627
5795dcc5	39694c69
5796296e	f60b6578,4566e1e8,07d860af,6de07016,576cb371,24bfef57,872ef706
579e4166	81cb1bcc
579f3abc	39694c69
57a4c45a	52ce7370
57a63792	52ce7370
57a7703b	52ce7370
57b009e3	52ce7370
57b2e36f	52ce7370
57b58808	39694c69
57b5904d	4497a02c,9c0300b1
57b66222	a8aceca4,58ade78b,11177941
57c1c12c	52ce7370
57c7b828	6e64d4cc
57c7de5b	695a3627
57c8e0fe	acde460f,ba93dff3
57cc442f	bcf6bc33
57cefd34	4497a02c,f1551f13
57d3f837	39694c69,a6f5258a
57dfec19	39694c69,44c15583
57e46d58	39694c69
57e84b02	321325f3,22a11e69,8a72d60d,e3482362,35c46d5d,cb40076c,d85ed250,564a71b0,522f8b58,1fa64d1f,67ae6f59,d6bb3f8e,00ed36ca,8ec7d89f,8899d50d,bc4c2f33,c4c9e468,1bdf6feb,32b50b92,b246e580,f2bb340c,eb69dca7,7906e203,059fccd5,73518d08,d4918d16
57e84cbf	39694c69,53536c60,ed4381f2,a43458d9,1c93d9d3,f5216bcf,c602a40d,ae8834fb,91fa17ab,111e88f1,89f6f8a5,4ebd1bb2,4b8a0cef,d89abf3a,7c564be4,fcf1f8c5,472143bf,81d269f1,445ee13f,4bfb77d1,604cb8a8,4d525275,1b332a89,10fded56,f2564478,2fd57652,8aab7e64,65bd861b,e51224df
057ea8a6	232952ef,efa938d5,b7559080
57ebfc46	a4f1a6c6,358e4e85,6ba51265,424a544a
57ee7b4e	52ce7370
57f09ff0	2c09a09a
57f17397	52ce7370
57f9cfd2	52ce7370
5802b0bf	b8d3ec3d,f5ff1be2,efe3034b,06b5842a
58068139	c40ada6c,5c679d5a,41bcc8f9,3472e675
580ad805	4497a02c
580dc9b4	ef9b0894,8d3dcc4f,c1dd8d71,cf34c7c7,5a7e7559,195063aa,f7f52f80,c6e818a4,f3ff41af,9efbb388,40c8af5f,245ffd6d
580ea939	d5d1d19d,83dd9788,76f412bb
580fcf1f	52ce7370
581032f4	695a3627
58113554	52ce7370
058130c8	d9f95a45
58145968	52ce7370
5815fcca	7eefa621,3cf9d1ad
581dd73b	39694c69,53536c60,ed4381f2,a43458d9,1c93d9d3
58224808	249f7327,a4b0723c
5825f1cc	3296fc12,5e580707,d4e0dd4d,92202a7e,688c3481,03fcd3a3
5826cb32	4497a02c,9c0300b1,706b783e,8e7b6f79,908c1738,7a464285,a15793d7,9e9ae9b6,cd64af58,f4e08ea1,f2e6edd6,b664d91b
0582abcd	39694c69
582c2a3f	695a3627
583080c0	e0fdb83a
58383996	39694c69,53536c60,ed4381f2,a43458d9,1c93d9d3,f5216bcf,c602a40d,ae8834fb,91fa17ab,111e88f1,89f6f8a5,4ebd1bb2,4b8a0cef,d89abf3a,7c564be4,fcf1f8c5,472143bf,81d269f1,445ee13f,4bfb77d1,604cb8a8,4d525275
583acf0f	a93ac93f
583d69ba	39694c69,64d7fa0f,69c1eaf5,dee65538,6863eef3,db8c6da5,33a067da,a599f130,89afc1a7,2f14940d,33f915f3,457ad9ad,a7d4e4a2,372acdcc
583f1f33	52ce7370
5840a7ee	b8d3ec3d,f5ff1be2,efe3034b
58450798	bcf6bc33
5846ef09	f7e6a4a4,505170c1,b8393d4b,e3362c0a
584bd3c8	4497a02c,9c0300b1,ca686334,c52f1663
584f77fe	52ce7370
5851755b	52ce7370
58549cfa	52ce7370
585d0c94	39694c69,fc45929a,426f2ea1,9c7debb8
5864c62d	bedd91a7,6d1d43cc
5864de62	52ce7370
58653954	b8d3ec3d,f5ff1be2,efe3034b
5867dd2d	1feeba01,ab24d613,29082715
58686fe0	4497a02c,f1551f13
05868d9a	52ce7370
586a2914	4497a02c,9c0300b1,ffa43280
586f9029	94393069,861ab707
5876e78c	c431c4e3,2718fade,e71ce60b
58784ab8	4497a02c,f1551f13
587a92bc	4497a02c,9c0300b1,28f5c979,fa2b0e04,4c2f1259,689cdf8d
05882a4b	39694c69,53536c60,ed4381f2,a43458d9,1c93d9d3,0737552c
58836684	a4f1a6c6,358e4e85,6ba51265,424a544a
588427fc	0fedbf9d
5885cbcc	39694c69
05899773	4497a02c,f1551f13
589a3f52	52ce7370
589a789e	52ce7370
589b1a6d	39694c69
058a1f01	52ce7370
58a7174a	4497a02c,53536c60
58a7af2f	54dbcc01,688fbadb
58ac5bec	4497a02c,9c0300b1
58b1d2a5	52ce7370
58b4f87e	b8d3ec3d,f5ff1be2,efe3034b
58bcda19	34e15bbc
58c2a862	6a243c86,05a8a991,8e7b6f79,ded3f2c2,908c1738,0dba8468,cd64af58,b43a827b,20c23417,1c723c15
58c6370c	52ce7370
58cb6eb4	f0df4a58
58cb7d79	52ce7370
58ce1900	16ec1a76,0dba8468
58dd593b	6966f037,8d8a4bbf,fcd5b19e,81e74aa5,d504d06e
58e4d82f	5fc0aae4,cb6eb787,f430468c,844fe260,f22cd37c,e51be83b
58e53838	a4f1a6c6,358e4e85
58e828bd	639c7070,ef46bbd3,cb433269
58e8aea2	759d1dea
58e8c0b6	6aab8701,3d2965fe,f700be48,ac01d818,21921953,c9f99f61,de118265
58ee5682	4497a02c,53536c60
58f0ee71	4497a02c,53536c60
58f1d9a2	39694c69,74077bc9,44ecdd06,a93ac93f
58f75c13	52ce7370
590086eb	52ce7370
59036097	998a4e6c,202fb3d4
5904a699	52ce7370
590796d4	d9624c64
5909b46a	9b1b1576
590f4ce2	0fe1095d,03248954,c29bd9f0,81a6ca49,237fed8b
590fe216	001afa90
5914ec6d	bcf6bc33
05923478	bcf6bc33
5926860f	4497a02c,9c0300b1,dfd03c6f
5929324c	591bf1fa,72fbf3ae
592a16a9	1e3bbce9,b83c1deb,8ce21c36,265822b0,6bc4eb5c
592cb938	4497a02c,9c0300b1,0dcd04e8
59306d97	39694c69
59308e55	4497a02c,9c0300b1,8d72a5aa,bcef7453,236bf959,b61bc0f5,29d96c74,f477b25b,706b783e
59319782	b8d3ec3d,f5ff1be2,efe3034b,58986aa5
59325882	4497a02c,9c0300b1,6d2c033c,7b0f0a0e,ae00756e,2e61653e
593795d8	3ced5728,1487fca1
593bb803	532b2adf,a93ac93f
59475078	6df70973,45dc77ef,1a61b801,d8a577d0
5950e1d8	52ce7370
5951fefe	4497a02c,9c0300b1,ad9aa830,f4e08ea1
59546ccc	39694c69,53536c60,ed4381f2
59560ac1	52ce7370
59561fda	39694c69,53536c60,ed4381f2,a43458d9,1c93d9d3,f5216bcf,c602a40d,ae8834fb,91fa17ab
59583ee6	52ce7370
595934e7	4497a02c,9c0300b1
595d975e	681a3ad9
595e4ac7	54dbcc01,688fbadb
5961a56d	39694c69,53536c60,ed4381f2,a43458d9,1c93d9d3,f5216bcf,c602a40d,ae8834fb,91fa17ab,111e88f1,89f6f8a5,4ebd1bb2,4b8a0cef,d89abf3a,7c564be4,fcf1f8c5,472143bf,81d269f1,445ee13f
5961c1b9	ac26dac5,b31b5d4a
5969304f	b8d3ec3d,f5ff1be2,efe3034b
0596e010	4497a02c,9c0300b1,82d55d94,2113a7e8
5972ab4a	53cab172,5fe6fe98
59731bee	fc958e6a,094c32cc,bbf38a5a,8ad86432,84d6a9bb,27efb9e3,798520b9,091e8257,4d4031f0,a3ee26a7,00d63b1e,dbf64a8b,84946ab8,4dfcbcc1,f92338d2,3b9bcb53,106867d3,a06c9227,093d6e9a,10e24119
5979e9f8	4497a02c,9c0300b1,8a6e69b0
597a6512	bd0b57eb
59817033	4497a02c,9c0300b1,4faa68af,ff208c06
059864ec	39694c69,68e67615
5989f989	19df91a3,79bc1aa1,cb7b7504,d454474a,689b5772,c53f71f9,30c7c4c6,58348094,e35d0a2f,14640137
598c9352	39694c69,ad25a054
598eca11	da4ad5b7,d558ad11,fd06e811
598fd047	4497a02c,53536c60
59917f85	4497a02c,f3ac3868,322e32d6
59955d90	3f19cae6,36765160
5995e8c2	bcf6bc33
5997021c	2a5a76c7
059993f2	52ce7370
599e92c7	4497a02c,9c0300b1
599fac13	be5e9368
59a0a1d7	e0fb6a98
59a0ada1	52ce7370
59ad85cf	a4f1a6c6,358e4e85,6ba51265
59ae403e	b8d3ec3d,f5ff1be2,efe3034b
59afa923	bcf6bc33
59afc871	52ce7370
59b1ec09	52ce7370
059b272b	39694c69,50ed3adc
59b96a87	39694c69
59bb092d	2f48de18,ad00295b
59be2670	c52ad410,fb629045,69dfb8ce,9bdeb816,46747927,bb1385a4,f28dae3e,bd0ae48d,622e64d2,fa780c10,9d52a066,096e3c87,96060714,20a21f36,736dc35d,b24a475a,8acda39c,e7209a65,673faebb,732baa56,1a2c86d0,f5d3bc9d,2081284d,1a5d75f0
59beed2d	54dbcc01
59c0be01	c5adfe8a,5ff2224a,232a583e,61250c41,edb90ccc,6e857b47,13dbcb66,ad1eee16,b80bb951,7e69c151,02eef5b0,f2721d0d,6179773c,45663b81,d5a23997,7c4a5a41
59c13e36	397f16be,7c62b28b,0494f6d1
59cbf58c	39694c69,53536c60,00e9dbeb
59d0cfe4	88b00713
59d26ca0	2c56f288,e3884fe6,51d33a98,e4f4f9b0
59dcae1a	152e9eec,7d59d9b8,6519f22c
59dcbe30	39694c69,bd46d14d
059df694	569aeac3,0c6023ee,fd8c731e
59e247a9	814cb140,30d26d66,db62caf9
59e320d9	c52ad410,fb629045,69dfb8ce,9bdeb816,46747927,bb1385a4,f28dae3e,bd0ae48d,622e64d2,fa780c10,9d52a066,096e3c87,96060714,20a21f36,736dc35d,b24a475a,8acda39c,e7209a65,673faebb,732baa56,1a2c86d0,f5d3bc9d,2081284d,1f6a5317
59e5ab58	19df91a3,79bc1aa1,cb7b7504,d454474a,689b5772,c53f71f9,30c7c4c6,58348094,4744950d
59eb538a	52ce7370
59ebcdf4	95bbbf7e,466d7535,9916e970
59f3d99e	e50beb22,b664d91b,a200162d,62ce4fe3
059f4ee0	4497a02c,9c0300b1,2012c0b8
59f765ab	52ce7370
59f8c5ed	12a5547d,30f6238b,fe8ac3e1
59f8efed	4497a02c,9c0300b1,2dae4962,e3342022,32df5a34,99adda9f
59faae61	39694c69,0fdaca91,3e99b95c,5b073131,02bc242a,7ed5ab08,77303f8b,43c14b36,c0ce21e2
59fb7172	52ce7370
59fdf89f	23acec13,3bb9361c,ef03a619,7b88cdf2,55e21fd4,ffee9440,58a35301,4cbcef0e,e67caa14,2d5d628c
59ff5039	4497a02c,9c0300b1,ed4381f2,a43458d9
5a07c435	39694c69,82273c54,da0deda5,109279ae,ff4ee59c,223d627a,eab3c5bf,c7121f30,3333e0d9,a5475426,31609214,a39b9ffb,dcc919db,7dfacc0f,16ec1a76,cb98853f,0ccbb513,c57ecb22,937a6ec1,71059794,bf81f6cd
5a0a5ef2	152e9eec,7d59d9b8,6519f22c
5a0f46a6	b8d3ec3d,f5ff1be2,efe3034b
5a1030de	39694c69,53536c60,ed4381f2,a43458d9,1c93d9d3,f5216bcf,c602a40d,ae8834fb,91fa17ab,111e88f1,89f6f8a5
5a10e8b2	e0fdb83a
5a154ac2	4497a02c,53536c60
5a16bc8c	52ce7370
5a1c7117	f1f267f9,c250256f
5a1d225d	11094404
5a1e2102	22183874,d74ebeed
5a24964d	39694c69
5a274b03	52ce7370
5a29279c	52ce7370
5a2f1e16	52ce7370
05a30a70	a4f1a6c6,358e4e85,6ba51265,424a544a
5a34bd6c	4497a02c,731c77fa,a4358807,a43458d9,1c93d9d3,f5216bcf,c602a40d,ae8834fb,91fa17ab,111e88f1,89f6f8a5,4ebd1bb2
5a35b20b	e0fdb83a,979cd49f,42a260d3
5a372eda	52ce7370
5a387f20	52ce7370
5a45b10e	39694c69,f93b7ad5,96b5162f,7f880865,27cca8c2,8df62134,572fc984,af403d4d,dddbd028,4b971e6b
5a46d43a	156ef672
5a4cde9e	39694c69,2aaa904e,5ba4cc33
5a4e022f	4497a02c,9c0300b1
5a4e0418	137cbeb3,a6578712,dd7939dd
5a4e7888	52ce7370
5a4f827e	fce11650,1822edab,4592bece,0e6e7cd9,b7b0f730,e2ec7a5a,75f6105e,8762e28e,fbbeb02b,be96f2c2,cdaaf5d1
5a5078c2	4497a02c,9c0300b1,ea169f88,5dbf1520,3c5ec8d1,4f27d084,da860e3c,aae4c0e9,cebc24aa,aff57f92,5cbc4ea3,21384943
05a52e16	39694c69,a93ac93f
05a52fcc	1b5a30c0,695a3627
5a590eeb	cd533847,04af8e7e
5a5cee51	de118265,523c8ecb,b749f2ce,2b36b77e,2a5a76c7,74ef00bd
5a60e155	52ce7370
5a61f727	52ce7370
5a6740ac	52ce7370
5a67b3a6	52ce7370
5a6d14b9	39694c69
5a6fca74	c02e314c,ab36d9bd,d79addb0,fd48c267,71059794,d74ebeed,ba91d9c9
5a74466b	742c3ec9,f814021e,6dcc938a,967ba66d,d774cca9,e7eb4fe8,07584eee,12a69ff3,3377977d
5a76addd	84fe1b1e,1934ff14,08402227,39571a60,4444b21c,78ef9c42,0cb17879
5a7bb383	52ce7370
5a7bf3c2	152e9eec,7d59d9b8,6519f22c,ab78b87d,39572fa0,9449ec6c,edec2bdd
5a7e7b69	52ce7370
5a7f53a7	39694c69,53536c60,ed4381f2,a43458d9,1c93d9d3,f5216bcf,c602a40d,ae8834fb,91fa17ab,111e88f1,89f6f8a5,4ebd1bb2
5a8169b1	e0fdb83a
5a82925f	4497a02c,9c0300b1
5a86c0c5	75081694,b5df7c21,4c2800dc,eedb89a6
5a892758	5e47eca8
5a8bbad5	52ce7370
5a947d0c	bedd91a7,6d1d43cc
5a949193	c8941f25,d85fe1d3,0fedbf9d,ecd486d6
5a9ae087	52ce7370
5a9dcac2	4497a02c,9c0300b1
5a9fc38b	39694c69
5a9fec57	39694c69,2724536b
5aa02c58	4497a02c,9c0300b1,2227b105,7245dd55,a9b69beb,be2ea3b0,301bc489,8cef2c2b,43cdcf3b,1ae2e704,2e1a0c37,0c908cda
5aa43725	9e47592c,27dad7cf,1d94d2a1,861ab707
5aa76f17	4497a02c,9c0300b1,58986aa5
5ab0c11a	39694c69,53536c60,ed4381f2,a43458d9,1c93d9d3,f5216bcf,c602a40d,ae8834fb,91fa17ab,111e88f1,89f6f8a5,4ebd1bb2,4b8a0cef,d89abf3a,7c564be4,fcf1f8c5,472143bf,81d269f1,445ee13f,4bfb77d1,604cb8a8,4d525275,1b332a89,10fded56,f2564478,2fd57652,8aab7e64,65bd861b,e51224df,0b3b3b39,66359d4f,f6b0f1c0,708fd580,034d5002,09237912,50a41601,76cbe174,fc9e0f04,93be621a,5d5733ad,cd9c73df,94b05d44,9762d059,405d4257,950270d7,702e331c,70823eaa
5ab1679d	39694c69
5ab30dc3	bedd91a7,6d1d43cc
5ab960aa	2d1b0261,ad05067d,51045ebb
5ac12b21	39694c69,de5cbb69
5ac450cd	bcf6bc33
5ac708bc	639c7070,ef46bbd3,cb433269,e44b523c,91ee48bb
5ac85ffc	54dbcc01,688fbadb
5ad14000	4497a02c,9c0300b1
5ad42468	b8d3ec3d,f5ff1be2,efe3034b
5add90a0	52ce7370
5ae4b6f0	39694c69
5ae55da4	52ce7370
5ae81639	c52ad410,2ffa2bc1
5ae81fa1	a8aceca4,b5bac504
5ae82464	bedd91a7,6d1d43cc
5ae884a6	bcf6bc33
5ae935cf	c52ad410,8b50786c,468f58e7,640f27b0,f079c742,7452b382,aebf716e,431297f3,78d03906,8e2c7504
5af1b058	4497a02c,9c0300b1,ed4381f2
5afbc735	b552f3e0
5afdd926	52ce7370
5aff9a44	321325f3,451d46e1,308a25f6,f3c07c54,e936e70a,3e2d180d,9ceb62b6,e1c45d7d,10dd1ea2,3dbbe0a3
5b021a00	52ce7370
5b066202	52ce7370
5b0be42e	4497a02c,9c0300b1
5b0ca9f5	52ce7370
5b0ef062	52ce7370
5b11644e	a4f1a6c6,358e4e85,6ba51265,28e6e4de,0c648a56,5d0c9ef7,684ed76b,4dabb065
5b15e33a	6966f037,27204a4d,cb50cfe4
05b16007	d48bb3cc,d813a777
5b19acc9	52ce7370
5b1b04f3	156ef672
5b1d3cc3	bcf6bc33
05b1db95	39694c69,53536c60
5b2a88ac	4497a02c,f1551f13
5b2ad6d6	b8d3ec3d,f5ff1be2,efe3034b,07f9e47f
5b2bf01f	39694c69
5b2c7e0a	d918c1e8,dcc919db,07967bc2,523c8ecb,e868360e,2b36b77e,9ab828b5,415405a6
05b2c9c3	3296fc12,5e580707,d4e0dd4d,92202a7e,688c3481,03fcd3a3,62a0f594
5b3044ef	39694c69,3324c1e6,3485907e
5b39a930	0f5723f9,d2ae33d7,93a36d20,4c94daac,03155e8c,2f75b67d
5b419903	39694c69,f93b7ad5,96b5162f,7f880865,27cca8c2,8df62134,572fc984,af403d4d,dddbd028,4b971e6b
5b424ae6	52ce7370
5b4442d5	39694c69,d2e46478,7012257f,b8bfb56a,f7d9bca0,b4c4c8dc,d1af1128,85d39416,ed7f4d10,5f8ff4cf,2f87d176,946239a5,3d91e1f1,9a3272d5,56dd9c63,d028f1a9,ff8f7872
5b5671ff	5dbe25e2,4f9d5fd7
5b5b0da5	c84c7718
5b5f3e62	39694c69
5b6857d4	0fa70d28,2141a805,b72d2da1,3031ff65
5b6aebf8	a4f1a6c6,358e4e85,6ba51265,424a544a
5b6bc258	4497a02c,53536c60
05b6d963	52ce7370
5b703085	c415d935,b85a0341
5b71d516	b8d3ec3d,f5ff1be2,efe3034b,34e511d3
5b72c37d	0e8e2308,41279696
5b72fe6a	4497a02c,9c0300b1,077c6c03,e16cf88b,d4046dec,c940734a,836932d9
5b75e977	39694c69,53536c60,ed4381f2,a43458d9,1c93d9d3,f5216bcf,c602a40d,ae8834fb,91fa17ab,111e88f1
05b77b42	52ce7370
005b7a19	52ce7370
5b7cd423	4497a02c,9c0300b1,71059794,87b10783
5b7f2a57	39694c69,1e31872e
5b82b0f5	1b5a30c0
5b84cdc7	a4f1a6c6,358e4e85,6ba51265
5b8b906e	e6e260e8,5085225b,3e4094de,46161583,a0cb06bf,baa3f715,3e6ec469,431222ee,70852d5d,e1533de7,fbe96524,cc4eeb14,6df30f36,9a108667,57aed4d9
5b8cf7bd	bcf6bc33
5b9515bd	39694c69,8f21bbbb
5b9a866e	39694c69,b2492e29,017f2a6a
5b9baa70	76f26501,312fab3f
5b9ed04e	569aeac3,0c6023ee,fd8c731e
5ba118e3	52ce7370
5ba1acd7	0f5d5760,90607347
5ba71891	39694c69,53536c60,ed4381f2,a43458d9
5bac2fe1	a4f1a6c6,358e4e85,6ba51265,424a544a
5bac9474	4497a02c,9c0300b1
5bb713a9	18da8d98,341d8e4a
5bb91085	78f5fac2
5bb97ce5	52ce7370
5bb98b02	54dbcc01
5bbdd3f8	b8d3ec3d,f5ff1be2,efe3034b
5bc4f389	52ce7370
5bc98af9	1e3bbce9,b83c1deb,8ce21c36,6a922478,582b1c95,9d346b82,e5a17747,39961095,e400f540,ad0d2554
5bd013ba	52ce7370
5bd46da1	39694c69
5bd86aa6	c311c08f,3463d7f7,ff1b7428
5bd8ce66	52ce7370
5bd9043a	39694c69,53536c60,ed4381f2,a43458d9,1c93d9d3,f5216bcf,c602a40d
5bda2ee8	39694c69,53536c60,ed4381f2
5bda4bbd	4497a02c,53536c60
5bdc560f	54dbcc01,688fbadb
5bde4dd3	4497a02c,f1551f13
5be2c797	52ce7370
05be31e3	b8d3ec3d,f5ff1be2,efe3034b
5bea43d0	52ce7370
5beba724	861ab707
5bec2184	52ce7370
5bf0736d	39694c69
5bf713e1	52ce7370
5bfa60a6	52ce7370
5bfe0dd0	52ce7370
5c0691a4	e3311bf1,9bb51bb9,3ed623fb,f0c25daf,926fde2b
5c07dc6a	9bb723a2
5c09f842	23f6c302,a3029690,40dcb874
5c0d6fa2	52ce7370
5c0f80fb	39694c69,40c3b60d,8a6f2577,f156761a,efa938d5
5c1a3196	2113ce38,0d75535b,37313dad,212e835f,4269bb4a,efa938d5
5c208c51	d918c1e8,dcc919db,51764901,e2ebaeae
05c20a31	4497a02c,9c0300b1,82d55d94,2113a7e8
5c21ed4d	39694c69,1b5f67d5,4ddcf3c3,a9f57785,558be6b6,a1a6d126,f7142938,241f3066,79c4e2e0,869128f0
5c2753f4	52ce7370
5c29ffea	144ff75e
5c2d4484	aa9f56fa,44360dee,260be534,6eb13258,1812dfc6
5c2d4cc8	39694c69,53536c60
5c30b7c9	e4aea027,21cc6d67
5c33fca4	ef5095c4,d836311f,038bcb6b
5c36635c	52ce7370
05c4115b	afcfe59e,1688a6c8
5c46690c	52ce7370
5c46d23a	a4f1a6c6,358e4e85,6ba51265
5c4e2715	abf33a9c
5c517f98	52ce7370
5c52f702	efa938d5
5c541832	95bbbf7e,466d7535,0c962951
5c5c0a7c	52ce7370
5c5e58f9	52ce7370
5c6289ae	74d3169e
5c71ec5f	c52ad410,57d7e3c7
5c724099	39694c69,3de9df09,3b1f922c
5c782065	39694c69,22521ff3,fd23becd,e5147719,e18032b7,d3ec1ec1,296cdbeb,6726b914,b311370c,d028f1a9,35f35a62,f133c7e1,02bc242a
5c795652	4497a02c,9c0300b1,7da1c31a,2a120275,3d2965fe
5c831545	be477644,3dcc3a35,e38c3f7e,592cf447,87c91ece
5c854fbd	39694c69,53536c60,ed4381f2,a43458d9,1c93d9d3,f5216bcf,c602a40d,ae8834fb,91fa17ab,111e88f1,89f6f8a5,4ebd1bb2,1c978fef,39dd9a06,787d3ca4
5c893e5e	fd8c731e
5c89837f	a4f1a6c6,358e4e85,6ba51265,424a544a
5c8d1f09	1c3d3222
5c90902b	a4f1a6c6,358e4e85,6ba51265,424a544a
5c9509ca	4497a02c,9c0300b1
5c95d61e	39694c69
5c97c07b	5f1deb34
05c981a9	39694c69
5c98ffe8	39694c69,ab278105
5c9a03d4	52ce7370
5c9a7f5b	52ce7370
5c9d006f	52ce7370
5c9dac24	a4f1a6c6,358e4e85,6ba51265,424a544a
5c9df101	4497a02c,9c0300b1
5c9edfb3	52ce7370
5c9f31ce	52ce7370
5ca1802c	39694c69,8d909566
5ca4d803	52ce7370
5caa668a	39694c69,553dc815
5cb14967	4497a02c,9c0300b1
5cba62c8	028ee248,8d7a3b50
5cbbda35	39694c69,53536c60,ed4381f2,a43458d9,1c93d9d3,f5216bcf,c602a40d,ae8834fb
05cc11ad	39694c69,08e6c760,750e1d42,864d2e6f
5cc395cc	39694c69,adb1e32d
005cca88	4497a02c,9c0300b1
5ccf6091	52ce7370
5cd4e1ba	c52ad410,13003f6e
5cd64c16	4497a02c,9c0300b1,ed4381f2,a43458d9
5cdb8ffd	8130bb12,cc2e4eeb
5cddc867	822a17f6,fd76dda4
5cde4348	39694c69
5ce7da03	577c51b1,de5cbb69,937fb0d3
5ce7f5d0	52ce7370
05ce8e5e	52ce7370
5ce9dda7	52ce7370
5cec66d8	695a3627
5cecce4d	94393069,861ab707
5ced65f0	4497a02c,f1551f13
5cee5d87	1d3a293a,55b683b4
5cf32c4e	bcf6bc33
5cf60e48	b8d3ec3d,f5ff1be2,efe3034b,fbbe3432
5cfb295b	63a587b4,b28e4b9e
05cfdfb4	ef10b158,3885433c,19bc2914,f8f42cac,570a9840,9ff641ff,5ec91e4d
5cfe3378	39694c69,406285b0
5d045ca3	b59d741b,bb68f6c7
5d07e09c	de9ad6e8,06bfd558,19926263,6a88bafb,29785375,715c4017,578552a3,a72f42fc,b66d8e33,33abd97c,bef418b5,4a85ee26,1eb77af5
05d0c0d8	92524152,6267b092,05db2e2e,f3a315e4,1884b6eb
5d0c55f1	14e1f474,f32b9f8a
5d0fc48d	a4f1a6c6,358e4e85,6ba51265,424a544a
5d11ef61	39694c69,4e43db79
5d11fc8f	39694c69,750e1d42,589f8d99
05d12674	a4f1a6c6,358e4e85,6ba51265,424a544a
5d16f8e0	52ce7370
5d17ab9f	39694c69
5d1885b1	ce134d77,8e7b6f79,908c1738
5d1a3054	bcf6bc33
5d1de323	4497a02c,53536c60
5d201e7a	52ce7370
5d20f53e	2ec70da6,8e2a8d2b,b212cc25,225508fa,08b84d47,76de9ccd,0ad8a72d,d76931ac,849679fe
5d294070	16230b6d,e9f77cc4,1739fe34,6ade46dc,1c5625f3
5d2c535c	a8aceca4,30d26d66,db62caf9
5d2eb41d	4497a02c,9c0300b1
5d31b36a	4497a02c,9c0300b1
5d332981	e0fdb83a
5d36335d	39694c69,53536c60
5d37001e	39694c69,53536c60,ed4381f2,a43458d9,1c93d9d3,f5216bcf,c602a40d,ae8834fb,91fa17ab,111e88f1,89f6f8a5,4ebd1bb2,4b8a0cef,d89abf3a,7c564be4,fcf1f8c5,472143bf
5d420531	4497a02c,9c0300b1,9f90b58d,77c639b7,c015fc4b
5d4ca462	4497a02c,9c0300b1,ed4381f2,a43458d9
5d50b510	52ce7370
5d53a30a	bedd91a7,6d1d43cc
5d552ebe	d2c7297c,b6ac19d1,4696f473
5d563762	52ce7370
5d61b281	19df91a3,79bc1aa1,cb7b7504,d454474a,689b5772,c53f71f9,30c7c4c6,58348094,f6a74376
5d6220fa	ef10b158,74ef00bd,b2c80d58
5d62ba09	39694c69,57d7e3c7,a8460504
5d642a07	52ce7370
5d64af94	52ce7370
5d6a3958	9a9d5b6e,1b5a30c0,bdb028d3,81c5d535
5d6be22d	39694c69,53536c60
5d722abf	1e3bbce9,b83c1deb,8ce21c36,b2ef0f1c,1d55d3b6,599f399c,417d22da,1e752e7b,58d8709e,b347f621,819d4612,fae06552,6087d2bd,752c2be5,70f421d9,0222646c,a8b5f40d,e3ef7bf8,2e43d7ee,ecaa1527,e76a0be6,f7fb80f0,f72585a7,18651cfa,b2a246d3
05d72548	efa938d5
005d7424	b8d3ec3d,f5ff1be2,efe3034b
5d775306	bcf6bc33
5d797621	4497a02c,de9ad6e8,55977c08,d242469e,ac0987b0,f220e65a,53da6ac8
5d7d810c	b8d3ec3d,f5ff1be2,efe3034b
5d80a543	52ce7370
5d83f5cb	85a0fd13,f3b614b2,63c715e9,e3ac8503,0b45ee75,4ed610f5,f79b6206
5d84125b	39694c69,53536c60,ed4381f2,a43458d9,1c93d9d3,f5216bcf,c602a40d,ae8834fb,91fa17ab,111e88f1,89f6f8a5,4ebd1bb2,4b8a0cef,d89abf3a,7c564be4,fcf1f8c5,472143bf,81d269f1,445ee13f,4bfb77d1,604cb8a8,4d525275,1b332a89
5d8565a1	3329943e,a2705ee6,8bc81480,cb6eac2e
5d8c4260	ebede14c,406ce27e,6a259232
5d8f0826	b26e407c
5d928089	bcf6bc33
5d96c1bf	52ce7370
5d9c2cbc	52ce7370
5da562d7	52ce7370
5da673d4	52ce7370
5dabbf6e	156ef672
5db0a966	579785b2
05db4245	a4f1a6c6,358e4e85,6ba51265
5db51e32	52ce7370
5db63c48	a8bda540
5db71d21	a4f1a6c6,358e4e85,b7a0eada,99b8e741,424a544a
5db737bf	b8d3ec3d,f5ff1be2,efe3034b
5db7f941	4497a02c,9c0300b1
5db85ab4	52ce7370
5dbb9283	4497a02c,9c0300b1
5dc1ff38	ae4dd84f,dee65538,affcdacf,e29d39fd,ba8e2177,a8ed54fd,fc5833fa,2adab90d,dfb9a7ae,d6ea29f4
5dcdb862	4497a02c,9c0300b1
5dcde9b9	52ce7370
5dd08560	569aeac3,0c6023ee,fd8c731e
5dd38aaa	de6cf883,e4f4f9b0
5de3bb45	b8d3ec3d,f5ff1be2,efe3034b,cd533847
5df01fa2	860e88b1,908c1738
5df46a4e	4497a02c,9c0300b1
5df535e7	4497a02c,9c0300b1,7cca3687,b721ee18,ef85bc02,34c60df6
5df5863c	97a09adb,d7f9c8b1,8afc80f9,de14a729,2a1a4d8b,fe45d7b7,c040e307,037b0239,e715a54c,4209fff0,40df0371
5df61e77	9537bf55,7da1114b
5dff79ca	52ce7370
5e000de9	acde460f,6966f037
5e00418d	9cb6d969,e2ebaeae
5e0ec239	52ce7370
5e0f559d	0cc8eeb6,e7f1211a,aad197c1
5e1065ad	52ce7370
5e183a41	52ce7370
5e19241f	39694c69,df56f945,97c3ead5,d3ec7e8f,918d4952,00d58ae7,2346407d,8b734d7a,456fa8fe,01c776a3,636b0168,56a3668b
5e19f0c7	c311c08f,f7a97e39,c30b4e22,fefc3c17,62452f26,643d8f95,a8e6577a
5e1d861c	52ce7370
5e1fc48b	b8d3ec3d,f5ff1be2,efe3034b,a7e2eea5
5e278eb8	39694c69
5e27dc6d	f4e026f0,88afcc43,9a320f21
5e291673	39694c69,aff5eee5
5e293e7b	c52ad410,172a4014,f136aef1,b907c265,094ce4b8,94268d1c,31b4009d,cd6128bd,43ef0a2a,2c58fe96
5e2bc112	a4f1a6c6,358e4e85,6ba51265,424a544a
5e2c7fb1	52ce7370
5e32ea5a	b8d3ec3d,f5ff1be2,efe3034b
5e385463	52ce7370
5e38e8fd	52ce7370
5e3b25a1	39694c69,3b681ecc,7d400c11,908c1738,a0480510,3e4ea873
5e3c2871	b8d3ec3d,f5ff1be2,efe3034b,9b16e095
5e441019	52ce7370
5e453b71	39694c69,156ef672
5e5092da	b8d3ec3d,f5ff1be2,efe3034b,216302dd
5e520b61	8d909566,a8c284ba
5e530f73	39694c69,c5370ed8
5e5cff82	2ffede84,0ee58923
5e5ec1fc	52ce7370
5e675778	39694c69,53536c60,ed4381f2
5e68007a	1fcea4c1,de5cbb69
5e683912	52ce7370
5e6aee54	2b95a925,c594c850,05258515
5e6cdb74	52ce7370
5e6dd163	bedd91a7,6d1d43cc
5e7aedec	4497a02c,f1551f13
5e7b91c0	39694c69,cdef0b68
5e80a476	152e9eec,7d59d9b8,6519f22c,ab78b87d,39572fa0,9449ec6c
5e834f63	52ce7370
5e86350c	e0fdb83a,417b4581
5e874bcb	2113ce38,0d75535b,37313dad,212e835f,4269bb4a,efa938d5
5e8b0e57	f8685a7f,719df75d,f02166e9,f700be48,ac01d818,bf111e46,21921953,dbb3055e,24c48205,87c91ece,a8a6d174
5e8d5f0b	a4f1a6c6,358e4e85,6ba51265,424a544a
5e8d80c3	ceca809a
5e8dbd63	bcf6bc33
5e94af86	4497a02c,53536c60
5e957030	39694c69,3485907e
5e97d59f	39694c69,de5cbb69
5e991c8a	8d909566,30ad2208
5e9b6120	39694c69,08e6c760,750e1d42
5e9ba9d5	39694c69
5e9d25f7	f8bfa99d,8c606103,17d7d684,da293a7f,8aeb9b7e,b4a30974,c26cca76,cec548ec,6a922478
5e9e0e24	52ce7370
5ea00000	22183874,d74ebeed,b3c768ec,12071db6,3512f1ef
5ea20ae5	39694c69
5ea2a9d4	569aeac3,0c6023ee,fd8c731e
5ea2f2a7	9305aea7,ae59d352
5ea47275	a8bda540,22521ff3
5ea7081c	52ce7370
5eae19d5	39694c69
5ebd2d12	52ce7370
5ebda65a	c52ad410,72b702fd,53ef1511,dfb533e1,83e275d0,172a4014,f136aef1,094ce4b8,31b4009d
5ec19702	ef10b158,660f397b
5ec3103d	39694c69,53536c60,ed4381f2,a43458d9,1c93d9d3
5ec311aa	ef10b158,2ae24a4f,43b6a3ff
05ecbb00	acde460f
5edb31dc	ef5095c4,9b755684,466d7535,f61069d0,12731e6a,46c993ad,5b673006
5eded7d9	980825e0,7ddfed42,969604c3,00e4cacb,76d24228,ebde9d35,ec305c97,0d72499f,115256a8,454ffa62
5edf7410	4497a02c,9c0300b1
5ee4c6a5	639c7070,ef46bbd3,cb433269
5ee610aa	abef05bc,01cc80e6,c57fa194,503c45e3
5ee9494f	4497a02c,9c0300b1,ed4381f2,a43458d9
5ee94a8d	19a269d2,3270856b,1b813ec1
5eecf624	f93b7ad5
5ef2d300	39694c69,f93b7ad5,96b5162f,7f880865,27cca8c2,8df62134,572fc984,af403d4d,dddbd028,4b971e6b
5ef31dd9	4497a02c,9c0300b1
5ef3ff44	fae8608c,7c98315d,2c2d388e
5ef9b65f	b8d3ec3d,f5ff1be2,efe3034b,ffa7fbe4
5f0068bb	a4f1a6c6,358e4e85,6ba51265
5f06b2cf	52ce7370
5f077f3b	52ce7370
5f13121e	4497a02c,9c0300b1,9f90b58d,77c639b7,c015fc4b
5f1387e5	58ade78b,6d8d44be
5f187348	7eefa621,b54c5def,397526af
5f1902b9	52ce7370
5f1a87bf	31551867
5f1a9242	3eac776f,69b4ba36,f41b94df,21e78e4e,fe5e69d0,a2a65958
5f204c94	39694c69,53536c60,ed4381f2,a43458d9
5f226b91	52ce7370
5f260e4a	98b8134d,4edab717,f461f514,3329943e,a2705ee6
5f3032f5	4497a02c,53536c60
5f30e2c6	32508d87,e0d64098
5f338890	39694c69,56bbff25
5f341cc4	52ce7370
5f347b1d	4497a02c,9c0300b1,6d2c033c,ed9bfc62,33ec28b6
5f35d302	39694c69,a93ac93f,14a75dad
5f3a597a	a4f1a6c6,358e4e85,6ba51265,424a544a
5f3abe84	4497a02c,9c0300b1,74077bc9
5f3b77dc	52ce7370
5f3cca56	39694c69
5f44e35d	52ce7370
5f4694ed	52ce7370
5f486397	c50fb640,567af4a9
5f4ceb11	19df91a3,79bc1aa1,cb7b7504,d454474a,689b5772,c53f71f9,30c7c4c6,58348094,2ea7f01d
5f4cff50	286b49f1
5f4d6dca	52ce7370
5f52198a	b8d3ec3d,f5ff1be2,efe3034b
5f569995	39694c69
5f5d76b7	584424af,b955be1d,c0b652fe,f249b141,502984dd,86f7f324
5f6030cc	32508d87,2381d6ef
5f6057e9	b8d3ec3d,f5ff1be2,efe3034b
5f636a90	52ce7370
05f65932	52ce7370
5f689b23	52ce7370
5f6b413e	52ce7370
5f6b6912	39694c69
5f6c9922	39694c69,53536c60,ed4381f2,a43458d9,1c93d9d3,f5216bcf,c602a40d
5f703f2a	b8d3ec3d,f5ff1be2,efe3034b
5f72cc83	52ce7370
5f7b2c12	4497a02c,f1551f13
5f7cc152	52ce7370
5f7f084b	4497a02c,f1551f13
5f7f6c42	52ce7370
5f7ff812	f5d76b69,4c72e016,d2c05a26,c5874595,6ff5c714,7a49af07,d7ac7355
5f81632b	7ab34f3f,f4acbe21,24cf22a3
5f821760	7815cfe6,e811e972
05f83540	156ef672
5f8ef8f0	bcf6bc33
5f8f464e	be477644
5f948c78	39694c69,82273c54,da0deda5,109279ae,ff4ee59c,223d627a,eab3c5bf,c7121f30,3333e0d9,a5475426,31609214,a39b9ffb,c1c3332d,6b57f950,57311d2b,9df36927,3dee93f1,09275ffa,0c7f6d66,68131d73
5f9b1a61	4497a02c,9c0300b1,a68e3eb3
5f9d99db	52ce7370
5f9f34c0	874cdd1a,6f83a9c4
5f9f815f	39694c69
5fa1bd17	7e8a7dfa
5fa26c45	39694c69,53536c60,26bed42b,0091e4f9,1c93d9d3,f5216bcf
5fa2dfab	b8d3ec3d,f5ff1be2,efe3034b
5fa39406	52ce7370
5fa6ed80	1e3bbce9,b83c1deb,8ce21c36,784b6076,4516e10a,552a2000,69de0d15
5fa935e7	b8d3ec3d,f5ff1be2,efe3034b,028db326
5fab658f	52ce7370
05fac2ac	52ce7370
05fad96f	b8d3ec3d,f5ff1be2,efe3034b
5fb0559f	52ce7370
5fb81ba6	6d1d43cc
5fb9062f	94393069
5fc0baf3	07eee7e7,f8cf135e,1246a305
5fc2262b	acde460f,1b5a30c0
5fc35adf	52ce7370
5fc8602d	bedd91a7,6d1d43cc
5fccc99a	4497a02c,9c0300b1,ed4381f2,a43458d9
5fd174ee	39694c69
5fd4847d	9a9d5b6e
5fd546c4	b5a58f84,21cf69c0,818778d4
5fe3edc4	4497a02c,9c0300b1,6d2c033c
05fe4ac6	4497a02c,9c0300b1
5fe5253b	39694c69
5fe6ccac	39694c69
5feaf8b3	39694c69
5ff101f8	94393069,861ab707
5ff1d918	52ce7370
5ff66d9e	a4f1a6c6,358e4e85,6ba51265,424a544a
5ffa1e51	bcf6bc33
60050c1d	861ab707
60089ea1	4497a02c,9c0300b1
600d27af	39694c69,31f31f34,fd05d678
601dad77	39694c69,62cb1106,b6a7fa6d,201ac969
0601ff05	39694c69,53536c60,ed4381f2,a43458d9
60232a9a	bcf6bc33
6029c709	39694c69,1ac37901,a8e8b716,729e3f65
602c7070	52ce7370
603075ee	b8d3ec3d,f5ff1be2,efe3034b,e3c3efe4
6031bcc0	52ce7370
6032d520	d918c1e8,458e5d1c,705a423f,83dfc38a,35f35a62,02bc242a,275c50b5
60357522	39694c69,53536c60
6038b8d3	52ce7370
6038f639	998a4e6c
603a76b0	39694c69,fced5de1
603c6139	39694c69,53536c60,ed4381f2,a43458d9,1c93d9d3,f5216bcf,c602a40d,ae8834fb,91fa17ab,111e88f1,89f6f8a5,4ebd1bb2,4b8a0cef,d89abf3a,7c564be4,fcf1f8c5,472143bf,81d269f1,445ee13f,4bfb77d1,604cb8a8,4d525275,1b332a89,10fded56,f2564478,2fd57652,8aab7e64,65bd861b,e51224df,0b3b3b39,66359d4f
603e763f	4497a02c,53536c60
60437752	22f9320a
6048303b	1e3bbce9,b83c1deb,8ce21c36
604b0fa3	39694c69
604b633f	8f889366,88a76640,ed5d72b7
604c2e0e	39694c69,89f795db,ac07e09d,3de04176,3eb1d334,164c4c5a
604ca338	39694c69,16ec1a76,4964a5ff
604ce9e2	4497a02c,9c0300b1,ffa43280,a70cc69e
6050527f	b8d3ec3d,f5ff1be2,efe3034b,9b896075
60513732	569aeac3,0c6023ee,fd8c731e
605a330b	69dbae94,98b8134d,920a5366
605ac383	39694c69
605d4e55	ef10b158
60617174	521f85d0,f9d0cfec,1e8041c9,dfe634c9
6061ce8f	39694c69,97898a4b,bafc4715,4caf6f64,dbc069e4,1520ca6f
606660b4	52ce7370
60667e21	156ef672
6067e140	52ce7370
6068a183	bcf6bc33
606d2ea4	951d7646,701ec032,8be0a83a,2f44cf2b,1db301fc,c3d1e080,12dd8993,1156fdef,ce714afa,c4b2e686
6073486b	39694c69
6077213d	1106b04c,c52ad410,c261474f
607889ea	ddc282fb
607c7ba8	523c8ecb,2b36b77e,e2ebaeae
607e5ca2	39694c69
60820543	39694c69
6084f3ec	b8d3ec3d,f5ff1be2,efe3034b
6087c43f	39694c69
6089302b	a4f1a6c6,358e4e85,6ba51265,424a544a
608cfad0	52ce7370
608f5038	def06dee,d98c8583,77c5ff89,1ae4f408
609573b4	4497a02c,9c0300b1,5fc0aae4,03103993
6098f287	a4f1a6c6,358e4e85,6ba51265,424a544a
609a892e	9d6f82a3,b72d2da1
60a14696	65dddc6f,02ed13c4,e2d8b22d,17b69169,6ca9010b,efa8d9cc
60a32683	a4f1a6c6,358e4e85,6ba51265,424a544a
60a36aab	52ce7370
60b27626	57ae6a19,962f786f,56b5b083,3c57312b
60ba7e99	39694c69,53536c60,ed4381f2,a43458d9,1c93d9d3,f5216bcf,c602a40d,ae8834fb,91fa17ab,111e88f1,89f6f8a5,4ebd1bb2,4b8a0cef,5e9a3cab,fd4e14dd,ee714094,013b54be,da724585,2a3fa833,ea27ac19,387625e4,4f6c0854,6b596919,1ba5f182,851b58d5,9e3c008b,4a89e4d9,3e290afe,e1f2d850,21061350,02c456e7,f78978c6,d620d67b,8554f161,634b1880,60769c50,cda9411d,79bc0372,2b163ce3,c8d99703,02ad2317,eaf6b177,dcc236eb
60bc013b	52ce7370
60bd5997	39694c69,53536c60,ed4381f2,a43458d9,1c93d9d3,f5216bcf,c602a40d,ae8834fb,91fa17ab,111e88f1,89f6f8a5,4ebd1bb2,4b8a0cef,d89abf3a
60bde25b	58ade78b,11177941,d2ddacdc,f87c03ad
60c4e40a	52ce7370
60c76018	4497a02c,9c0300b1
60d63680	4497a02c,9c0300b1
60d6406a	afa3ce0f
60dc91bf	52ce7370
60dd7d46	3163925b
60de8c97	52ce7370
60e16592	8d210b67,7aaa58b2,e2ba506a,8e45728d
60e1c70d	bcf6bc33
60e53656	5ee16b87,a346992f,3ce8e3f9,7b3e3d98,6182269e,280d9963,df9fc833
60e57dc1	52ce7370
60ea4c97	ac97af86,61642db6,86271f0d,2dd63ef0,29dd8cff,8693618a
60f0b99b	52ce7370
60f1dfa2	ef10b158,875dd7e9,e44bdf21
60f4307c	1f22d997
60f4d5af	48653185,ed8c9583
60f65325	39694c69
60fae36f	39694c69,53536c60,ed4381f2,a43458d9,1c93d9d3
60fbbf81	52ce7370
60fcc5b5	39694c69,af77c70d,ed4381f2,a43458d9,1c93d9d3,f5216bcf,e2dc42cb,ef4c1064,050a25d7,234a0a79,c3c175ca,4ebd1bb2,d454474a,689b5772,c53f71f9,6bdb00af,58348094,99a3a83d,f8b16511
61031768	52ce7370
6106bc84	861ab707
610b78fe	52ce7370
61169766	a4f1a6c6,358e4e85,6ba51265,424a544a
611a3c0f	52ce7370
611c30b7	4497a02c,9c0300b1
611c892f	849b3bdf,4b971e6b
611ca4dd	52ce7370
611e530e	4497a02c,9c0300b1,260609a1
6120e970	4497a02c,9c0300b1
612a8105	a4f1a6c6,358e4e85,6ba51265,424a544a
612a870c	c52ad410,a9433990
612f059b	52ce7370
612fb7ff	8e7b6f79,908c1738
61300616	39694c69,f5638694,6161c35f,663614cb,c966d214,daadd0dd,676e6263,b724946b,6d2927b8,331da5f0,e377ff18,55e81699
613078e4	aec4271f
6131d9c9	19df91a3,79bc1aa1,b7ab8c7b,785a7d0b
6139de52	39694c69,53536c60,ed4381f2,a43458d9
613ccdbf	0738e6d9
61410116	39694c69,57d7e3c7
614363d1	2c56f288,e3884fe6,51d33a98,e4f4f9b0
6144598e	52ce7370
61449a91	bcf6bc33
6144f944	695a3627
614f928f	c415d935,1ec35a4c,2d773a9c
0614fe41	39694c69,3c22950e
61523e82	39694c69
615261d1	012dbe79,1c5ec7b8
6152c2c5	c8dc3446,10d72ae0,a97f322f,b29a698f,594166c8,b966b8cb,4362dc00,b8158c81,6b363b7a,0af21ed5,fff81c8f,f8cf135e,927245d2,9bf2ddcb,78365de6,3ad9ec69,0b1b3975,c0232b24,8e514f4e,29fe913b,15675599,496c1411,0a29d88c,4c36c347,be7ee904,8b5161b0,00d63b1e,fdbefd19,0081f603,91d6b5bb,b1caa993,f5bd26e2,02eb1372
6156e290	39694c69,adb1e32d
615b8745	4497a02c,9c0300b1
615d2203	4497a02c,9c0300b1,74077bc9,d8c2bb03
61601d93	4497a02c
6163c10b	52ce7370
6164794b	39694c69,53536c60
6169ff47	52ce7370
616f41c0	39694c69,dd78704e
61715a13	cbb0a0c9,2f7c6535,26d821e9,5d6e6635,0a6807ab,88605cbd,f91fb1c1,444d7cf2,5974cbb9,4c928458,080e59d5,c4e6a7a7,9ca71ab9,ff98e06a,daef038c,678c1a04,3cce1f40,7bb463e9,eb77e83c,25cf07dd,4ee4dec6,bd5a46fa,21ec7827,db1478c0,6a0eef8f,79fd6833,e71a034b,3b55e671,d170dd22,83faa670,59d9f271,6807ded6,eac2fe2c
6172c0ef	39694c69,53536c60,ed4381f2,a43458d9,1c93d9d3
6174be8d	22183874,d74ebeed,b3c768ec,12071db6,3512f1ef
617532d2	52ce7370
61781b7b	f3acd50c
617935f9	52ce7370
617b4acf	ef10b158
617bd7c9	b8d3ec3d,f5ff1be2,efe3034b,dbe230a0
06183764	639c7070,ef46bbd3,cb433269
6189c830	6651c037
618d13d9	933fc648
618ee25f	39694c69
61944746	4497a02c,9c0300b1
6194d80c	39694c69
6196f9c8	52ce7370
6197ffd0	15ca7171,c7d89160,745fb851,b17350fc
6198a6ff	a4f1a6c6,358e4e85,6ba51265
619bcc33	52ce7370
0619d861	4497a02c,53536c60
619ec525	1e3bbce9,b83c1deb,8ce21c36,380bf234
61a2bddc	7eefa621,6c8881e2
61a8cc4d	d6f61430,43beb71d
61a9ea01	5db7b8ed,a1db02f3
61ae3fbd	a25ff8f8,7d08ab55,b3da65a9,0dce1a47,cc4fd087
61aed9de	52ce7370
61b03165	52ce7370
61b0622f	0d52b105,d11ba606
61b8e5fd	3f19cae6,36765160
61bf80d9	52ce7370
61c09e0a	b8d3ec3d,f5ff1be2,efe3034b
61c1b035	efa938d5
61c1ed06	15d1718e,a9e830dc,fc8e1387,45f1a93c,e8787d85
61c4565b	39694c69,53536c60,ed4381f2,a43458d9
61c4fc47	4497a02c,9c0300b1,ba20f291
61c7680c	4497a02c,9c0300b1,ed4381f2
61c8122e	4497a02c,9c0300b1,a8aceca4
61cd05d4	39694c69
61d1a722	a11ea64a,3d9d33fd,29978bab,385419b6,902a00d6
61d747af	52ce7370
61d88244	4497a02c,9c0300b1
61da0517	39694c69,53536c60,ed4381f2
61dbd8fa	52ce7370
61de99b8	1e3bbce9,b83c1deb,8ce21c36,15ac7a12,1b6a819e,1e067c54,5a9c4ee6,e9507cd5,4f2fa991,b0af70b6,5b01ae9f,f73526a3,8529f4dd,46b3b2c3,cc8d9fa9,4d075c37,175bb2ab,09296b91,079ff3fa,5405d92f,f539e04f,599414ee,bdce7e1f,9e575d2f,3307a180,697b710d,339f22c2,960dc218,278fb537,fc4fdd1b,24e6ea37,054ebc8b,b77e0202,de0babab,f354cc58,9c1a834f,ec890087,a0b5830b,13949108
61e4ee5a	1a444506,cddb3fc7
61eabe3e	89afc1a7,36765160
61f050de	39694c69
61f18563	1e3bbce9,b83c1deb,8ce21c36,0fe2cd65
061f1eb9	52ce7370
61f2b228	39694c69,53536c60
61fa03d7	a4f1a6c6,358e4e85,6ba51265,424a544a
61fb5409	52ce7370
61ff197d	52ce7370
6205433d	f95fe85d,565a8174,4391aca0,5a7d763c
6205e7b4	a2040b82,e3d43f96
6206a725	a832c92e,846067ea
62075b5b	3db87d28
6209a54e	4497a02c,53536c60
62129479	39694c69,53536c60,ed4381f2,a43458d9,1c93d9d3,f5216bcf,c602a40d,ae8834fb,91fa17ab,111e88f1,89f6f8a5,4ebd1bb2,4b8a0cef,d89abf3a,7c564be4,fcf1f8c5,472143bf,81d269f1,445ee13f,4bfb77d1,604cb8a8,4d525275,1b332a89,10fded56,f2564478,2fd57652,8aab7e64,65bd861b,e51224df,0b3b3b39,66359d4f,f6b0f1c0,708fd580,034d5002,09237912,50a41601,76cbe174,fc9e0f04,93be621a,5d5733ad,cd9c73df,94b05d44,9762d059,405d4257,950270d7,702e331c,70823eaa,daf56fb3,060f8f36,bb1a29f4,56638432,2b438d00,2bd5f7fe,95ee8dfe,d02acf3d,4b14a013,52d6f1b8,b4c59a3a,9c2397c2,6049d326,0aee9e47,5917cecc,6ee3cd6f,a3f29c27
62132876	817221f9,16ec1a76
06214377	52ce7370
62171b14	4497a02c,9c0300b1,57d7e3c7
6219606d	39694c69,f93b7ad5,96b5162f,7f880865,27cca8c2,8df62134,572fc984,af403d4d,dddbd028,4b971e6b
621f64a2	7eefa621
6221b56a	52ce7370
6225da10	c168d3ce,a2059fcb
62281e5a	52ce7370
6229739e	39694c69
622b0756	61477743,c52ad410
0622e8f7	52ce7370
622f4c6f	4497a02c,53536c60
622fd4e4	152e9eec,7d59d9b8,6519f22c,ab78b87d,39572fa0,9449ec6c
62318988	b8d3ec3d,f5ff1be2,efe3034b,5a1ad641,e4660c67,0128fb17,7811e163
623ade52	52ce7370
623c06b9	52ce7370
623f87f9	39694c69,0a994518
62411486	9b896075,2d6090c2
62451b9e	52ce7370
6248b2f0	9ad50217,998a4e6c,924f8da3
624aae1c	4497a02c,9c0300b1,ed4381f2
624d8784	4497a02c,9c0300b1,6d2c033c
625013b0	52ce7370
625071de	bedd91a7,6d1d43cc
6251fbea	c52ad410,fb629045,69dfb8ce,9bdeb816,46747927,bb1385a4,f28dae3e,bd0ae48d,622e64d2,fa780c10,9d52a066,096e3c87,96060714,20a21f36,736dc35d,b24a475a,8acda39c,e7209a65,673faebb,732baa56,1a2c86d0,f5d3bc9d,2081284d,1a5d75f0
625328cf	bcf6bc33
62553693	a4f1a6c6,358e4e85,6ba51265,424a544a
62587b3b	b7869525
625cebb4	39694c69
625dd05d	52ce7370
62609026	7383d65f,50e67c38,b1eb4e6b,cbe3c65c
062651c3	22436f0d
6265cb93	b8d3ec3d,f5ff1be2,efe3034b
6266dd2c	4497a02c,9c0300b1
626cf2b2	4497a02c,9c0300b1,ed4381f2,a43458d9
627068ee	39694c69,53536c60,ed4381f2,a43458d9
6270ee71	b8d3ec3d,f5ff1be2,efe3034b
62721e87	1e3bbce9,b83c1deb,8ce21c36,465a2741,2364bfd5,78a318e9,b59fca10,e794eb6a
62747ba8	52ce7370
627c6d7c	836ec7d8,5a0bc2ad,edc7d54d,d81c1b94,034a15f5,56388b91,373be390,939430d2,c98f7253,7f9ecaee,019b25bd,f5b31afb,96c5b2f6,9398ca7d,77cd1ea8,b06d7c63,5bcde70a,b7281e0e,8403334c,a6fbd056,e9016d92,0b18a5ff,40d8f3f6,69fd2a1c,1728d37d,81f61269,84115225,ecf870bb,45c7f9fa,715066ea,20650008
627d1740	ab278105,4b971e6b
627d393a	c52ad410,93fde6dc,f380e36b,502c5eed,b727a985,4a11cb7f,70890a9a,9c71bf94,e5bb9c87,c4f58b4a,f446f943,6e4cea4a,c6cc2018,0fb8ee10,7230b23f
628378de	4497a02c,9c0300b1,27a6a0e2,dd570b4c
6289e9d9	4497a02c,f1551f13
628f6f0e	52ce7370
6296abf1	52ce7370
62970e16	52ce7370
62979c73	c52ad410,fb629045,69dfb8ce,9bdeb816,46747927,bb1385a4,f28dae3e,bd0ae48d,622e64d2,fa780c10,9d52a066,096e3c87,96060714,20a21f36,736dc35d,b24a475a,8acda39c,e7209a65,673faebb,732baa56,1a2c86d0,f5d3bc9d,2081284d
62994775	4497a02c,f1551f13
0629e870	4497a02c,9c0300b1,ed4381f2,a43458d9
62a03d4c	52ce7370
62a732c1	4497a02c,9c0300b1
62a9c0a3	465660fd,6dd5add4,063fb078,059e3f6c
62a9f050	52ce7370
62aa1a1d	156ef672
62b2834b	b8d3ec3d,f5ff1be2,efe3034b,c44499ff,835322de
62b347b2	52ce7370
62b4f8f4	962be987
62b55df2	4497a02c,9c0300b1,f4055ede
62b76253	b9f4d7e9,4b971e6b
62b91315	22183874,d74ebeed,b3c768ec,12071db6,3512f1ef
62b9c99a	52ce7370
62c69976	8366e398
62c6dd41	4497a02c,f1551f13
62ca17f4	4497a02c,9c0300b1
62cb358c	9037df85,54421fc4,d7ce1a0c
62cb577c	3296fc12,5e580707,d4e0dd4d,92202a7e,688c3481,03fcd3a3
62cbe4c7	a8e80eb0,d5ed025a,0884cf1f,5bd747a2
62cd8813	39694c69,39745163,e8c6bd1a,46933fcb
62ce3c5b	f7ba331d,d9e91605,04c814ec
62d17e42	4497a02c,9c0300b1
62d375f3	39694c69
62d4e8ea	52ce7370
62d5e45c	52ce7370
62d6a6ec	52ce7370
62d7ed91	acde460f,d16f2be2,c966d214
62d9a526	5b673006,9294bbd2,004c73e7
62dbbfda	3296fc12,5e580707,d4e0dd4d,92202a7e,688c3481,03fcd3a3,ef4405e6,b6626cb8
62dc5f83	dee7eef2,69fec6a2
62df1641	7eefa621,688fbadb
62e1fcde	52ce7370
62e6a067	b43ddb43,98b8134d,c7fb2350
62eae067	ef10b158,01ce80d8,955d3f51,08402227,f8daa462,3f95e83a,9347af98
62f2842d	8e7b6f79,908c1738,0fedbf9d
62f8a211	4497a02c,9c0300b1
62fa412e	52ce7370
62fbc51a	a4f1a6c6,358e4e85,6ba51265,424a544a
62fd8bf3	52ce7370
63033e13	a4f1a6c6,358e4e85,6ba51265,424a544a
0630669b	39694c69,d1fcf3eb,ed4381f2,a43458d9,01fac503
631522b2	4497a02c,9c0300b1
631831c6	36b6e154,7ed9ceda,3c7ce2cf,43810e74,ea07bec7,7c9dc178
63209976	b3b3f915,861ab707
6323bd03	bcf6bc33
63242592	39694c69,53536c60,ed4381f2,a43458d9,1c93d9d3,f5216bcf,c602a40d,ae8834fb,91fa17ab,111e88f1,89f6f8a5,4ebd1bb2,4b8a0cef,d89abf3a,7c564be4,fcf1f8c5,472143bf,81d269f1,445ee13f,4bfb77d1,604cb8a8,4d525275,1b332a89,10fded56,f2564478,2fd57652,8aab7e64,65bd861b,e51224df,0b3b3b39,66359d4f,f6b0f1c0,708fd580,034d5002,09237912,50a41601,76cbe174,fc9e0f04,93be621a,5d5733ad,cd9c73df,94b05d44,9762d059,405d4257,950270d7,702e331c,70823eaa,daf56fb3,060f8f36,bb1a29f4,56638432,2b438d00,2bd5f7fe,95ee8dfe,d02acf3d
6327fa23	39694c69,53536c60,ed4381f2,a43458d9,1c93d9d3,f5216bcf,c602a40d,ae8834fb,91fa17ab,111e88f1,89f6f8a5,4ebd1bb2,4b8a0cef,d89abf3a,7c564be4,fcf1f8c5,472143bf,81d269f1,445ee13f,4bfb77d1,604cb8a8,4d525275,1b332a89,10fded56,f2564478,2fd57652,8aab7e64,65bd861b,e51224df,0b3b3b39,66359d4f,f6b0f1c0,708fd580,034d5002,09237912,50a41601,76cbe174,fc9e0f04,93be621a,5d5733ad,cd9c73df,94b05d44,9762d059,405d4257,950270d7,702e331c,70823eaa,daf56fb3,060f8f36,bb1a29f4,56638432,2b438d00,2bd5f7fe,95ee8dfe,5b0bc179,f354eef1,074ed91f,40fbc6be,f76f89e3,00b1c6c0,052d9261,7a494607,80642cbb,169d1883,130d7b42,c79df429,bc26d6eb,39e66b9d,2fb58e22,fd20af2a
632862e0	39694c69
632b765d	ef10b158
0632d831	c52ad410,57d7e3c7,f304227e
632f502a	39694c69
63333d3f	52ce7370
63359fb1	4497a02c,9c0300b1,6d2c033c,d8093c1f,f6aa24a1,dcc919db,3270856b
633617dd	39694c69,53536c60
633dd848	39694c69
0633e9f2	7eefa621
634343df	39694c69,53536c60,ed4381f2,a43458d9
634de053	4497a02c,9c0300b1,360c2f1e,2a1915f6
63523353	52ce7370
6358f79d	27beeb18,b4ed3394,a683f76e
635994e5	39694c69,59edf681,efa938d5
635aa4c6	52ce7370
635d180d	39694c69
635e08c6	397f16be,0a61b828,90be21f6
635e9c64	ef10b158,ba4a2484,34b5f15b,339b12e0,c47ee8c9,80de1073,32c33802,e927245c,7f8519a6
635ecf0a	52ce7370
63639227	4497a02c,9c0300b1
63650bd2	39694c69,53536c60,ed4381f2,a43458d9,1c93d9d3,f5216bcf,c602a40d,ae8834fb,91fa17ab,111e88f1,89f6f8a5,4ebd1bb2,4b8a0cef
636c4e93	52ce7370
6376295b	b8d3ec3d,f5ff1be2,efe3034b,8d0768bd
6378b8d9	52ce7370
637ef262	adf0822c
637f6edc	a4f1a6c6,358e4e85,6ba51265,424a544a
637fbd85	eb252e33,8e0a6525
637fc2a8	52ce7370
63833973	1b5a30c0,695a3627
6388fd90	b8d3ec3d,f5ff1be2,efe3034b
638a458e	52ce7370
638a9ca4	52ce7370
6392d904	52ce7370
63957ded	4497a02c,9c0300b1,7d67d6e5,6d2c033c
639d9da2	060fa272,07936ba9,6626d505,d912005b,a4844210,b43ddb43,0fef3c52
63a03d45	3296fc12,5e580707,d4e0dd4d,92202a7e,688c3481,03fcd3a3,44103b54,047b052e,caa6e4a9
63a7d10d	52ce7370
63a80cb6	4497a02c,9c0300b1
63ad5c16	9880151e
63af6bec	de171b22,6812b630,fae59c93
63b2a3ca	52ce7370
63b53029	a4f1a6c6,358e4e85,6ba51265,e69f7baf,0739342d,d64d45e9
63b66ee2	4497a02c,f1551f13
63bad366	52ce7370
63bc691b	9d58d1c7
63bce53f	39694c69,3755b185,c67d1472
63c2055f	1e3bbce9,b83c1deb,8ce21c36
063c26b5	a4f1a6c6,358e4e85,6ba51265
63ce5932	a4f1a6c6,358e4e85,6ba51265,424a544a
63ce9ae6	52ce7370
063d1c12	52ce7370
63d4f2aa	39694c69
63d6c19e	4497a02c,9c0300b1,fefda14e,b17e98bd
63d81a0b	39694c69
63dbc740	52ce7370
63dcd256	bcf6bc33
63e28a2a	861ab707
63e4808f	4497a02c,f1551f13
63e50b22	a4f1a6c6,358e4e85,6ba51265,424a544a
63e862a4	ba93dff3,7be3ee44
63eaab4d	4497a02c,9c0300b1,ed4381f2
63eb46cc	f22bd71f,cbd31be3,9fa0ee8f
63ed0449	52ce7370
63f20197	156ef672
63f4dc93	222f3cd6,06c56270,951fac84,fc93512c,23ddea18
63f84c4b	39694c69,53536c60,ed4381f2,a43458d9,1c93d9d3,0737552c
63feea48	bcf6bc33
64094d0f	52ce7370
64108ca0	4497a02c,9c0300b1
6412811a	3102f044,7fc981f3,6a9ba903,a5663f1a,8abce867,53056bd7
6414259e	45167447,1487fca1,6a85d536,f0b96268
64152872	341d8e4a
64156767	c0a65adf,cd92d939
64188da7	52ce7370
6420bbdf	52ce7370
64247f1c	52ce7370
64268d4a	39694c69,82273c54,da0deda5,109279ae,ff4ee59c,223d627a,eab3c5bf,c7121f30,3333e0d9,a5475426,31609214,a39b9ffb,73bf48e9,c5c96ac4,2402edaa,c4b62b42,b312c9ae,2b498348,2ac582b6,b1e3dae6,df8cb10f,c9e9df8c,13acaee6,b1beede3,466d7535,311e04b5,977aae91,badd114e,52dcdb2c,ef1490d8,fae4520e,3f93dd16,f3fb973b,b32cb2f8,6c65b68f,ea4bdb43,0ba8f177,27a0f417,2272cad7,bcc5ea12,9813dbd8,f80e5ce2,d0d87b0f,71fd4e90,16facd2e,a25ce84e,66a6bf40,d552a2c4,723faa5d,0c5999d3,13799edd,e4389bd7,430bc704,c0a43f37,6fa7e225,facf5e17,003d169f,bf81f6cd,9367913d,fed352dd,667c54f2,d47e09d6,5f276fe2,01a81db0,88558126,950a66bd,dc548503
64289898	39694c69,6beae116,f92556dd,14e8a4bd
642a83ba	da83e050,3472e675
642d1946	39694c69,74077bc9,b765fe04,899c015f,2b9cf06c,1af09543,28d8a89a,0f4962a7,58e31854,7cf6e1ea,1908eabd,403d4922
642ddddd	39694c69,66e14441
642f44db	4497a02c,9c0300b1
642f6abd	52ce7370
6436d851	39694c69,2962dc18,20d287b1
64398cb1	4497a02c,9c0300b1,4ea4f66c,5c63bad1,cb2264f6,5f5f36ba,fcc732f7
643b4c13	4497a02c,9c0300b1,ed4381f2,a43458d9
643bf4d8	b8d3ec3d,f5ff1be2,efe3034b,a5802738
643f1e2d	52ce7370
643fa0c4	39694c69
6440bd47	4497a02c,53536c60
64420046	036929b9,d2386740
644687c1	e1e423f9,199d10f7,915cf946,d12b7c8d
6447689d	b8d3ec3d,f5ff1be2,efe3034b
6447895a	52ce7370
6447dd49	39694c69,53536c60,ed4381f2,a43458d9,1c93d9d3,f5216bcf,c602a40d
6449531f	b8d3ec3d,f5ff1be2,efe3034b,0128fb17
644d7614	8402d354
645034f4	52ce7370
64505af8	19df91a3,79bc1aa1,b7ab8c7b,1b7145a0
64582fd4	ef10b158,77baed7c,6b89ad5f,94cf3b8c,fa08b005,4ec541ff,b4560c5d,d874bebe,9d048455,b6786f51,934ad76e,5cf7a1e0,8dbc0bfd,3cdd0f32
645993a3	52ce7370
645b0bb6	c52ad410,21d6ab7d,63ce8fc2,af447395,1568f0fe,f0a6bb16
0645bbcb	52ce7370
645e0a50	23cd13a9
645fdb44	39694c69
64651ebc	dcb4aa08
646e512c	252d678a,f763a845,cda75794,698ad492,d5483ea6,e38d7a9a,ce9de206,8efe916a
646edac1	b8d3ec3d,f5ff1be2,efe3034b
64751e47	b8d3ec3d,f5ff1be2,efe3034b,602af3f9
6475247f	5a22dc3b
64770db6	3296fc12,5e580707,d4e0dd4d,92202a7e,688c3481,03fcd3a3
647c6486	52ce7370
647d6adb	2adab90d,3df9db88,29093b61
647da88a	39694c69
648508f0	39694c69,f732ab87
6486b9e2	4497a02c,9c0300b1,ed4381f2,a43458d9
06487274	019dd106,64432d2d,466419ac,d2d62086,9328d767,92ec7025,14c8dc0b,1e1cfdc3,be43863f,dad6e648,2efc2947,b443dd50,4bd6d7ea,d4b708de,0d0423b1,e71d4361
648731e6	52ce7370
648bec55	52ce7370
6492de51	52ce7370
64947ee0	39694c69,53536c60,ed4381f2,a43458d9,1c93d9d3,f5216bcf,c602a40d,ae8834fb,91fa17ab,111e88f1,89f6f8a5,4ebd1bb2,4b8a0cef,d89abf3a
6494841f	32a1808a,859599eb
6497db38	ce9270c4,b5b0b135,ea043f83
64a70e3a	39694c69,53536c60,ed4381f2,a43458d9,1c93d9d3,f5216bcf,c602a40d,ae8834fb,91fa17ab,111e88f1,89f6f8a5,4ebd1bb2,4b8a0cef,d89abf3a,7c564be4,fcf1f8c5,472143bf,81d269f1,445ee13f,4bfb77d1,604cb8a8,4d525275,1b332a89,10fded56,f2564478,2fd57652,8aab7e64,65bd861b,e51224df,0b3b3b39,66359d4f,f6b0f1c0,708fd580,034d5002,09237912,50a41601,76cbe174,fc9e0f04,93be621a,5d5733ad,cd9c73df,94b05d44,9762d059,405d4257,950270d7,702e331c,70823eaa,daf56fb3,060f8f36,bb1a29f4,56638432,2b438d00,2bd5f7fe,95ee8dfe,d02acf3d,4b14a013,52d6f1b8,b4c59a3a,9c2397c2,6049d326,0aee9e47,5917cecc,6ee3cd6f,a3f29c27,a19c769f,e1759237,26d875d0,a6f8571a,537df9d7,c200c181,3c1b2601,184e2362,b58c4b95,906164f9,b6394a5d,364ef38a,bfbc3131,9a3d6880,2df3b4fa,acb06c15,9068b149,8f7cac60,b56d9714,862f6f6f,3c733797,8a7aa776,93df5feb,98adf974,6449cdda,d7ccd848,5c662a54,726c2c55,3d034923,4f2692d2,26f469a5,76309fab,81acff2d,dfdfb862,e4a0a063,b94bf80f,b3d640f1,923fff04,5a13cec6,4c99bf36,a8ba8984,013c3efa,4f5d2801,468df202,5ee16a49,7a269d91,951e2b43,32b2970e,ddffe738,1ded4f5e,7855c475,5b3e7333,f6194067,9ead75f1,050ba956,4aee3322,522eee1c,f7bff4f4
64b04c30	0dba8468
64b09d33	39694c69,53536c60,ed4381f2,a43458d9,1c93d9d3,f5216bcf
64b15747	39694c69,53536c60
64b569e9	b8d3ec3d,f5ff1be2,efe3034b
64b7b608	39694c69,2bf243e8,f797b6dd,12802901
64be2651	4497a02c,9c0300b1,2185a077,4a733b64,9c69b785,f78fc192,af1b9cca
64c97810	9d612c54,7da1c31a,5c9cd185,993fec2f
64cd1f2e	39694c69,de5cbb69
64ce3e0c	1f22d997
64d3a552	39694c69,ce9086e5,ed4381f2
64d45bc2	b8d3ec3d,f5ff1be2,efe3034b
64dbb297	6282b804,d068dcd5,b0000daa
64e26742	4497a02c,9c0300b1,ed4381f2
64e36d0d	397f16be,cae77b7c
64f36f6d	4497a02c,9c0300b1,5fc0aae4
64f5468a	b8d3ec3d,f5ff1be2,efe3034b
64fa3105	39694c69,f93b7ad5,96b5162f,7f880865,27cca8c2,8df62134,572fc984,af403d4d,dddbd028,4b971e6b
650081be	7d372f22
650625e6	52ce7370
6507bc1a	4497a02c,f1551f13
65083e90	52ce7370
650e25a1	bcf6bc33
0650e42d	e03c39a5
650e750b	bedd91a7,6d1d43cc
6510dc4d	695a3627
651399f1	39694c69,e185476a,07967bc2
65145b23	39694c69
6514c265	4497a02c,c6f42859,0035c845,a43458d9,1c93d9d3,f5216bcf,c602a40d,ae8834fb,91fa17ab,111e88f1,89f6f8a5,4ebd1bb2,4b8a0cef
651a6826	0b3b4948,998a4e6c
0651d89f	b8d3ec3d,f5ff1be2,efe3034b
651e4b88	39694c69
651e9839	72e1d238,26dc17ff
652030c9	b222f7ee
65213ce9	4cbc7373,e6644508,1b38b5c9,57fa5723
652178fe	4497a02c,f1551f13
6527f891	4497a02c,9c0300b1,ed4381f2,a43458d9
6528a501	39694c69
652a4c8c	39694c69,8dd09e0e,dfb8efc3
652cd627	bedd91a7,6d1d43cc
6531b147	4497a02c,9c0300b1,7a464285,d3cd36a4,40e50d9d
65349d03	5db7b8ed,51764901
6542ca4d	b8d3ec3d,f5ff1be2,efe3034b
6545d80d	39694c69,c5370ed8
65465b67	52ce7370
65481965	39694c69,53536c60,ed4381f2,a43458d9,1c93d9d3,f5216bcf,c602a40d,ae8834fb,91fa17ab,111e88f1
654982d9	b8d3ec3d,f5ff1be2,efe3034b,560f9e51
654b3645	817221f9
65503c0f	39694c69,53536c60,ed4381f2,a43458d9,1c93d9d3,f5216bcf,c602a40d,ae8834fb,91fa17ab,111e88f1,89f6f8a5,4ebd1bb2,4b8a0cef,d89abf3a,7c564be4,fcf1f8c5,472143bf,81d269f1,445ee13f,4bfb77d1,604cb8a8,4d525275,1b332a89,10fded56,f2564478,2fd57652,8aab7e64,65bd861b,e51224df,0b3b3b39,66359d4f,f6b0f1c0,708fd580,034d5002,09237912,50a41601,76cbe174,fc9e0f04,93be621a,5d5733ad,cd9c73df,94b05d44,9762d059,405d4257,950270d7
65525c95	39694c69,53536c60,74077bc9
655845d3	39694c69,6966f037
65588aed	fa2f7bb9,5d1bb4f9,0f18437a,7cf4dad5,8294bac8,e99715f9,2db184ea
65634407	52ce7370
6564dd60	69c1eaf5,17834a79
0656d2d8	b8d3ec3d,f5ff1be2,efe3034b
656ddda6	52ce7370
6573ce7e	52ce7370
6574cacc	49216610,8693b22a
657a004d	39694c69,53536c60,ed4381f2,a43458d9,1c93d9d3
658230ad	52ce7370
6584574e	52ce7370
0658618d	39694c69,53536c60,ed4381f2,a43458d9,1c93d9d3,f5216bcf,c602a40d,ae8834fb,91fa17ab,111e88f1,89f6f8a5,4ebd1bb2,4b8a0cef,d2b6a6b2,53cc56c8,ea93cc56,df97de35,5b4cedae
658ec237	569aeac3,0c6023ee,fd8c731e
6591a92f	7ceabbeb,7c94fb67
6595a576	52ce7370
6595dbba	c431c4e3,2718fade,e7d4c4f0,4f2b71d3,9ba9ab35,e71ce60b
659c40c0	a4f1a6c6,358e4e85,6ba51265,424a544a
659e0862	a4f1a6c6,358e4e85,6ba51265,424a544a
65a629ae	e50beb22,b664d91b,de5cbb69
065a64fc	569aeac3,0c6023ee,fd8c731e
65ae3c71	7e07433c,f8983bca
65b208ba	c2634932,e4b5bce2,60d6a92c
65b5b12a	4497a02c,53536c60
65b77a2f	9deb246d
65c3e7ca	b8d3ec3d,f5ff1be2,efe3034b,de118265,16ec1a76
065c6498	c52ad410,57d7e3c7
65c798fb	94393069,861ab707
65c9c0b6	52ce7370
65ca3955	8e15cc6f
65cfb134	39694c69,eaeba269,5c9a830a
65d6a170	1cf37633,71059794
65d75d0f	a4f1a6c6,358e4e85,6ba51265,424a544a
65d8a22f	94393069,861ab707
65d98d67	4497a02c,9c0300b1
65dd204b	39694c69,f93b7ad5,96b5162f,7f880865,27cca8c2,8df62134,572fc984,af403d4d,dddbd028,4b971e6b
065de6a3	52ce7370
65e2e8a2	52ce7370
65e72e58	52ce7370
65ecb860	39694c69
65f9ee24	321325f3,18da8d98,d7ce2494,a8fe7e6b,72aa534b,19317531
65fa1170	ef10b158,875dd7e9
66012c92	52ce7370
6602b3ea	39694c69
66038d7e	814d9fe5,b97a7f66,990edcb9
6603eb32	39694c69,53536c60,ed4381f2
6610e2ca	4497a02c,9c0300b1,6041cf95
6619b5d7	39694c69
661a4e19	156ef672
661b0c09	c431c4e3,2718fade,e71ce60b
661fd71a	4497a02c,9c0300b1,ed4381f2,a43458d9
662046df	a4f1a6c6,358e4e85,6ba51265,424a544a
6620b8d6	f2499755,3e66b7bf,551bcb75,677f3702,15c1a539
6621981e	52ce7370
6622b547	61af43c3,3f5b1ea5,ceff36ef,95cf6403,a66c3bf3
662b304e	52ce7370
662bbcd6	52ce7370
662d8533	39694c69
662d91c0	52ce7370
6630046c	1e3bbce9,b83c1deb,8ce21c36
66310512	39694c69,53536c60,ed4381f2,a43458d9,1c93d9d3,f5216bcf,c602a40d,ae8834fb,91fa17ab,111e88f1,89f6f8a5
6635047d	bb94018b,6f975dff,69446487,7a2bc521,10b31dad,e82654a2
663e6c7a	4497a02c,9c0300b1,ed4381f2,a43458d9
663f6a19	f355aa8a,233a89f4,ebea2476
663fe894	bcf6bc33
66401ff6	acde460f
6640dc14	0df6b618,c5e5706d,e7f30594
664c9759	39694c69
664d06e9	ef10b158,515f71a6,c250256f
664dfa95	52ce7370
665174c2	4497a02c,9c0300b1,58f6693a
66539e8b	4497a02c,53536c60
66544763	e3f516d5,3ba913e7,2a8721c4,eea94e37,43fb4222,d7e6e812
66588dcf	c9957633,543a9b9d,4a39cc11
6666cde3	4497a02c,9c0300b1
06667558	9deb246d
6667d373	b8d3ec3d,f5ff1be2,efe3034b
666a0549	363013e0
6675684d	bcf6bc33
66773c78	4497a02c,9c0300b1,3d2674d2,8a31efb7
066806c9	cbb0a0c9,2f7c6535,26d821e9,5d6e6635,0a6807ab,88605cbd,f91fb1c1,444d7cf2,5974cbb9,4c928458,080e59d5,c4e6a7a7,9ca71ab9,ff98e06a,daef038c,678c1a04,3cce1f40,7bb463e9,eb77e83c,25cf07dd,4ee4dec6,bd5a46fa,21ec7827,db1478c0,6a0eef8f,79fd6833,e71a034b,3b55e671,d170dd22,83faa670,59d9f271,606b8d3c,dcab4698,8fbbfe2d,494b9b7c
668480a1	7dfacc0f,ae155311
668561d3	bcf6bc33
6689c9a9	39694c69
668bf032	48420026,aa84c960
668f6f5f	b2457bea,c52ad410
06690c36	cc1ed2cf,07d78181,aba072ae
6696e294	52ce7370
669b7d38	52ce7370
669fc998	39694c69,53536c60,ed4381f2,a43458d9,1c93d9d3,f5216bcf,c602a40d
66a12dde	39694c69
66a6b035	39694c69,53536c60
66ae774f	4497a02c,9c0300b1,ed4381f2,a43458d9
66af3bb7	1eea3789,6966f037
66afe717	39694c69,ea480b6c,730e5bd6,baac5ead,56bcd153,329a4f6d,f48e0ca7,f8cf135e
66b3a89c	b8d3ec3d,f5ff1be2,efe3034b
66b60e21	5b048cba
66b76a28	39694c69,f93b7ad5,96b5162f,7f880865,27cca8c2,8df62134,572fc984,af403d4d,dddbd028,4b971e6b
66bd2684	52ce7370
66be7411	230d8913,ae624875,5c2cc34d,025496be
66c25b7c	52ce7370
66c4ab30	52ce7370
66c62b00	a8aceca4,c1fa9830,4139e9b8,bdb3886d,f653a051,8f1ac2f1,be0bfad9,30f63b19
66c72f30	156ef672
66c76a95	b8d3ec3d,f5ff1be2,efe3034b,7d71de1b
66c7b0cc	39694c69,53536c60,ed4381f2,a43458d9
66caa380	9e31c1bd,6ad6a6c3
66cac098	4497a02c,9c0300b1,e52c962a
66d0401c	d2ecd645,6b24317e,10b3a4f9,cfa1d52b,df437d6f,56181287
66d1bb33	52ce7370
66d3e53d	e547ac92,b6383251,13c16363
66d74a0d	bcf6bc33
66d8fb7f	6b5fa322,bd97358b
66dc2ab7	4497a02c,53536c60
66e60278	39694c69,57d7e3c7
66e6bdae	52ce7370
66e7a21b	b8d3ec3d,f5ff1be2,efe3034b
66eb9873	9deb246d,56ce70d4,bc0a30fc
66ee97ef	c3383e66,c7d775a9,a794db47,da374c81,a8d0acb5,d68b93aa
66f192d0	2ced8593
66f71cc0	d90cec49,3e4808d7,6821975d,8efe782f,2e1c9595,7dfacc0f
66fb83fd	4497a02c,9c0300b1
066fb981	52ce7370
67014966	a4f1a6c6,358e4e85,6ba51265,424a544a
670250f6	a4f1a6c6,358e4e85,6ba51265
67046212	52ce7370
67099535	39694c69
671100d2	52ce7370
6712731e	52ce7370
6713b835	4497a02c,9c0300b1
0671a2e7	b6c852fc
671c0d83	39694c69,53536c60,ed4381f2
671c4ca3	d5b80879,379d46f6,21d7d53f
67203bef	39694c69,53536c60,ed4381f2,a43458d9,1c93d9d3,f5216bcf,c602a40d,ae8834fb,91fa17ab,111e88f1,89f6f8a5,4ebd1bb2,4b8a0cef,d89abf3a,7c564be4,fcf1f8c5,472143bf,81d269f1,445ee13f,4bfb77d1,604cb8a8,4d525275,1b332a89,10fded56,f2564478,2fd57652,8aab7e64,65bd861b,e51224df,0b3b3b39,66359d4f,f6b0f1c0,708fd580,034d5002,09237912,50a41601,76cbe174,fc9e0f04,93be621a,5d5733ad,cd9c73df,94b05d44,9762d059,405d4257,950270d7,702e331c,70823eaa,daf56fb3
6721a695	4cb96725,ced540a2,edd43472,fff6f34a,2957b882,eca91c05
67233caa	b8d3ec3d,f5ff1be2,efe3034b
67291ead	52ce7370
67296b3f	52ce7370
0672f62a	b2457bea,4963d32a,afdbbf10,97fbae65
672fcecc	52ce7370
6735a384	a4f1a6c6,358e4e85,6ba51265,424a544a
67394ce3	c52ad410,1487fca1
673ad789	52ce7370
673cb25f	b8d3ec3d
673ded1a	39694c69,3485907e
67402acb	c311c08f,61de1c58
67464817	b8d3ec3d,f5ff1be2,efe3034b,99981d09
674acb57	a4f1a6c6,358e4e85,6ba51265,424a544a
674fad9a	a4f1a6c6,358e4e85,6ba51265,424a544a
6750eb91	cce17c27,92b1d700
675481e9	52ce7370
67642f1c	9deb246d
67695893	a4f1a6c6,358e4e85,6ba51265,424a544a
67696e1f	de118265,523c8ecb,b749f2ce,2b36b77e,2a5a76c7,74ef00bd
676e3287	39694c69,53536c60,ed4381f2,a43458d9,1c93d9d3,f5216bcf,c602a40d,ae8834fb,91fa17ab,111e88f1,89f6f8a5,4ebd1bb2,4b8a0cef,d89abf3a,7c564be4,fcf1f8c5,472143bf,81d269f1,445ee13f,4bfb77d1
676e373d	8e7b6f79,ded3f2c2
67719794	39694c69,0180932f,342ff9eb,833d0162
678075d2	150c540c,9c7ad455,a94f99be,7c592036,fb6b42ba,0b50d2a3,99cc6ddc,868a5375
67807f17	35a48174
678199c4	a4f1a6c6,358e4e85,6ba51265,a23a4c9d,2bcf1fa4
678398a5	c52ad410,57d7e3c7
67845a63	94393069,861ab707
6784ffdb	39694c69,f78ed873
678633e5	9a2ea50f,a0bbcaf5
6789ac46	39694c69,53536c60,ed4381f2,a43458d9,1c93d9d3,f5216bcf,c602a40d,48802581,3fcd1279
0678a558	39694c69,b2457bea,7f69b260
679dbccd	39694c69,53536c60
67a4ba99	4497a02c,9c0300b1,6d2c033c,17c0cefd,7b470bbc,1e5ec4ae
67ab03ef	39694c69,53536c60
67ac3d96	639c7070,ef46bbd3,cb433269,b9e2bd86,5efdeb66,2030aa99,21cc2f87,8d8bd0a0,80cbebd6,ae5caad8,683bd39b,11e6e19d,4b2166e2
67b4f670	52ce7370
67b65ec5	52ce7370
67bd0d21	39694c69
67c72931	a66bb577,b37d1bdf
67c8f15d	f02344ea,d8fff62e,770619fd,a057a56d,0613c715,5259075a
67d29c9a	52ce7370
67dc3c87	4497a02c,9c0300b1
67dfe400	60c92f9c
67e0556d	3e154ec9,eab007bd,b01cb430,f6428251,61a62974,7b24210d,31e97696
67e3cbf0	52ce7370
67e4602e	52ce7370
67e56510	39694c69,d2e46478
67e8c0e2	4497a02c,9c0300b1,ed4381f2,a43458d9
67ece3ae	f1a820e3
67f07621	33f972f0,451ec425,af7ad5a3
67f3b514	695a3627
67f661aa	a8aceca4,8be1c13f,f71a968e,3bf1656f,ba522ee1,f8f67ad7
67fa85a6	39694c69,af77c70d,ed4381f2,a43458d9,1c93d9d3,f5216bcf,e2dc42cb,ef4c1064,050a25d7,234a0a79,c3c175ca,4ebd1bb2,a057cc2b
67fcc1d5	52ce7370
67fe2562	52ce7370
67feaa3a	d67a04c1,226d3896,60101245,43a24471,ccb395d4
67fef160	639c7070,ef46bbd3,cb433269,80258edd,c943bcdd,74d3501b,07c14aed,7f6c8a87
67ff2879	52ce7370
67ffb5a0	19df91a3,79bc1aa1
67ffbf62	39694c69
68032ee3	39694c69,53536c60
680a785d	52ce7370
680b2257	4497a02c,9c0300b1,6d2c033c,ed9bfc62,b9b26224,3e2d7ee2
680b25ed	4497a02c,9c0300b1,74077bc9
680ca11c	39694c69,d0098d63,c8a4cbb7,0853e937,417e9163,a1bd4967,7b2cdbb9
680d4c35	82d55d94,695a3627
6810837e	52ce7370
6811a7d7	b8d3ec3d,f5ff1be2,efe3034b,72344672,137cbeb3
681629b6	84be41b1,fe691e25
6817d492	4497a02c,53536c60
681ded03	bcf6bc33
68221874	5fc0aae4,1487fca1,ce2365aa
68223cf9	39694c69,48f9c33a,3b683fa6,b66cfe7d,6f592b54,133057ec,3319969f,8e7515cf,d09fac1c,59675226,8ae11860,4656d9b7,c0dcc778,cace1dd9,b4d6e3d2,f090956d,4af3e480,5a9cbca5,bdc3385c
6826da85	dd4df7ff,544a9e74,7a40f37c,8c6ddc19,8179db24,682eb5ac,c3de8bd0
682ac561	39694c69,f93b7ad5,96b5162f,7f880865,27cca8c2,8df62134,572fc984,af403d4d,dddbd028,4b971e6b
682d15bd	39694c69,53536c60,ed4381f2
68313bd4	d2142183,523c8ecb,2b36b77e
68327bd6	1b5a30c0,55a9bbdf
6833d9cc	861ab707
68349c2d	52ce7370
6836a5fe	40b4448f
683e5456	39694c69
683ea719	39694c69
684241fa	c3383e66,c7d775a9,f1deab23,da374c81,a8d0acb5,d68b93aa
684572a2	31de3904,024bc393,5a19e848,e9204954,a85a3eff
6845d36e	cb0d4387
684ab304	52ce7370
684dfb30	52ce7370
685a8287	b850d700,ca4a4a55
685d71ee	b8d3ec3d,f5ff1be2,efe3034b,e52c962a
685e4d63	5796ded1,a5f074b1,85336df0,e0edd4ac,424a544a,a1de0940
68619a7a	20c32a24,54644763
68648cd9	52ce7370
68665034	126315cb
6866f4f0	52ce7370
686f1d39	52ce7370
687183c2	52ce7370
68760fb8	4497a02c,9c0300b1,6a922478
6876a9cd	908c1738,9038adb2,92d65246,3b2f3d6f,57da3335,ccd6ad19,ff281405,120a8e66,5af210b7
687a7f82	52ce7370
687ebea3	8f18b678
6883d3e2	2aafbdf8
6888fc9e	39694c69
688b0ef8	cc5bb4da,06c46c81,02f94be4
688b357e	1167942b,1f22d997
688c100d	52ce7370
688c7478	39694c69
688dc4e4	52ce7370
689194b5	e985e10b
68922190	4497a02c,9c0300b1,ed4381f2,a43458d9
6893277a	52ce7370
689584f0	c52ad410,fb629045,69dfb8ce,9bdeb816,46747927,bb1385a4,f28dae3e,bd0ae48d,622e64d2,fa780c10,9d52a066,096e3c87,96060714,20a21f36,736dc35d,b24a475a,8acda39c,e7209a65,673faebb,732baa56,1a2c86d0,f5d3bc9d,2081284d,d9bb6733,97eaac83,d6ef5830
0689cd94	39694c69,53536c60,ed4381f2
68aacb31	bcf6bc33,a8c396e7
68ab42fa	52ce7370
68afff36	52ce7370
68b1ce72	39694c69,345f459f,632b79a4,105efba6
68bc43cc	39694c69,c084e574
68c1552d	54dbcc01
68c6a40a	4497a02c,f1551f13
68c6cea1	39694c69
68d6e6ac	a4f1a6c6,358e4e85,6ba51265,424a544a
68d76b35	b8d3ec3d,f5ff1be2,efe3034b,16ec1a76
68dbb756	4497a02c,53536c60
068f4152	52ce7370
6901ad99	a4f1a6c6,358e4e85,6ba51265,424a544a
690228d7	39694c69,53536c60,ed4381f2,a43458d9,1c93d9d3,f5216bcf,c602a40d,ae8834fb,91fa17ab,111e88f1,89f6f8a5
69057c7b	adcb8e35,53536c60,ed4381f2,a43458d9,1c93d9d3,f5216bcf,c602a40d,ae8834fb,91fa17ab,111e88f1,89f6f8a5,4ebd1bb2,4b8a0cef,d89abf3a,7c564be4,fcf1f8c5
69089a4e	0d00a57a,f41b94df,03bb0512,b62b99b9
690e895e	39694c69
6910f39a	52ce7370
691140f0	4497a02c,53536c60
6914c8f2	39694c69
691a72f4	321325f3,0795dceb,d4f00bb0,4423dfba,21d23cf5,8b939161,923963d8,215c3df6,44197cd3,a4055e7e,9adf3ac1,fe954795
691a84a6	822a17f6
6921d412	4497a02c,9c0300b1,fbd2a5a6
6922a380	ebe871a1,fde72ad5,688fbadb
69270916	39694c69,53536c60,ed4381f2,a43458d9,1c93d9d3
692e811d	52ce7370
692f9472	52ce7370
6930c512	39694c69,53536c60,ed4381f2,a43458d9,1c93d9d3,f5216bcf,c602a40d
69315dd7	b9a3dd03,7c37fbc5,977cd41c,21d88012,7adb162c,499cb351,ad110341
69324ad7	94393069,861ab707
6937710e	39694c69,1e31872e
693b575c	4497a02c,f1551f13
693b627e	bedd91a7,6d1d43cc
693cab79	a4f1a6c6,358e4e85,6ba51265,424a544a
693ea95c	a4f1a6c6,358e4e85,6ba51265,424a544a
06942734	8911bb18,a8811fa0,ef378d56,1147d318
694872bf	d08deab4,28f6b7b0
69487358	52ce7370
0694b7a8	52ce7370
694d315c	5a0f814b,8d6715f6,4db43167,d200583e,e67ebedc
6950ccf5	39694c69
69558924	679581d5,6141b9fb,02692b5f
69566084	1ebe00a4,63a587b4
695d3df8	52ce7370
6960637f	4497a02c,53536c60
696182ef	bcf6bc33
696b8bcf	39694c69,9b1b1576,aa71e1b7,f015c15c
696c7f0c	52ce7370
0697838d	52ce7370
69784c3d	52ce7370
6979d0fb	24f98c12
697c6f17	39694c69,4ddcf3c3,145fcece,bd46d14d,2ab0fbe3,6b40e14a,42b79e94,4c10665d
698080f3	4497a02c,9c0300b1,ed4381f2,a43458d9
6983a749	4497a02c,9c0300b1
69883aab	b8d3ec3d,f5ff1be2,efe3034b
698c9afe	52ce7370
698e840a	8da8fd62,4d5839e2
698fac4d	52ce7370
69913cc8	39694c69
6993ec95	156ef672
699514bd	9a9d5b6e
069967fc	39694c69,39745163,e8c6bd1a,46933fcb
6996dde0	23f6c302,35b16abf
6998e2c0	4497a02c,9c0300b1,ed4381f2,a43458d9
699b40f4	4497a02c,9c0300b1,1487fca1,fa20f4cf
0699fd24	52ce7370
69a2b80b	52ce7370
69a55152	32508d87
69a6123c	52ce7370
69a9a7ab	69e82aef,a10b4c2a,3b758abe,17984d13,91a22875,467122ff,53a58bc2
69aadc6d	09bb2d98,c11c1624,135456f8,8298bd73,26aecdf3
69afe75d	4497a02c,9c0300b1
069b12f6	52ce7370
69b6bbea	39694c69
69b9b5e4	52ce7370
69be3e91	52ce7370
69bef26f	52ce7370
69c87b32	156ef672
69ce393a	52ce7370
69d1ae5f	a4f1a6c6,358e4e85,6ba51265,424a544a
69d3518e	54dbcc01
69d75434	b8d3ec3d,f5ff1be2,efe3034b,69dfb8ce,a1ce70a9
69e01ec9	52ce7370
69e33cd1	4ed8aeb3
69ebf86d	66e14441
69f27871	bcf6bc33
69fa59f7	bd22c7a4,3f9bb758
69fb7f9d	4497a02c,9c0300b1
6a0446b8	812c70c4
6a0bf99c	e85d2fbe,5fc0aae4
6a1331d9	52ce7370
6a17a3a7	ede44e83,e52c962a
6a1c9404	e0fdb83a
6a21bcab	52ce7370
6a230dc9	1e3bbce9,b83c1deb,8ce21c36
6a281dea	52ce7370
6a2cbd4f	52ce7370
6a2cde27	c52ad410,b162ba87
6a2f03f9	c52ad410,1e3e50e1
6a31e7df	4497a02c,9c0300b1
6a3208ed	321325f3
6a32efeb	39694c69,74077bc9,a1c5db63,814df3e4,c87409a3
6a331794	fc45929a,15b3d947
6a373874	bcf6bc33
6a38943c	39694c69,af77c70d,ed4381f2,a43458d9,1c93d9d3,f5216bcf,e2dc42cb,ef4c1064,050a25d7,234a0a79,c3c175ca,4ebd1bb2,d454474a,689b5772,c53f71f9,6bdb00af,58348094,81d269f1,248e5540,3db0f803
6a3b0ab8	861ab707
06a3ca2a	39694c69,53536c60,ed4381f2,a43458d9
6a3cd305	39694c69,750e1d42,589f8d99
6a3d58a4	a4f1a6c6,358e4e85,6ba51265,424a544a
6a4132c2	39694c69,53536c60,ed4381f2,a43458d9,1c93d9d3,f5216bcf,c602a40d,ae8834fb,91fa17ab,111e88f1,89f6f8a5,4ebd1bb2,4b8a0cef,d89abf3a,7c564be4,fcf1f8c5,472143bf,81d269f1,445ee13f,4bfb77d1,604cb8a8,4d525275,1b332a89,10fded56,f2564478,2fd57652,8aab7e64,65bd861b,e51224df,0b3b3b39,66359d4f,f6b0f1c0,708fd580,034d5002,09237912,50a41601,76cbe174,fc9e0f04,93be621a,5d5733ad,cd9c73df,94b05d44,9762d059,405d4257,950270d7,702e331c,70823eaa,daf56fb3,060f8f36,bb1a29f4,56638432,2b438d00,2bd5f7fe,95ee8dfe,d02acf3d,4b14a013,52d6f1b8,b4c59a3a,9c2397c2,6049d326,0aee9e47,5917cecc,6ee3cd6f,a3f29c27,a19c769f,e1759237,26d875d0,a6f8571a,537df9d7,c200c181,3c1b2601,184e2362,b58c4b95,906164f9,b6394a5d,364ef38a,bfbc3131,9a3d6880,2df3b4fa,acb06c15,9068b149,8f7cac60,b56d9714,862f6f6f,3c733797,8a7aa776,93df5feb,98adf974,6449cdda,d7ccd848,5c662a54,726c2c55,3d034923,4f2692d2,26f469a5,76309fab,81acff2d,dfdfb862,e4a0a063,b94bf80f,b3d640f1,923fff04,5a13cec6,4c99bf36,a8ba8984,013c3efa,4f5d2801,468df202,5ee16a49,7a269d91,951e2b43,32b2970e,ddffe738,1ded4f5e,7855c475,5b3e7333,f6194067,9ead75f1,050ba956,4aee3322,522eee1c,f7bff4f4,2c26e48b,2b55ab18,dd9df0df,73327df2,2e75793e,faed2e70,56e2f38d,d4cdacfa,b75124e9,a493683e,71a98d1c,dd71f8a2,c450a93c,421e42cc,804b328a,d6c03889,398d69b1
6a4dc75f	39694c69,4c099084,4f38c697,d918c1e8
6a50caa8	54dbcc01
6a54d7d1	39694c69,53536c60,ed4381f2
6a569c56	39694c69,53536c60,26bed42b,0091e4f9,1c93d9d3,f5216bcf
6a584f7a	39694c69
6a594455	ccf16020,24687149,3caeb40a,3f91a4d2,ed876bbf,ea3aa59b,9551b4af,76350ffb
6a5984cc	39694c69,f266709e
6a679305	39694c69,53536c60,ed4381f2
6a681b33	52ce7370
6a6a47a8	9deb246d,e01b12b7
6a6d2fd5	52ce7370
6a720ab7	52ce7370
6a721d00	52ce7370
06a73d3b	39694c69
6a77a7d9	4497a02c,53536c60,ed4381f2,a43458d9,1c93d9d3,f5216bcf,c602a40d,ae8834fb,91fa17ab,111e88f1
6a7debe9	39694c69
6a8049e9	c6ff3b9c,2287f738,46c993ad,6e23fb41
6a86cbb9	a97c4619,97e49ff6,95bbbf7e,466d7535,6a208e01
6a8e85e0	84ff5023,de1a39d7,6d5d1e1a
6a923df9	39694c69,d028f1a9,02bc242a,187d7f46
6a93c0f4	52ce7370
6aa25866	b8d3ec3d,f5ff1be2,efe3034b,56cf6517,830e9752
6aa2778c	4497a02c,9c0300b1
6aa3e5b3	9ef4386d,0ddc7eae,062afca0
6aa51bd1	52ce7370
6aa68aaa	39694c69,53536c60
6aab2268	1abfb05d,271fbc7e
6aae2f72	52ce7370
6aae658c	39694c69,67b35e39
6aaef36b	39694c69,de5cbb69
6aafc786	3386a1ba,87f5d193,437130de
6ab43d7b	39694c69,53536c60,ed4381f2,a43458d9,1c93d9d3,f5216bcf,c602a40d,ae8834fb
6ab69334	1c3cb695,82273c54,019dd106,b5b06866,ee898d18
6ab76438	50d55285
6ab9c50e	bcf6bc33
6abf8bf6	52ce7370
6ac49bf0	94ed7583,2a16d9fb,0c8b057f,0da7d34b,d141418d,a46c12f4,d745b689,0dd10c61
06ac7932	2d967d21,bf017c06,5143683d
6ac968b9	39694c69
6ad3412a	39694c69
6ad8ed42	84d7de94,3485907e,0c10f4f1
6ade3d6c	4497a02c,53536c60,ed4381f2,a43458d9,1c93d9d3,f5216bcf,c602a40d,ae8834fb,91fa17ab,111e88f1,89f6f8a5,4ebd1bb2,4b8a0cef
06ae1e96	52ce7370
6ae2691b	52ce7370
6ae3cbc9	94393069
6ae4ab50	15ce43ac,5429cb16,20083b16
6ae4fd99	52ce7370
6ae74492	861ab707
6ae9f5e3	52ce7370
6aea9c19	b8d3ec3d,f5ff1be2,efe3034b
6af10325	39694c69
6af43b6f	52ce7370
6af505f5	52ce7370
6af5ae98	4497a02c,9c0300b1
6afb0892	0403b24e,40432a9a,e748e602,9142cba2
6afebc36	bedd91a7,6d1d43cc
6b0b3496	52ce7370
06b0f680	0e2b4cd4
6b18a568	52ce7370
6b1a25df	52ce7370
6b209f7d	57d7e3c7,9fc9d113
6b241819	52ce7370
6b298cae	52ce7370
6b2a5169	4497a02c,9c0300b1,0dd10c61,6d5d1e1a
6b2a542b	39694c69,53536c60,ed4381f2
6b2e2a77	4497a02c,9c0300b1
6b33c682	e0d64098,d00ea558
6b341fdb	52ce7370
6b39412f	52ce7370
6b3af62a	39694c69
6b3c6322	4497a02c,9c0300b1
6b407a7a	39694c69
6b425d19	4497a02c,9c0300b1
6b4380b8	663e032f,dff4d083,3df49f14,d6888945,2ea5f1fa,d4ab5af3,48420026,61bb6a80,6316cb0f
6b43829a	52ce7370
6b453364	39694c69,53536c60,ed4381f2,a43458d9
6b4c3c0a	39694c69,20fc90e0,fad40fc7,ef59c87d,2a1b33df,d8fa9264,deb3f91a,ae9fe4f9,daadd0dd,a0169066,c92f3d7f,d028f1a9,f5638694,de5cbb69,69e35985
6b4ca951	bcf6bc33
6b504175	4497a02c,f1551f13
6b5131ad	4497a02c,f1551f13
6b5333eb	ef10b158,17ba3688,e4059e62,082f92da,edbb58cd,126b1862
6b54ab2b	39694c69
6b56d676	39694c69,dcc919db,15d1718e,444ef155,d5c034a6,42906cb9,c2182be7
6b5be852	39694c69
6b5d7471	4497a02c,9c0300b1
06b62730	39694c69
6b62b616	4497a02c,9c0300b1,935d48e3,2730b18e,6d2c033c
6b634566	a4f1a6c6,358e4e85,6ba51265,424a544a
06b66042	52ce7370
6b668817	52ce7370
6b671c42	52ce7370
6b6f1c15	4497a02c,9c0300b1
6b7104d6	998a4e6c,962e2ebd,fab6a1cb,77ebf004,b40b14d9,57bb3bdf,66547f14,37ee36cd
6b74d692	52ce7370
6b7aa867	4497a02c,9c0300b1
6b7bc68e	f42ef890
6b8482e9	ef10b158,902e5ff8,4d4a0375,875dd7e9,955d3f51
6b8b4162	1126d489,26d65e2f
6b8b466b	0c0c49b8
6b8e05e5	4497a02c,9c0300b1
6b917311	52ce7370
6b977ca6	bcf6bc33,fc5542a4,cc9d7b39
6ba068e2	52ce7370
6ba30954	39694c69
6ba31690	f39d1916,3d38881c
6ba744fd	ef10b158,b30df976,c6f916eb,4f8dba83,c7f463cb,42773f52
6bacd160	4497a02c
6bb1c709	1487fca1,fc97dc09,19063004
6bb72bad	52ce7370
6bbadec5	4497a02c,9c0300b1
6bbda8dd	4497a02c,f1551f13
6bc14778	39694c69
6bc2ee34	52ce7370
6bc3ba37	f447fe90
6bc5fca5	39694c69,b2dba8aa,3485907e
6bcc675e	aca661dd,229f73a9,8d6edbc5
6bcc7d0a	39694c69,f78ed873
6bd38e39	52ce7370
6bd3a163	52ce7370
6bd55e70	bcf6bc33
6bd7da9b	39694c69
6bd82852	52ce7370
6bd92d2f	52ce7370
6bda4580	3ffa7a48,4b971e6b
6bdb3ec8	52ce7370
6bdc0982	69b76658,4fc76234,95432295
6bdd659f	0ce14dd3
6bdeb76f	c66d7159,0a7b5465
6bdef48d	52ce7370
6be3adbf	84fe1b1e,483259fc
6be3c702	4e10d2f7,de0447f4
6bee021b	8e7b6f79,908c1738
6bef0906	569aeac3,0c6023ee
6bf1505a	94393069,861ab707
6bf7ed99	52ce7370
6bf91e9d	52ce7370
6bf94625	39694c69
6bfaea51	39694c69,53536c60,ed4381f2,a43458d9,1c93d9d3,f5216bcf,c602a40d,ae8834fb,91fa17ab,111e88f1,89f6f8a5,4ebd1bb2,4b8a0cef,d89abf3a,7c564be4,fcf1f8c5,472143bf,81d269f1,445ee13f,4bfb77d1,604cb8a8,4d525275,1b332a89,10fded56,f2564478,2fd57652,8aab7e64,65bd861b,e51224df,0b3b3b39,66359d4f,f6b0f1c0,708fd580,034d5002,09237912,50a41601,76cbe174,fc9e0f04,93be621a,5d5733ad,cd9c73df,94b05d44,9762d059,405d4257,950270d7,702e331c,70823eaa,daf56fb3,060f8f36,bb1a29f4,56638432,2b438d00,2bd5f7fe,95ee8dfe,d02acf3d,4b14a013,52d6f1b8,b4c59a3a,9c2397c2,6049d326,0aee9e47,5917cecc,6ee3cd6f,a3f29c27,a19c769f,e1759237,26d875d0,a6f8571a,537df9d7,c200c181,3c1b2601,184e2362,b58c4b95,906164f9,b6394a5d
6bfb25fb	52ce7370
6c00c472	39694c69,53536c60,ed4381f2,a43458d9,1c93d9d3,f5216bcf
6c087fc6	94393069,861ab707
6c0ed8ce	4497a02c,9c0300b1
6c100257	bd84069e,d2f6c060,b5396019
6c11aa1a	52ce7370
6c13b6a3	39694c69,53536c60,ed4381f2,a43458d9,1c93d9d3,f5216bcf,c602a40d,ae8834fb,91fa17ab,111e88f1,89f6f8a5,4ebd1bb2,4b8a0cef,d89abf3a,7c564be4,fcf1f8c5,472143bf,81d269f1,445ee13f,4bfb77d1,604cb8a8,4d525275,1b332a89,10fded56,f2564478,2fd57652
6c143631	c52ad410,fb629045,69dfb8ce,9bdeb816,46747927,bb1385a4,f28dae3e,bd0ae48d,622e64d2,fa780c10,9d52a066,096e3c87,96060714,20a21f36,736dc35d,b24a475a,8acda39c,e7209a65,673faebb,732baa56,1a2c86d0,f5d3bc9d,2081284d,1a5d75f0
6c15b69d	52ce7370
6c16ff1c	b8d3ec3d,f5ff1be2,efe3034b
6c176c67	52ce7370
6c1aa501	39694c69
6c1b2afc	39694c69
6c1eaa3d	b8d3ec3d,f5ff1be2,efe3034b,07f9e47f
6c20b339	52ce7370
6c226040	443bf17d,9628ff56,009bb89e,b5bddf8f,54aeb0b1,b32ba5af,6351fc5f,3e196d80,282fd692,48e05a6f,ca716397,be09795a,facc29c6
6c228da8	569aeac3,0c6023ee,fd8c731e
6c23f4be	a4f1a6c6,358e4e85,6ba51265
6c301213	6d1d43cc
06c3313a	c52ad410,57d7e3c7
6c35a583	4497a02c,9c0300b1,ed4381f2
6c3780ac	52ce7370
6c37a484	1abfb05d,6a4f57e3,9283d7bf,91a6c784,ab569de3,bf60e809,ea118b12,b3b865c3,e5d56261,14c2b096,8ce7876e
6c397362	39694c69,53536c60,ed4381f2,a43458d9,1c93d9d3,f5216bcf,c602a40d,ae8834fb,91fa17ab,111e88f1,89f6f8a5,4ebd1bb2,4b8a0cef,d89abf3a,7c564be4,fcf1f8c5,472143bf,81d269f1,445ee13f,4bfb77d1,604cb8a8,4d525275,1b332a89,10fded56,f2564478,2fd57652,8aab7e64,65bd861b,e51224df,0b3b3b39,66359d4f,f6b0f1c0,708fd580,034d5002,09237912,50a41601,76cbe174,fc9e0f04,93be621a,5d5733ad,cd9c73df,94b05d44,9762d059,405d4257,950270d7,702e331c,70823eaa,daf56fb3,060f8f36,bb1a29f4,56638432,2b438d00,2bd5f7fe,95ee8dfe,d02acf3d,4b14a013,52d6f1b8,b4c59a3a,9c2397c2,6049d326,0aee9e47,5917cecc,6ee3cd6f,a3f29c27,a19c769f,e1759237,26d875d0,a6f8571a,537df9d7,c200c181,3c1b2601,184e2362,b58c4b95,906164f9
6c3ef241	a93ac93f,290bb9e7
6c3fd61e	4497a02c,9c0300b1
6c422415	52ce7370
6c43203d	52ce7370
6c458764	52ce7370
6c4d5b29	750e1d42,589f8d99
6c4f1801	52ce7370
6c51a1df	f5172a2c,9aefb220,2a1a12a8,919dd6c0
6c5264e2	52ce7370
6c52af48	9d52a066,71059794,06097b89
6c595f9f	c415d935,1ec35a4c
6c5cde52	4497a02c,9c0300b1,fdcdc5d0,f20cecac,1b85bf19
6c609cd5	52ce7370
6c6415a6	4497a02c,9c0300b1,ed4381f2,a43458d9
6c64c3bd	52ce7370
6c688678	39694c69,53536c60,ed4381f2,a43458d9,1c93d9d3,f5216bcf,c602a40d
6c6a83d2	4497a02c,9c0300b1
6c6aa6c9	39694c69,53536c60,ed4381f2,a43458d9
6c6be393	13a49f7f,fa121d60,5e94324d,f447fe90
6c6f0c70	79c30268,d16f2be2
6c6fc637	dc12dc7f,e085c5d3,b57df369,23e50777,2ce6bc32,af691ebb,40e50d9d,ac7c5953,a9f57785
6c7559c4	52ce7370
6c7bfcd2	bcf6bc33
6c7c51cc	e50beb22,b664d91b
6c7e6e2b	ddfb3408,1432101c
06c7eca5	39694c69,adb1e32d
6c84a802	9c9d16a4,9721ed23
6c855dce	4cbc7373,c7213f8e,2a9b614b,ea118b12,2256a6d2,6e844197,b50d30d9,f02e1993,e6644508,ab569de3,17396424,b853173f
6c88d4ed	0fffa62c,5c091dd9,35f823b0,15d2d40c,a25ce84e,311e04b5,4ee4c39c,ab38b883,f5455c2c,8f4aa16a,65c3c26c,6c4a8fb4,882d0729
6c8df044	52ce7370
6c9667e1	4497a02c,9c0300b1,c8941f25,6d2c033c
6c969029	4497a02c,f1551f13
6c97b096	efa938d5
6c9ba8e1	4497a02c,9c0300b1,ed4381f2
6ca24c00	8b50786c
6ca2e456	39694c69,1e9bb478
6ca32387	52ce7370
6ca3d168	4497a02c,9c0300b1
6ca5bb89	39694c69
6ca83e9c	b8d3ec3d,f5ff1be2,efe3034b
6ca94ec4	52ce7370
6cae7a1f	39694c69,53536c60
6cb2db89	56acba55,c5758aa6,3e7a3bf1
6cb4da68	e947bd47
6cb72eb2	bcf6bc33
6cc09a0b	4497a02c,9c0300b1,d266ceff
6cc19607	39694c69
6cc1c680	4497a02c,9c0300b1,65fdd711
6cc1dfcf	39694c69,f93b7ad5,96b5162f,7f880865,27cca8c2,8df62134,572fc984,af403d4d,dddbd028,4b971e6b
6cc44dd3	39694c69
06cc9c75	4497a02c,9c0300b1
6ccb6cd5	4497a02c,f1551f13
6ccd05f6	b8d3ec3d,f5ff1be2,efe3034b
6ccd0fb5	4497a02c,9c0300b1
6cd3e7fa	9ad50217,7b5ebb50
6cd53fe4	ff2decb8,d16f2be2
6cd7a9f4	0474b10d,58024aae
06cd948e	52ce7370
6cdbabc6	0d52b105,d11ba606
6cdc43e5	52ce7370
6ce07776	52ce7370
6ce11372	b8d3ec3d,f5ff1be2,efe3034b,912df7a2
6ce4d382	52ce7370
6cebbb58	1df22f84,19a64c29
6cee324c	52ce7370
6cf995e7	39694c69,53536c60
6cfab375	fdabdca1
6d000573	bcf6bc33,90135b72,2cc14dae,72c7a3f8,5fbb437b,793a81a4,7bbb22ea,7826b770,7d3853ce,9325efc9
6d025fe6	39694c69,f93b7ad5,96b5162f,7f880865,27cca8c2,8df62134,572fc984,af403d4d,dddbd028,4b971e6b
6d03ff94	39694c69
6d0705a0	569aeac3,0c6023ee,fd8c731e
6d0791e8	52ce7370
6d0a6773	4497a02c,9c0300b1
6d0dc659	c5758aa6,16b596ca,531fd260,c80d8b8c,8b20fc46,032fcfd5,900ff80f
006d1853	4497a02c,f1551f13
6d1860aa	39694c69,53536c60,ed4381f2,a43458d9,1c93d9d3,f5216bcf,c602a40d
6d195b97	52ce7370
06d1b42a	f64c8a53,31232ec8,1ba20b0d,2fa2697e,c8349146,a4bc729f,82d55d94
6d1bba7b	b8d3ec3d,f5ff1be2,efe3034b
6d1cbbdf	1b5a30c0
6d1f1ba9	52ce7370
06d20262	2113ce38,0d75535b,37313dad,212e835f,4269bb4a,efa938d5
6d21c907	ede44e83,93855176
6d22642b	52ce7370
6d2744b9	52ce7370
6d28dfef	52ce7370
6d318d9f	912c83a4,3e442ea7,123c32e9,670e904f,fbf029c1
6d36c652	52ce7370
6d36d40d	0d52b105,d11ba606
6d36f327	39694c69
6d36fc1d	52ce7370
6d371546	94393069,861ab707
6d3ebe2c	39694c69,0535c90b
6d428da7	64d7fa0f,16331766,f3781579
6d429fc3	3f19cae6,36765160
06d43ef9	39694c69,d2d77117,e83460b6,55281305,96cd829a,a29ba06d,ae951c06,51abf21b,1dc25fbb,3ed8fffc,6a220c61,6bc06a43,28e86f35,99b023ae,ee5a7c56,4ccbeffa
6d445f35	39694c69,53536c60,ed4381f2
6d44d02c	39694c69,58bc5ca5,5192d472,8ce48f5f,fee44bb2,634f39bc,c2f9e35c,240bfa61,cb98d859,b2821524
6d49f7f6	52ce7370
6d4c5f65	4497a02c,9c0300b1,a93ac93f
6d54be2a	a4f1a6c6,358e4e85,6ba51265,424a544a
6d5ab5fe	52ce7370
6d621093	4497a02c,9c0300b1,9f90b58d,77c639b7,c015fc4b
6d62174e	7eefa621
6d6314b3	4497a02c,f1551f13
6d644120	52ce7370
6d646f33	19df91a3,79bc1aa1,cb7b7504,d454474a,689b5772,c53f71f9,30c7c4c6,58348094,89eb82d2,042c8379
06d6d713	52ce7370
6d6f38c5	39694c69
6d716a4b	4497a02c,9c0300b1,64978523,023fb954,f752c6b9,1b85bf19
6d7233b6	4497a02c,9c0300b1
6d729948	b8d3ec3d,f5ff1be2,efe3034b,a6b52829
06d73273	52ce7370
6d7442ca	c311c08f,ede44e83
6d767518	52ce7370
6d779d45	a0273ae2,c0fea106,3d21546b
6d79cc3e	39694c69,97c3ead5,c568b0ce,df56f945,d3ec7e8f,c1b3830a,b5ee9647,789da96c,124fead7,56a3668b,c5ca4086,b1d0b5be,46a44ac4,663614cb,eecb9cf2,dcc7cfa3,331da5f0,8f8703bc,f75d45ab,c2ffec7f,9621bb46,feb29b49,7bce2757,fad70a41
6d7cfae7	e9fe44fa,a23af12f,8805c10f,9682405a,e53e98f1,5332c3b9,be04cb1e,78f3c4bf,f02e1993,38982df3,5d4e7b96,09263353,add6fedd,c3890856,fec89fde,58c66357,576dd233,7330adb1,1bc56cfe,f6399b39,a5ccf0e4,901824bf,07ff9b1b,319177b3,a9681859,cc35db06,6ae7242d,99ee9dd9,2f31af1f,c6d42a32,3ebe0469,7b0e3a44,01ffc8c1,061b1864,0cd341a0,d9645c85,34258cde,83c02bb5,9665e269,f97e6337,a13ecc19,6d416e55,48d1b443,7280be39,e2d53b14,221440f4,8c726352,dc883992,c33b02dd,22b2aafe,6e658076,ff1b38f8,c3f4d793,34a51810,7d0a935a
6d7dd99b	639c7070
6d801d40	f59e6083,806806e0,023fb954,663614cb,9f4754b6
6d82f75e	2671c4b8,8484d657,d3e74567,87c91ece,a3e53183,4f3876cf,55c31713,141a9f59,f041f9b3,e11ba21c,841718b0,0dd10c61,6c2c4020
6d87dc1d	707e3205,4f5e0787,695a3627
6d8a4317	341d8e4a
6d966b69	8222f1b0
6da08ffe	52ce7370
6da15070	4497a02c,9c0300b1,d79addb0,fd48c267,8758665e
6da15353	f447fe90
6da30191	07967bc2,c52ad410
6da65507	52ce7370
6da7ef58	98b8134d,fd8c731e
6da98779	52ce7370
6daec0fd	52ce7370
6db87da4	efa938d5
6dbf73fd	39694c69,48f9c33a,3b683fa6,b66cfe7d,6f592b54,133057ec,3319969f,8e7515cf,d09fac1c,59675226,8ae11860,4656d9b7,c0dcc778,cace1dd9,b4d6e3d2,f090956d,4af3e480,5a9cbca5
6dc05ad6	a4f1a6c6,358e4e85,6ba51265,424a544a
6dc40103	523cb981,d772f792,9a3169dd,f7aedb05,dcc225ac,082957ee,4444b21c,78ef9c42,4b23f929,f54c4c43,adba1b74,da9db573,d77cafa4
6dc41c7b	52ce7370
6dc457d4	94ed7583,2a16d9fb,0c8b057f,0da7d34b,d141418d,a46c12f4,d745b689,2ae02983
6dc86195	39694c69,53536c60,ed4381f2,a43458d9,1c93d9d3,f5216bcf,c602a40d,784cef0b,2692e283
6dca1c10	751abb57,c2634932,3f18fa98
6dcac628	4497a02c,9c0300b1,ed4381f2,a43458d9
6dcb3518	52ce7370
6dcb9e4e	d969925d,5fc0aae4,2160cd92
6dce17b7	9ad50217,998a4e6c,924f8da3
6dd8ad61	52ce7370
6ddace7c	52ce7370
6ddb3be4	ede44e83,de118265
6ddba5cf	52ce7370
6dddf8a8	52ce7370
6de0fc8b	152b5c4c
6de5a05d	a37dd50e,676e6263,daadd0dd,bb5b3f3d
6df46ccd	5ba03449
006df551	ccd8b08c,d16f2be2
6df6865d	39694c69
06dfaadc	bcf6bc33
06dfc6a2	a7a58d34,29b6c95b,017693d0,f2d0885d,e84df530,3ea3f967,4bf90292,b71994ae,94f82a4a,a01ed0f3,39f1b42c
6dfd3085	52ce7370
06dfe9f5	afec4754
6dffbb5d	4497a02c,9c0300b1,ed4381f2
6e047097	f48e0ca7,95bbbf7e,9916e970,a3306b2b,18be1b90,fef78038,bc2fea08
6e0b4480	4497a02c,9c0300b1,9debfb41,a533f992,7365f9e8
6e14e0ad	b8d3ec3d,f5ff1be2,efe3034b,8a6e69b0
6e17f757	e2965442,6485ff29,2585aea8
6e1888a3	39694c69
6e19501e	52ce7370
6e204f1e	a4f1a6c6,358e4e85,6ba51265,424a544a
06e22e48	52ce7370
6e240d68	39694c69,53536c60,ed4381f2
6e287272	39694c69,f93b7ad5,96b5162f,7f880865,27cca8c2,8df62134,572fc984,af403d4d,dddbd028,4b971e6b
6e29b7ed	52ce7370
6e2ad953	8216de9a,a0874215
6e2db474	39694c69,2724536b
6e2fe8c8	39694c69,be972902,f99ea9b7
6e311507	a4f1a6c6,358e4e85,6ba51265,424a544a
6e32a251	d873da21,8e6ce2c0
6e32bb3d	39694c69,53536c60,ed4381f2,a43458d9,1c93d9d3,f5216bcf,c602a40d,ae8834fb,91fa17ab,111e88f1
6e3450a4	52ce7370
6e3a8c59	94393069,861ab707
6e433c30	4497a02c,9c0300b1
6e4621ca	bcf6bc33
6e4ac656	1b5a30c0,89693b08,0b0521ae
6e50ae99	ba644e2a,dba99a7e,e8ca1dc7,4e9a4327,8ffc6982,d6d6a63f,52b3edee,95bbbf7e,fc958e6a,f5a98fc4,df8cb10f,cf091af2,b6372dcd,baf799f0,14febce6,7971b3d9,5f8ab1a6
6e5233ef	39694c69,156ef672
6e53aec6	4497a02c,9c0300b1
6e54d0da	4497a02c,9c0300b1,ed4381f2
6e58f36d	47c09ded
6e651b0e	4497a02c,9c0300b1
6e684098	bcf6bc33
6e6d9d55	52ce7370
6e765829	39694c69,53536c60,ed4381f2,a43458d9,1c93d9d3,f5216bcf,c602a40d,ae8834fb
06e79cfb	39694c69
6e7b629b	52ce7370
6e7e5f58	52ce7370
6e82f2ad	52ce7370
6e85f56e	52ce7370
6e8e8826	52ce7370
6e9a4a34	52ce7370
6e9dbccf	60e4eff0
6e9ee686	c43fa777
6ea393f6	2f14940d,36765160
6ea57142	52ce7370
6ea82ef5	1abfb05d,6a4f57e3,9283d7bf,91a6c784,ab569de3,7b76f109,0aba8c96
6ea8e182	d6f61430,9516ec66,43beb71d
6ea947ab	39694c69,53536c60,ed4381f2,a43458d9,1c93d9d3,f5216bcf,c602a40d,ae8834fb,91fa17ab,111e88f1,89f6f8a5,4ebd1bb2,4b8a0cef,d89abf3a,7c564be4,fcf1f8c5,472143bf,81d269f1
6eade034	088b2bce
6eafab55	5fc0aae4,617783c3,15d09c4d
6eb146da	39694c69,2724536b
6eb1aadc	a4f1a6c6,358e4e85,6ba51265,424a544a
6eb368f1	822c7304,63a587b4,a1a5749a,2cfc13b9,c45ad440,0dedbf84,81a31765,47956ae0,dbcf0bdd,9f78aaae,c50e1708,3b94446d,79c71b94,dd4b7957,b40791dc,3ac3a501,f4f8e9de
6eb51e68	bcf6bc33
6eb59178	4379068f
6eb8593f	b8d3ec3d,f5ff1be2,efe3034b
6eb8aff1	a10099fa
6ebabff8	52ce7370
6ec750db	8afc80f9,de14a729,c040e307,037b0239,43b9a565,c536442c,ec4f42d0,8e634817,adcfb181,79f1ab41,2738ac6d,4209fff0,51764901,b0127f0f,bcd00e7c,878836ca,03eabca2,dd33e166
6ec8575c	d19feaa4,83c43f2b,ad0f4cc3,6ddf0039
6ec8b9e8	39694c69
6eca1b11	1c3d3222
6eced64b	bedd91a7,6d1d43cc
6ecf88fd	3a8156ce,881b3db9,35e5d107,cdb37274,9a2cc2f2,6ccbf142
006ed010	4497a02c,9c0300b1,dd0a0fbc
6ed61711	a4f1a6c6,358e4e85,6ba51265,424a544a
6ed77104	4497a02c,9c0300b1
6edeacc6	39694c69,e2aa3fd6,904a45e4,74641240,dbfc2758
6ee14894	1b5a30c0,688fbadb
06ee34f8	108928e7,48dc4f50,2abd9c61,a29057fc,32a801c3
6ee489c1	4497a02c,9c0300b1,23293461,43f4d4a3,3490e37e
6ef06daf	ede44e83,de118265
6ef1d4a5	1f22d997
6ef80a6b	52ce7370
6ef95460	3930952b,d518dac4
6efbe5bf	39694c69,f93b7ad5,96b5162f,7f880865,27cca8c2,8df62134,572fc984,af403d4d,dddbd028,4b971e6b
6efcacd2	4497a02c,f1551f13
6efda6bd	a4f1a6c6,358e4e85,6ba51265,424a544a
06f0265d	07967bc2
6f031473	52ce7370
6f04567f	39694c69,a3b2a3f0,ff4415ce,32e06c8a,df56f945
6f06daf4	4497a02c,9c0300b1,0f40a61d
6f07da10	39694c69,2671c4b8,695a3627
6f0a74e6	b1963590,293f78ee,8d47b886
6f0c2a4d	d918c1e8,80b11697,9e1ed17d,63a54795
6f129327	4497a02c,9c0300b1,7a464285
6f14dadc	1e3bbce9,b83c1deb,8ce21c36
6f155d83	a5626d34
6f1a46f6	156ef672
6f21cc1c	52ce7370
06f21d2c	39694c69,a3bf686f,de5cbb69,993f1924
6f22bb0d	5fc0aae4,b02aa637,4209fff0,e7803122,137cbeb3
6f285332	965b8f37,8e7b6f79,908c1738,ee27d474
6f28f608	a2d1401e,429fe0a0
6f2adf0a	52ce7370
6f2cecae	9a9d5b6e,1efdd1d9,31d08ff4,e809ae77,3f01e638,39711e2a,762ed68b,8b358cd9,3ff00e69,faddf2fc,a8bb1a1f,6450a4ca,5bce2599,7605628d,bafe4e55,cc6661b3,5780a65a,257bd095,3c9af5b7,9891058b,5b536fdd,bbec91f1,a5ee1115,76f838d2,bf83eea1,535dcdd9,d5f7238c,ab7aa6f6,1969c017,794503c5
6f2e2454	156ef672
6f30b2d4	52ce7370
6f35b5ba	39694c69,53536c60,ed4381f2,a43458d9
6f367c04	0ca09752,47cf5e87
6f3b0ea3	52ce7370
6f3e5ed0	639c7070,ef46bbd3,cb433269
6f3eb71b	b8d3ec3d,f5ff1be2,efe3034b
6f40d667	39694c69,b32b5123,f3e1b9f3
6f415f1d	065091b4,b5ad62e7,2974f022,89e7a12b
6f4310c1	bce876e5
6f4a399f	4497a02c,9c0300b1
6f51c683	4497a02c,9c0300b1
6f53058e	52ce7370
6f541f31	39694c69
6f5c534c	39694c69,c7fb2350
6f5c867c	52ce7370
6f5ea3f7	481420e9,759f5ac1
6f5eb495	5f2781c9,94764bbc
6f5f5ac4	39694c69,af77c70d,ed4381f2,a43458d9,1c93d9d3,f5216bcf,e2dc42cb,ef4c1064,050a25d7,234a0a79,c3c175ca,4ebd1bb2,d454474a,689b5772,c53f71f9,6bdb00af,58348094,c1f5412b
6f63c31b	52ce7370
6f654822	a93ac93f
6f6817f6	39694c69,fb461a0b,c733d638,889f6703,9f7bc637
6f6a7acc	52ce7370
6f6c3893	c415d935,2bea68f9,1ec35a4c,65390ef7
6f6f6746	a4f1a6c6,358e4e85,6ba51265
6f7434cc	52ce7370
6f74bf21	52ce7370
6f7f8732	39694c69,93e5aa03,a8bda540,5196d02e
6f80d6a2	4497a02c,9c0300b1,411582c1,6d2c033c,f80f0860
6f8825d9	695a3627
6f891c41	39694c69,bc983c99
6f8923f9	39694c69,53536c60,ed4381f2,a43458d9,1c93d9d3,f5216bcf,c602a40d,ae8834fb,91fa17ab,111e88f1,89f6f8a5,4ebd1bb2,4b8a0cef,d89abf3a,7c564be4,fcf1f8c5,472143bf,81d269f1,445ee13f,4bfb77d1,604cb8a8,4d525275,1b332a89,10fded56,f2564478,2fd57652,8aab7e64,65bd861b,e51224df,0b3b3b39,66359d4f,f6b0f1c0,708fd580,034d5002,09237912,50a41601,76cbe174,fc9e0f04,93be621a,5d5733ad,cd9c73df,94b05d44,9762d059,405d4257,950270d7,702e331c
6f8d4356	569aeac3,0c6023ee,fd8c731e
6f91d15b	52ce7370
006f9d45	39694c69,53536c60,ed4381f2,a43458d9,1c93d9d3,f5216bcf,c602a40d,ae8834fb,91fa17ab,111e88f1,89f6f8a5,4ebd1bb2,4b8a0cef,d89abf3a,7c564be4,fcf1f8c5,472143bf,81d269f1,445ee13f,4bfb77d1,604cb8a8,4d525275,1b332a89,10fded56,f2564478,2fd57652,8aab7e64,65bd861b,e51224df,0b3b3b39,66359d4f
6f9e0068	a4f1a6c6,358e4e85,6ba51265,424a544a
6f9e4c24	52ce7370
6fac7a53	52ce7370
6fac9e1e	39694c69,15d1718e,de5cbb69,45301f3a,de8898da
6fafba27	4497a02c,9c0300b1,3be2ed12
6fafdaea	39694c69,d028f1a9,35f35a62,9fc82936,de5cbb69,52531e8e
6fb2ef65	52ce7370
6fb4a79a	f16c5faa,b998f50f,ce858e01,67ff786c,1b35cacd,3a8156ce,9a2718b6,881b3db9,4a19cbcb,d6b64c84,906618ae,ab14717e
6fb8a2f2	4497a02c,9c0300b1,ed4381f2
6fbb2b9e	791da68e,f505e807,7771692a,55113eb3,57881c98
6fbf2bad	5e800741,df5789cf,a505e86e,1dc0d12f
6fbf6d9e	1b5a30c0
6fc0c754	39694c69
6fc4d6f8	b8d3ec3d,f5ff1be2,efe3034b
6fc926b5	52ce7370
6fdc25eb	94393069,861ab707
6fdd3b3e	a4f1a6c6,358e4e85,6ba51265,424a544a
6fde6c30	09b39d11,8dad83ef,ff4daff1
6fe00111	4497a02c,9c0300b1
6fee83a1	965b8f37,fe3bc2b9,8f57e44d,0dd10c61
6ffa5ed0	b8d3ec3d,f5ff1be2,efe3034b
6ffddd02	52ce7370
6fff0fe9	39694c69,53536c60,ed4381f2,a43458d9,1c93d9d3,f5216bcf,c602a40d,ae8834fb,91fa17ab,111e88f1
70007b14	1c3cb695,82273c54,019dd106,b5b06866
7002a8dc	a4f1a6c6,358e4e85,6ba51265
7002f7ea	b8d3ec3d,f5ff1be2,efe3034b,5ad85b72
7008520e	a4f1a6c6,358e4e85,424a544a
700a3f25	b7523d3f,0085b2a4
70110888	39694c69,bb556370,6966f037
7014dba5	52ce7370
7021b1f0	4eacf831,304cfb1a,34456c54,998fa469
7024329d	39694c69
7024a757	39694c69
7025ae9c	a4f1a6c6,358e4e85,424a544a
7026cdd0	bcf6bc33
70283993	a4f1a6c6,358e4e85,6ba51265,424a544a
702857a4	39694c69,9de4a001,9bf3cda2,e6c773f1,9cba2b93,b85607b0,c9cc8d5f,8505aa13,a5fd2f59,130ea9df
70289d95	a4f1a6c6,358e4e85,6ba51265,424a544a
702b6743	efa938d5
702c24ba	39694c69,1b021a02,373a88ce
702ccd21	9fad42df
703375e8	39694c69,53536c60,ed4381f2,a43458d9,1c93d9d3,f5216bcf,c602a40d,ae8834fb,91fa17ab,111e88f1
7034693c	a4f1a6c6,358e4e85,6ba51265,424a544a
70347d6b	1e3bbce9,b83c1deb,8ce21c36,22b84c2e
7034f1e0	bedd91a7,6d1d43cc
703b1714	94393069,0739342d,d64d45e9
704117c8	bcf6bc33,fc5542a4,cc9d7b39,85b26f17,a8bda540,eddb93df,a4ab6682,2405e040,d9fd5454,e2aeb46c,3c8c965e,cb713a08,ed96ebd0,89ae87c9
70458522	52ce7370
70475a1a	52ce7370
704bba0d	7ddc0d07,433a93fe,acdb0a4f,76478a85,0022ad55
704ffb31	4497a02c,53536c60
7055c94d	4497a02c
705a9578	52ce7370
705aec5e	eca1867c
705cd855	a045e3a7,a59de127
705e2318	c8eda659,7bd662b4,cee38c74
705e8478	52ce7370
706047eb	efa938d5
7060ab05	cbb0a0c9,2f7c6535,26d821e9,5d6e6635,0a6807ab,88605cbd,f91fb1c1,444d7cf2,5974cbb9,4c928458,080e59d5,c4e6a7a7,9ca71ab9,ff98e06a,daef038c,678c1a04,3cce1f40,7bb463e9,eb77e83c,25cf07dd,4ee4dec6,bd5a46fa,21ec7827,db1478c0,6a0eef8f,79fd6833,e71a034b,3b55e671,d170dd22,83faa670,59d9f271,98c1b0de,dde20cfb,437cd03b
7060f5e4	acde460f,e52c962a
07062a05	4497a02c,f1551f13
706c76e9	adcb8e35,53536c60,ed4381f2,a43458d9,1c93d9d3,f5216bcf,c602a40d,ae8834fb,91fa17ab,111e88f1,89f6f8a5,4ebd1bb2,4b8a0cef,d89abf3a,7c564be4,fcf1f8c5,472143bf,81d269f1,445ee13f,4bfb77d1,604cb8a8,4d525275,1b332a89
706e94f2	94393069,861ab707
70711420	52ce7370
70711bc4	aec4271f,0b6d14b8,cde00639,f314ef80,2f83422f,beef8ad3,a52e1c91,af1b9347,a17fea6e,ca4f8cc3,8ba2f554,abfce522,7cbec21c,f2e3e143,f2cfa392,d4bd38c6,74001e08,fbedaac7,df119223,98070d62,f66e5653,b651f6b5,f15edf8c,faf02057,e251faab,333d2709,1899efc1,65684a58,64e772c1,d18ea2d5,6b8e629b,1a34b603,9e38dc42,474e02fd,67ffc594,fb5ff273,02384d34,491e0f67,66a31bf8,5e124183,48080df8,6793ca8d,d200583e,5cab5c6c,fd216c14,1c7dfbbd,5cfc2dd6,2cd83c64,60bcad42,04dc21d9,ec5ced4d,f235b5b5,307e81ad,b6e702bf,77d7cf6f,df7a6e12,eb6d07fe,bc9a1c58,1370a673,2999a0cf,b72154cc,81f42a6d,3ab479bb
7072cba6	52ce7370
707340d8	52ce7370
707c8ec2	1bf9d08f
70806460	6966f037,c3f6377a,29b1cfc8
7081a6aa	19a269d2
70830ad6	52ce7370
70873983	6b57f950,dc71ddc7
7089b1a3	de93031c
708a2f5a	52ce7370
708a9920	52ce7370
0708dd79	cc298edf,d260b9e7,37ca85ba,bfd83594,9ffc0ba0,03e9ad54,41763d5f,0f361dd2,0ba972d9,030c8a98,d980a594,e6732b11,70124402,01fbf17b,f4ca976e,b43c8052,46428172,b073fc80
7090d228	bcf6bc33
709397b1	52ce7370
709818fc	c415d935,2bea68f9,1ec35a4c,65390ef7
709cc151	87c264ea,14d93e22,ff8d46d7,2dd51f58,9c4977ad
70a72061	a4f1a6c6,358e4e85,6ba51265,424a544a
70a8aff6	b8d3ec3d,f5ff1be2,efe3034b,ce2b293f
70a93d0e	39694c69
70ac9c0e	acde460f,e52c962a,c647281d,554128ee
70acaa3d	52ce7370
70bb41de	bcf6bc33
70bd8bb0	5ed385eb,f50bdcc2,491f5bf0,38e20392
70c3a463	b8d3ec3d,f5ff1be2,efe3034b,fa4a018c,6a243c86,69fec6a2
70c9db22	af2bb38d,ff15b72f,7bec9c74
70d5bde0	a2d1401e,429fe0a0
70e4eaa1	4497a02c,f1551f13
70e56eb8	2c3f796f,ba93dff3,955d3f51,dd268319,61ecfb2c,89ece67b,8238a090
070e721a	92fcb768
70e9e0ae	a4f1a6c6,358e4e85,6ba51265,424a544a
70ec739e	0212e46b
70ec9825	4497a02c,9c0300b1,43f4d4a3,292f5ee7,8a31efb7
70ed1b6f	52ce7370
70f09c1d	ef10b158,7f6bb83a,40d474f2,00ba35f8
70f1b274	4497a02c,9c0300b1,441e33e9
70f2547f	52ce7370
70f25852	1e3bbce9,b83c1deb,8ce21c36,390dfb17,f752242c,451f061e,86a84aac,6b6380b5,586563fc
70f36f1e	c8dc3446,10d72ae0,a97f322f,b29a698f,594166c8,b966b8cb,4362dc00,b8158c81,6b363b7a,0af21ed5,fff81c8f,f8cf135e,927245d2,9bf2ddcb,78365de6,3ad9ec69,0b1b3975,c0232b24,8e514f4e,29fe913b,15675599,496c1411,0a29d88c,4c36c347,be7ee904,8b5161b0,00d63b1e,fdbefd19,0081f603,91d6b5bb,b1caa993,f5bd26e2,02eb1372
070f3eee	4497a02c,53536c60
70f68b4a	d2142183
70f9012f	f112f97c,ca3dfaf7,4e1edb87,ff2b0461,aeaea4fc,7bfeb88e
70f94b1a	bcf6bc33
70fa0822	a4f1a6c6,358e4e85,6ba51265,424a544a
70faa017	39694c69,38761a97
70fbc340	39694c69,53536c60,45cf41c5,55276a7d,d39710de,935d48e3
70fe2961	5a7f095a,f99d95ff
70fe85bd	4497a02c,9c0300b1,ed4381f2
071027cc	7294aebd,e721e1cb,9d112ee7,c8951153,f336ab5e,1837768a,6b8aa561
71030dc2	45cf41c5,e01bfb6e,5aff684c,eb568495
71033b37	52ce7370
7108ac71	52ce7370
710da5a1	2ea296c8
711047fc	52ce7370
711292c7	587dc623,b14e63ae
711626d7	52ce7370
71168fe0	52ce7370
7117f063	e50beb22,b664d91b,1bd4674a,d1a8012c,5f7b97f5,80eb0c52
71184797	c7cfa54b,87ff7422,f4608ac5,9f485bd7,c24e1c09
711d3040	39694c69
711e9259	860e88b1,012dbe79
712038c2	39694c69,de5cbb69
712c436f	52ce7370
712d33d3	7d71de1b
712fb0e4	bcf6bc33
712fb6c7	eb5af877
71364d14	4497a02c,9c0300b1,ed4381f2,a43458d9
713c8c1a	39694c69,af77c70d,ed4381f2,a43458d9,1c93d9d3,f5216bcf,e2dc42cb,ef4c1064,050a25d7,234a0a79,c3c175ca,4ebd1bb2,d454474a,689b5772,c53f71f9,6bdb00af,58348094,0587f61e,b2c42ca2
713eb20b	a200de2b
07142a25	39694c69
71448af4	4497a02c,9c0300b1
714a3a77	861ab707
714c36b5	bb21c858,4056dce1,b2bb357e
715185cf	a4f1a6c6,358e4e85,6ba51265,424a544a
7151a2d1	39694c69,53536c60
7152a223	e47400ec,018666b4
71558592	b8d3ec3d,f5ff1be2,efe3034b
715c201e	397f16be,1e3e50e1
715c54ad	a4f1a6c6,358e4e85,6ba51265,424a544a
715ecd2d	52ce7370
715facb3	39694c69,af77c70d,ed4381f2,a43458d9,1c93d9d3,f5216bcf,e2dc42cb,ef4c1064,050a25d7,234a0a79,c3c175ca,4ebd1bb2,d454474a,689b5772,c53f71f9,6bdb00af,58348094,248e5540
716270c5	695a3627
717064cb	39694c69,53536c60,ed4381f2,a43458d9,1c93d9d3,f5216bcf,c602a40d,ae8834fb,91fa17ab,111e88f1,89f6f8a5
71736492	52ce7370
717ca954	52ce7370
717f4654	39694c69,4ddcf3c3,9da4bdd6,c62ecdf9,560e7d77,2f6e6a59
7183cbe3	52ce7370
7184a86f	39694c69
71881c70	39694c69
718a5681	52ce7370
718eea50	2671c4b8,8484d657,d3e74567,87c91ece,a3e53183,4f3876cf,55c31713,141a9f59,f041f9b3,e11ba21c,841718b0,0dd10c61,6c2c4020
71931ba8	39694c69,baca6a7f,4516ee5b,d4c3582c,ef16341c,fe06e83f,9741f584,f0ec9e79,dd06510e,b249f651
71944c2f	1e3bbce9,b83c1deb,8ce21c36,96d3b0c5,5859815d,94eb13c6,84cb62da
71974800	af1b9cca,035ea00f
071a29f6	4497a02c,9c0300b1,239a3ae2
71a5c390	8312614a
71aa979a	d46fc236
71abcfca	52ce7370
071ad907	a4f1a6c6,358e4e85,6ba51265,424a544a
71b356bd	b98484f7,747f9cb2
71b56b22	ede44e83,de118265
71b5ef3a	4497a02c,53536c60
71b64367	39694c69,53536c60,631ab68f,1f0f229a,7de0a8e6,554128ee
71c71b69	52ce7370
71c9c48b	4497a02c,9c0300b1,d41df750,9e005769
71ca4ba7	39694c69
71d1d3aa	52ce7370
71d3ee36	b8d3ec3d,f5ff1be2,efe3034b,7e1dd152
71d3f5b7	bcf6bc33
71d67a48	4497a02c,9f823928,9f6da7c4,5f699b08,aaf39006,90056563,e43daf3a,ba59866b
71d782de	52ce7370
71d78bba	39694c69,53536c60
71d971e4	39694c69,53536c60
71dafdc5	39694c69,53536c60,ed4381f2,a43458d9
71db0cf6	52ce7370
71db1785	137cbeb3,c3d7a1c6
71de694b	52ce7370
71e2d6cd	52ce7370
71e6ab4b	f9c7d119,2a1afa46
71e9e8ee	52ce7370
71ea09df	4497a02c,9c0300b1,3229b9cc,e14651dd,4ec6d99e,2a0db346,2c2dfe8d
71ea739f	52ce7370
71ee0d5b	a4f1a6c6,358e4e85,b7a0eada,99b8e741,424a544a
71ef47c4	639c7070
071efd0e	52ce7370
071f3c6b	5321cb79,235dd2b8,7a3f7ebc,fff1e1af,c50b38cf,cd64af58,fdc70089,a9fc132f,b1988956,60488086,be80e0f9,6a2c8e0b,5b994493,1ef94ae0,2e17aac7,2b215d3f,3ab77e6b,b33ed866,8b283095,4b9bda65,d54eac7e,c18664f1,1f8e808a
7208528a	52ce7370
7209b1ef	8b46b142,3f5e9cd0,bfa2ca53,fca5215f,38d3b28f
720d1aa1	39694c69,f59e6083,32501abd
720e5e88	52ce7370
72158a52	a4f1a6c6,358e4e85,6ba51265,424a544a
721627dd	39694c69,a5a25b46
7218803c	1ea4a1f6,160d8e66,c6705886,3c916e0a,e72b845c
721cf1a5	3f19cae6,36765160
721ec299	52ce7370
7225e73b	ea3f5e0e,a66c3bf3,d95c5d1c
722761a2	52ce7370
7227674d	39694c69,ce9086e5,ed4381f2,e3931839
722a6491	0d014283,825b874d,e5106197
722b4014	5db7b8ed,a18088c3,d5c29bd3,baec5d3e,5591ae49
7231f9cb	4497a02c,9c0300b1,5e171953,028170ad
72322988	52ce7370
723898ed	1c3cb695,82273c54,019dd106,b5b06866,46e6691b,09fa7f06,41db1094
724054b7	39694c69,53536c60,ed4381f2,a43458d9,1c93d9d3,f5216bcf,c602a40d,ae8834fb,91fa17ab,111e88f1,89f6f8a5,4ebd1bb2
72451ba4	52ce7370
07247547	52ce7370
07247b6b	52ce7370
0724f48c	52ce7370
72505760	4497a02c,9c0300b1,dac78fbc,1f6e9d0c,f23c9320
72530dcb	4cbc7373,e6644508,1b38b5c9,57fa5723,8d3931db,4b12828c
72541aa2	0d52b105,d11ba606
7255797c	39694c69
72599cab	7383d65f,4b971e6b
7259d1e9	39694c69,53536c60,ed4381f2,a43458d9,1c93d9d3,f5216bcf,c602a40d,ae8834fb,91fa17ab,111e88f1
725aefcb	52ce7370
725b6a0c	bcf6bc33
7264cf15	4497a02c,9c0300b1,ffa43280
07268606	39694c69,c7fb2350
726a142e	39694c69
726ca778	a4f1a6c6,358e4e85,6ba51265,424a544a
7270259b	b8d3ec3d,f5ff1be2,efe3034b
7270724f	639c7070,ef46bbd3,cb433269
7273b6ad	52ce7370
7273e500	3f19cae6,36765160
727b4183	44ee794d
07282863	ef10b158,ea2c5f25,6aa67dcf,e35e7ed6
7282d3b1	b8d3ec3d,f5ff1be2,efe3034b,ac01bf89
7287d475	52ce7370
728908a8	52ce7370
728c223b	52ce7370
728c48ac	2113ce38,0d75535b,37313dad,212e835f,4269bb4a,efa938d5
728d8dbc	4497a02c,9c0300b1
7290ccb4	52ce7370
729101d5	bedd91a7,6d1d43cc
72914412	ea394572
7294690e	39694c69,57d7e3c7
72958769	52ce7370
729766e0	39694c69,23cd13a9,7a272c88,28cd0548,2f980df7,d76f8726,3fda93d0,ba26ce11,168d8c8f,917fa510,440e5564,5b691cf3,21a16405,c6bbd5c4,26c685ca,962b762f,7697dc67,b189b382,1fd23560,557f38e9,24bcb230,342b43de,7d8879be,76b822b7,3dfc4951,36ed46ad,85da2012,addc75bf,853866b3,eb80fc81
7298c657	ea3f5e0e,7dac5c73,a174ecf7
0729ab58	758e6460,a583f09e,eb4dde38,5d8c9fde
72a228f3	39694c69,53536c60,ed4381f2,a43458d9,1c93d9d3,f5216bcf,c602a40d,ae8834fb,91fa17ab,111e88f1,89f6f8a5,4ebd1bb2,4b8a0cef,d89abf3a,7c564be4,fcf1f8c5,472143bf,81d269f1,445ee13f,4bfb77d1,604cb8a8,4d525275,1b332a89,10fded56,f2564478,2fd57652,8aab7e64,65bd861b,e51224df,0b3b3b39,66359d4f,f6b0f1c0,708fd580,034d5002,09237912,50a41601,76cbe174,fc9e0f04,93be621a,5d5733ad,cd9c73df,94b05d44,9762d059,405d4257,950270d7,702e331c,70823eaa,daf56fb3,060f8f36,bb1a29f4,56638432,2b438d00,2bd5f7fe,95ee8dfe,d02acf3d,4b14a013,52d6f1b8,b4c59a3a,9c2397c2,6049d326,0aee9e47,5917cecc,6ee3cd6f,a3f29c27,a19c769f,e1759237,26d875d0,a6f8571a,537df9d7,c200c181,3c1b2601,184e2362,b58c4b95,906164f9,b6394a5d,364ef38a,bfbc3131,9a3d6880,2df3b4fa,acb06c15,9068b149,8f7cac60,b56d9714,862f6f6f,3c733797,8a7aa776,93df5feb,98adf974,6449cdda
72a40ba7	4497a02c,9c0300b1,6d2c033c,59ee998c,27e87bc5,3c4ae36c,f60d0c46,3485907e
72a8e5b8	19df91a3,79bc1aa1,cb7b7504,d454474a,689b5772,c53f71f9,30c7c4c6,58348094,248e5540
72aaddad	52ce7370
72b5af0b	39694c69,95e3c19c,31d7bf79,a9f57785,6c8df6d5
72b69dad	f8cf135e
0072b905	52ce7370
72c3be57	4497a02c,9c0300b1,ed4381f2,a43458d9
72c51501	a4f1a6c6,358e4e85,6ba51265,424a544a
72c8f6f4	4497a02c,9c0300b1,1487fca1,72732e10,4e4d2e8b,47d3312d,1d0cc35b,975d58b2
72cde1b0	222f3cd6,06c56270,951fac84,fc93512c,23ddea18
72ceb520	d7373546
72cfb8b1	8fca59f4,41a24572,02641efd,a91b04db
72cfe9b1	b8d3ec3d,f5ff1be2,efe3034b
72cfefe9	52ce7370
72d0d5b3	4eacf831,304cfb1a,34456c54
72d2dcee	63c92a63,0c5dc42c,1812dfc6
72d3191a	52ce7370
72d33885	52ce7370
72dbdb56	b8d3ec3d,f5ff1be2,efe3034b
72dd8d96	dba99a7e,e8ca1dc7,4e9a4327,8ffc6982,d6d6a63f,52b3edee,95bbbf7e,fc958e6a,cf091af2,b6372dcd,baf799f0,14febce6,7971b3d9,7d2572a1
72e06d09	52ce7370
072e15ee	b8d3ec3d,f5ff1be2,efe3034b,6da205f8
72e2c8e4	52ce7370
72e832fa	ca91bdd1
72e9c590	52ce7370
72ea5593	4497a02c,9c0300b1,ed4381f2,a43458d9
72ed6ba4	52ce7370
72edea3c	bcf6bc33
72eeaff7	52ce7370
72f02d41	b8d3ec3d,f5ff1be2,efe3034b
72f17dac	a4f1a6c6,358e4e85,6ba51265,424a544a
72f1d820	94aca959,efa938d5
72f325f2	5bc255fb,a80509bb,1abd80a0,3a9b76cf,8f4e9a28,d9d443c3,d4f33b31,14e7c95b,d62f51cb,93563a2e,483ed20a,bbd650cd,136f54c5,8438a2a8
72f3c6ce	52ce7370
72f450cb	b8d3ec3d,f5ff1be2,efe3034b
72f531fd	52ce7370
72f66fb9	39694c69,53536c60,ed4381f2
72fa19e7	4497a02c,9c0300b1,ed4381f2,7e26dcff,183fe253,eef0425d,c602a40d,ae8834fb,aaf818ea
72fbe0be	52ce7370
72fd01de	39694c69,53536c60,ed4381f2,a43458d9,1c93d9d3,f5216bcf,c602a40d,ae8834fb,91fa17ab,111e88f1,89f6f8a5,4ebd1bb2,4b8a0cef,d89abf3a,7c564be4,fcf1f8c5,472143bf,81d269f1,445ee13f,4bfb77d1,604cb8a8,4d525275,1b332a89,10fded56,f2564478,2fd57652,8aab7e64,65bd861b,e51224df,0b3b3b39,66359d4f,f6b0f1c0,708fd580,034d5002,09237912,50a41601,76cbe174,fc9e0f04,93be621a,5d5733ad,cd9c73df,94b05d44,9762d059,405d4257,950270d7,702e331c,70823eaa,daf56fb3,060f8f36,bb1a29f4,56638432,2b438d00,2bd5f7fe,95ee8dfe,d02acf3d,4b14a013,52d6f1b8,b4c59a3a,9c2397c2,6049d326,0aee9e47,5917cecc,6ee3cd6f,a3f29c27,a19c769f,e1759237,26d875d0,a6f8571a,537df9d7,c200c181,3c1b2601,184e2362,b58c4b95,906164f9,b6394a5d,364ef38a,bfbc3131,9a3d6880,2df3b4fa,acb06c15,9068b149,8f7cac60,b56d9714,862f6f6f,3c733797,8a7aa776,93df5feb,98adf974,6449cdda,d7ccd848,5c662a54,726c2c55,3d034923,4f2692d2,26f469a5,76309fab,81acff2d,dfdfb862,e4a0a063,b94bf80f,b3d640f1,923fff04,5a13cec6,4c99bf36,a8ba8984,013c3efa,4f5d2801,468df202,5ee16a49,7a269d91,951e2b43,32b2970e,ddffe738,1ded4f5e,7855c475,5b3e7333,f6194067,9ead75f1,050ba956,4aee3322,522eee1c,f7bff4f4,2c26e48b,2b55ab18,dd9df0df,73327df2,2e75793e,faed2e70,56e2f38d,d4cdacfa,b75124e9,a493683e,71a98d1c,dd71f8a2,c450a93c,421e42cc,804b328a,d6c03889,398d69b1,93028229,da64f69b,43e41f6f,fb4a61ab,e89814ce,cdd03d8f,f6cd5ee2,de009e09,e0adb87e,1cb615d8,359a069c,413127a8,51095af7,65b680f4,7ded2dda,103ae0f7,d17b0c2c,0fb80ddd,029325f6,ca6f569b,0565bd25,67dc2823,ff48c2ad,9252394f,80090302,964567de,c2a8473b,3da3ccb5,a256c5dd,a672bd3e,90bdd0a7,be4f9b0a,d728c911,40d8f2cd,cfe04985,056f2fed,772027e0,19b984a9,fb81fdf5,a26a9b0a,2c979750,028fce37,921e3a7e,49ebd606,3e6c889a,b7e8bd05,414d5038,dc0ab963,b34e524a,126d8b3d,3b3f1b44,baecc1d1,f216cb24,f9309e55,3836cb34,695243ad,c4a5e1dc,cafd8439,c75364c6,09bafec5,cac8f6a2,c0eacd22,70a8bbcc,e9835869,ed9eedfd,a479cd0d,8c28e840,b5e9215f,d64b2f71,1cebb22e,129f0161,6050c72a,82869822,10cd08a9,62718490,7fac88a4
72fe786a	94393069,861ab707
73030478	39694c69
73047a5b	f18c4ed4,5a266708,dd95ebc9,712ce7cd,79d66a8f,c50b8034
7306b49e	1b5a30c0,695a3627
73131707	de118265
73132e82	4cbc7373,844d3942,b363b10b,57fa5723,86b857e6,2a9b614b,c7213f8e,073172da,ab569de3
0073138e	39694c69,a93ac93f,4b5e437e
7316aa59	4497a02c,9c0300b1,b45d1b06
73188103	815a03c5,dd570b4c
731b2b62	39694c69
731cd3c3	1e3bbce9,b83c1deb,8ce21c36,82fc3d22,c001e80d,da474ad8
7324f585	4497a02c,f1551f13
7326da6b	39694c69
733976ea	39694c69,9aae82c8
733ba302	4497a02c,9c0300b1
733c425f	4497a02c,53536c60
733e41e1	7d7d4b55,2bfb602c
733f9690	39694c69,864d2e6f,dee65538
7342064d	9a9d5b6e,de9ad6e8,453a77b8,17514af7,46f901a3,c6fc3d7a,bdbe34cb,eeedee34,df8055de,8435c519
734887fc	52ce7370
734961da	39694c69,707e3205
7349f728	39694c69,53536c60,ed4381f2,a43458d9,1c93d9d3,f5216bcf,c602a40d,ae8834fb,91fa17ab,111e88f1,89f6f8a5,4ebd1bb2,4b8a0cef,d89abf3a,7c564be4,fcf1f8c5,472143bf,81d269f1,445ee13f,4bfb77d1,604cb8a8,4d525275,1b332a89,10fded56,f2564478,2fd57652,8aab7e64,65bd861b,e51224df,0b3b3b39,66359d4f,f6b0f1c0,708fd580,034d5002,09237912
734ff95f	c056f48b
735cf8c3	52ce7370
735f6061	c26ad7ec,d15ed12e,01b68fad,f6091de9,62af5e39,0632a0f7,cf944ce8,83506b09,9f1c71f2,51f21a96
73649d4a	9fdc9a80,119c40aa,01714118,fc178ccf,d88a0544,7f7d9776,397b9621
73666eeb	5e9a67b4,48fb73d0
7368818e	52ce7370
73716b5a	9c5533f1,a599f130,6d5d1e1a,1a8454b0,4c3d5b00,cf8c6a7f,9656001e,4e3ebb54,e55979dc,6e82b161,a8143f44,dee65538,a2009a2c,8daff0a9,86c96406,e0409e7b,f9ba15a9,db1301dd,ff598a23,09ad3004,74a06ea5,71714ccd,1fc40cff,971ad05c,7ecf3741
737326aa	52ce7370
73734fad	a4f1a6c6,358e4e85,6ba51265,424a544a
7373e5bc	b292931a
73740876	52ce7370
73763b7c	39694c69,3cb692ae
7379d906	a4f1a6c6,358e4e85,6ba51265,424a544a
7380ff5d	52ce7370
7381b359	52ce7370
7381e075	1e3bbce9,b83c1deb,8ce21c36
738324e4	4497a02c,53536c60
73837206	f266709e,af6a27f8,b72d2da1,0d89f003,912df7a2,cdd720eb,bc382451,eae13aa6,9ce7b22c,8b47b12e,05296abb,d3253e8b,f9769c04,affcf591,7ac94e58,7b1ea64f,7b328bff,67882b29
7383c7c6	861ab707
73854cf3	c9425811,c52ad410
73872409	52ce7370
738b2b3e	52ce7370
738f2f6b	1126d489,a599f130,a2b27c47,ce51e29f,db26372d,53609350,265cfe27,e46cbf33,248cb440,5142a890,78db441f
739668be	1abfb05d,6a4f57e3,9283d7bf,91a6c784,ab569de3,14c2b096,c6fb191c,e5d56261,7b76f109
739bea0a	52ce7370
73a85d4f	39694c69,af77c70d,ed4381f2,a43458d9,1c93d9d3,f5216bcf,e2dc42cb,ef4c1064,050a25d7,234a0a79,c3c175ca,4ebd1bb2,d454474a,689b5772,c53f71f9,6bdb00af,58348094,c1f5412b
73ad2312	39694c69
73af8ad9	32508d87,f72bf88b,b3628f95,c1d444ed,4fc3af7d,5a535cc9,dde717e6
73b052ce	39694c69,f79d6fac,b525f62f,1b9da9fe,65b8fa81,fe48a857,bd2cf75a,4cea7154,52b0bbf6,73266682,ac9846ba,efeed31e,0eeff081,db0da441,e45994f4,e09a9a6c,1c243b55,60a0c72d,3dc9a213,e25da418,ae8defc9,9740833e,68a6ef04,d2146143,9037df85,574bb905
73b38a96	a9e830dc
73b4d4d7	39694c69,a89bdfa1
73b5cc56	152e9eec,7d59d9b8,6519f22c,ab78b87d,39572fa0,9449ec6c
73b7691a	52ce7370
73bed2c3	4497a02c,53536c60
73c091fd	39694c69,16331766,f3781579
73c0e354	39694c69,53536c60,ed4381f2,a43458d9
73c2d246	52ce7370
73c3092d	52ce7370
73c5eb78	a8aceca4,58ade78b,11177941
73c6c903	4497a02c,f1551f13
73c7b102	881274f4,1b4c2864,37d193be,591aaeed,0b8a593e,40f67510,717aca0f,4e2b0367,9c3c20a1,96ba9f4c,851f71c0,73631322,dd948dc9,18e9067a,dd3f3696,07e6f477,7afc597e,84007d83,16d9095f
73cc45cc	c415d935,2bea68f9,1ec35a4c
73cc9b05	52ce7370
73ccab54	52ce7370
73cf548b	51ac1207,d70a3d93,42bd57dd
73d19894	87c264ea,d66dc81a
073d566e	bcf6bc33
73d5d7d9	52ce7370
73d9b70a	52ce7370
73db34d1	2d0e8ca8
73e1ed23	52ce7370
73e62f7d	a4f1a6c6,358e4e85,6ba51265,424a544a
73e713f4	a4f1a6c6,358e4e85,6ba51265,424a544a
73e7c222	52ce7370
73edbd08	bcf6bc33
73ef1beb	c52ad410
73f61b4d	52ce7370
73f71492	4497a02c,53536c60,ed4381f2,a43458d9,1c93d9d3,f5216bcf,c602a40d,ae8834fb,91fa17ab,111e88f1,89f6f8a5,4ebd1bb2,4b8a0cef,d89abf3a,7c564be4,fcf1f8c5,472143bf,81d269f1,445ee13f,4bfb77d1
73f7b702	cf721e75,6c60d535
73f92d07	a4f1a6c6,358e4e85,6ba51265,424a544a
073fee2a	7d20474a,837dda49,1b5cc265,96630077
7400ef7e	52ce7370
7402a8fe	998a4e6c,7aaa58b2
7404218b	4497a02c,9c0300b1
7407b6af	40727d0b
74088187	b8d3ec3d,f5ff1be2,efe3034b
7412ebee	d918c1e8
7412fc25	52ce7370
741359b0	52ce7370
7414fb2c	c613512c,1a8e700e,d8d94688
741923aa	0eb6c91a,3d674b81,59242a3d,c19fa37a,16fc9dee,6394b053,57d56abd,cc27b38b
741dbb8f	b8d3ec3d,f5ff1be2,efe3034b,2249df9e
741e7f2f	39694c69,1e31872e,3d9f949a
74215145	a4f1a6c6,358e4e85,6ba51265,424a544a
07421fc3	39694c69
7425a9fa	f59e6083
74282ed1	b8d3ec3d,f5ff1be2,efe3034b
74299d0b	52ce7370
742b952b	156ef672
742d825a	c29bd9f0,4165e3f5
742e540e	39694c69,b1eb4e6b
7430c7c2	861ab707
7431ad87	22956149
7433fd9f	39694c69,f93b7ad5,96b5162f,7f880865,27cca8c2,8df62134,572fc984,af403d4d,dddbd028,4b971e6b
7440108d	156ef672
744d464b	7eefa621
7451048d	39694c69
7452ae86	b7523d3f,0085b2a4
745f043c	4497a02c,9c0300b1
746049b8	94393069,861ab707
746147c8	4abf40d6,912df7a2,850ce94c,4adc3934
7461cb56	39694c69,53536c60,ed4381f2,a43458d9,1c93d9d3,f5216bcf,c602a40d,ae8834fb,91fa17ab,111e88f1,89f6f8a5,4ebd1bb2,4b8a0cef,d89abf3a,7c564be4,fcf1f8c5,472143bf,81d269f1,445ee13f
7465f54c	4497a02c,9c0300b1
74688193	52ce7370
7468868b	04e3d248
746bed21	39694c69,1e31872e
746d58a1	4497a02c,f1551f13
74713cbf	05258515
7476f89b	19df91a3,79bc1aa1,cb7b7504,d454474a,689b5772,c53f71f9,30c7c4c6,58348094,248e5540
7477692d	b1eb4e6b
747c6b83	4497a02c,9c0300b1,ed4381f2,a43458d9
747f2022	bedd91a7,6d1d43cc
00748023	1b5a30c0,695a3627
748a24b8	39694c69
749065e0	2f2f9be4,31f1b425,8961b78c,95bbbf7e,e3b7bfec
74911197	9deb246d,24b1ea7f
7495de5b	bcf6bc33
7497b3de	4497a02c,9c0300b1
74a757be	39694c69,f93b7ad5,96b5162f,7f880865,27cca8c2,8df62134,572fc984,af403d4d,dddbd028,4b971e6b
74a8f3a2	1ea4a1f6,c1844148,c6705886
74adee3a	a2f122d8
74b1e50c	4497a02c,9c0300b1
74b252c0	d918c1e8,458e5d1c,705a423f,83dfc38a,02bc242a,275c50b5
74bb769e	4cbc7373,e6644508,1b38b5c9,57fa5723
74bb82e3	39694c69,82273c54,da0deda5,109279ae,ff4ee59c,223d627a,eab3c5bf,c7121f30,3333e0d9,a5475426,31609214,a39b9ffb,73bf48e9,c5c96ac4,2402edaa,c4b62b42,b312c9ae,2b498348,2ac582b6,b1e3dae6,df8cb10f,c9e9df8c,13acaee6,b1beede3,466d7535,311e04b5,977aae91,badd114e,52dcdb2c,ef1490d8,fae4520e,3f93dd16,f3fb973b,b32cb2f8,6c65b68f,ea4bdb43,0ba8f177,27a0f417,2272cad7,bcc5ea12,9813dbd8,f80e5ce2,d0d87b0f,71fd4e90,16facd2e,a25ce84e,66a6bf40,d552a2c4,723faa5d,0c5999d3,13799edd,e4389bd7,430bc704,c0a43f37,6fa7e225,facf5e17,003d169f,bf81f6cd,9367913d,fed352dd,667c54f2,d47e09d6,f833b6ed,71b1a121,77a43e90,b8a4d4ad,271167c0,5f46d5ac,0a2c3ba2,578cf8a6,0dce016b,0cbb4c03
74bca936	4497a02c,9c0300b1
74bf4619	52ce7370
74c2dc15	4497a02c,9c0300b1,97cbe56b,de03ec5a
74c35bd1	efa938d5
74c5027e	52ce7370
74c55415	39694c69,d918c1e8,7907e604,ea64890e,9e50a5e2,070ddf0d,bf4e0c00,4cf8c10a,101dd76f,a4426ca4,ce3d72d4,d028f1a9,a3b8741a
74c6495b	c415d935,1ec35a4c,2d773a9c
74c72af4	4497a02c,9c0300b1
74c77049	bcf6bc33
74ca2321	163cd9e3,9da96664,a3296a6e,16046db9,2076e01b
74ca87f8	39694c69,16064e3a,1074d218,bc901fdc
074cbc06	39694c69,53536c60,ed4381f2
74d137e3	1b5a30c0,2a020746,8167e6a1,5b6e015f
74d2b021	8ce82fe6,2f4f778b,e1731558,a318fee9
74d666ec	3f19cae6,36765160
074d68e6	bedd91a7,6d1d43cc
74d7c6d1	39694c69,23703c15
74dbcbdc	39694c69,53536c60,ed4381f2,a43458d9,1c93d9d3,f5216bcf
74df0807	52ce7370
74e18d60	5fc0aae4,c5259813,42a67ac9,db85f51c
74e41e05	4497a02c,9c0300b1,10422649
74e690ab	b6a18211,034a19b4,feaf57a9,9ed6c303,06384150
74ed3aa4	9d137dc3,55c28bab,977d9109,e989d20d
74ef6a79	39694c69,73b61c3b,d5faa158,d7e7ffcd
74f64712	52ce7370
74f7211c	a4f1a6c6,358e4e85,6ba51265,424a544a
74f7cbee	a4f1a6c6,358e4e85,6ba51265,424a544a
74f7d27f	4497a02c,9c0300b1,27a6a0e2,27ac7c27,e7bd0f78
74fbadb1	3f19cae6,36765160
74fd0ea1	39694c69
74fd6067	39694c69,53536c60,ed4381f2,a43458d9,1c93d9d3,f5216bcf,c602a40d,ae8834fb,91fa17ab,111e88f1,89f6f8a5,4ebd1bb2,4b8a0cef,d89abf3a,7c564be4,fcf1f8c5
7502ac57	9deb246d,e01b12b7,9a271e83
07503140	4497a02c,9c0300b1,ed4381f2,a43458d9
07507038	39694c69
75088ac3	4cbc7373,844d3942,b363b10b,57fa5723,86b857e6,d7fc8cc5
7508ee6f	39694c69,81d1c2d1
75095eb0	52ce7370
750b9512	52ce7370
75142abb	39694c69,6e8e785e,0b4a98b9,a40de894,6164b1f4,e6f7fd60
75146a5c	1e3e50e1
7516f7cd	39694c69,a93ac93f,ede44e83,93d8e531,140d8355,41351107
7516f841	52ce7370
751cd52f	bcf6bc33
0752116b	1b5a30c0,ed6ace39
752141cb	bcf6bc33
75221534	4497a02c,f1551f13
75224810	52ce7370
7524f663	4497a02c,210fbc2b
75269d37	52ce7370
752964c9	4497a02c,9c0300b1,57d99c91,09b0af55,56ffd41e,b60a6f52,2f922a74
752aadad	39694c69
752eb840	616f0884
752f01c0	bcf6bc33,fc5542a4,cc9d7b39,f59e6083,0fc6d44a,32071e86,d9fd5454,f8e2e331,4722a3a5,eae1b26d,cdbfac40,3296b1c2,17762364,de722188,b28e01ad,5ed7d707,d666a864,12583283,08c968ae,2081284d,2d6097bd,995a2a9f,517963a6,de0447f4,d26b25a8,0313581d,6300e59e
7532e77b	214162bc,8a549996,5050b7d4,fe954795
75342cba	52ce7370
7535057c	152e9eec,7d59d9b8,6519f22c
75365f18	0df6b618,c5e5706d
75393720	39694c69,08e6c760,750e1d42
753d6216	4497a02c,53536c60
754ae2dd	52ce7370
754cd47e	a4f1a6c6,358e4e85,6ba51265
754e9c50	52ce7370
755488f8	ef10b158,05b7b233
75560f8e	52ce7370
75586587	bcf6bc33
75589064	3d40b47f
755ae763	39694c69,73b61c3b,fed63695,d96e4219,4e87f8b6
755b5b18	39694c69,53536c60,ed4381f2,a43458d9,1c93d9d3,f5216bcf,c602a40d
755b7863	4497a02c,9c0300b1,01cc0fe1,0f40a61d
755d5c64	c52ad410,695a3627
755edf3b	39694c69,bb5d03a5,bc92e98d,83eb2441
755ef1ad	4497a02c,c6f42859,0035c845
75644ccb	67de93e1,bdce31a7,ea2a184a,3adae2af,2db3f012
7569118b	544935b8,6955542f,85f5e5fa,35675d97
756a80e7	52ce7370
756af38b	39694c69
756f2c78	52ce7370
7572e056	39694c69
757fc73a	52ce7370
75825c3a	39694c69,53536c60,ed4381f2,a43458d9,1c93d9d3,f5216bcf,c602a40d,ae8834fb,91fa17ab,111e88f1,89f6f8a5,4ebd1bb2,4b8a0cef,d89abf3a,7c564be4,fcf1f8c5,472143bf,81d269f1,445ee13f,4bfb77d1,604cb8a8,4d525275,1b332a89,10fded56
75886f5f	f4027052,2c01f1d3,63e23113,15d1718e,8f744d9a,c360fb16,c0cf2ccb,0f89a09e,f6f2e7ca,1054b51c,50ffe91b,942c84cf,360668c6,45f1a93c,e8787d85,0e2f8c34
7589024b	52ce7370
758b153b	39694c69
758b4647	52ce7370
0758cb9b	52ce7370
7590c192	94393069,861ab707
7591ca5b	39694c69,85c468f3
75937f34	39694c69,53536c60,ed4381f2,a43458d9,1c93d9d3,f5216bcf,c602a40d,ae8834fb,91fa17ab,111e88f1,89f6f8a5,4ebd1bb2,4b8a0cef,d89abf3a,7c564be4,fcf1f8c5,472143bf,81d269f1,445ee13f,4bfb77d1,604cb8a8,4d525275,1b332a89,10fded56,f2564478,2fd57652,8aab7e64,65bd861b,e51224df,0b3b3b39,66359d4f,f6b0f1c0,708fd580,034d5002,09237912,50a41601,76cbe174,fc9e0f04,93be621a,5d5733ad,cd9c73df,94b05d44,9762d059
7595788c	94393069
7598bb4b	9ec627f5
75997d5c	39694c69,8dd09e0e,ac32b2e0
75a0f7fe	39694c69,a5a25b46
075ab654	4497a02c,9c0300b1,ed4381f2,a43458d9
75b1d4af	52ce7370
075b2573	1e3bbce9,b83c1deb,8ce21c36,308d6370,5eebd57b,7711b9f8,42c32798,206472c2,f8127af5,fbe39b9e,bc4331f8,facb77ef,913ca1bc,84a38b94,1f858ef4,5f2e0672,9c4f60ab,cd56e54b,6190746f,fc12c436,da474ad8,c874f379,e4e954be
75b42549	52ce7370
75bcc297	39694c69,7aaa58b2
75c62bfc	52ce7370
75c9ae31	b8d3ec3d,f5ff1be2,efe3034b
75ca83a3	39694c69,de5cbb69
75cb7a78	39694c69,707e3205,e8961e71,25211e64
75cc97c2	39694c69,c5370ed8
75cecfb0	39694c69
075cf4f5	52ce7370
75dcd29e	cf19fbfa
75dd4290	bcf6bc33
75e5dfe1	39694c69
75e8abed	b8d3ec3d,f5ff1be2,efe3034b,58684bd9,96d73212,65673b6d,e2e0a306,618efbf1,0fc4b3bd,c02f6218,f33e1d0d,12207d2c
75e8f97a	52ce7370
075ebca1	52ce7370
75eff01d	39694c69,53536c60,ed4381f2,a43458d9,1c93d9d3,f5216bcf,c602a40d,ae8834fb,91fa17ab,111e88f1,89f6f8a5,4ebd1bb2,4b8a0cef,d89abf3a,7c564be4,fcf1f8c5,472143bf,81d269f1,445ee13f,4bfb77d1,604cb8a8,4d525275,1b332a89,10fded56,f2564478,2fd57652,8aab7e64,65bd861b,e51224df,0b3b3b39
75fa06ce	39694c69,a93ac93f
75fb84da	52ce7370
7601ea0f	39694c69
7602ca6c	39694c69,f93b7ad5,96b5162f,7f880865,27cca8c2,8df62134,572fc984,af403d4d,dddbd028,4b971e6b
760419ab	52ce7370
76041f6b	a4f1a6c6,358e4e85,6ba51265,424a544a
76116752	52ce7370
761b0cca	17c741a5,76497e28,c003b2da
76203172	52ce7370
7620a3d7	85db3aa3
76270507	2bb8e01a
0762901b	52ce7370
762b6dd6	a4f1a6c6,358e4e85,6ba51265
762d61ac	52ce7370
76302d37	4497a02c,9c0300b1
76314c3a	52ce7370
763a8d02	c26ad7ec,d15ed12e,01b68fad,f6091de9,62af5e39,0632a0f7,cf944ce8,83506b09,9f1c71f2,51f21a96
763c82b3	b8d3ec3d,f5ff1be2,efe3034b
76412249	52ce7370
76454f96	39694c69,3d069aac
7647b63b	4497a02c,f1551f13
764e5217	39694c69,6de3d40e,6ab83d0a,2bb6da5a,a762bff5,42b6cb18
764f35b5	52ce7370
7651114e	bedd91a7,6d1d43cc
76547168	39694c69,53536c60
76550f9c	861ab707
765a4c3c	52ce7370
765b85ad	19df91a3,79bc1aa1,cb7b7504,d454474a,689b5772,c53f71f9,30c7c4c6,58348094,d8a9396d,aa3f9da3
765f337e	617b200b,2f5a0727,38b160af,4cc36ebd
7664f7e3	39694c69,bd46d14d,9634f848,91f14fb6
76680dd6	05b4a76d,e1e4e7a6
076682ce	74ef00bd
76691dac	ab44515a,9b6bf275,dc452136
767571e5	bcf6bc33
7677f3fb	639c7070,ef46bbd3,cb433269
76793299	52ce7370
767974c3	52ce7370
767c86eb	52ce7370
767edd8e	4497a02c
767ee38d	52ce7370
7681cdef	52ce7370
7687cbfd	52ce7370
0768cd32	52ce7370
7691b523	52ce7370
76927797	52ce7370
076976e0	948b068a,2bff179e
76980cab	52ce7370
769cb2e1	52ce7370
769f55ba	39694c69,53536c60,ed4381f2,a43458d9,1c93d9d3,f5216bcf,c602a40d
76a16b09	52ce7370
76a3fda7	39694c69,48b916ee,aee31393,a0c9c970,16f0f6db,12f401a2,e0c8d61d,f80aa320,301df8b1,3990c004,0b57020d,24ebbb34
076a7801	52ce7370
76aa7267	4497a02c,9c0300b1
76ad19a1	a8aceca4,cd64af58
76ad552b	acff7faf,cd9f326e
76adce42	b8d3ec3d,f5ff1be2,efe3034b
076ae7c7	39694c69,f93b7ad5,96b5162f,7f880865,27cca8c2,8df62134,572fc984,af403d4d,dddbd028,4b971e6b
76b108f7	39694c69,53536c60,ed4381f2,a43458d9,1c93d9d3,f5216bcf,c602a40d,ae8834fb,91fa17ab,111e88f1,89f6f8a5
76bed845	52ce7370
76c23b7a	39694c69,d028f1a9,35f35a62,de5cbb69,9716f3ea
76c7397e	a4f1a6c6,358e4e85,6ba51265,424a544a
76c7bb95	4497a02c,9c0300b1
76c9c32b	2fb8aa71,27dad7cf,4f7fd3fc
76ca7ad6	c75896f9,1b9d0959,eaeabfed,a344ef16
76cdc256	5df3aab7,c11d9118,d667bdb6,fa22400e,202c5bc3,d142a1b5
76d7d8df	7285dab7,b7333d00,b51185f2,adab5d01,927c222e,0330cb34,f6481d07,5c5cb616,bce2e22c,68d43155,89171ebe,ea7db4b3,26f5caba,a466cd70,acecaf4c,bc1305c7,b619836a,9f19049a,51e183d5,7afd30cf,302bab6b,a4494529,7d901d99,9938ce22,d3dafbf7,5eb15dc8,c301a440,46cc4846,ffc71232
76d8934e	19df91a3,79bc1aa1,cb7b7504,d454474a,689b5772,c53f71f9,30c7c4c6,58348094,248e5540
76df9efa	52ce7370
76e04a2b	52ce7370
76e06e77	861ab707
76e0fb61	52ce7370
76e19909	52ce7370
76e62a90	39694c69
76e9bd6b	131823e3,7fbc4b5d,07043f82
76f05062	d068dcd5,b0000daa,55e65aca
76f284cc	39694c69,53536c60,ed4381f2,a43458d9,1c93d9d3,f5216bcf,c602a40d,ae8834fb,91fa17ab,111e88f1,89f6f8a5,4ebd1bb2,4b8a0cef,d89abf3a,7c564be4,fcf1f8c5,472143bf,81d269f1,445ee13f,4bfb77d1,604cb8a8,4d525275
76f30e75	bcf6bc33,fc5542a4,cc9d7b39,837dda49
76f331d3	569aeac3,0c6023ee,fd8c731e
76f4d1a0	52ce7370
76f95b07	85f436ec
76fbcc80	52ce7370
770cbe52	f59e6083,5fc0aae4,f94d6bd3,e054df0e,305413bf,d2e7dd33,c4dbdb6a,c053b68f,235d226a
77129e7d	39694c69,53536c60,ed4381f2,a43458d9,1c93d9d3,f5216bcf,c602a40d,ae8834fb,91fa17ab,111e88f1,89f6f8a5,4ebd1bb2,4b8a0cef,d89abf3a,7c564be4,fcf1f8c5,472143bf,81d269f1,445ee13f
77142087	39694c69
7717b6a9	52ce7370
771b824d	156ef672
771da69e	39694c69
77236acf	636bcf35,eb2f5f63,0e80fae1,a3573900
77278d65	a4f1a6c6,358e4e85,6ba51265,424a544a
7727ae3f	4497a02c,9c0300b1,6771309d,aee4f891,a5b2c897
772a28d2	156ef672
772bad52	52ce7370
772ce333	52ce7370
77346192	52ce7370
77379df3	52ce7370
7738593a	52ce7370
77387c80	39694c69
77393736	822a17f6,080c2aa6,45e4f939,5a72d3eb
77399c11	52ce7370
7739fc81	3cdf8e3f,692193e8
773b0a16	52ce7370
773b77dd	2adab90d,b5ee0971,4015cac5,6a29a2a1,e0ddfda1,4d34759e,77aa9b1e,d08511b8,6f35c3f1,d012fcee,d8305cc7,6863eef3,a576c51e,a129f4ad,d2ad13d1,a599f130,1cf84e2b,cfcb5577,e7929c26,17edc037,1b105ab2,7e5b377c,552d49e6,501012d0,df9a832b,9ee87a8a,967a1a25,3909cf72,077621df,5fc1c82c,473a1948,a32039ca,7c61a5da,4196ffca,120bd9b2,e247afcd
773c3195	52ce7370
773db0f6	52ce7370
7744dbfb	a196580f,9c40577e
0774a591	9b42258b
77550aab	bcf6bc33
7755618d	bcf6bc33
0775654b	52ce7370
077572bc	52ce7370
775ab7e2	52ce7370
775e533c	52ce7370
775e8218	4497a02c,9c0300b1
776208bf	61477743
7763a73e	bcf6bc33,2aa439a7,212c0978,7c5aa5fb
7763ad68	39694c69,a81c0d00,a7e77f17,7517fcb2,198e9f38
7763cd40	52ce7370
77652780	39694c69,faa5deaf
77660b9c	f94e4e9f
7769a3c2	47f0e635,55e84980
776c2a5f	d8566b32
776dabd8	b766449e,1fa109e5,427aa2e0
776f6806	39694c69,f93b7ad5,96b5162f,7f880865,27cca8c2,8df62134,572fc984,af403d4d,dddbd028,4b971e6b
777428f2	126315cb
07774f9a	39694c69
777574d4	5a7f095a,f99d95ff
7777086f	e74ec4c1
777bb265	6991dbeb,8613306d
777d9bb6	4497a02c,9c0300b1
777e6ab7	52ce7370
77822d46	94393069
0778315a	2141a805,b72d2da1
778617c5	39694c69,4cc36ebd
77884f05	1e3bbce9,b83c1deb,8ce21c36,c5cfcd0b
77895b62	5db7b8ed
778ad812	397f16be
778b0763	639c7070,ef46bbd3,cb433269
778b844d	1b5a30c0
77908c14	b8d3ec3d,f5ff1be2,efe3034b
7793b002	dbdac1c3
7794f5ac	2c20de32,ac237991,87c91ece,05c9e9c8
7796353f	39694c69
779a0fdc	52ce7370
77a27bcf	75c7237e,006e0403,8a1edc68,f3d4222c,1b033bf1,9a951d22
077a63b9	52ce7370
77aca558	94393069,861ab707
77ace36d	39694c69,adb1e32d
77ba8bf5	52ce7370
77bb08b9	efa938d5
77bcfb66	52ce7370
77be94b4	a4f1a6c6,358e4e85,6ba51265,424a544a
77be9d56	52ce7370
77c6ddbb	52ce7370
077c712d	94393069,861ab707
77ce51cb	c6d6d40b
77d07feb	39694c69,53536c60
077d5daf	bcf6bc33
77dfee07	52ce7370
077e326c	52ce7370
77e4362e	bcf6bc33
77e5d4ba	c52ad410,57d7e3c7,31c81ef1
77e6bcb0	9a9d5b6e,de9ad6e8,b5d37bdc,f0efd8c0,952efb2e,9beac1d0,a01893dc,58f2354c,955d02fb
77e7123a	b0000daa,4f5c5ed8,bcb83d1b,48bd2598,269d2963,f342096b
77ecd97b	7d41a3f2
77ed56b9	52ce7370
77f01495	52ce7370
77f04c86	4497a02c,9c0300b1,aab253e4,181bd57b,7296a783,6f36988b,d74ebeed,71059794
77f19c91	b8d3ec3d,f5ff1be2,efe3034b,af1b9cca,19112645,8c94af96,e8905956,912df7a2
77f3fe60	0ec31cdf,f10f8351,f955c1bc,bc69f84a,d3a1403c,012dbe79
77f530c5	e185476a,fa2376b3,5db7b8ed,2ea5f1fa,3c8fc254,d79addb0,fd7038b0,6c3f336f,08239860,92246369
77f67446	8e594bc1
77f72f0a	16ec1a76,a8aceca4
77f7f30a	52ce7370
77fa6df4	4497a02c,9c0300b1,836932d9
77fadf21	52ce7370
77fd1453	52ce7370
78019e1f	52ce7370
78055ad6	52ce7370
7805f4ea	9b1b1576
780e6047	b8d3ec3d,f5ff1be2,efe3034b
780e8f8f	52ce7370
781082b2	b3b3f915,87c91ece
7811aa48	39694c69,53536c60
78150080	e3b0ce50,76c64d1b
7816bfc9	52ce7370
781bc6f9	639c7070,ef46bbd3,cb433269
7821229d	39694c69,53536c60,26bed42b,0091e4f9,1c93d9d3,f5216bcf
782948d0	52ce7370
782b517d	52ce7370
78323cfd	52ce7370
078326b2	fd00078f,7ca1b85d,9a83e4cc,09e7f96e,d765be01,28180025,eded65b8
78341fd0	39694c69,ba4371cc
78353ad3	e41ed145
78353e93	39694c69,53536c60,ed4381f2,a43458d9
7838e761	52ce7370
78422d23	52ce7370
7842dbea	39694c69
0784520c	4497a02c,9c0300b1,ed4381f2,a43458d9
7848349a	a9821cd0
7848c677	52ce7370
7848d949	4523cd9b,5f4f12d7,27e87bc5
784954ac	03fbf95a,0dba8468,c6fff025,1d4d8f66,dc1b01a4
784aac90	c6528e4d,c52ad410,607b4a42
7852bab1	4497a02c,9c0300b1,6d2c033c,f57f4bac
7854bdec	39694c69,7e4ea976,69e97bf8,fc1849ec,85903ab1,2a3a6aa9,a95fd9de,f776e6ea
785554cc	b8d3ec3d,f5ff1be2,efe3034b
7856e05c	7eefa621
7856e378	52ce7370
78576fb3	52ce7370
785ae573	52ce7370
785b92c2	4497a02c,9c0300b1,db62caf9
785ca78b	39694c69
7862a3fd	9bb723a2
78648a7d	39694c69,1e31872e
78650c48	52ce7370
7865fd77	4497a02c,9c0300b1,11309c2b
78664e83	52ce7370
786ac36b	52ce7370
786bee5b	1e3bbce9,b83c1deb,8ce21c36
786f0a7c	1c3cb695,82273c54,019dd106,b5b06866
7873f01a	52ce7370
787406a8	4497a02c,f1551f13
07877b99	4497a02c,9c0300b1,7cb7e944
7882ddf0	4497a02c,9c0300b1,8e7b6f79,908c1738,cd0ed9fb
78848b53	338a8208,8312d5bc,37c931a4,afdec397
7885b33f	4497a02c,9c0300b1,c5423b7f,8e7b6f79,908c1738
788660c0	39694c69
78869cfa	39694c69,53536c60,ed4381f2,a43458d9,1c93d9d3,f5216bcf,c602a40d,ae8834fb,91fa17ab,111e88f1,89f6f8a5,4ebd1bb2,4b8a0cef
78898af0	f59e6083,7e4ea976,5db7b8ed,2ea5f1fa,9f08d448
788dad6a	39694c69,53536c60,ed4381f2,a43458d9,1c93d9d3
789ed1f3	3a9c8c19,1e096d2b,6473580e,7da534ef,fd3d36aa,584136f9,31eb0f4d,31a57e5c
789eea97	39694c69
789f792c	52ce7370
789fe54c	c056f48b,a2040b82,3386a1ba,31de3904
78a6925a	d74ebeed
78a70803	f4020698
78a8d13e	c8133179,fb01619e,5ed8ebb7,19558424,e00668da,699d3b87,0f5f2c87
78acace9	52ce7370
78af141b	52ce7370
78b01642	52ce7370
78b17099	52ce7370
78b44510	12dd2445,af2ffc25,d25e7b59
78b7e433	52ce7370
78be3b29	52ce7370
78becd6d	bedd91a7,6d1d43cc,4efa80dd
78c4f625	52ce7370
078cad69	4497a02c,9c0300b1
78cc03bd	15fb736f,0309d1f3
78d02e04	21d6407e
78d2602a	39694c69,76dec5f0,ee895bc7,d43a3bc6,acdbc973,8455afbd,b3b638dc,6f6be0ae,32e958e7,643f5d31,c0352ae1,b1884b0c,62ef3f72,7023bf5c
78d5ae06	b8d3ec3d,f5ff1be2,efe3034b,3485907e,7354b2d8
78db67a1	4497a02c,9c0300b1
78ddc9b8	52ce7370
78e19215	39694c69,4cd97496,6399f1d2,de5cbb69
78e58d1d	39694c69,b280cec6,3bbe90b3
78f6de98	39694c69
78f73b7a	4497a02c,9c0300b1,c206531c
78fc5bb5	39694c69,53536c60,ed4381f2,a43458d9
790134fa	52ce7370
7901e7fd	52ce7370
7907cd25	39694c69,f93b7ad5,96b5162f,7f880865,27cca8c2,8df62134,572fc984,af403d4d,dddbd028,4b971e6b
79086719	52ce7370
7908e9eb	52ce7370
790a7b07	b8d3ec3d,f5ff1be2,efe3034b,b6cd9122
790d90c5	b8d3ec3d,f5ff1be2,efe3034b,96a6173b
00790e2c	bcf6bc33
790f5c39	39694c69,53536c60
790f9ef3	4497a02c,9c0300b1
791623ae	52ce7370
79167fcb	39694c69
79227d50	39694c69,f93b7ad5,96b5162f,7f880865,27cca8c2,8df62134,572fc984,af403d4d,dddbd028,4b971e6b
792b51a5	4497a02c,53536c60
79338cae	4497a02c,731c77fa,a4358807,38eda529,83a85807,f97356e6,1a63883b,4f33b006,ed84cb87,09ac3bce,4d879100,3873de83,c1aed5c5,64e3882e
79344e71	7e2131e0,9bdafbf9,2bc58fe5,b9ebc380,1c582ff9
7934a1c1	a4f1a6c6,358e4e85,6ba51265
793c80bf	b8d3ec3d,f5ff1be2,efe3034b
0793f151	6282b804,483259fc,74077bc9
794a8553	a4f1a6c6,358e4e85,a23a4c9d
795006a8	a4f1a6c6,358e4e85,6ba51265
795297e9	915cf946
795980f3	52ce7370
795eb7f0	52ce7370
795ffc97	26a3bcbc,a59ed03c,320a857b,cd6b886d,b4dc7ef5,ee9f1779,1f8a5abd,2f5276b5,dfb16c6b
7964505b	39694c69,53536c60,ed4381f2,a43458d9,1c93d9d3,f5216bcf,c602a40d,ae8834fb,91fa17ab,111e88f1,89f6f8a5,4ebd1bb2,4b8a0cef,d89abf3a,7c564be4,fcf1f8c5,472143bf,81d269f1,445ee13f,4bfb77d1,604cb8a8,4d525275,1b332a89
79658ea7	94393069,861ab707
796bad65	f10b6890,64cefc5c
796d0234	52ce7370
797160b4	52ce7370
79788db4	4497a02c,9c0300b1
7978f828	52ce7370
7979105c	39694c69,53536c60,ed4381f2
79792b09	3f8d4742,1a20057c,9856e3b6,f11272a2,68cd8998,025fad78
7981c124	8e7b6f79,908c1738
7986ce3b	b280aab0,6da205f8,bae6d271,951d7646,1b5d3476,33d0ab66,fdcb04f1,51764901
7989691c	94393069,861ab707
0798b4da	5db7b8ed
798cd50b	a9268c52,b43ddb43,fc958e6a,058c38ff
798e7459	9deb246d,955d3f51
79927b57	5fc0aae4,c5259813,42a67ac9,db85f51c,14fe4cdc,fa0e053b,2584aa83,f3e4faf1,eae7b738,70e6a199,2d78be2d,d4268a6c,e8829573
799475f3	54dbcc01
7998a429	4497a02c,f1551f13
799bd103	1f22d997
799d1704	52ce7370
799f4a37	4497a02c,9c0300b1
79a43f98	52ce7370
79a8eadf	bcf6bc33
079acd30	52ce7370
79b028ca	acde460f,cdf123f2,2276614c
79b04176	39694c69
079b3765	52ce7370
79b3b8bb	4497a02c,9c0300b1,6d2c033c,814cb140,1feafdc7,ca4bed22
79b50ec4	4497a02c,9c0300b1
79b6e94b	4497a02c,9c0300b1
79b85d23	3a67b204,35ce2c91,f83586d3,f78a69eb
79b94faf	bcf6bc33
79bc2df4	94393069,861ab707
79bf154b	52ce7370
079bfb6d	efa938d5
079c1946	52ce7370
79c2a67f	52ce7370
79c2cfd0	8f3900e4,fd76dda4
79c43aa1	4497a02c,53536c60
79c9a70a	52ce7370
79ca8074	39694c69,53536c60,ed4381f2,a43458d9,1c93d9d3,f5216bcf,c602a40d,ae8834fb,91fa17ab,111e88f1,89f6f8a5,4ebd1bb2,4b8a0cef,d89abf3a,7c564be4,fcf1f8c5,472143bf,81d269f1,445ee13f,4bfb77d1,604cb8a8,4d525275,1b332a89,10fded56
79d114cd	b6626cb8,424a544a
79d32933	4497a02c,9c0300b1
79d60cf4	4497a02c,9c0300b1
79dd80c8	4497a02c,f1551f13
79dfd87e	52ce7370
79e1de5e	4497a02c,9c0300b1,ed4381f2,7e26dcff,183fe253,eef0425d,c602a40d,ae8834fb,aaf818ea
79e3bab1	4497a02c,9c0300b1,1487fca1,4e4d2e8b,26b67a46,3b4d88d2,4e5bbc9a,c4b71ac2,08741a28,908c1738
79e69a39	39694c69,07d56c2b,7d3255f7,04860eb3,628b9176,75c5ce42,169a0f87,f289a36d,ca23e67f
79e6e9e1	52ce7370
79e7b7e4	b8d3ec3d,f5ff1be2,efe3034b,8a6e69b0
79ed4cb7	52ce7370
79f14db3	4497a02c,9c0300b1,1e3e50e1
7a04792c	bcf6bc33
7a05e507	39694c69,d028f1a9,de5cbb69
7a06b81f	b386fe30
7a08562a	39694c69,53536c60,ed4381f2,a43458d9
7a121ed0	c52ad410,708ab27f,f4f8ad00
7a124aa9	39694c69,1b021a02,373a88ce
7a131d17	fc1f63cc,955d3f51
7a17a0d3	5ba03449
7a19d364	52ce7370
7a1ab109	39694c69,b2492e29,017f2a6a
7a1c0b46	74077bc9,9e47592c,861ab707
7a24bdf3	695a3627
7a253c9a	c29bd9f0,8e7b6f79,908c1738
07a26aa6	d918c1e8,6d148467
7a27bd68	bcf6bc33
07a282c9	c311c08f,f3e507f7
7a3002e5	c311c08f,46638f10
7a31fed1	24f98c12
7a3278f5	1e3bbce9,b83c1deb,8ce21c36,861464b1,7134d75b,51ecb80f,fa250f10,92a3ab48,b42018bc,22e69efd,d761d160,555ee8e0
7a35f49a	bcf6bc33
7a3b50c7	294a98db
7a3d650c	52ce7370
7a3fc686	52ce7370
7a40a4af	c9f0d648,68ebef98
7a47e18c	52ce7370
7a4e850e	4497a02c,53536c60,ede44e83
7a5155d4	4497a02c,e4c0f55c,cd397f67
7a579408	bedd91a7,6d1d43cc
7a5bee5f	efa938d5
7a60afb9	39694c69,980825e0,d57e289f,cd1ae42a,11a437d6,c715203f,d6fc8c4e,e6ca9f47,2198cd72,76d24228,60c7e7ac,b4799348,d828594b,411b022f
7a63a28a	52ce7370
7a651486	4497a02c,9c0300b1
7a6721d7	de5cbb69
7a68bc6b	39694c69,53536c60
7a7526ad	52ce7370
7a78c8ae	4497a02c,9c0300b1
7a78d059	f447fe90,c7577a11,de118265
7a7a5d11	52ce7370
07a7a995	52ce7370
7a7b11d5	52ce7370
7a80d564	39694c69,f93b7ad5,96b5162f,7f880865,27cca8c2,8df62134,572fc984,af403d4d,dddbd028,4b971e6b
7a856f50	39694c69,d910723e
7a886b9b	cfb12740
7a88ba82	52ce7370
7a891264	4497a02c,9c0300b1,ba49553f
7a894203	4497a02c,9c0300b1,ed4381f2
7a89dbfb	52ce7370
7a8a88d3	09d027b1,3088f659
7a8dff3d	ac26dac5,53536c60,ed4381f2
7a95af73	52ce7370
7a998531	b8d3ec3d,f5ff1be2,efe3034b,012dbe79
7a9a2e38	52ce7370
7a9b852a	d74ebeed,d1d5647b,5379aa20,71059794
7a9bf29f	94393069,0739342d,d64d45e9
7a9ea9cb	0e83207d
7a9f963e	52ce7370
7a9fe0b5	39694c69
7aab4b89	a4f1a6c6,358e4e85,6ba51265,424a544a
7aacdd0a	882974db,93f73eb0
7ab1a806	39694c69,f93b7ad5,96b5162f,7f880865,27cca8c2,8df62134,572fc984,af403d4d,dddbd028,4b971e6b
07ab541a	4497a02c,53536c60
7ab5a259	54dbcc01
7abd74bc	52ce7370
7abf7feb	72e1d238,26dc17ff,173a9483
7ac0028e	4497a02c,9c0300b1,3d2965fe,fefda14e,b98218f3
7ac0c70a	b1eb4e6b
7ac0fc84	7eefa621
7ac56c0a	39694c69,53536c60,faf09879,9fcdf2d6,0f357317,f572a733
7acc3789	837dda49,d3344d41
7acddf6e	dd0f2bdd
7ad5e7ad	660cde4b
7ad77f62	4497a02c,9c0300b1,ed4381f2,a43458d9
7adeaa88	52ce7370
7adfd725	52ce7370
7adfe81c	03952400
07ae0418	52ce7370
7ae062c2	6928d9ef
7ae132eb	4497a02c
7ae5b848	2f7d25a7
7ae8d4ef	52ce7370
7aeeff65	bcf6bc33
7af3b809	39694c69,53536c60
7af86970	cc81a1a0
7af9af69	39694c69,dd72368a,9d731a6d,d5923b6f,acf14425,fd0596b8,5d56876e,d1aeeda2,86a0af63
7afc3de2	7a9a65d2,3ae170bd
7b03f3c0	6027a46a,26c86349
7b0d3fef	4497a02c,9c0300b1,9f81e607
7b0fcce2	39694c69
7b0ff324	397f16be
7b1580e8	b43ddb43,f2b8fe94
7b187729	9d023671,d3a6b11e
7b1bd93c	bcf6bc33
7b1c19cb	ed9bfc62,e1d5ad61,d9d54104,f13e94a5,e4a933a8,16f1e349
07b211af	a4f1a6c6,358e4e85,6ba51265,424a544a
07b22863	52ce7370
7b28bc0b	09bb2d98,c52ad410,72c7a3f8,f9631b6f,7949698e,70181887,0888dbc4
7b29458e	4497a02c
07b29512	156ef672
7b299876	4497a02c,9c0300b1
7b2c77b9	52ce7370
7b309656	4497a02c,9c0300b1
7b309f04	ef10b158,83c95008,7accee23,48bdd17f
7b330786	4497a02c,53536c60
07b35c24	4497a02c,53536c60
7b364ae6	39694c69,de5cbb69,d5c034a6,c8cfb0fd
7b37cd89	6966f037,d16f2be2
7b380fd1	52ce7370
7b3e5c4f	bcf6bc33
7b41b2c7	39694c69
7b420f1a	4497a02c,9c0300b1,2f1e55ef
7b43bc2b	52ce7370
7b45ad82	39694c69,d918c1e8,7d86bf09,1eedfc8e,c0e7db2b,c220a472,9fc82936,571538ad
7b489d9c	52ce7370
7b4b00d8	b8d3ec3d,f5ff1be2,efe3034b,8165cab4
7b4ce750	2113ce38,0d75535b,37313dad,212e835f,4269bb4a,efa938d5
7b4ef9e2	861ab707
7b4f42f4	52ce7370
7b630a1f	52ce7370
7b63a8e1	52ce7370
7b63ae15	a4f1a6c6,358e4e85,6ba51265,424a544a
7b6827ea	52ce7370
7b6b39c8	152e9eec,7d59d9b8,6519f22c,ab78b87d,39572fa0,9449ec6c
7b6bdb29	39694c69,53536c60,ed4381f2
7b74e68e	39694c69,53536c60,ed4381f2,a43458d9,1c93d9d3,f5216bcf,c602a40d,ae8834fb
7b7f47e4	52ce7370
7b8037fc	52ce7370
7b81bb25	04ff2ccb,c342a5ce,269ede92,5866e163,ab6bd6b6,685773a4
7b824d9a	156ef672
7b8879e5	4497a02c,664ddc1a
7b8b49b5	4497a02c,9c0300b1
7b94ef0a	1b5a30c0,688fbadb,0460c403
7b998610	52ce7370
7b9e3bb4	52ce7370
7ba4d0ab	08f4e560,051a5203
7ba61b6c	8c9d8695,5a685f7a,c96157a7
07ba84e6	52ce7370
7ba86740	fe5b54bc,21ed0f78,f3ed6998
7ba87239	39694c69
7bad86d0	b4490cd7,7f4422ac,d87ff9d1
7baeb9a4	39694c69,66e14441
7bb054b4	b8d3ec3d,f5ff1be2,efe3034b,353208d5
07bb1119	52ce7370
7bb30963	94393069,861ab707
7bb37a72	52ce7370
7bb6cdd4	86eae269,7f5677c3,003661f2
7bb873d9	39694c69
7bbdafe6	eb24defa,ccb89b30
7bbf1333	52ce7370
7bc31f5c	52ce7370
07bc35d5	52ce7370
7bc5f43f	a4f1a6c6,358e4e85,6ba51265,424a544a
7bc93fbf	299abe20
7bd0628a	154e5d1c,74077bc9
7bd6f9b6	52ce7370
7bd8ef1c	a4f1a6c6,358e4e85,6ba51265
7bdc61a6	bedd91a7,6d1d43cc
7be3efd0	c93f1faf,6351fc5f,ce8b714f,282fd692,e381b460
7be5b16e	39694c69,5073cad2
7be81e6c	c52ad410,567a56b2,1b90b4b1,c079a67f,033cc7f1,304cfb1a,25fa584d,1b23c80c,c19fa37a,c3f6377a,3d036140,3347560a,f9bb64ec,a9b9f7e1,f91177e8,fd9a9bce,7e10bffb,662daeec,abb0a040,4360ae17,e9854784,d4ce9787,16fc9dee,6394b053,61c99548,2aaefb4d
7bebee6f	1106b04c
7beca8ca	4497a02c,f1551f13
7bee3522	39694c69,e52c962a,aaafe963
7bef41a1	39694c69,53536c60,ed4381f2,a43458d9,1c93d9d3,f5216bcf,c602a40d,ae8834fb,91fa17ab,111e88f1,89f6f8a5,4ebd1bb2,4b8a0cef,d89abf3a,7c564be4,fcf1f8c5,472143bf,81d269f1,445ee13f,4bfb77d1,604cb8a8,4d525275,1b332a89
7beffd58	7821783a,f447ee1b,fa9194f5,cdee3a81,6d766270,11f8c65e,8b0a1fa6,78a4bc7b
07bf1c1e	0666609a
7bf388a1	52ce7370
07bf5269	52ce7370
7bf59e3b	39694c69,8d909566
7bf85de9	52ce7370
7c0163c3	52ce7370
07c01ffb	1054b51c,17a09aa8,63e23113
7c0c2e30	39694c69
7c106d43	4497a02c,9c0300b1,1d476425
7c1147ce	52ce7370
07c135c8	2b33bf00
7c14b77d	52ce7370
7c16f9e2	4497a02c,53536c60
7c1c94c7	fb8daadd,28d15aec,018a6646,c5617d1a,87882197
7c1f5265	4497a02c,9c0300b1,ed4381f2,a43458d9
7c228b92	52ce7370
7c26f19d	48f3c59b
07c2a801	52ce7370
7c2fbfd1	52ce7370
7c2fc091	70a685e1,738db2d3,9345bd64,8ed8e91d,080615de,6a2934bd,494756b4
7c3216c1	4497a02c,9c0300b1,e981c47a,dcc919db,bf23815a,933685c9,f3e507f7
7c3276e8	4497a02c,f1551f13
7c33b59d	aba072ae
07c36480	39694c69,3485907e
7c372e54	8ba7f8a5
7c3daf0c	51638447
7c47f083	52ce7370
7c483735	52ce7370
7c4f8b6b	52ce7370
7c57fcd6	bcf6bc33
7c58fc32	39694c69
7c596ee5	1b5a30c0,688fbadb
7c5af4aa	9b08a915
7c5eeb2f	c52ad410,fb629045,69dfb8ce,9bdeb816,46747927,bb1385a4,f28dae3e,bd0ae48d,622e64d2,fa780c10,9d52a066,096e3c87,96060714,20a21f36,736dc35d,b24a475a,8acda39c,e7209a65,673faebb,732baa56,1a2c86d0,f5d3bc9d,2081284d,1f6a5317
7c6331fa	1fcd2211,6a350019,ca716397,8e5d54b5,cb8828b6,f50154ff
7c660e67	52ce7370
7c6a1f71	52ce7370
7c717018	39694c69,53536c60,ed4381f2,a43458d9,1c93d9d3,f5216bcf,c602a40d,ae8834fb,91fa17ab,111e88f1,89f6f8a5,4ebd1bb2,4b8a0cef,8c273fe4,9a7d7e84,3c391366,abf8c52a
7c74224d	52ce7370
7c774707	b7869525
7c77c171	729e3f65
7c7850ba	4497a02c,9c0300b1
7c78b187	52ce7370
7c7af6d0	4497a02c,9c0300b1,7ca59ddb,84a24164
7c7b6bf7	52ce7370
7c7b923f	54dbcc01
7c7db5ac	52ce7370
7c800dd4	639c7070,ef46bbd3,cb433269
7c898669	1e3bbce9,b83c1deb,8ce21c36,014a1ec2,0c65a322,e65febe9,bc068c70
7c8c7987	1b5a30c0,a9442ac7
7c92bc09	4497a02c,9c0300b1,ed4381f2,a43458d9,765dd011,eef0425d,c602a40d,ae8834fb,e400f540,060e1775,43f03572,3f78713e,d61f3136
7c95152e	5fc0aae4,4ec4390e,7452b382,2b815ed7,f316e1a2
7c996d1d	94393069,861ab707
7c9b0f52	137cbeb3,065d998b,5c83387c,f7e6d80c,0dba5d1e,d6f810b2,42719127,d04366d9,9a22bdb2,a8aceca4
7ca4c5ad	52ce7370
07ca4e76	4497a02c,9c0300b1
7caf9ac0	52ce7370
07cbf541	52ce7370
7cc1dd63	4497a02c,9c0300b1,ed4381f2
7cc2db6b	b8d3ec3d,f5ff1be2,efe3034b,8165cab4
7cc3bd39	1e3bbce9,b83c1deb,8ce21c36,2b498348
07cc6727	52ce7370
7cc84641	4497a02c,f1551f13
7cc8f84c	1e3bbce9,b83c1deb,8ce21c36,87913375
7ccf21fd	94393069,861ab707
7cd25222	a8aceca4,3077b357,a599f130,6ddc8450,77dc7d5a,3366f5d4,3a02d974,45663f91
7cd62fec	0d52b105,d11ba606
7cdc235a	52ce7370
7cdd9144	ec444166,07cb0fb3,c8cf01ea
7cdf46a8	0e80fae1
7ce071cf	3f19cae6,36765160
7ce48502	39694c69,53536c60,ed4381f2,a43458d9
7ce70692	68b504fc,7f4422ac,d87ff9d1
7ce7960b	52ce7370
7ce7e4d1	b8d3ec3d,f5ff1be2,efe3034b,64f7d9d1,9eaec247,f478b7d1,962874f6
07ced75f	bcf6bc33
7cf07bfb	483259fc,dbc62715,74077bc9
7cf2eb21	52ce7370
7cf3b34b	39694c69,53536c60,ed4381f2,a43458d9,1c93d9d3,f5216bcf,c602a40d,ae8834fb
7cf63fcd	52ce7370
07cf749b	52ce7370
7d128c9a	4497a02c,9c0300b1,ed4381f2
07d16510	4497a02c,9c0300b1
7d16d589	4497a02c,9c0300b1,ed4381f2,a43458d9
7d190056	d617557b,9f90b58d,1f0eecc0
7d1ce3be	4497a02c,9c0300b1
7d23835a	bcf6bc33
7d265cbf	071ae3f1
7d2847e8	39694c69,520b9102
7d28a4e3	9a9d5b6e,cb29245e
7d2a5c6a	39694c69,53536c60,ed4381f2,a43458d9,1c93d9d3,f5216bcf,c602a40d,ae8834fb,91fa17ab,111e88f1,89f6f8a5,4ebd1bb2,4b8a0cef,d89abf3a,7c564be4,fcf1f8c5,472143bf,81d269f1,445ee13f
7d2c0c9b	9deb246d,4a39cc11
7d2c78aa	39694c69,53536c60,ed4381f2,a43458d9,1c93d9d3
7d2d5d94	ac26dac5
7d3626d0	b8d3ec3d,f5ff1be2,efe3034b
7d3f38b0	a4f1a6c6,358e4e85,6ba51265,424a544a
7d449cc6	1cd82144,52ae95e7,3754bd76,a9e9d828,ed4a210f,df2fc85e,8fbfaa76,4596bc89,81ac7b44,75b1d1db,138925ed,98be7b21
07d485bf	39694c69
7d4d40e5	39694c69,a81c0d00,a7e77f17,7517fcb2,198e9f38
7d4f9cbb	9a9d5b6e
7d51db8a	b8d3ec3d,f5ff1be2,efe3034b,c186c0b2
7d532c3a	531447ab,7ccf84d1,f2b681a3,2ed94686,1b082ced,9d928241,d38c2834
7d55bc21	7d7cb22e
7d56d0b1	39694c69
7d58f9eb	bcf6bc33
7d59c423	52ce7370
7d59fb62	4497a02c,9c0300b1,8a88235a
7d5a3667	bedd91a7,6d1d43cc
7d616acc	39694c69,53536c60,ed4381f2,a43458d9,1c93d9d3,f5216bcf,c602a40d,ae8834fb,91fa17ab,111e88f1,89f6f8a5,4ebd1bb2,4b8a0cef,d89abf3a,7c564be4,fcf1f8c5,472143bf,81d269f1,445ee13f,4bfb77d1,604cb8a8,4d525275,1b332a89,10fded56,f2564478,2fd57652,8aab7e64,65bd861b,e51224df,0b3b3b39,66359d4f,f6b0f1c0,708fd580,034d5002,09237912,50a41601,76cbe174,fc9e0f04,93be621a,5d5733ad,cd9c73df,94b05d44,9762d059,405d4257,950270d7,702e331c,70823eaa,daf56fb3,060f8f36,bb1a29f4,56638432,2b438d00,2bd5f7fe,95ee8dfe,d02acf3d,4b14a013,52d6f1b8,b4c59a3a,9c2397c2,6049d326
7d6269b2	09b39d11,3f0acecb
7d69912a	52ce7370
7d6a47a8	52ce7370
7d6af489	9a9d5b6e,de9ad6e8,7aaa58b2,bef418b5,6e9a3367,76de3380,3e694fea,0aa56655,69f2efe0,c49b5062,0ce79f9f,0a29f572,2735b946,c50b38cf,907065b6,27d4f010,e5c14738,a4dfe57d,3575927e,d0aa3ca2,eadee9e3,157905ff,877d6611,da554126,a5dfad6d,291e6e48,288bb032,e06b4715,fd03ec20,85cc444c,6b9db469,c08c8357,ba2949f2,49b91b9d,7453f039,6b80d765,7f503d07,05e72f56,45259e00,7ddf4113,c0081229,13bd4acc,d8f16682,3660d279,b5b862bf,35a00930,c75b957a,0f8e8d8a,0de0907d,d03b7c6c,96b20341,5c4274ea,8dd4ba4e,ace65cfe,a615f906,c0d0a918,a3860878,5bd682ce
7d6c4234	52ce7370
07d75edc	b1eb4e6b
7d768821	4497a02c,9c0300b1,409318c7,c57dd880
7d78d43d	6e2efb83,bb119819,f720bac0,22a48f86,b71e58c8
7d792bd3	80de140e,a94d4ba1,0964e27a,6f6c383a,66c656d1,d12cba86,d07a260a,435d8bae,8397260b,4d9fe1eb,c07b535d,b4a8df53,600186f3,4e7a07c8,f5fa1d52,a28f6de7,4c1d606d
7d79d452	4497a02c,9c0300b1
7d7d403a	acde460f,12f102ad
7d8072ce	52ce7370
7d8db82f	4497a02c,9c0300b1,b35ed374,5a59d692
7d93eed5	bedd91a7,4efa80dd
7d960e0d	39694c69
7d97e378	4497a02c,9c0300b1
07d99357	52ce7370
7d9c438b	52ce7370
7da0ac14	52ce7370
7da2c9cb	9d77b26e,9bc4eee3
7da6ad8d	4497a02c,9c0300b1,fefda14e
7db2c65a	61642db6,86271f0d,2dd63ef0
7dbba489	39694c69,53536c60
7dbcf3c8	52ce7370
7dbcfa8b	94393069,861ab707
7dc10ee6	4497a02c,9c0300b1,ed4381f2,a43458d9
7dc35310	af5d8d74,364ed185,3583ef2c,faefbba2,f309da46,f72add22
7dc51ba9	39694c69,f93b7ad5,96b5162f,7f880865,27cca8c2,8df62134,572fc984,af403d4d,dddbd028,4b971e6b
7dca7c5d	39694c69,53536c60,ed4381f2,56efa9d8
7ddbb82e	52ce7370
7ddccc77	1e3bbce9,b83c1deb,8ce21c36
7dddb8f8	39694c69
7de086f6	52ce7370
7de3b2bf	2c56f288,e3884fe6,51d33a98,e4f4f9b0
7de3e9f9	688db4c3,50b16e71,662107b4,b62b3183,397c9e5f,b27cd8e2
7de6897c	639c7070,ef46bbd3,cb433269,e44b523c,91ee48bb
07deb1b4	4497a02c,53536c60
7deb8a2a	39694c69,69c14c39
7dec22ef	c52ad410,57d7e3c7
7df36a75	39694c69,ea480b6c,730e5bd6,baac5ead
7df4880b	39694c69,53536c60,ed4381f2,a43458d9,1c93d9d3,f5216bcf,c602a40d,ae8834fb,91fa17ab,111e88f1,89f6f8a5,4ebd1bb2,4b8a0cef,d89abf3a,7c564be4,fcf1f8c5,472143bf
7df51c97	52ce7370
7df556cf	52ce7370
7df6417b	a4f1a6c6,358e4e85,6ba51265,424a544a
7df77c53	4154fc8d
7dffdcf0	39694c69
07e01cff	52ce7370
7e0dc563	bcf6bc33
7e1ee4ce	948b068a,2bff179e
7e256d91	4497a02c,9c0300b1
7e2d7b4c	4497a02c,9c0300b1
7e317cba	c26ad7ec,d15ed12e,01b68fad,f6091de9,62af5e39,0632a0f7,cf944ce8,83506b09,57f657f2,86dda63f,c7dc6f8d,fdbc3587,09066a30
7e3436df	39694c69,53536c60
7e3e8f1e	db7700a0,8bf9b290,b63b087f
7e3f20ba	39694c69
7e4263c1	39694c69
7e43f1b5	39694c69,bd46d14d,356e4a9e,3485907e
7e44405e	52ce7370
7e46064d	39694c69,53536c60,ed4381f2,a43458d9,1c93d9d3,f5216bcf,c602a40d,ae8834fb,91fa17ab
7e4705ba	4497a02c,9c0300b1,80f94823,3ba44309
7e4715e4	60f92167
7e48a44f	78d97f09
7e495438	ef10b158,a4ec0c1c,ae37ed8e
7e595dc3	39694c69,53536c60
7e5a017e	52ce7370
7e5b9755	a4f1a6c6,358e4e85,6ba51265,424a544a
7e611530	e73d1fde
7e626573	0212e46b
07e6293f	39694c69,53536c60,ed4381f2,671084eb
7e6e8770	52ce7370
7e76032a	39694c69
07e77a28	52ce7370
7e780628	bedd91a7,6d1d43cc,4efa80dd
7e7fc31d	52ce7370
7e82be3e	5fc0aae4,f079c742,7452b382,8b50786c,468f58e7,640f27b0,3a79eead,7d75c4b7,4209fff0,7cfc913b,2714b94e,6f9ab57f,d7d006c2,18d70cb9,9f2cb6a2,1ea61b00,7b8e9946,f33af692,44166bf7,cf530a2a,d52d4f3c,6b118cb5
7e82da61	4497a02c,9c0300b1
7e859223	2adab90d,f0f5a899
7e88dbbf	52ce7370
7e896994	b8d3ec3d,f5ff1be2,efe3034b
7e8bdf13	6e78d7ac,924b9e40,ada4d71b
7e8d3c1a	52ce7370
7e92acb4	39694c69,67104c09
7e96edfe	4497a02c,9c0300b1
7e978ebb	f539b24c,f5aff90b
7e97a012	8d909566,06a5507f,bfcc6943
7ea35eef	09bb2d98,c11c1624,2184278c,65fdd711
07ea8647	bcf6bc33
7eaa5c01	95bbbf7e,466d7535
7ead53dd	1b5a30c0,5fc0aae4
7eb0a66f	b6626cb8,424a544a
7eb0e015	24d6f859,81e1a9e2,f9f1c451
07eb0e3b	52ce7370
7eb3b151	acde460f,e52c962a,71cbaf18
7eb80643	52ce7370
7eb82157	c52ad410,f6c70772,41124e82,0f3dff48
7ebb515b	f66af6a2,8669358f
7ebe2690	52ce7370
7eceb3bc	52ce7370
7ed7938f	4497a02c,9c0300b1
7ee70329	7d1678c2
7ee7d1c9	9b51cdd8,dfc9c0ef
7eedb8d5	4497a02c,9c0300b1
7ef2555c	1e3e50e1
7ef4458e	e4a694bc
7ef76752	39694c69,53536c60,ed4381f2
7ef87a53	52ce7370
7ef8fb33	aba072ae
7ef9952a	b8d3ec3d,f5ff1be2,efe3034b,96a6173b
7ef99926	861ab707
7efdf1de	52ce7370
7f020b45	52ce7370
7f03805d	b8d3ec3d,f5ff1be2,efe3034b
7f052316	52ce7370
07f06e24	bb3c3ff2,7c25edfe,8a317c8b,a9f41926
7f0777a6	52ce7370
7f094c71	52ce7370
7f0d097e	52ce7370
7f0ec132	861ab707
7f0eddc7	a4f1a6c6,358e4e85,6ba51265,424a544a
7f0f7290	898ead71,9f25fd7c,8cf841ef,543e7c70
7f126ac5	bf2c0aa0,c05ad72c,c9ccac14,88bc7241,fe14b585,065becb7,e7dc1d38,2f7da299,f67933c8,3557aa13,cac5c423,1a3f558e,5cfa078e,8181032d,a5ae85e3,90269927,d8a577d0,373fb535,52d1437a,bef5d6b5,fa970050,af146ec4
7f1310ee	c3bb6d50
7f1dcec6	156ef672
7f212fba	52ce7370
7f22eb75	c311c08f,0309d1f3
7f25913e	1ea4a1f6,160d8e66,c6705886,3c916e0a
7f25990a	52ce7370
7f25a9e0	fc15b0cd,4d42cb85,2b0c7776,72fe1c61,773b245f,01f531c7,27b09b20,4212d02e,003fb623,c11ef9eb,50c1d46b,d1b5ded6
7f27d50d	4497a02c,9c0300b1,74077bc9
07f29978	39694c69,f93b7ad5,96b5162f,7f880865,27cca8c2,8df62134,572fc984,af403d4d,dddbd028,4b971e6b
7f2aaa78	690d0ac6,945d0562
7f2cdb5e	39694c69
7f39fbcf	39694c69,53536c60,ed4381f2,a43458d9,1c93d9d3,f5216bcf,c602a40d
7f3e98ab	a4f1a6c6,358e4e85,6ba51265,424a544a
7f41a51d	39694c69,5e2c91b5
7f43976f	a4f1a6c6,358e4e85,6ba51265,424a544a
7f5031cf	7dfd1195
7f51528b	4497a02c,9c0300b1,6d2c033c,f57f4bac
7f52561c	4497a02c,9c0300b1,ed4381f2,a43458d9
7f52ca54	52ce7370
7f549bd7	c311c08f
7f58bc57	52ce7370
7f5afd22	4497a02c,9c0300b1,ed4381f2
07f5b64a	52ce7370
7f5dcf82	52ce7370
7f5e57ef	39694c69,633e7e32
7f5fa432	e2a28f71,ff3309af,4facc23e,472fd8e0,2cd35285,da78efeb,acecaf4c,b619836a,9f19049a,eabf9fb7,8590893d
7f5fd39c	74077bc9,4a5227d5,a9feb25a,2df352fe,1abfb05d,855bd593,9af16c13,83a900ab
7f604abc	bcf6bc33
7f62a4d7	52ce7370
07f6852b	4497a02c,63c8b0ba,9b11314c
7f699f57	a4f1a6c6,358e4e85,6ba51265,424a544a
7f6fcf0e	39694c69
7f71a3c0	d918c1e8,a8bda540,0858fb8d
7f71c7e5	25211e64,81087d73
7f77625c	52ce7370
7f790d37	52ce7370
7f84585a	52ce7370
7f85e66c	39694c69
7f876079	82a31345,09e7f96e
7f8c827f	39694c69,998a4e6c,c831702d,eb5e354b,06c802b4,175a570e,38ee4286,01ac12d0,eaa29a73,a6631afe,eb219301,93f67dfe,93f8c5a0,782a51c6
7f908201	52ce7370
7f95104b	4497a02c,f1551f13
07fa2c85	52ce7370
7fa2ca86	bcf6bc33
7fa510d5	4154fc8d
7fa7b384	39694c69,c61032da,17f6ec73,d848d0af,ef6df0d1,9fc82936,5b8d7fb4,2703ffa1,a2845907,daadd0dd,cd3e6927,a6cf06ba,9586be39,6347ebd6,4a5fca7d,c87d7b8f
7fa85ec0	39694c69,f93b7ad5,96b5162f,7f880865,27cca8c2,8df62134,572fc984,af403d4d,dddbd028,4b971e6b
7fb25ca6	39694c69,67bd9b96
7fbfc506	52ce7370
7fc77f56	52ce7370
7fc8ed21	012dbe79,695a3627
7fcddbc1	a4f1a6c6,358e4e85,6ba51265
7fd11117	94393069,861ab707
7fe90019	52ce7370
7fee723b	3296fc12,5e580707,d4e0dd4d,92202a7e,688c3481,03fcd3a3
7ffb083a	8f325953,f723aa1b,3c66d266
7ffb28a0	c52ad410,31c81ef1,c8472a35,af987223,c3c175ca
7ffbb900	a4f1a6c6,358e4e85,6ba51265
7ffda9e9	a4f1a6c6,358e4e85,6ba51265
8005116f	0d52b105,d11ba606
8005fafb	4497a02c,9c0300b1
800a8f9e	77f88aa3
800da2ee	52ce7370
800ea4d6	52ce7370
80155879	5fc0aae4,c5259813,42a67ac9,db85f51c,1c667270,a47f0814
080167d9	52ce7370
8017fe48	4497a02c,53536c60
8018671b	adcb8e35
801d7cdd	54dbcc01,688fbadb
801f9219	ef10b158,012dbe79,fffdf10d
802559fa	52ce7370
8026f547	a4f1a6c6,358e4e85,6ba51265,424a544a
8028a542	2113ce38,0d75535b,37313dad,212e835f,efa938d5
8028dcec	ede44e83
80294c60	d068dcd5,1b5a30c0,28bb1203,d45552b4,fb7031e0
802c01da	639c7070,ef46bbd3,cb433269,28bedae4
8030e68b	b8d3ec3d,f5ff1be2,efe3034b,0128fb17
80318688	39694c69,53536c60,ed4381f2,a43458d9,1c93d9d3,f5216bcf,c602a40d,ae8834fb,91fa17ab,111e88f1,89f6f8a5,4ebd1bb2,4b8a0cef,d89abf3a,7c564be4,fcf1f8c5,472143bf,81d269f1,445ee13f,4bfb77d1,604cb8a8,4d525275,1b332a89,10fded56,f2564478,2fd57652,8aab7e64,65bd861b,e51224df,0b3b3b39,66359d4f,f6b0f1c0,708fd580,034d5002,09237912,50a41601,76cbe174,fc9e0f04,93be621a,5d5733ad,cd9c73df,94b05d44,9762d059,405d4257,950270d7,702e331c,70823eaa,daf56fb3,060f8f36,bb1a29f4,56638432,2b438d00,2bd5f7fe,95ee8dfe,d02acf3d,4b14a013,52d6f1b8,b4c59a3a,9c2397c2,6049d326,0aee9e47,5917cecc,6ee3cd6f,a3f29c27,a19c769f,e1759237,26d875d0,a6f8571a,537df9d7,c200c181,3c1b2601,184e2362,b58c4b95,906164f9,b6394a5d,364ef38a,bfbc3131,9a3d6880,2df3b4fa,acb06c15,9068b149,8f7cac60,b56d9714,862f6f6f,3c733797,8a7aa776,93df5feb,98adf974,6449cdda,d7ccd848,5c662a54,726c2c55,3d034923,4f2692d2,26f469a5,76309fab,81acff2d,dfdfb862,e4a0a063,b94bf80f,b3d640f1,923fff04,5a13cec6,4c99bf36,a8ba8984,013c3efa,4f5d2801,468df202,5ee16a49,7a269d91,951e2b43,32b2970e,ddffe738,1ded4f5e,7855c475,5b3e7333,f6194067,9ead75f1,050ba956,4aee3322,522eee1c,f7bff4f4,2c26e48b,2b55ab18,dd9df0df,73327df2,2e75793e,faed2e70,56e2f38d,d4cdacfa,b75124e9,a493683e,71a98d1c,dd71f8a2,c450a93c,421e42cc,804b328a,d6c03889,398d69b1
803218d6	156ef672
80356363	8e7b6f79,908c1738
803563a3	e0fdb83a
803a2775	a8d835c3
803aed5c	5fc0aae4,617783c3,15d09c4d,87c91ece,c70600fc
803b2c6f	07967bc2
0803be3c	2b95a925,69fcb0d1,0cdeb3a2,93697ef3,757f8af9
80444420	39694c69,53536c60,ed4381f2,a43458d9
804b0d64	4497a02c,9c0300b1,372363ae,63a8e60e
8050b4c5	4497a02c,7455647c,975bddc2,0f5e5ea5,b2cde999,50918bf9,fd2ce78e,e664ab9c,848a43a4,e877389b,8e6a3aff,33b8577a
805b7015	36b6e154,7ed9ceda,3c7ce2cf,43810e74,ea07bec7
805d90a9	1147e263,8bdac7f8,ba4f703d,0b6cb04d,8613306d,2cfba1bf,8babe8b1
80657b9a	a4f1a6c6,358e4e85,6ba51265,424a544a
80674995	4497a02c,9c0300b1,f4e08ea1,993fec2f,86f7f324,b5028f77,0c19e77a,9d37f013,78b57979,fcbb5a71
8069f898	52ce7370
806a253c	9deb246d,6bed8eea
806c49af	52ce7370
806f0515	a4f1a6c6,358e4e85,6ba51265,424a544a
80746613	52ce7370
807570c0	4497a02c,9c0300b1
80793b6b	39694c69,6bb39add,86df62a1,1e5478a7,9f628884,3a3f1236
807b545f	52ce7370
807ed301	9deb246d,4a39cc11
8081f31b	353208d5,06c56270
8083cb73	156ef672
8085cddc	52ce7370
8088a257	a4f1a6c6,358e4e85,6ba51265,424a544a
808e6694	9a9d5b6e,74077bc9,1e6c8cf6,3c726bbe,14407a21,032b6d45,3677d948,65fc2ccc,6d5605ba,1d6c2879,f5c400a5,da9a75d3,8a3a718f,02e9086f,9512502c,5e324c27
8090b5b1	52ce7370
8098190d	ffa7fbe4,a5ab03d3
80a6a224	19df91a3,79bc1aa1,cb7b7504,d454474a,689b5772,c53f71f9,30c7c4c6,58348094,cf07be2e,38de1527
80a801e5	39694c69,a4714e4c
80a8bf85	b8d3ec3d,f5ff1be2,efe3034b
80a96fee	52ce7370
80ab2a18	52ce7370
80ac84c8	39694c69,53536c60
80b1f30c	52ce7370
80b44523	52ce7370
80baac5c	afb2b579,41b97f51,d5675910,345a4386,629ba6b2,55ba6622,59c1117f,20d0a94c,4df90f05,bbdfa9c0,1a6c010a,00d5476c,6727ba37,1409417b,6b805418,78ab4702,6d8727be,bcf1d430,664dab24,b76b31ff,75fa6abe,6478f864,12fc5afc,fad94153,e6dfb945,eb0bbf0e,03101680,6f6032d0,2b86a6cc,5c4abf1b,02b13e9a,825f38ff,e49a9659,79ee0fa8,cc6e55e9,11a5200d,a9a81c23
080be257	ef10b158,31501514,89adc982
80c2924e	f66af6a2,c0d23383
80c50de1	52ce7370
80c55371	6966f037,0dd10c61
80c59888	52ce7370
80c6a447	e0fdb83a
080c7d5a	4497a02c,9c0300b1,f4055ede
80c7f94b	94393069,861ab707
80caa741	d74ebeed,d912005b,be26e42f,a4844210
80cb03b5	39694c69,18b4a574,440b7dbd,1da0882a
80d2e0cb	a4f1a6c6,358e4e85,6ba51265
80d751e4	0d52b105,d11ba606
80d786d4	39694c69,53536c60,ed4381f2,a43458d9,1c93d9d3,f5216bcf
80d9c65e	c311c08f,10aeb821
80dc1fec	861ab707
80dcb197	a4f1a6c6,358e4e85,6ba51265,424a544a
80dd1602	6c1abeea,15156256,f8c3a2a7
80dd701f	39694c69
80df6d7c	52ce7370
80e0ff1b	9294bbd2,33abb52e,e1b6082d,95bbbf7e
80ec149d	d74b00f0
80f08b9b	2ced8593
80f3edfe	52ce7370
80f815e1	39694c69,f93b7ad5,96b5162f,7f880865,27cca8c2,8df62134,572fc984,af403d4d,dddbd028,4b971e6b
80fcebf2	4497a02c,9c0300b1
80fe31a5	e0fdb83a
80ffa6b2	4497a02c,9c0300b1,9f90b58d,77c639b7,c015fc4b
8104cd34	4aa0b06f,e0dbd797,83fbc250
81060717	4497a02c,9c0300b1
810bf6f7	883b0267
810f3439	1e3bbce9,b83c1deb,8ce21c36,f8bfa99d,8c606103,2a8395b8,17d7d684,4271ac90,6f465c32,8e19aa8f,e7f1ceaf,26c86349,0fedbf9d,6723cc6e,b4a30974,3503c879,7e1d05a0,e1453eb5,e1a0869c,aed2dc1b,e3a23983,783066af,6859a6d6,9b374fc5,bd6ad3d0,5da60512,abb1b646
81127392	4497a02c,9c0300b1,c61cb49d,a43458d9
811897e3	4497a02c,9c0300b1,02f07034
811dab9d	b8d3ec3d,f5ff1be2,efe3034b,79dd9df3,9ffd906a,72f0700b,ca1f4a73,bda3bcf0,6f9486ca,89f30a01
8123e885	39694c69,af77c70d,ed4381f2,a43458d9,1c93d9d3,f5216bcf,e2dc42cb,ef4c1064,050a25d7,234a0a79,c3c175ca,4ebd1bb2,d454474a,689b5772,c53f71f9,6bdb00af,58348094,a057cc2b,ee09d88b
8123f7d6	52ce7370
813253c5	52ce7370
81338e1c	4497a02c,9c0300b1,706b783e,08741a28,908c1738,7a464285,7da1c31a
8137bfb6	b8d3ec3d,f5ff1be2,efe3034b,64f7d9d1,9eaec247,f478b7d1,962874f6
8138456c	2b95a925,62527083
8139b2b2	52ce7370
0813dfc2	39694c69
813f5b65	52ce7370
8144dd0b	af2bb38d,e2a3891a,1f42f321
81458050	0ec31cdf,bfe575a7
8147eda4	52ce7370
814bbd01	39694c69,009f8193
814beee3	52ce7370
814c07d3	c50b38cf,602af3f9,6333717d
814c8ad1	4497a02c,9c0300b1,210b8d4e,55a7acc6
814e2abe	52ce7370
814e9baa	d918c1e8
8154acdb	a4f1a6c6,358e4e85,6ba51265,424a544a
81558bbd	27dad7cf
815714bf	39694c69,e8e40444,da57f416,ceb5a658
81589f46	d1171204
8159b1da	4ef30fb8
815dcc36	9a9d5b6e
81610322	4eacf831,26b7c9b3,c4248c2d,278b9876,9fc9d113
08164496	e6ee5302
816584e5	52ce7370
8166c814	9e47592c
816822a1	74ff1268
816fab96	f1f267f9,c250256f
816fd6d0	39694c69,53536c60,ed4381f2,9879c63b,ff0c8b86
81715aba	54dbcc01
8172041f	8e7b6f79,908c1738,b35e23e5,81c602cf,3aaa7791,a5ed7b03,3c66d266,7da1c31a
81748e24	52ce7370
81797473	52ce7370
8179a264	156ef672
817a2584	b8d3ec3d,f5ff1be2,efe3034b
817ccdbc	52ce7370
817da8ac	a4f1a6c6,358e4e85,6ba51265,424a544a
817f562d	39694c69,53536c60
818175ea	156ef672
8188b91d	fd8c731e
8189a71b	4497a02c,9c0300b1
8190ca99	52ce7370
081938f0	39694c69,a93ac93f,ede44e83,9a7fc1b6,afadf3a3,41351107
81940605	4497a02c,f1551f13
81956489	70c0b7d0
819622c5	39694c69,53536c60,ed4381f2,a43458d9,1c93d9d3,f5216bcf
819a5069	52ce7370
819c492d	b8d3ec3d,f5ff1be2,efe3034b
81a44816	52ce7370
81a98dc1	bcf6bc33
81a9a05b	4497a02c,f1551f13
81ab2880	a4f1a6c6,358e4e85,6ba51265,424a544a
81ac61ee	52ce7370
81aca401	52ce7370
81b0a11d	39694c69,156ef672,0c644c8f,2c71604d,03d48ee8
81b3c0b7	935d48e3,4b971e6b
81b4f61f	52ce7370
81b7d808	52ce7370
81b913e7	9b5138f2,84ee0501,7d1f4322,24526112
81be0c72	6282b804,d068dcd5,b0000daa
81c3bfcb	639c7070,ef46bbd3,cb433269,57d7e3c7
81ccebb6	a4f1a6c6,358e4e85,6ba51265,424a544a
81cf6781	b8d3ec3d,f5ff1be2,efe3034b
81d1abd9	cd64af58
81d59362	4497a02c,9c0300b1
81de65c8	b59d741b,bb68f6c7
81e16888	861ab707
81e47977	6e64d4cc
81e4a4c3	4497a02c,9c0300b1,8e7b6f79,908c1738,cd0ed9fb
81e5a822	52ce7370
81eb427a	f67bf441,50fc3432,74d38f55,f62fb942,cb4fd411
81f2e5ea	4497a02c,9c0300b1
081f46a0	bedd91a7,6d1d43cc
81fc9d83	bcf6bc33
8207486e	52ce7370
820854a9	af1b9cca,eba6f967,7617bc57
820aae8d	c7d95d7f,267c3962,0f661cd0,41eae9ea,4921972b,1bfa4cc5
820abbbe	9a9d5b6e
820f0d30	39694c69,53536c60
82189245	52ce7370
8219a65c	39694c69,c5370ed8
821a0b5c	39694c69
821b3bd0	52ce7370
821e5072	52ce7370
821e53b1	52ce7370
8220f8a8	52ce7370
822a408f	a4f1a6c6,358e4e85,b7a0eada,99b8e741,424a544a
822c44db	db7700a0,8bf9b290,b63b087f
823029ef	19df91a3,79bc1aa1,cb7b7504,d454474a,689b5772,c53f71f9,30c7c4c6,58348094,f246c6bf,11d0ae2d
82324be4	a4f1a6c6,358e4e85,6ba51265,424a544a
8234ce35	52ce7370
8237c64d	bedd91a7,6d1d43cc
823b39dc	39694c69
823c67de	4497a02c,53536c60
8242ea06	4497a02c,9c0300b1
8244d2e9	b8d3ec3d,f5ff1be2,efe3034b,85685b56,0ba66411
824674d4	52ce7370
824bbc07	d918c1e8,efe0c328,88ccdbcc
824f5e6f	39694c69,53536c60,ed4381f2
8254da94	b8d3ec3d,f5ff1be2,efe3034b,f5bf2061
825d176f	cbb0a0c9,2f7c6535,26d821e9,5d6e6635,0a6807ab,88605cbd,f91fb1c1,444d7cf2,5974cbb9,4c928458,080e59d5,c4e6a7a7,9ca71ab9,ff98e06a,daef038c,678c1a04,3cce1f40,7bb463e9,eb77e83c,25cf07dd,4ee4dec6,bd5a46fa,21ec7827,db1478c0,6a0eef8f,79fd6833,e71a034b,3b55e671,d170dd22,83faa670,59d9f271
826011b4	39694c69,82273c54,da0deda5,109279ae,ff4ee59c,223d627a,eab3c5bf,c7121f30,3333e0d9,a5475426,31609214,a39b9ffb
082631e6	52ce7370
82677537	1e3bbce9,b83c1deb,8ce21c36,df749d32
826bcb40	39694c69,06835a9c,984bac0b,75362194,04f365c6,440b8d65,d0e7604c,e26ee2e7
826d5dcd	39694c69,a5412902,74ef1f36,ea319337,d436981b,9492099e
8271cb89	39694c69,53536c60,ed4381f2,a43458d9,1c93d9d3,f5216bcf,c602a40d,ae8834fb,91fa17ab,111e88f1,89f6f8a5,4ebd1bb2,4b8a0cef,d89abf3a,7c564be4,fcf1f8c5,472143bf,81d269f1
82744b9a	52ce7370
827a2be0	4497a02c,9c0300b1,0dd10c61,84c6f594,e4895a36,31d76a4a
8285027b	52ce7370
82872b2d	95f37768,0a378510
8297e47f	52ce7370
8298b8eb	639c7070
829b15a7	1f22d997
829cb09a	152e9eec,7d59d9b8,6519f22c
829e0a30	b8d3ec3d,f5ff1be2,efe3034b,3485907e,9230fe4c,82c93474
829f0c56	0f501fe3,5806a42f,8da31f9f,6a2ea0b4,eb3873ab,cf6f89c4
082a553b	52ce7370
82ad4535	52ce7370
82ade30c	bcf6bc33
82af4fa2	c52ad410
82b00ea2	39694c69,af77c70d,ed4381f2,a43458d9,1c93d9d3,f5216bcf,e2dc42cb,ef4c1064,050a25d7,234a0a79,c3c175ca,4ebd1bb2,d454474a,689b5772,c53f71f9,6bdb00af,58348094,6b9423e7,3617b8dc
82b1138b	9b1b1576
82b2a295	1153f91d
82b70176	bf017c06,3e154ec9,61a62974,7b24210d,b01cb430,f6428251,f60b4424,31e97696,921898c6,1fe1d251,36dbe741,989e7b98,8e179947
82b7be10	4497a02c,9c0300b1,6d2c033c
82b988b8	bedd91a7,6d1d43cc,4efa80dd
82ba5030	adcb8e35,53536c60,ed4381f2,a43458d9
82bf1853	c52ad410,57d7e3c7
82c0e7bd	b8d3ec3d,f5ff1be2,efe3034b
82c23aff	52ce7370
82c97897	4497a02c,53536c60
82cb252d	27dad7cf,4f7fd3fc
82cbf81e	52ce7370
82d131cd	4eacf831,304cfb1a,34456c54
82d4ae42	39694c69,1c81d37b
082d5afa	39694c69,af77c70d,ed4381f2,a43458d9,1c93d9d3,f5216bcf,e2dc42cb,ef4c1064,050a25d7,234a0a79,c3c175ca,4ebd1bb2,d454474a,689b5772,c53f71f9,6bdb00af,58348094,82a2fd9e,c780ab38
82d6744e	5ba586d3,af81ea07,fcd77c5e,14348465
82d793aa	52ce7370
82d85d2c	4497a02c,53536c60
82d8bfa2	39694c69,53536c60,ed4381f2,a43458d9
82e167ed	bcf6bc33
82e66193	7459d662,db7700a0,090a7ec1,36fc293a,919f62e6
82eb552a	de93031c
082ee74d	4497a02c,53536c60
82f8e118	a66bb577,521d5c11,359e9966,6a441909
8301f814	3a16680a
830271b5	9a9d5b6e,de9ad6e8,10cee6a0,a3c4c3d0,b8d7aea4,4c51126b,9c6f4e8c,7bc8bf83,595f2947,9c52e832,28938204,f0045746,38de69d9
8302a243	3296fc12,5e580707,d4e0dd4d,92202a7e,688c3481,03fcd3a3,ef4405e6,b6626cb8,a21d2203
83055d5f	c26ad7ec,d15ed12e,01b68fad,f6091de9,62af5e39,0632a0f7,cf944ce8,83506b09
83062c18	52ce7370
8308b642	39694c69,53536c60,ed4381f2
830b9070	52ce7370
830dc506	32508d87
830e019b	156ef672
830fd90f	efa938d5
8317f531	39694c69,f93b7ad5,96b5162f,7f880865,27cca8c2,8df62134,572fc984,af403d4d,dddbd028,4b971e6b
83196fc5	b8d3ec3d,f5ff1be2,efe3034b
831ac7f0	e0fdb83a
831b541f	52ce7370
831cdde0	52ce7370
831ce0c6	3b604873,80baa6be,030b0126,f9631b6f
831e3cc8	4497a02c,9c0300b1
832241ad	acde460f
8322c547	52ce7370
083242a5	4497a02c,53536c60
8325e21c	73b116dd,39ef0696,3301ac94,f7a79a66,14939bf8,7bdba4ea,6448461c,fe09200d,4848e309,051ef03b
832b7cb8	52ce7370
832eab9e	3881b477,5a6430a2,e9f9fbe1
832eb760	52ce7370
833175a5	39694c69,fdaf3e32,a5eab11a,5735ea4d
8333a2b3	39694c69
8336b570	52ce7370
83386ef0	52ce7370
833ec06b	52ce7370
83406efd	52ce7370
8343c7da	52ce7370
83442ff5	b8d3ec3d,f5ff1be2,efe3034b
834665f1	688fbadb
834a11a8	bedd91a7,6d1d43cc
8353296a	52ce7370
8357ea35	4497a02c,f1551f13
835887e9	695a3627
8358bd56	a4f1a6c6,358e4e85
835b245a	52ce7370
835ff039	77802e49
8369bf8e	52ce7370
836efdfe	ef10b158,dd9165b4
83710312	6966f037
837155e0	39694c69
83715703	39694c69,97898a4b
8373b4d3	4497a02c,53536c60
837e5047	3670800e
837ff800	bedd91a7,6d1d43cc
8385903f	4497a02c,9c0300b1
83871a21	4497a02c,9c0300b1
008387a6	ef10b158,ce50e497
838aae53	52ce7370
838d3a6a	52ce7370
8390ac84	39694c69,3485907e
83916748	52ce7370
83945d08	52ce7370
839493c9	39694c69,53536c60
83950ed2	a4f1a6c6,358e4e85,6ba51265,424a544a
839adc18	98b8134d,d75d0fbe,d4b10175,fe48a857
839b0505	39694c69,15d1718e
839f5d5a	52ce7370
83a0a2ce	39694c69,0535c90b
83a1e487	5db7b8ed,e79e8e0b,ff31fe42,e4552047,24e3a910,dad09b37,8ab7af04,4a1d4e1e,4d20b6f3,1e42f42e,41810eb4,51764901,0a970b24,3a78199b,78d55793,a2a9163f,09f33e4e,a2d16719,ed9bfc62,857c577c
83a2f484	4497a02c,9c0300b1,5715bb83
83a4c3c2	990ddbbc,d2645d3a,79fa8d00,1ad76ed6,6d766270,11f8c65e
83a7a854	8b46b142,3f5e9cd0,0b0cadf0,3aedfcf5,b8f780b1,946f7c0d,a78af019,6faeb1cb,432a5f7d,b545a07b,cf49b16a,be095a83,435473c5
83a830c0	4497a02c,9c0300b1
83ad9cb5	1f7e6f5d,38f10842,dfcdb5be,13541d86,0d9720dd,371a2b54,b380a8f9,1bd8c89e,dbb10e0e,30e47f6d,dfd749b3
83add65b	39694c69
83b09285	52ce7370
83b75bd5	4497a02c,9c0300b1,836932d9,b063c1d7,3e10cd62,612ac6fd,b4caefc1
83bb4505	1af117ab,7cf4dad5
83c1741a	4497a02c,9c0300b1,ed4381f2,a43458d9
083c2999	52ce7370
83c2a0ac	52ce7370
83c2fa44	52ce7370
83cb7d72	39694c69,53536c60
83d45868	8d909566,91fab247,c4c0c893,6764e946
83d83459	4497a02c,9c0300b1,ed4381f2
083dbe80	52ce7370
83dceed1	bcf6bc33
83e004c2	52ce7370
83e5e899	52ce7370
83e6deff	bcf6bc33
83e9196a	39694c69,67feff7c,a3d80c5b
83e928b1	52ce7370
83ed37c4	39694c69,53536c60,ed4381f2,a43458d9,1c93d9d3
83ef8f77	f91fe29a,ede44e83,a3b6e43b,dee65538,3031ff65,b72d2da1
83efa5a4	52ce7370
83f0370b	4497a02c,f1551f13
83f195c6	9deb246d,6502e49d,4a39cc11
83f3e8dd	39694c69,ea480b6c,730e5bd6,baac5ead,56bcd153,f48e0ca7
83f8569f	39694c69,3485907e
83f9aa67	ef10b158,74ef00bd
83fbde3f	bcf6bc33
83fe79e2	54dbcc01,688fbadb
8402ecc2	52ce7370
84036918	d918c1e8,42d08275,35f35a62,02bc242a
84063aec	e52c962a,1c3d3222,dc12c988
8407f114	39694c69,f93b7ad5,96b5162f,7f880865,27cca8c2,8df62134,572fc984,af403d4d,dddbd028,4b971e6b
8414a3d3	4497a02c,9c0300b1,ed4381f2,a43458d9
841517bd	acde460f,e52c962a,de2cb5b0
84184843	4497a02c,f1551f13
8419acb8	82273c54,019dd106,b5b06866
8421c20a	52ce7370
84236ae2	39694c69
84236fe7	e0fdb83a,3186c7a0
84294a2e	b8d3ec3d,f5ff1be2,efe3034b,2636c278
8437d23d	152e9eec,7d59d9b8,6519f22c,ab78b87d,39572fa0,9449ec6c
843ac180	78d553a5
8441aec9	57008587,02bc242a,d948bc4d,4c099084
84426d57	841cee65
8449e34d	52ce7370
844cadd4	bedd91a7,6d1d43cc,4efa80dd
844e099a	39694c69,53536c60,ed4381f2,a43458d9,1c93d9d3,f5216bcf,c602a40d,ae8834fb,91fa17ab,111e88f1,89f6f8a5,4ebd1bb2,4b8a0cef,c15db7e8,ec84b19c,3631d935,0053f938,d43b1e0a,022963f4,53da4b2e
844ec324	52ce7370
8451462b	52ce7370
8451a62e	52ce7370
845675da	52ce7370
8458ebbc	4497a02c,9c0300b1,a4abeafc,68db7ee6
845cf792	4497a02c,9c0300b1,ed4381f2,a43458d9
0846b752	4497a02c,9c0300b1
846dfe9b	39694c69,c5370ed8
846ed3fc	04e5d48f,42ae6a0c
84747da0	52ce7370
84751d9a	4497a02c,9c0300b1
847774b8	52ce7370
08477853	39694c69,08e6c760,750e1d42
847d261f	b8d3ec3d,f5ff1be2,efe3034b,1ff62ba9
847e0abb	52ce7370
8483f759	52ce7370
8485ec54	b8d3ec3d,f5ff1be2,efe3034b,a409f5bc,2bb11bba,f976b7a2
848ab782	b8d3ec3d,f5ff1be2,efe3034b,e26b5cf3,367ca7e0
0848bb90	a4f1a6c6,358e4e85,6ba51265,424a544a
8491fca8	568549bc,814db537,f488a8ba,11846039,02bcae95,f10b983f
84931988	52ce7370
8496a527	52ce7370
849baef9	1b5a30c0
84a4b94b	39694c69,750e1d42,589f8d99,b1633e22
84aa5eeb	1b5a30c0,74077bc9,71ff5e45,efa938d5,d6506a74,b9b57c94,a35f97dd,afaa513d,a9e2cdf2
84abf966	9cd9cc72
84aceb95	137cbeb3,fd48c267,6c2c7a8c,033ba216,c28858a4,75ed544a,5da60512,9f187c7e,408ec1e8,d79addb0,4a2cfd60,3d6f04b2,41a3979a
84afe902	52ce7370
00084b90	4497a02c,9c0300b1,ed4381f2,a43458d9
84bb2812	54dbcc01
84be5638	52ce7370
84bf50af	61642db6,98ef614d
84c025e8	52ce7370
84c3de5f	52ce7370
84cf219f	94393069,861ab707
84d2c189	4497a02c,9c0300b1,ed4381f2
84d5cb08	52ce7370
84d87cf7	4497a02c,9c0300b1
84d8c127	a4f1a6c6,358e4e85,6ba51265,424a544a
84e3fd83	4497a02c,9c0300b1
84e68c40	4497a02c,9c0300b1,c00c5ba3,595ad410
84ea62ea	32334fb6,b152284b,6058ee0d
84eb8496	81ea92b9,43727211,b8d5b83a,d760ee67,9164ecdb,1822556a,4ba8d33c
084f2d40	52ce7370
84f55920	39694c69,57d7e3c7,9e47592c,164c4c5a,3f9bb758,4a2b1e20
84f6bc51	52ce7370
084f8000	4497a02c,9c0300b1
84f96242	4497a02c,9c0300b1,ed4381f2,a43458d9
84f987cd	b8d3ec3d,f5ff1be2,efe3034b
84fef672	52ce7370
8500747a	aca5b31c,f81437bf,e938f615,1820e9b8,41c11f8c,50344891,e2356a5e,086e449a,f1f866dc,a5da24de,653f35c7,89a48aac,802a3c45
8501a015	1fcea4c1,de5cbb69
85021ebb	52ce7370
850870e5	639c7070,ef46bbd3,cb433269
850ce7d1	4497a02c,9c0300b1
850ede46	39694c69,4dd6c252,75e2220d,c5e5706d,c77988ba,927ebbec,56a1aed7,f2c45b8a,440b7dbd,8db4efdf,7fee3ca2,3ae8fcfc,4cd15732,ce8c93dc,c5a2a048,96e60806,d731f33e,d9c734a8,be076336,73b61c3b,54457c38,c4db2d69,44004bcb
851040fa	b8d3ec3d,f5ff1be2,efe3034b
8510ce95	39694c69,e4b5bce2
851a2c0d	f4027052,adb1e32d,a9e830dc,5dd845ca,da0e5d33,6522b608,3368dc4e,15d1718e,76546dcb,8f744d9a,c360fb16,410b1982,809f4057,0e2f8c34
851a6bf6	8e7b6f79,908c1738,b35e23e5,81c602cf,3aaa7791,cc696097,3b604873,997a795f
851d832c	569aeac3,0c6023ee
852031b9	52ce7370
8520e0f6	cbb0a0c9,2f7c6535,26d821e9,5d6e6635,0a6807ab,88605cbd,f91fb1c1,444d7cf2,5974cbb9,4c928458,080e59d5,c4e6a7a7,9ca71ab9,ff98e06a,daef038c,678c1a04,3cce1f40,7bb463e9,eb77e83c,25cf07dd,4ee4dec6,bd5a46fa,21ec7827,db1478c0,6a0eef8f,79fd6833,e71a034b,3b55e671,d170dd22,83faa670,59d9f271
85242631	52ce7370
85255498	b8d3ec3d,f5ff1be2,efe3034b,5a9e9b5a,9dae9eb9
852958e4	4497a02c,9c0300b1,540bf058,5770cad5
852beec1	39694c69
852cffd4	321325f3,3d8a23a9,9573216d
852d6485	6b5fa322,bd97358b
852e3c9d	52ce7370
852fad92	39694c69,53536c60,ed4381f2,a43458d9,1c93d9d3,f5216bcf,c602a40d,ae8834fb,91fa17ab,111e88f1
85339b6c	52ce7370
8533a463	52ce7370
8533bf19	39694c69,75addcdb,08adfcac,c1fac60e,baf0e7ea
853b66f2	adca3c9b
853dc2dc	4497a02c,9c0300b1,27a02b3a,dec30233,ac00bd22
853df14c	39694c69,f75e7edf,e7b2a4ce
8541d5da	39694c69
8542eebd	4497a02c,9c0300b1,65fdd711
854366df	94393069,861ab707
85520284	52ce7370
855678f0	52ce7370
8558e25e	4497a02c,9c0300b1
855a321a	cb6eb787,32a1f823
855c0dbd	41608266,4b971e6b
855d2cc9	9e31c1bd
855e7406	39694c69
8566e3ba	39694c69,53536c60,ed4381f2,e818170e,a01bedab,d45b6ee8
857426a1	152e9eec,7d59d9b8,6519f22c,ab78b87d,39572fa0,9449ec6c
85743170	52ce7370
8575853f	bcf6bc33
8579e429	39694c69,53536c60,ed4381f2,a43458d9
857a380e	94393069,861ab707
857d1404	39694c69,53536c60,ed4381f2,a43458d9,1c93d9d3,f5216bcf,c602a40d,ae8834fb,91fa17ab,111e88f1,89f6f8a5,4ebd1bb2,4b8a0cef,d89abf3a,7c564be4,fcf1f8c5,472143bf,81d269f1,445ee13f,4bfb77d1,604cb8a8,4d525275,1b332a89,10fded56,f2564478,2fd57652,8aab7e64,65bd861b,e51224df,0b3b3b39,66359d4f,f6b0f1c0,708fd580,034d5002,09237912,50a41601,76cbe174,fc9e0f04,93be621a,5d5733ad,cd9c73df,94b05d44,9762d059,405d4257
857dc8d2	52ce7370
0857e0ef	4497a02c
857f1ea8	52ce7370
858099c6	a4f1a6c6,358e4e85,6ba51265,424a544a
8580a3d6	c415d935,8384cd2b,7f358c83
8581dd06	861ab707
8584b5a8	152e9eec,7d59d9b8,6519f22c,ab78b87d,39572fa0,9449ec6c
85868b8b	bcf6bc33
8587ee1b	52ce7370
858a13ad	cca0b5c0,070b2f29,1c3d3222
858b83e6	a4f1a6c6,358e4e85,6ba51265,424a544a
858dab0c	52ce7370
858e5ccd	39694c69,f93b7ad5,96b5162f,7f880865,27cca8c2,8df62134,572fc984,af403d4d,dddbd028,4b971e6b
858f4c82	a4f1a6c6,358e4e85,6ba51265,424a544a
859c5393	4497a02c,9c0300b1,6a922478,0c0c49b8
859ca42c	39694c69
859cfce3	39694c69
859f6ce9	54dbcc01
85a84cd1	39694c69,de5cbb69
85a89b96	4497a02c,9c0300b1,ed4381f2,a43458d9
85aa478e	4497a02c,53536c60
85ac7191	52ce7370
85ace6e2	39694c69
85b0e50b	4497a02c,53536c60
85b24f93	39694c69,f93b7ad5,96b5162f,7f880865,27cca8c2,8df62134,572fc984,af403d4d,dddbd028,4b971e6b
85b2b753	52ce7370
085b71c5	4497a02c,9c0300b1,f4e08ea1
85b75e94	94393069,861ab707
85ba7941	52ce7370
85ba832a	39694c69
85bd3100	4497a02c,9c0300b1,e82a2c2c,19264bf7
85bf78ba	1d11b26d,d4c36557,d0c64f14,8953c9d3,38b1b8f6,f20caa34
85c153d1	fe3bc2b9,7f89f0d3,a8c8020c,6966f037,1eea3789,a9442ac7
85c2ae3f	233e66c7
85c4377d	52ce7370
85c6c9e1	1f22d997
85c8e36d	39694c69,9bc4e9d0
85d2f4b2	52ce7370
85d35663	ca716397,f38f98de,ba556c8c,057046d1,cb051bd9
85d58f93	54dbcc01
85dadfee	39694c69
85dd2428	39694c69,2249c012
85e05657	db928164,073e30a3,85df03a3
85e293fd	39694c69,53536c60,ed4381f2,a43458d9,1c93d9d3,f5216bcf,c602a40d,ae8834fb,91fa17ab,111e88f1,89f6f8a5,4ebd1bb2,4b8a0cef,d89abf3a,7c564be4,fcf1f8c5,472143bf,81d269f1,445ee13f,4bfb77d1,604cb8a8
85e5ff7c	a243c57d
85fac8fa	b6a18211,034a19b4,feaf57a9,9ed6c303
85fc4eaf	246d345c,9cfb00f0
85ff1a2e	0212e46b
8602e240	52ce7370
860cce9c	52ce7370
860e89a8	39694c69
86118603	52ce7370
861353fe	4497a02c,9c0300b1
86172da4	52ce7370
861fcbf0	19df91a3,79bc1aa1,cb7b7504,d454474a,689b5772,c53f71f9,30c7c4c6,58348094,e90f29cb,37268873
8620f6e7	52ce7370
862639c8	07967bc2,e2556a5c
86267cd0	52ce7370
0862bd9d	52ce7370
862cd1a7	4497a02c,9c0300b1
862e3003	39694c69,82273c54,da0deda5,109279ae,ff4ee59c,223d627a,eab3c5bf,c7121f30,3333e0d9,a5475426,31609214,a39b9ffb,dcc919db,7dfacc0f,16ec1a76,a186f944,71059794,ecda8694,bf81f6cd
862e4134	52ce7370
862f2d6a	4497a02c,53536c60
8638e648	52ce7370
863a904d	321325f3
86404874	52ce7370
00864324	39694c69,31baef93,b6a07510,5db36077
8644e533	4497a02c,9c0300b1
8647def2	39694c69
8649206e	bcf6bc33,b0d7247e
864a4a8e	39694c69,53536c60,ed4381f2
864fd46c	4497a02c,9c0300b1,ed4381f2,a43458d9
8651a563	602af3f9,fe2b8bbd,f46b4b49,c15b4062,072ea3d5,ad0d2554
8653540e	52ce7370
8655f91b	52ce7370
865bc2e9	465660fd,c04e9bb2,2b85ecd7,19071cea
865fd012	09bb2d98,31c81ef1
86605494	458e5d1c,705a423f,02bc242a,b5a2afe3,79ee55de,83eb2441,275c50b5
86607ca1	52ce7370
8660d63c	73bf48e9
8666f84c	94393069,861ab707
8667f45b	4497a02c,9c0300b1,c00c5ba3
866b787a	39694c69,bfe75b08
866bc35d	39694c69,4f38c697,d918c1e8,4c099084
866dfcfc	0035a964,cbe5716f,dbbe52bb
866f11bd	861ab707
866fb84e	54dbcc01,688fbadb
08671af3	9deb246d,05c9e9c8,6d5d1e1a
8673e001	52ce7370
867424f0	d75897f2,e4f4f9b0,8a802d58
8675d5e4	39694c69,53536c60
86773012	4497a02c,f1551f13
867b0bac	94393069,861ab707
867e8bd7	569aeac3,0c6023ee,fd8c731e
0867f956	a4f1a6c6,358e4e85,6ba51265,424a544a
86880672	39694c69,156ef672
8689ed8e	4497a02c,9c0300b1
868b1f43	52ce7370
0868d6c3	1b5a30c0,4a288da1
86912104	6966f037,93beb873,1ef6b981,c3f6377a,29b1cfc8
8696d6ee	de9ad6e8,f5cee113
8699fdb4	81ea92b9,43727211,b8d5b83a,d760ee67,9164ecdb,1822556a,4ba8d33c
869afa3a	ceca809a
869fd2a7	52ce7370
86a285ab	4497a02c,9c0300b1,c112e4b6,1ffa0663,998d2088,794e45cb,acd8c2b3,9b55f7b7,9052e7dd,5b15561b,e852c881,dc1f02f6,7469e897,fad09961,f3d3b866,c44dcd42,ada02ba3,191feb56
086a3294	0f518af9,a96099d6,3d436e68,275d8fa4,fb49e79c
86a3dc80	39694c69
86a66977	14501e99,882d2e8b
86aa490e	74077bc9,de6cf883,962294c1,9af328b5,f9f3f5db
86aec386	39694c69,f93b7ad5,96b5162f,7f880865,27cca8c2,8df62134,572fc984,af403d4d,dddbd028,4b971e6b
86b06165	dd4e2e48
86b311aa	52ce7370
86b884e7	52ce7370
86ba1c53	39694c69,0fc5b604,8e7b6f79,908c1738
86baa818	de2cb5b0
86bb2004	4497a02c,9c0300b1,ed4381f2,a43458d9
86bcb4ba	4497a02c,9c0300b1,b99ec1b5,bcef7453,f60d0c46
86bcb6a4	2184278c,65fdd711,1abfb05d,c11c1624
86c10c19	70f7efbb,d859bb4b,6a326062
86c680ca	52ce7370
86c8278f	52ce7370
86ce6955	a4f1a6c6,358e4e85,6ba51265,424a544a
86cf5fbd	4497a02c,9c0300b1,ed4381f2
86d292d2	52ce7370
86d9298b	39694c69
86ddebf0	e0fdb83a,7e8199ca
86e3956a	948b068a,2bff179e
86e51f55	a4f1a6c6,358e4e85,b7a0eada,99b8e741,424a544a
86e5f3cd	39694c69,d068dcd5,7b8ea90f,b0dfd67b,412401d1
86e6d2ec	c52ad410,9985f179
86e8f9ce	4497a02c,9c0300b1,ed4381f2,a43458d9
086e9767	2b380a49,4c6e3bf8
86ecd25d	54dbcc01,688fbadb
86ed1f2a	39694c69,af77c70d,ed4381f2,a43458d9,1c93d9d3,f5216bcf,e2dc42cb,ef4c1064,050a25d7,234a0a79,c3c175ca,4ebd1bb2,d454474a,689b5772,c53f71f9,6bdb00af,58348094,81d269f1,248e5540
86ef44de	39694c69,53536c60,ed4381f2,a43458d9,1c93d9d3,f5216bcf,c602a40d
086f0a48	4497a02c,9c0300b1,c0f69b96,b3e48863
86f6a57d	52ce7370
86f7127b	39694c69,af77c70d,ed4381f2,a43458d9,1c93d9d3,f5216bcf,e2dc42cb,ef4c1064,050a25d7,234a0a79,c3c175ca,4ebd1bb2,d454474a,689b5772,c53f71f9,6bdb00af,58348094,81d269f1,248e5540
86f76f49	52ce7370
87039c6f	a4f1a6c6,358e4e85,6ba51265,424a544a
8705ccf7	a4f1a6c6,358e4e85,6ba51265,424a544a
870651f9	52ce7370
8707488e	52ce7370
8708e41c	b8d3ec3d,f5ff1be2,efe3034b,ddfb3408
870b3da9	39694c69
870c22ea	4497a02c,9c0300b1
870e6bda	4497a02c,9c0300b1,ffa43280,a70cc69e
8717c903	efa938d5
871ad332	39694c69,53536c60
871b2572	4497a02c,9c0300b1
871c993e	990ddbbc,d2645d3a,79fa8d00,1ad76ed6,6d766270,11f8c65e,8b0a1fa6,78a4bc7b,27cf2c11,27361fb4
871cef11	39694c69,53536c60,ed4381f2,a43458d9,1c93d9d3,f5216bcf,c602a40d
871dce74	b8d3ec3d,f5ff1be2,efe3034b
871e39aa	bcf6bc33,fc5542a4,cc9d7b39,dcc919db,07967bc2,2b36b77e
87228c53	39694c69,53536c60,a8bda540
8729c9ee	48aaf087,23ddeb81,776d1ecd
872d69cd	52ce7370
87348dcd	52ce7370
8734b410	dba99a7e,e8ca1dc7,4e9a4327,8ffc6982,d6d6a63f,52b3edee,95bbbf7e,fc958e6a,733653a9,32038e27,ddbed338,22d8ab34,a7413c7e,48a81497,d64ba770,fd9503b7,9c9c9288,c7031844,69df4e12
873c5f64	52ce7370
873f4f9e	4497a02c,9c0300b1
8747473a	e0d64098,baba751e
874b6e8c	51ac1207,d70a3d93,42bd57dd,933df908
875072ae	e591daae,8e311074,16e55afb
8752bc29	101f7a9f
8752d0bf	804a1ca3,80c14166
875a8ed8	77f60328
875d3f64	52ce7370
875f6430	4497a02c,9c0300b1,ed4381f2,a43458d9
8760082b	5fc0aae4,4ec4390e,7452b382,2b815ed7,dd648a0e,48a9157f,7dfd230e,391ee239
876056bd	17514af7,2adab90d,d912005b
8769fe73	0a994518
876cb082	ef10b158,cfc9e17e
8773d4e4	52ce7370
8774e089	39694c69,f93b7ad5,96b5162f,7f880865,27cca8c2,8df62134,572fc984,af403d4d,dddbd028,4b971e6b
877520ad	b8d3ec3d,f5ff1be2,efe3034b
8775d0bc	639c7070,ef46bbd3,cb433269
8776da26	52ce7370
877b905c	52ce7370
877cc41a	39694c69,707e3205
8781d66c	52ce7370
87853c99	52ce7370
87859bd4	5f593b02,c311c08f,52b2bca8
87872811	39694c69,c32b9382
87893e9d	39694c69
878b8c5d	52ce7370
878c786f	d08deab4,d3e432a4,442f4c7e,6a243c86,5ae9895d,ff3ef31b
08790405	94393069,861ab707
879142f8	bcf6bc33
8791d68c	a4f1a6c6,358e4e85,6ba51265,424a544a
879355f6	dcc919db,55c4cd3c,c3cdc27d
87a10f1f	52ce7370
87a3840a	bcf6bc33
87a3c86d	bcf6bc33,fc5542a4,cc9d7b39
87a57fb4	8bd12c69
87a70043	b8d3ec3d,f5ff1be2,efe3034b
87a8d2de	39694c69,3eb1d334
87abd5de	bcf6bc33
87acad20	52ce7370
87ae4f1e	017f2d0c
87af339f	4497a02c,9c0300b1,74077bc9
87af64c3	52ce7370
87b1e8cf	52ce7370
87b3df53	39694c69,53536c60
87b56b69	bcf6bc33
87b7f3e2	a4f1a6c6,358e4e85,6ba51265,424a544a
87ba2e62	19df91a3,79bc1aa1,b7ab8c7b,785a7d0b
87ba3778	03fbf95a,993fec2f,864d2e6f,8e153dfa
87bdbe04	f447fe90
87bebc6d	54dbcc01
87cce56d	4497a02c,9c0300b1,a6b9a830,78c22cee,62616f1d,60cefc72,3eedad32
87cf331e	52ce7370
87da754f	c26ad7ec,d15ed12e,01b68fad,f6091de9,62af5e39,0632a0f7,cf944ce8,83506b09,91fa17ab,111e88f1,89f6f8a5,4ebd1bb2,4b8a0cef,d89abf3a,7c564be4,fcf1f8c5,472143bf,81d269f1
87df4968	39694c69,08e6c760,750e1d42
87ee3bf9	4497a02c,9c0300b1,3b604873
87f18d36	4497a02c,9c0300b1
87f689ad	52ce7370
87fac220	b98484f7,747f9cb2
87fc13a0	5b5deb7e,cf499e67
87ff41ea	0288e70b,0bd74987,6ef21b63,c4248c2d
8802c617	a4f1a6c6,358e4e85,6ba51265,424a544a
8803e519	52ce7370
8804f2f1	bbb9af9d,fa8299e5,15b44e37,29162bec,f8dc96fc,64acd19b,2bfb0140,293678d7,6ae960f4
880dba29	bcf6bc33
881009a5	52ce7370
8813a76d	39694c69,53536c60,ed4381f2,a43458d9
881a686a	d918c1e8
881c29da	bcf6bc33
881ccd9e	52ce7370
881ee38b	52ce7370
881f2b2d	0b24d9ba,b07c8500,d729dac4,be461deb,e031d953
88214c81	b3844b7e,a8aceca4,f0389c7f,099aacfd,49505dbe,0833fa64,60f26f60,f66b92df,29995bf9,dd196944,91e7256f,b1f2723c,ef80eb39,fd760784,a7a58d34,3cf2d67e,4d563d7a,47504840,735bd348,63dff698,d9ddf194,cf4225df,fb49e79c
88246c88	c311c08f
8825c615	4eacf831,304cfb1a,34456c54
88288223	42fbb66d,2a8f9fcd
882d0cf7	c52ad410,fb629045,69dfb8ce,9bdeb816,46747927,bb1385a4,f28dae3e,bd0ae48d,622e64d2,fa780c10,9d52a066,096e3c87,96060714,20a21f36,736dc35d,b24a475a,8acda39c,e7209a65,673faebb,732baa56,1a2c86d0,f5d3bc9d,2081284d
882daa2a	5f452d46,f41e6796,6d076470,a9079231,87782005,f44fa1c6,39c039e7,30ec3888,d77397c3
882db571	b8d3ec3d,f5ff1be2,efe3034b
882de0d7	52ce7370
882eff57	ed827975,0d0571f1
882f1833	b8d3ec3d,f5ff1be2,efe3034b
88304dfc	4497a02c,9c0300b1,50602fdb
88338d2e	ef10b158,f30f6349
8838de1f	80966cd2
883910b4	52ce7370
883e0282	d0aaff82,fc2ff802,6bce5155,820fa6e7
883fa57f	52ce7370
884bf33c	4497a02c,9c0300b1
884c54f1	eb443746,312f1990
884cd3fb	4497a02c,9c0300b1,ed4381f2
884d32e0	abccb474
884d950c	39694c69,53536c60,ed4381f2
884f85e6	c52ad410
884ff501	370f01dc,757f8af9
8851fd82	4497a02c,9c0300b1
885c9039	39694c69,707e3205,1324d383
886545aa	f96612a2
8866e42d	52ce7370
886cf199	39694c69,53536c60,ed4381f2,a43458d9,1c93d9d3,f5216bcf,c602a40d
88713515	39694c69
8879117d	124eb1ec,ec781b28,c46e80b3
887d0c6f	b8d3ec3d,f5ff1be2,efe3034b
887eea34	a4f1a6c6,358e4e85,6ba51265,424a544a
887ef1ad	4497a02c,9c0300b1,ed4381f2,a43458d9
8883195e	b8d3ec3d,f5ff1be2,efe3034b
8884370e	41a3979a,8222f1b0
8886f08f	dd278aa8
8888ca32	b8d3ec3d,f5ff1be2,efe3034b
888c358d	4497a02c,53536c60
888d726d	5550ac19,ccb032cc,e426ea28,5eb8f6b5,20b7d588,20cd8c9d,691e38a3,8cd62066,d268a18f,3cd06128
8892c1c6	bcf6bc33
8893a9ca	52ce7370
8893fdd5	52ce7370
88a5d0ba	861ab707
88aa39bb	52ce7370
88ad5e7e	6966f037,65ed1cda
88ae36bd	98b8134d,708cd11b,4c13bbc4,5d8188f8
88ae6be6	156ef672
088b17c3	1be8b9bd,e2880578
088b565b	1e3bbce9,b83c1deb,8ce21c36,381ee57b,6aa09c37,63ae971e
88b80f31	52ce7370
088bc4c4	d918c1e8,17a09aa8
088bcedd	b8d3ec3d,f5ff1be2,efe3034b,64f7d9d1,9eaec247,f478b7d1,962874f6
88bd59c3	a8aceca4,281b2f2a
088bef08	860b5c79,3b8524a6,41ebfb12,1eb4a5d3,b2cf19da,07f15a11,c443ec6b,2c3f2746,df54a0a9,409b6f56,deb0715c,f6d5ec74,4f9872f6,03444be5,81137d9d,5c9ad76c,4c0266e5,0f5695a3,c6f8ce78,6d8a3220,a12a414e,18d1639c
88c02c16	b8d3ec3d,f5ff1be2,efe3034b,ae909c75
88c1e46d	19df91a3,79bc1aa1,cb7b7504,d454474a,689b5772,c53f71f9,30c7c4c6,58348094,ee72440c,e08c3dd6
88c5be67	a4f1a6c6,358e4e85,6ba51265,424a544a
88c72a43	52ce7370
88c7f8f5	95151b54
88c9e2d0	8a822618,0a5e44cb,9616e253,d39794e5
88cc52b1	52ce7370
88cf9e77	397f16be,56181287
088d166d	39694c69
88d3756e	7d20474a,837dda49
88dc7909	ef10b158
88df0d43	39694c69,5073cad2
88e2e8db	73665e17,4a8a10d0
88e3d925	4497a02c,9c0300b1
88e40c21	52ce7370
88e41fa2	4497a02c,9c0300b1
88e44597	dcc919db
88e5b314	39694c69,53536c60,ed4381f2,a43458d9,1c93d9d3,f5216bcf,c602a40d,ae8834fb,91fa17ab,111e88f1,89f6f8a5,4ebd1bb2,4b8a0cef,d89abf3a,7c564be4,fcf1f8c5,472143bf,81d269f1,445ee13f,4bfb77d1,604cb8a8,4d525275,1b332a89,10fded56,f2564478,2fd57652,8aab7e64,65bd861b,e51224df,0b3b3b39,66359d4f,f6b0f1c0,708fd580,034d5002,09237912,50a41601,76cbe174,fc9e0f04,93be621a,5d5733ad,cd9c73df,94b05d44,9762d059,405d4257,950270d7,702e331c,70823eaa,daf56fb3,060f8f36,bb1a29f4,56638432,2b438d00,2bd5f7fe,95ee8dfe,d02acf3d,4b14a013,52d6f1b8,b4c59a3a,9c2397c2,6049d326,0aee9e47,5917cecc,6ee3cd6f,a3f29c27,a19c769f,e1759237,26d875d0,a6f8571a,537df9d7,c200c181,3c1b2601,184e2362,b58c4b95,906164f9,b6394a5d,364ef38a,bfbc3131,9a3d6880,2df3b4fa,acb06c15,9068b149,8f7cac60,b56d9714,862f6f6f,3c733797,8a7aa776,93df5feb,98adf974,6449cdda,d7ccd848,5c662a54,726c2c55,3d034923,4f2692d2,26f469a5
88ed6d0a	483259fc,b664d91b,f60d0c46
88ef31aa	2b685a7f
88f0582d	39694c69
088f2626	39694c69,53536c60,ed4381f2,a43458d9,1c93d9d3,f5216bcf,c602a40d,ae8834fb,91fa17ab,111e88f1
88f72f11	e5ae9c50
88fafdb5	39694c69,53536c60,ed4381f2,a43458d9,1c93d9d3,f5216bcf,c602a40d
88fed7b4	a4f1a6c6,358e4e85,6ba51265
89006412	dbc13115,f3e15a4d,7ca1b85d,d4a1aa73,aebc40cd,4bdc3092,216302dd,09e7f96e,08ee77bc,465660fd
0890aeca	4497a02c,9c0300b1
890c3245	52ce7370
8910e4c8	a93ac93f
8912c582	4497a02c,9c0300b1
89167b6f	52ce7370
8916f2b2	52ce7370
891c815f	52ce7370
891dadae	a4f1a6c6,358e4e85,6ba51265,424a544a
891e1688	b3b3f915,51764901
8921e12a	4497a02c,9c0300b1,8e7b6f79,9f595148,bfc66d76,85445995
89248b53	52ce7370
89259beb	95971e2c
89288475	39694c69
0892c742	4497a02c,53536c60
0892edfc	39694c69
089303a9	1054b51c,a3c54e13
893044c7	ca8ebe6a,dcc919db,acde460f
893164a2	bcf6bc33
8932a1aa	52ce7370
89330994	39694c69,53536c60
8936b196	bedd91a7,6d1d43cc
0893a817	39694c69,53536c60
893b42cd	04853004,dcaa6505
893c5e93	52ce7370
893d188b	4497a02c,9c0300b1,ed4381f2,a43458d9
893ea329	52ce7370
8942ba80	b8d3ec3d,f5ff1be2,efe3034b
00894409	39694c69
8944cbd4	0e169bd5,72a9d2bf,95bbbf7e,466d7535
89469ea4	39694c69,53536c60,ed4381f2
894d3a1d	acde460f,0b675549
894dced6	a4f1a6c6,358e4e85,6ba51265,424a544a
894f87f0	52ce7370
894fb76c	152e9eec,7d59d9b8,6519f22c,ab78b87d,39572fa0,9449ec6c
8954e062	39694c69,29a5d1bb,5da69780,a285b3c6
8955f3a4	52ce7370
089577af	c8133179,1a4ff9e0,fb01619e,5ed8ebb7,19558424,8d9dc4d7,704fe25d,30f11ecd,3c647277,41d61f51,6397e429,ddf35033,84cd54cb,12f4047b,36185c5f,bd334ddb,470b2e4a,c4036214,61311135,101d8e3b,2d5291f4,af14cd19
89593596	b8d3ec3d,f5ff1be2,efe3034b,de118265,16ec1a76
895b7079	39694c69,d2e46478
895d07c1	52ce7370
89612248	32508d87
8964d08a	39694c69,1618b7af
896ba86d	52ce7370
896d0f61	52ce7370
896f214d	c52ad410,65854c67,cae413bd,c9fa56a1
896fef9c	695a3627
8977a4ad	39694c69
8977e5d7	94393069,861ab707
897ccb90	152e9eec,7d59d9b8,6519f22c
897ecdae	a14bf690,833fc056,e1d16fd2
8982f61e	52ce7370
898352f3	8bc4ea78,0260b347,83469f00
8983dc95	94393069,861ab707
08985c2e	1e3bbce9,b83c1deb,8ce21c36,054692e5
89877f2b	52ce7370
89894149	611025ab,c5bcb018,47c09ded,678afcb9,57d4ce87,5439e894
898c6398	1b5a30c0,a449bc74,7d4163d8,1e250e9e,87c91ece,eb4cc82e,6966f037,82d583a4,2404bdcc,4bf0db0a,7559cc43,79ee55de,83eb2441,a9694d8f,697a5426
89908ff8	74077bc9,32334fb6,b152284b,1487fca1,c0b03498,b664d91b,b2fc3a8f,5a505f11,4edfeb58,2a613dd9,f961ae22
8997305a	39694c69,631ab68f,1f0f229a,c392df27
89974569	94393069,861ab707
899b3d0a	a66bb577,5caded2d,c5f717db
899fa7c6	39694c69
89a427b9	52ce7370
89a529a3	639c7070,ef46bbd3,cb433269
89a55249	9deb246d
89a7fb4c	2671c4b8,4aa0b06f,e45516bb,2ad1070d,e6d2e171,73a3f5db
89aa30d3	52ce7370
89aa3b85	6a243c86,d3e432a4
89ac755c	52ce7370
89ad77f3	bcf6bc33
89af1e47	a4f1a6c6,358e4e85,6ba51265,424a544a
89afd2a4	1e31872e,1487fca1,651101b2,9ed3134a,fa833fe7,9ce06e6c,b1e250f6,57289675,b2fc3a8f,055d89cb
89b2cfc1	a47c7549,3c33c333,4a502769,7c43569d,6cce7bc6,f07f6dc4,2a10f339,f2831794,8599e038,dae286d2,d4ca595a,9c4c298b,03b9c1bc
89bbe6ca	4497a02c,fbc09f0e,8f4d1432
89be8a3c	52ce7370
89bed070	39694c69,53536c60,ed4381f2,a43458d9
89c0d224	39694c69,53536c60
89c5a072	c52ad410,de45351a,4ccedcd0
89c6a704	9003362b,4a3b1041,397526af,7c8f9bee
89cdfb14	52ce7370
89d301d6	04d893ea
89dac288	75ed7522,0841f576,a1583547,9bf001f8,842c2ecc,0546be4e,3f4b3c54,f69347cb,a53a50e8,ac5626f9,09f2ed5c
89e1b622	9a9d5b6e
89e37789	39694c69,356e4a9e,adb1e32d
89e40b75	c6d6d40b
89e7ae62	b8d3ec3d,f5ff1be2,efe3034b
89eaafa1	52ce7370
89eed482	a4f1a6c6,358e4e85,b7a0eada,99b8e741,424a544a
89ef3067	b8d3ec3d,f5ff1be2,efe3034b
89f7286c	94393069,861ab707
89fdf9c8	52ce7370
8a017ed1	39694c69,53536c60,ed4381f2,a43458d9,1c93d9d3,f5216bcf,c602a40d,ae8834fb,91fa17ab,111e88f1,89f6f8a5,4ebd1bb2,4b8a0cef,d89abf3a,7c564be4
8a09d9e5	152e9eec,7d59d9b8,6519f22c,ab78b87d,39572fa0,9449ec6c
8a1065f0	e9fe44fa,a23af12f,8805c10f,9682405a,e53e98f1,5332c3b9,be04cb1e,78f3c4bf,f02e1993,38982df3,5d4e7b96,09263353,add6fedd,c3890856,fec89fde,58c66357,576dd233,7330adb1,1bc56cfe,f6399b39,a5ccf0e4,901824bf,07ff9b1b,319177b3,a9681859,cc35db06,6ae7242d,99ee9dd9,2f31af1f,c6d42a32,3ebe0469,7b0e3a44,01ffc8c1,061b1864,0cd341a0,d9645c85,34258cde,83c02bb5,9665e269,f97e6337,a13ecc19,6d416e55,48d1b443,7280be39,e2d53b14,221440f4,8c726352,dc883992,c33b02dd,22b2aafe,6e658076,ff1b38f8,c3f4d793,34a51810,7d0a935a
8a11c816	39694c69,53536c60,ed4381f2,a43458d9,1c93d9d3,f5216bcf
8a16f661	5fb4635b
8a1bad2d	52ce7370
8a1d4327	b8d3ec3d,f5ff1be2,efe3034b
8a1de3f1	b6a18211,034a19b4,feaf57a9,9ed6c303,06384150
8a1e21ec	88aa22cd,bf41abd3,dee65538
8a21b3f1	32508d87,e0d64098
8a22eb43	4497a02c,9c0300b1,091addbd,1a89a965,66856c99,56bfeeb1
8a2392c9	569aeac3,0c6023ee,fd8c731e
8a23fb88	52ce7370
08a24e2f	52ce7370
8a25fb88	52ce7370
8a272d76	39694c69
8a284805	9a9d5b6e
8a296a25	156ef672
8a2f75c5	d918c1e8,523c8ecb,e868360e,dc45d3d4,de5cbb69
8a2f96e7	4497a02c,9c0300b1,a5d68319,497565c8
8a32b131	39694c69,53536c60,ed4381f2,a43458d9,1c93d9d3,f5216bcf,c602a40d,ae8834fb,91fa17ab,111e88f1,89f6f8a5,4ebd1bb2,4b8a0cef,d89abf3a,7c564be4,fcf1f8c5,472143bf,81d269f1,445ee13f,4bfb77d1,604cb8a8,4d525275,1b332a89,10fded56
8a341115	52ce7370
8a368f0c	52ce7370
8a404d03	52ce7370
8a412be5	4497a02c
8a436a7b	39694c69,f93b7ad5,96b5162f,7f880865,27cca8c2,8df62134,572fc984,af403d4d,dddbd028,4b971e6b
8a473e26	a4f1a6c6,358e4e85,6ba51265,424a544a
8a5153d9	39694c69
8a548bf1	a4f1a6c6,358e4e85,6ba51265
8a593952	c52ad410,f09065fe
8a5e8459	4497a02c,9c0300b1,651d26a2,b5dd16f0
8a64a2f9	39694c69,a4edbdcd
8a67ad54	39694c69,707e3205
8a74e7ac	d3bc3dbf,280bbb75,c75daa99,8b9ad398
8a75f06f	137cbeb3,065d998b,5c83387c,f7e6d80c,0dba5d1e,d6f810b2,42719127,d04366d9,9a22bdb2
8a788a8a	4497a02c,9c0300b1,c3962bbd
8a7a7309	4497a02c,9c0300b1,26bed42b,0091e4f9,74077bc9
8a7aeb46	52ce7370
8a7d161b	a4f1a6c6,358e4e85,6ba51265
8a7e12c4	861ab707
8a8150e2	39694c69,f93b7ad5,96b5162f,7f880865,27cca8c2,8df62134,572fc984,af403d4d,dddbd028,4b971e6b
8a81a97f	4497a02c,9c0300b1,ed4381f2,a43458d9
8a8ce5b5	a4f1a6c6,358e4e85,6ba51265,424a544a
8a8dfb06	861ab707
8a8e1f3c	4497a02c,9c0300b1,ed4381f2,a43458d9
08a9172e	c52ad410,57d7e3c7,837a2ace
08a97d4b	6a5f7b87,fb0ec04f
8a9cc5c1	52ce7370
8a9e210f	52ce7370
8a9eca25	39694c69,53536c60
8aa65fc9	bcf6bc33,fc5542a4,cc9d7b39,56acba55,7521375a,b6f67f3e
8aa93d29	b8d3ec3d,f5ff1be2,efe3034b
8aaa4e0b	39694c69,53536c60
008ab19a	4497a02c,9c0300b1
8ab726b8	52ce7370
8abb13a0	ef10b158,74ef00bd
8ac0aa26	fb6767d0
8ac0b59a	52ce7370
8ac4ba0d	1812dfc6,c8cd061d,4de8e892
8aca37d9	b3cee3d2,7baa7466,b2db8932,f4889b6c,d2d5fb97,15007bc6,a5ab9e87,8e1b17f9,4dd54251,342ee85a
8accf7c7	52ce7370
8acd3eec	321325f3,d95c3c85,212f25cf,fec5ed56,490bbe63,e59f409d,72fa65bf,c9a4f973,c8e2aa1d,571459cb,74ed3ef7,7cc4cc32,3095f2b9,a97e7391,ce94f4c8,14914b8b,52cb7b11
8ace3425	84e5844f,48c72a24,25dfd5d0,7814a2c2,20236564,2fa593b1,5676feab,c1e72a49,9a58e092,da8fa1a5,301a6807,bcfeb68c,6d96faaf,c346756f,6ca91402
8ace7992	52ce7370
8acef0f7	39694c69,53536c60,ed4381f2,a43458d9,1c93d9d3,f5216bcf,c602a40d
8ad35965	39694c69
8ad521d0	39694c69,2724536b
8ad77ff3	3413b4bc,e1ec3fbb,44dab0a9,5dadd2b2,8f163e96,c1cfe813,3db2c9c3
8ad85c03	52ce7370
8adce89a	a4f1a6c6,358e4e85,6ba51265,424a544a
8ade0256	52ce7370
8ade21d1	52ce7370
8adf4197	ede44e83
8ae5a1c3	39694c69,53536c60,ed4381f2,a43458d9,1c93d9d3,f5216bcf,c602a40d,ae8834fb,91fa17ab,111e88f1,89f6f8a5,4ebd1bb2,4b8a0cef,d89abf3a,7c564be4,fcf1f8c5,472143bf,81d269f1,445ee13f,4bfb77d1,604cb8a8
8ae5b6a3	39694c69
8ae62ff4	a8aceca4,58ade78b,11177941
8aec56ed	9deb246d,24b1ea7f
8aefa1b2	52ce7370
8af1915a	4497a02c,9c0300b1,5fc0aae4
8af8843e	52ce7370
8afba97e	4497a02c,9c0300b1
8afbd2b8	a0c33ebe,34bbd0c4
8afc0d0b	52ce7370
8b0bbad6	0dd10c61
8b0d853e	52ce7370
8b12477f	15996f50,b664d91b
8b188f7a	39694c69,ec70f4a2,1521f6a2,41a360aa,9ed0b18e,b10e94d4,84762c14
8b1a4466	6161c35f
8b1c3c96	39694c69
8b1f5e23	4497a02c,f1551f13
8b21f004	7d20474a,837dda49,43a8554b,f42ef890
8b255d60	95f37768
8b258135	dba99a7e,e8ca1dc7,4e9a4327,8ffc6982,d6d6a63f,52b3edee,1f5440b8,82a49220,14bb1b15,fd51558a,51835cdb,ae68114e,592f3a8e,6132accd,3872dcbe,a2c11a04,fd39ed3d,55e953dd,d3ccefc0
8b289ced	4497a02c,9c0300b1,ef01cc49
8b295d2b	8d909566,91d4edf5,c532cda4
8b2c97fa	bcf6bc33
8b2e6391	39694c69
8b3178b2	39694c69,53536c60,ed4381f2
8b31e725	94393069
8b379e3e	156ef672
8b40b019	39694c69
8b435dc4	39694c69,53536c60
8b44a773	52ce7370
8b4b6394	de5cbb69
8b4f9e87	b8d3ec3d,f5ff1be2,efe3034b
8b516b57	39694c69
08b51eb8	b8d3ec3d,f5ff1be2,efe3034b
8b539dcf	4497a02c,9c0300b1
8b5e30fc	4497a02c,9c0300b1,ed9bfc62,f15149e9
8b5eac68	c52ad410,cd64af58,8e5ee3eb,b32cea7d,fd7b1ece,cfb58e62,98d1395a,455a1d15,5ed311a5,6f629db5,c06b05a0,ac987e70,15a29000,0cc8eeb6,39cef370,0cf3b65f,2511055f,4a1fcf51,98c5c4d6,a966a59f,de37f4a2,985933bf,03ef8b8c,c534cd56,19e6bf81,820cf599,3f3d803c,c56fc7c1,defc0be2,a8653664,9c0675f0,50601476
8b609581	bcf6bc33
8b621d70	52ce7370
8b697698	52ce7370
8b6d8f61	4497a02c,3fa84314
8b6f4957	52ce7370
8b6f9b38	a8aceca4,652dd4f5,e1b2e1c0
8b6fad81	39694c69,53536c60,ed4381f2,a43458d9,1c93d9d3,f5216bcf,c602a40d,ae8834fb,91fa17ab,111e88f1,89f6f8a5,4ebd1bb2,4b8a0cef,d89abf3a,7c564be4
8b72cdd9	b8d3ec3d,f5ff1be2,efe3034b
8b75b222	39694c69,8f230fe6
8b78050c	bcf6bc33
8b78dea8	39694c69
8b79ab78	52ce7370
8b7d7ffb	39694c69,53536c60,26bed42b,0091e4f9,1c93d9d3,f5216bcf
8b802d46	d7ce1a0c
8b81242d	4497a02c,9c0300b1
8b814990	52ce7370
8b825a55	bcf6bc33
8b87be35	39694c69,53536c60,ed4381f2,a43458d9,1c93d9d3,f5216bcf,c602a40d,ae8834fb,91fa17ab,111e88f1,89f6f8a5,4ebd1bb2,4b8a0cef,bb642cf5,c3bb5cb4,ac81ba67,cb06d67e,63783c10
8b8aa14b	9326ac8f,686aab0b
8b8cf147	ef10b158,74ef00bd,c8939ef4
8b9093e5	52ce7370
8b915b36	c52ad410,1f47093c,bcef7453,dc69fca6,95c0a587,d6891795,1cf8811c,12d76627,24da8523,d9924763,50d9d857,d91dd79d,b3f2c119,0739d726,6152672a
8b963292	114da595
8b9aee88	e0fdb83a
8b9cc82d	52ce7370
8ba06edd	4497a02c,9c0300b1,86199cad
8bae3196	52ce7370
8bb0c2bc	156ef672
8bb1710f	39694c69
8bb3a28c	bcf6bc33
8bbeeec3	4497a02c,53536c60
8bc1b49a	d918c1e8,efe0c328,88ccdbcc
8bc261e8	6e64d4cc
8bc2d8fd	156ef672
8bc7419e	4497a02c,53536c60
8bc928cc	52ce7370
8bce082e	52ce7370
8bce5540	39694c69,d7625797,2c24bc35,8afec838,ff848074
8bcee9e3	c52ad410,8b50786c,468f58e7,640f27b0,f079c742,7452b382,aebf716e,1e2d4083,a2bea64d
8bd1ccd3	b8d3ec3d,f5ff1be2,efe3034b
8bd286d0	6966f037,6b2f4603,3dec9b69,0be45c43,f92f0d97,e68a4976
8bd4d60f	39694c69,b0712665,675672ff,1dbcfa66,8d7ad931
8bd7820c	e6c57ce7,489ed41c,714ad69e
8bdb160c	f92e3339,40270302,b8b44a30
8bdf994a	b0000daa,ca0ca929,c5d3afa5,efb4f45f,efced279,dae2067e,041303c1
8be050a2	4497a02c,53536c60
8be4c2b4	152e9eec,7d59d9b8,6519f22c,ab78b87d,39572fa0,9449ec6c
08be9495	3e3b4f0a,f161929a,f54fa871
8bed0653	1593622b,aba6cb25,53ba38e0
8bed2793	52ce7370
8bf0ce26	bfb763db,15b4b411
8bf1574b	0f501fe3,5806a42f,1c0a8ea6,0da49e9b,51e46fe9
8bf40b8f	52ce7370
08bf5eb7	4497a02c,9c0300b1,1191638e,bf72c275,908c1738,7a464285,7da1c31a
8bf8691d	4497a02c,9c0300b1,e2e46e24
8bf8f4d3	52ce7370
8bfe2765	4497a02c,9c0300b1,ed4381f2
8c00496b	39694c69,53536c60,ed4381f2,a43458d9,1c93d9d3,f5216bcf,c602a40d,ae8834fb,91fa17ab,111e88f1,89f6f8a5,4ebd1bb2
8c008a8d	4497a02c
8c01e526	52ce7370
8c094aa2	39694c69,53536c60,ed4381f2,a43458d9,1c93d9d3,f5216bcf,c602a40d,ae8834fb,91fa17ab,111e88f1,89f6f8a5,4ebd1bb2,4b8a0cef,d89abf3a,7c564be4
8c0a533b	a4f1a6c6,358e4e85,6ba51265,424a544a
8c0f14f3	39694c69
8c1419c3	52ce7370
8c18a7ef	5321cb79,235dd2b8,7a3f7ebc,fff1e1af,c50b38cf,cd64af58,fdc70089,a9fc132f,b1988956,60488086,be80e0f9,6a2c8e0b,5b994493,1ef94ae0,2e17aac7,2b215d3f,3ab77e6b,b33ed866,8b283095,4b9bda65,d54eac7e,c18664f1,b6496af6,cd90e8a3,11820bd8,2184278c,1b5f67d5,18457819
8c1934a7	52ce7370
8c1be765	39694c69,53536c60
8c21c89e	21cb3758,e1d28b09
8c269a26	4497a02c,9c0300b1
8c288f5a	9deb246d,b013b938,e9b2284c,2ae80cd5,502bc9dc,78ebe4b6
8c2c0098	39694c69,53536c60,ed4381f2,a43458d9,1c93d9d3,f5216bcf,c602a40d,ae8834fb,91fa17ab,111e88f1,89f6f8a5,4ebd1bb2,4b8a0cef,d89abf3a,7c564be4,fcf1f8c5,472143bf,81d269f1,445ee13f,4bfb77d1,604cb8a8,4d525275,1b332a89,10fded56,f2564478,2fd57652,8aab7e64,65bd861b,e51224df,0b3b3b39,66359d4f,f6b0f1c0,708fd580
8c300b3b	52ce7370
8c3723a1	b8d3ec3d,f5ff1be2,efe3034b
8c3c5fd9	91976556
8c43e41b	52ce7370
8c453cac	52ce7370
8c4804dd	617783c3,51764901
8c4c4fc4	1126d489,57d7e3c7
8c4ec5a0	52ce7370
8c5a3eb3	b8d3ec3d,f5ff1be2,efe3034b
8c5ac881	a4f1a6c6,358e4e85,6ba51265,424a544a
8c5e3204	8e7b6f79,908c1738,d0bab60c,1e191d34
8c6c8591	52ce7370
08c703f8	a4f1a6c6,358e4e85,6ba51265,424a544a
8c715673	1c3cb695,82273c54,019dd106,b5b06866,74de3fe7
8c71c5a3	52ce7370
8c71fe73	bcf6bc33
8c74363a	ca37cb06,e52c962a,8495057d,55540298
8c7439cf	52ce7370
8c7c5a25	7d20474a,837dda49
8c7dee70	39694c69,53536c60,ed4381f2,a43458d9
8c7e1601	52ce7370
8c8a1c7b	779cde21,c594c850,05258515
8c8c53cd	52ce7370
8c8e1495	ef10b158,2b8b5812,3a179ece,f74b56c7,5b983904
8c8e70aa	bdbd017f
8c92f1fe	26fca521,764811dc,bc5490a6
8c936319	569aeac3,0c6023ee,fd8c731e
8c93dc2f	39694c69,53536c60,ed4381f2,a43458d9,1c93d9d3,f5216bcf,c602a40d,ae8834fb,91fa17ab,111e88f1,89f6f8a5,4ebd1bb2,4b8a0cef,d89abf3a,7c564be4,fcf1f8c5,472143bf,81d269f1,445ee13f,4bfb77d1,604cb8a8,4d525275,1b332a89,10fded56,f2564478,2fd57652,8aab7e64,65bd861b,e51224df,0b3b3b39,66359d4f,f6b0f1c0,708fd580,034d5002,09237912,50a41601,258171ef,313f9501,865f3c51,833668ce,028125cf,c1b19244,6c085ac0,7ac07f92
08c9a9cd	04d12d48,7a1d77cb,95e4dd04,da15d7a7,02ff0230,497a8e85,2ca57edc,851235e8,aba436bd,13d4801b,78616a89,f317233f,48e2ad54,f9fae648,fdf0ec08,ffdfd770,4ef81f15,edfaeceb,9dc1a42b,e92db4f1,521666ac
8c9b67ea	bcf6bc33
8c9bae78	52ce7370
8ca06d0f	c52ad410,5db7b8ed,e6853c95
8ca0fa0a	52ce7370
8ca54140	52ce7370
8ca808e5	52ce7370
8caeb447	fdb0c0b3,6c12c7b3,c450c996,dd3efc04,b62747db,f6de6adf
8caf1ffa	433e2cb3,13272031
8cb0acc9	52ce7370
8cbb4512	618db226,50f0ac7e,ca2d3810,c053b68f,e6a8b625,fa2cf347,64961b9e,51bb0df9,2cac6901,87770e6f
8cbdc654	76f3f9bf,c8941f25
8cbe3962	39694c69
8cbf1a5b	5fc0aae4,c5259813,42a67ac9,db85f51c,c79523b2,49e73057,4bc34b75,7acd82e3,0ceca9d2
8ccfe834	012dbe79,efa938d5,bb796d24
8cd39cf1	4497a02c,9c0300b1,ed4381f2
8cd41429	39694c69,53536c60,26bed42b,0091e4f9,1c93d9d3,f5216bcf
8cd684e1	1126d489,bf575d1a,f7fbbd13,d8a427a7,5db7b8ed,cb07cfdb,2ea5f1fa,570a17eb,31b4009d,f3d3d177
8cdb9fda	639c7070,ef46bbd3,cb433269
8cdc5214	39694c69
8ced0864	4497a02c,53536c60,9aae82c8
8cefa0a1	52ce7370
8cefeab4	52ce7370
8cf0c333	d1f126e3
8cf682f3	39694c69,82273c54,da0deda5,109279ae,ff4ee59c,223d627a,eab3c5bf,c7121f30,3333e0d9,a5475426,31609214,a39b9ffb,c1c3332d,2b498348,df8cb10f,bf81f6cd
8cf7b3c3	b8d3ec3d,f5ff1be2,efe3034b
8cf8302d	0c7f8117,4a4b6d02,76c7ca21,21c07255,9e4fa470,ac3d770a,7657debb,751225c4,c7b2be8e,180c2c45
8cf9f28c	39694c69,1e31872e
8cfb258e	a4f1a6c6,358e4e85,6ba51265,424a544a
8d06cb68	ba93dff3,c5758aa6,dacf0991
8d08b16a	8b46b142,3f5e9cd0
8d0f7c9c	fe3bc2b9,d068dcd5,30d8e80b,548ebebd
8d127682	41a3979a,4d57e1cc,634f2af8
8d1650d3	39694c69,ede44e83,d474ea55,c2bdaaa9,39913a9e,05d24953
8d16f90d	bd7f0230,406fd7b1
8d1d6a1a	1d808192
8d228e87	39694c69,c5370ed8
8d26e909	1487fca1,40e50d9d,a1b42c73,86f7f324,ad93b0d9
8d2a240d	76901a32,5271616e,47711d6d,d16f2be2
8d2c9feb	9fb07347,25ac350f,0b69bfff,5490bfb2,3d9184af,425aa17b,ae4dce1c
8d2e5498	9a9d5b6e,1f7ff8bf,293802f9
8d3516eb	4497a02c,9c0300b1,ed4381f2,a43458d9
8d354b26	39694c69,53536c60,ed4381f2,a43458d9,1c93d9d3,f5216bcf,c602a40d,ae8834fb,91fa17ab,111e88f1,89f6f8a5,4ebd1bb2,4b8a0cef,d89abf3a,7c564be4,fcf1f8c5,472143bf,81d269f1,445ee13f,4bfb77d1,604cb8a8,4d525275,1b332a89,10fded56,f2564478,2fd57652,8aab7e64,65bd861b,e51224df,0b3b3b39,66359d4f,f6b0f1c0,708fd580,034d5002,09237912,50a41601,76cbe174,fc9e0f04,93be621a,5d5733ad,cd9c73df,94b05d44,9762d059,405d4257,950270d7,702e331c,70823eaa,daf56fb3,060f8f36,bb1a29f4,56638432,2b438d00,2bd5f7fe
8d3a11d6	6e64d4cc
8d3a5baf	948b068a,ac214c66
8d3fc164	3296fc12,5e580707,d4e0dd4d,92202a7e,688c3481,03fcd3a3
8d41d394	4eacf831,304cfb1a,34456c54
8d424565	b8d3ec3d,f5ff1be2,efe3034b,d19b44e6
8d435207	acde460f,7d1a0ece,0eb4f157
8d4b89de	39694c69,07967bc2,dee65538,6a220c61,357acd21,f4a04df7,ccb87103,f936cfb5,5a748088,5b2bd6cc,a6d686a7,999ad3a2,f133c7e1,14261aba,1e3916b4,c9492656,177c2e60,bd46d14d,646e320e
8d4df748	52ce7370
8d4f47c9	0ae3f8cd,3c916e0a
8d52d2c9	b6a18211,034a19b4,feaf57a9,9ed6c303,06384150
8d56881b	39694c69,dabba6ad,494476c6,27f6094f
8d5a17dc	088b2bce
8d5c283b	b121da6e
8d5de3be	b8d3ec3d,f5ff1be2,efe3034b
8d5e34f1	c52ad410,a93ac93f,5d7d8352,c6b77d72
8d60005e	4a2c5583,6750555c
8d623401	a4f1a6c6,358e4e85,6ba51265,424a544a
8d65f911	39694c69,53536c60,ed4381f2,a43458d9,1c93d9d3,f5216bcf,c602a40d,ae8834fb,91fa17ab,111e88f1,89f6f8a5,4ebd1bb2,4b8a0cef,d89abf3a,7c564be4,fcf1f8c5,472143bf,81d269f1,445ee13f,4bfb77d1,604cb8a8,4d525275,1b332a89,10fded56,f2564478,2fd57652,8aab7e64,65bd861b,e51224df,0b3b3b39,66359d4f,f6b0f1c0,708fd580,034d5002
8d6871dd	b8d3ec3d,f5ff1be2,efe3034b
8d69664a	52ce7370
8d6d2599	39694c69,53536c60
08d6f0e8	39694c69,53536c60,ed4381f2,a43458d9,1c93d9d3,f5216bcf,c602a40d,ae8834fb,91fa17ab,111e88f1,89f6f8a5,4ebd1bb2,4b8a0cef,d89abf3a,7c564be4,fcf1f8c5,472143bf,81d269f1,445ee13f,4bfb77d1,604cb8a8,4d525275,1b332a89,10fded56,f2564478,2fd57652,8aab7e64,65bd861b,e51224df,0b3b3b39,66359d4f,f6b0f1c0,708fd580,034d5002,09237912,50a41601,76cbe174,fc9e0f04,93be621a,5d5733ad,cd9c73df,94b05d44,9762d059,405d4257,950270d7,702e331c,70823eaa,daf56fb3,060f8f36,bb1a29f4,56638432,2b438d00,2bd5f7fe,95ee8dfe,d02acf3d,4b14a013,52d6f1b8,b4c59a3a,9c2397c2,6049d326,0aee9e47,5917cecc,6ee3cd6f,a3f29c27
8d710860	ddcece67,f56d6ea5,28283ecd,024bc393,e9204954,ee9d6056,515f8f3d
8d74599d	4497a02c,9c0300b1,ed4381f2,a43458d9
8d751933	b8d3ec3d,f5ff1be2,efe3034b
8d75ef8e	48c9f056,2d274c22,685b5567
8d798786	9e47592c,164c4c5a,b71d1021,662a7335,83e521bd,a8f9f287,804ed8a3,4a57babb
8d79b4bc	52ce7370
8d7ddad1	52ce7370
8d858ea9	4497a02c,9c0300b1,ed4381f2,a43458d9
8d890f95	b8d3ec3d,f5ff1be2,efe3034b,5a1ad641,e4660c67,0128fb17,7811e163
8d8939e0	39694c69,53536c60
8d8a65eb	52ce7370
8d8e415c	b8d3ec3d,f5ff1be2,efe3034b
8d8ef51a	57008587,02bc242a,d948bc4d,e65e49d2,7f0e8906,ac9a614b
8d8f9b0b	39694c69,53536c60,ed4381f2,a43458d9,1c93d9d3,f5216bcf,c602a40d,ae8834fb,91fa17ab
8d8fdcb9	39694c69,57d7e3c7
8d9187da	b43ddb43
8da014a2	39694c69
8da1ece4	50be0045,c0908142,0574faf5,7a6a0c16,df9139c8,34df3df1
8da2d1f4	52ce7370
8da44941	15fb736f,192bfbf9,aeef5f48,6742d96d,28d2b4d5
8da96b19	39694c69,f93b7ad5,96b5162f,7f880865,27cca8c2,8df62134,572fc984,af403d4d,dddbd028,4b971e6b
8daab8a6	52ce7370
8dabfcf1	39694c69
8dabfdbc	39694c69,6e022dba,b8721088
8dad1728	6e64d4cc
8dae0f21	b13d8d5a,0effbb36,7ed99623,c3083e26,a5348d95,d3a94fd5,c84fec06,6643dc85,d5bcdaa5,0851db84,efa03eb6,a6d42fb9,3d1b23ec,e5fc8b99,6503dca4,fc1231c1,607346d8,4ce12638,84617350,0ded62b9,ed1e4b63,550cf92b,24c96d95,d2f275b4,07df2955,eeed67ff,7a90bb79,2f938463,f7ab90a9,b00e0348,5e755aeb,19ada27b,cf12451f,e333d4d4,f215ebd8,18d0110b,f510f834,6de4263d,2cecd400,e1f2977a,2782adad,936f8ac4,e3484b5e,aeeebf73,7102415f,f6337574
8daf33e0	bd166607,ff9238ad,b3e3d7c0,a04b612b,05785924,a1dfa20a,ad59e633,3bd17988,d92bbf1c,9818fd56,91c825a9,a9c6f08b,9a03da80
8daf542c	3296fc12,5e580707,d4e0dd4d,92202a7e,688c3481,03fcd3a3,736dddbb,56dccd94
8db467a3	52ce7370
8db5eaf9	4497a02c,9c0300b1,ed4381f2,a43458d9
8db615af	52ce7370
8db8db92	52ce7370
8dbb5cfc	4497a02c,53536c60
8dbc2fa1	75baa064,4b971e6b
08dbed8c	a4f1a6c6,358e4e85,6ba51265,424a544a
8dbf859f	39694c69
8dc884a4	52ce7370
8dc8a9e9	52ce7370
8dc9e7b2	4497a02c,9c0300b1,ed4381f2,a43458d9
8dcdc564	bcf6bc33
8dce8b01	4497a02c,9c0300b1,6fabfe49
8dd6baed	52ce7370
8dd821de	d57f6a90
8ddbfb6d	46acd410,95337b57,b5bab095,b72d2da1,3575927e,eadee9e3
8de00ff4	39694c69,a93ac93f,e8e40444,ecd51e0e,280ed59e
8de082d4	52ce7370
8de4a9e3	1812dfc6
8de78b5b	52ce7370
8de95a90	a4f1a6c6,358e4e85,6ba51265,424a544a
8deffa5e	52ce7370
8df25479	39694c69,53536c60,ed4381f2,a43458d9,1c93d9d3,f5216bcf,c602a40d,ae8834fb,91fa17ab,111e88f1
8df6df78	bcf6bc33
8df8bc7a	dee65538,b846a154,0e0dfee5,96852e56,d6888945,ed96ebd0,79fa8d00,1ad76ed6,3d1aa23b,d4e7dc04
8e03f3d1	52ce7370
8e0928de	4497a02c,9c0300b1,ed4381f2,a43458d9
8e0e36c3	52ce7370
8e0ea981	8d909566,6a243c86
8e13221a	52ce7370
8e13dd13	152e9eec,7d59d9b8,6519f22c,ab78b87d,39572fa0,9449ec6c
8e1b6b3a	39694c69,c4900cb3,38e07240,b765fe04
8e218f95	52ce7370
8e231eb7	39694c69,695a3627
8e23c05c	39694c69
8e26240e	39694c69,53536c60
8e267bc2	52ce7370
8e26c023	52ce7370
8e2de5a4	52ce7370
8e2e618a	d8f0d91f
8e36aa53	52ce7370
8e38e010	39694c69,53536c60
8e3b4e4e	52ce7370
8e429fc0	52ce7370
8e45123e	4497a02c,53536c60
8e4536b2	52ce7370
08e47234	52ce7370
8e4728d3	52ce7370
8e483858	156ef672
8e4d5b79	95f30b3f,96158d04,3ede8fd2
8e5899d1	39694c69
8e5a0946	02efbcbe,bbd8afce,63b81070,b57a90e2,137cbeb3
8e5a9685	52ce7370
8e5b3b2a	a8bda540,4365d1d1
8e5e4b5c	1b5a30c0,688fbadb
8e60a259	fd8c731e
8e65badd	a4f1a6c6,358e4e85,6ba51265,a23a4c9d,2bcf1fa4
8e660bb5	39694c69
8e66242f	52ce7370
8e6ebc56	2bccc52a,7cb6d3e4,67710d43,43545339,a70a7df7,c49536f7,c1b7750e,86383b43,39713ecf,7f95158b,612b99dd,f51376a7
8e70050c	b8d3ec3d,f5ff1be2,efe3034b
8e72905a	52ce7370
8e7b459d	7dfacc0f
08e7b847	a4f1a6c6,358e4e85,6ba51265,424a544a
08e7c10f	a4f1a6c6,358e4e85,6ba51265,424a544a
8e7ccb15	52ce7370
8e840076	39694c69,f6f386f7
08e877a9	4497a02c,9c0300b1,ed4381f2,a43458d9
8e884b8d	52ce7370
8e88d9f1	4497a02c,9c0300b1
8e8e0d1e	52ce7370
008e8f3b	39694c69,be1b9c94
8e8f670b	693cf2fb,0df687c1,ba93dff3,42083610,2184cb5a
8e99dc4d	bcf6bc33
8e9c4c03	507cf6b7,81bd39e5,3423df54,395070f0,702d7cc1,7520419a,aa8c11d3,e29fe5c2
8e9c966c	52ce7370
08e9fc2e	6bed8eea,f1f7d15d,2cf2b0f0,0cf3b8bf
8ea2cc97	4497a02c,9c0300b1,ed4381f2,a43458d9
8ea30516	39694c69,63e23113,b2dba8aa
8ea5f1ab	81b8c4de,dee65538,910d7fa4
8ea8ae0c	52ce7370
8eb0a08e	39694c69,53536c60,ed4381f2,a43458d9,1c93d9d3,f5216bcf,c602a40d,ae8834fb,91fa17ab,111e88f1,89f6f8a5,4ebd1bb2,4b8a0cef,d89abf3a,7c564be4,fcf1f8c5,472143bf,81d269f1,445ee13f,4bfb77d1,604cb8a8,4d525275,1b332a89,10fded56,f2564478,2fd57652,8aab7e64,65bd861b,e51224df,0b3b3b39,66359d4f,f6b0f1c0,708fd580,034d5002,09237912,50a41601,76cbe174,fc9e0f04,93be621a,5d5733ad,cd9c73df,94b05d44,9762d059,405d4257,950270d7,702e331c,70823eaa,daf56fb3,060f8f36,bb1a29f4,56638432,2b438d00,2bd5f7fe,95ee8dfe,d02acf3d,4b14a013,52d6f1b8,b4c59a3a,9c2397c2,6049d326,0aee9e47,5917cecc,6ee3cd6f,a3f29c27,a19c769f,e1759237,26d875d0,a6f8571a,537df9d7,c200c181,3c1b2601,184e2362,b58c4b95,906164f9,b6394a5d,364ef38a,bfbc3131,9a3d6880,2df3b4fa,acb06c15,9068b149,8f7cac60,b56d9714,862f6f6f,3c733797,8a7aa776,93df5feb,98adf974,6449cdda,d7ccd848,5c662a54,726c2c55,3d034923,4f2692d2,26f469a5,76309fab,81acff2d,dfdfb862,e4a0a063,b94bf80f,b3d640f1,923fff04,5a13cec6
8eb0c4d3	b8d3ec3d,f5ff1be2,efe3034b,830e9752
8eb58621	4497a02c,9c0300b1,042c7dbc,7a464285
8eb6c53a	39694c69,0a994518
8eb7d155	5f00dfd4,bd4c9209,523c8ecb,2b36b77e,424ee5cb,e2ebaeae
8eb91800	9a9d5b6e,de9ad6e8,3767a31b,f1126b33,b8b3f39c,703bceee,ddbdd602,6c784816,0b207afd,f24f480f,f3c7ff41,99bc0fa5,5cad2886,9d0aac22,5371d475,c2a6310f,2a49c79e,8a143b7c,bb19c2df,32d397eb,ceff2907,4e1e170a,3885f7af,ac44dd0d
8eb9592f	43a8554b
8ebbbcb0	52ce7370
8ebd221d	af485d0f,b280aab0
008ebf83	39694c69,f93b7ad5,96b5162f,7f880865,27cca8c2,8df62134,572fc984,af403d4d,dddbd028,4b971e6b
8ec5c905	4497a02c,9c0300b1,6d2c033c,a8c9faf0
8ec7e61a	ce8d61fb
8eca830c	39694c69,c7fb2350
8ecc4299	52ce7370
8ecedb3e	d74ebeed,d912005b,be26e42f,a4844210
8edaccfa	39694c69
8edd080f	ef10b158,dc99844e,f40ddfb3
8edddf15	39694c69
8ee03379	39694c69,53536c60,ed4381f2,a43458d9,1c93d9d3,f5216bcf,c602a40d,ae8834fb,91fa17ab,111e88f1,89f6f8a5,4ebd1bb2,4b8a0cef,d89abf3a,7c564be4,fcf1f8c5,472143bf,81d269f1,445ee13f,4bfb77d1,604cb8a8,4d525275,1b332a89,10fded56,f2564478,2fd57652,8aab7e64,65bd861b,e51224df,0b3b3b39,66359d4f,f6b0f1c0,708fd580,034d5002,09237912,50a41601,76cbe174,fc9e0f04,93be621a,5d5733ad,cd9c73df,94b05d44,9762d059,405d4257,950270d7,702e331c,70823eaa,daf56fb3,060f8f36,bb1a29f4,56638432,2b438d00,2bd5f7fe,95ee8dfe
8eecfa3e	b8d3ec3d,f5ff1be2,efe3034b,5a9e9b5a
8eed88ea	39694c69,aae47be5,ed4381f2,a43458d9,1c93d9d3,b8d1dd37,86fb4f7e,8c4efec2
8eee65ec	52ce7370
8ef03cce	8e7b6f79,ded3f2c2,908c1738
08ef57cc	3169e335,6c85c2f3,075076c5,8e00a416,0090bc9b,d5ec277b,2df1a53d,a0eb2621,3b3300d5,972c6c5b
8ef7c38b	52ce7370
8efb6d59	52ce7370
8efbdb93	bcf6bc33
8efdb8aa	39694c69
8eff578d	39694c69,53536c60,ed4381f2,a43458d9,1c93d9d3,f5216bcf
8effc77e	321325f3
8f03a734	152e9eec,7d59d9b8,6519f22c,ab78b87d,39572fa0,9449ec6c
8f0490bf	52ce7370
08f08aa3	b8d3ec3d,f5ff1be2,efe3034b
08f0a4b8	a4f1a6c6,358e4e85,6ba51265
8f0c87cb	397f16be,0a84d106
8f0c940f	156ef672
8f0ebb2d	19df91a3,79bc1aa1,cb7b7504,d454474a,689b5772,c53f71f9,30c7c4c6,58348094,e199d68f
8f10b6de	4497a02c,9c0300b1,c8e54058
8f113869	39694c69
8f1414fd	4497a02c,9c0300b1,6d2c033c,493c2227
8f1a1005	39694c69
8f22eaaf	39694c69
8f271a40	bcf6bc33,fc5542a4,cc9d7b39,f59e6083,0fc6d44a,32071e86,d9fd5454,f8e2e331,4722a3a5,995a2a9f,517963a6,eae1b26d,663614cb,9f4754b6,de0447f4,d26b25a8,0313581d,6300e59e
8f29f16b	a4f1a6c6,358e4e85,6ba51265,424a544a
8f2bd75c	a66bb577
08f2bf0e	39694c69,ea480b6c,730e5bd6,baac5ead,56bcd153,329a4f6d,f48e0ca7,ab5a2566
8f2c5566	c11e81af
8f2f85b3	52ce7370
8f30d47a	39694c69,c7fb2350
08f33e23	4497a02c,9c0300b1,77c639b7,c015fc4b
8f34d38f	de5cbb69
8f35ed03	39694c69,715f240a,482ce9b0,1c8f1027,9ea6ecc3,22ada3b7
8f37e9c7	4497a02c,9c0300b1
8f386fd6	ef10b158,ffaf1616
8f3a7ff7	52ce7370
8f3e3afa	52ce7370
8f428a2a	b8d3ec3d,f5ff1be2,efe3034b
8f42c736	52ce7370
8f4a1ec8	4ef9494e,9b2ee7f8
8f4a2073	c52ad410,277157e1
8f4e3b4f	52ce7370
8f4eabfe	4497a02c,9c0300b1,ed9bfc62,548999e1
8f4fe7e4	52ce7370
8f5413f8	52ce7370
8f54cb31	39694c69,566a7e0e,ebb6651b,dcf0e26e,c0cf2ccb,0f89a09e,f6f2e7ca,1054b51c,82ba03b4,852f5e9b
8f55c5be	4497a02c,f1551f13
08f566de	52ce7370
8f58816c	4497a02c,9c0300b1,ed4381f2,a43458d9
8f5ae0d0	39694c69,53536c60
8f5b9e76	33ad1c4b,b0c9ef51,8d981a4b
8f5bdccc	39694c69,aae47be5,ed4381f2,a43458d9,1c93d9d3,b8d1dd37,86fb4f7e,8c4efec2,8da153ba
8f5c22b8	39694c69,82e2308c,e26a58fd,9317a703
8f5e75bb	e3311bf1,9bb51bb9,3ed623fb
8f63ba91	b8d3ec3d,f5ff1be2,efe3034b
8f666463	b8d3ec3d,f5ff1be2,efe3034b,c31c8367,de118265,c82287da,87c91ece
8f666530	bedd91a7,6d1d43cc
8f668b3e	a4f1a6c6,358e4e85,6ba51265,424a544a
8f6840dc	b43ddb43,98b8134d,c7fb2350
8f6fcffb	a4f1a6c6,358e4e85,6ba51265
8f77b6d1	52ce7370
8f7ce702	98b8134d,430bc704,a134b423,6071b598
8f7e46c6	52ce7370
8f7f2158	b8d3ec3d,f5ff1be2,efe3034b,57c26845
8f8901eb	738e440a,efc579ae,75e87321,9067f1a6
8f8eb7fa	adcb8e35,1b24f4b8
8f8f4caa	ede44e83,de118265,3bf60929
8f97662e	dee65538,53014ee9
8f99bbea	639c7070,ef46bbd3,cb433269,3637fcbc,960e5a31
8f9ba4ad	39694c69,53536c60,ed4381f2,a43458d9,7e1410de,1c1b28be,868b6bea,85d8edac,f61479c5,9b67dbed,5b6f1416,ea39b918,688f13ed,8c245815,9eaf5e7f
8f9cac52	861ab707
8f9f8b3e	39694c69,1167c7af,1b337e96,de5cbb69,039afd03,2f2d6fd5,f133c7e1,538fc998
8fa0284b	1b5a30c0,bcf6bc33,6d115488,b28e2e4e
8fa1574d	0fe0e187
8fa5f81e	39694c69,53536c60,ed4381f2,a43458d9,1c93d9d3,f5216bcf,c602a40d,ae8834fb,91fa17ab,111e88f1,89f6f8a5,4ebd1bb2,4b8a0cef,d89abf3a,7c564be4,fcf1f8c5,472143bf
8fa6ba0a	1abfb05d,6a4f57e3,9283d7bf,91a6c784,ab569de3,8ce7876e
8facf8e6	fb8f26ea,8d65feca
8fb3a86b	bedd91a7,6d1d43cc
8fbafe50	5fc0aae4,137cbeb3,6f9ab57f,8b50786c,3a79eead,7cfc913b,1c3d3222
8fc6cf4e	21fa2923,2c79bec9,38e2bd1b,1375f5b4
8fd09dde	0564ccc6
8fdd16ed	b8d3ec3d,f5ff1be2,efe3034b
8fdefc25	b8d3ec3d,f5ff1be2,efe3034b,9b896075
8fdf3436	08245bdc,9aa6670c,1fd3a31b,2ad39ee9,b9b57c94
8fe61e57	73175345,8d466290
8fe6c769	f23b39bb
8fea8040	d2f6c060,c88fade6,f408b140,5f00058f,9ad99593,7da1c31a,d0987e21,7ee7c436,2673f3e4,8dc42148,6847f756,6a445216,93a8c8d6,9546c35a,8a35f9c6,0b6cfb6b
8feadddd	a4f1a6c6,358e4e85,6ba51265,424a544a
8feb71d3	52ce7370
8ff1df05	39694c69
8ff87d51	4d03ed50
8ff98934	569aeac3,0c6023ee,fd8c731e
8ffbabeb	fd8d8e11
8ffdfb5d	52ce7370
08ffe597	f3d4d3f7
9000c305	39694c69,adb1e32d
9001aa24	39694c69,e5a53998,c4848139,57d7e3c7
90023e58	52ce7370
90035a32	39694c69,53536c60,ed4381f2,a43458d9,1c93d9d3,f5216bcf,c602a40d,ae8834fb,91fa17ab
90045d60	8b46b142,3f5e9cd0,1a8121e9,dcee1299
900683ce	e0fdb83a
90079fdc	a0b0ddc9
90080d39	52ce7370
900b2b7e	d724a18f
90115e0a	39694c69,fc56ce85,0163b10f
9014cc66	52ce7370
901844cd	4497a02c,9c0300b1,3a9548c0,956de8db,d74ebeed,ca00d222
0901b401	69dbae94,98b8134d,920a5366,0385f7a7
901e5238	39694c69
901f9269	156ef672
0902079d	39694c69,2724536b
902141de	52ce7370
9023fb73	52ce7370
90339e5b	39694c69,53536c60,ed4381f2,a43458d9,1c93d9d3,f5216bcf,c602a40d,ae8834fb,91fa17ab,111e88f1,89f6f8a5,4ebd1bb2
0903403d	52ce7370
9037e305	16ec1a76,7dfacc0f
903a5bfc	d538cf84,8c8d39fa
903b8559	52ce7370
903c00be	0ae0d404
903d6ae0	4497a02c,9c0300b1
9043cac9	52ce7370
904410d7	52ce7370
90447127	4497a02c,51d4b5c2,6de28597,8c5ff96d,570b2e86,bab10ea0,b5d4cdf7,877b7656
9044bd44	4497a02c,9c0300b1,26c86349
904a21ac	50f0ac7e,bef418b5,9821ebb0
904bef22	a4f1a6c6,358e4e85,6ba51265,424a544a
904eb923	39694c69,53536c60,ed4381f2,a43458d9,1c93d9d3,f5216bcf,c602a40d,ae8834fb,91fa17ab,111e88f1,89f6f8a5,4ebd1bb2,4b8a0cef,d89abf3a
90543fad	52ce7370
905a170b	52ce7370
9060e354	5eae9118,7979f110
906378b9	a4f1a6c6,358e4e85,6ba51265,424a544a
90656282	b5e52ac1,546e94ea,05197ee4
906691d9	52ce7370
906f871d	5b673006,9af25f26,30b0f633
90734cd2	4497a02c,9c0300b1
90750440	52ce7370
907aa1d8	7f40f910,5dfb76b8,7ee2d35a,20414b0f,d91daaa7,3fad53fd,bea6908e,5ac6a16d,ee853cd7,3f94f864,97cc9a66,8a7f66c8,ef492635,df063e0a
907c6d23	1c3d3222,cd8935de
907d069d	bcf6bc33
907d22b6	52ce7370
9082c452	39694c69,53536c60,ed4381f2,a43458d9,1c93d9d3,f5216bcf,c602a40d,ae8834fb,91fa17ab,111e88f1,89f6f8a5,4ebd1bb2,4b8a0cef,d89abf3a,7c564be4,fcf1f8c5,472143bf,81d269f1,445ee13f,4bfb77d1,604cb8a8,4d525275,1b332a89,10fded56,f2564478,2fd57652,8aab7e64,65bd861b,e51224df,0b3b3b39,66359d4f,f6b0f1c0,708fd580,034d5002,09237912,50a41601,76cbe174,fc9e0f04,93be621a,5d5733ad,cd9c73df
9087ef1c	bcf6bc33
09088c54	39694c69,11094404
90908227	52ce7370
9091a218	a4f1a6c6,358e4e85,6ba51265
9099dc8a	b8d3ec3d,f5ff1be2,efe3034b
9099fb51	52ce7370
909adbba	39694c69
909b338a	a4f1a6c6,358e4e85,6ba51265,424a544a
909d1aeb	4497a02c,9c0300b1,cb952221,55dca937
90a36586	4497a02c,9c0300b1
90a77ea8	52ce7370
90a9ed73	39694c69,53536c60,ed4381f2
90adb0a3	52ce7370
90adda0a	c52ad410,57d7e3c7
90ae85a3	b8d3ec3d,f5ff1be2,efe3034b
90b9ea75	4497a02c,9c0300b1,ef01cc49,2808fd37
90c16ebf	4497a02c,f1551f13
90c24702	22183874,d74ebeed,b3c768ec,12071db6,3512f1ef
90cc5106	52ce7370
90d2e03d	bcf6bc33
90d50495	94393069,861ab707
090db3da	2996021e
90e513e2	4497a02c,f1551f13
90e61cd1	52ce7370
90e8c606	39694c69,da3dbe0a,22dc1769,1f8eb60a,0dd55d9f,653b0652
90ed3889	152b5c4c
90ee2625	a4f1a6c6,358e4e85,6ba51265,a23a4c9d,2bcf1fa4
90f0d349	e07c549c,3f0ba93e,a599f130,fa39a700
90f140a1	4497a02c,9c0300b1,ed4381f2,a43458d9,5ad4a1d7,23ff0e83,af1b9cca,74077bc9,1b310776,3c9c02d6
90f455d6	d645ea39,4a078c58,3a0088d2,df7cd039,fcb7d4fb,696f2ab8
90f4ea82	a4f1a6c6,358e4e85,6ba51265
90f5716d	52ce7370
90fa86d7	ef10b158,3054b995,dbf77cb0,29c8d29e
90fa9909	f41b94df,ca84df0e
90fd9154	52ce7370
91025d5e	9deb246d,5e9b4bae,ff3aba1b,633a5c3f
91034324	39694c69
91074eb7	72e1d238,26dc17ff
91079892	6a5f7b87,fb0ec04f
910cc383	4497a02c,9c0300b1
910ec4d8	39694c69,cfb8cd6b
91125c79	4497a02c,f1551f13
91165944	bf95c0c6
911ad269	b8d3ec3d,f5ff1be2,efe3034b
912682d9	39694c69,4fda7b1a,9772041f,f3f95702,24ac6321,975fd15e,a883467f,c8c24d0e,e5b26dd8,bfc12f53,958ba245,1ef5528d,43f5887b,7b2bbf40,7647a86a,9aee50be
912952ab	b8d3ec3d,f5ff1be2,efe3034b
912ab303	94393069,861ab707
912b2025	52ce7370
912d1bcc	4497a02c,9c0300b1,391f5448,2cb45dbe
912d3907	639c7070,ef46bbd3,cb433269
912f280f	52ce7370
9138a53a	4497a02c,9c0300b1
913a178e	52ce7370
913bcd5e	52ce7370
9140c16e	4497a02c,3c463e8b,081b6429
91439dee	4c68bb1c,820852da
9144aac5	4497a02c,9c0300b1,27451c69,3087a1bb
09144aeb	63a587b4,d17ed024,00b4a4bb
91482a63	9deb246d,bf5e738b,41541a54,0dd10c61,da00b45c,0e2d1628
9148daac	26f60148,8ae83578,32a918f5,fbae5936
914a5b82	39694c69,a24a0a2a
914cc9b2	52ce7370
914ebb15	52ce7370
0914ec65	39694c69,53536c60,ed4381f2
915021ce	52ce7370
9152b14a	c52ad410,8b50786c,468f58e7,640f27b0,f079c742,7452b382,aebf716e,269a4076,059f1977,2e9d6dc1
9155744c	39694c69,eb84c26d,16e1b462,b62f76aa,6f1011e7
9157a84d	39694c69
9158043f	9a9d5b6e
9158a6bc	94393069,861ab707
915d91ad	c52ad410,73575b41,cafdeaae,649ccb58,5fd6426a,b0995354,f3ad847d,41f8bb74
915d95b6	0f96078c,23817230
915fb8d2	4497a02c,9c0300b1,ed4381f2,a43458d9
91633f51	52ce7370
91635ca8	353208d5,92e1602b,54fc4cdd,7c918313
916b7a0f	9deb246d
916de275	1b5a30c0,1d9e32e9,0dbf7542,ed3dfd65,dd648d5a,1342e89b,895df14c,ce590c5b,da40ee98,e2ce176e,3042b911,3adae2af,7c17d13e,3e0b61a4,3654bc7e,89693b08,8f4e9a28,58d5c239
916e2037	52ce7370
916e4dff	39694c69,53536c60,ed4381f2,a43458d9,1c93d9d3,f5216bcf,c602a40d,ae8834fb,91fa17ab,111e88f1,89f6f8a5,4ebd1bb2,4b8a0cef,d89abf3a,7c564be4,fcf1f8c5,472143bf,81d269f1,445ee13f,4bfb77d1,604cb8a8,4d525275,1b332a89,10fded56,f2564478,2fd57652,8aab7e64,65bd861b,e51224df,0b3b3b39,66359d4f,f6b0f1c0,708fd580,034d5002,09237912,50a41601,76cbe174,fc9e0f04,93be621a,5d5733ad,cd9c73df,94b05d44,9762d059,405d4257,950270d7,702e331c,70823eaa,daf56fb3
917142ae	4497a02c,9c0300b1
91716eb9	2f1b4fbe
917c4788	0fbbe8cf,4e9fa078,e9c2bd30,b5bddf8f
917e3bf9	776a3b75,279ada1e
09181ac6	c15f7bcd
918730f8	09904d4b,1436e37d,31b417ce,0f9617ba
918e0c31	0a1020e7
9192fc63	52ce7370
9195b60a	4497a02c,9c0300b1
919fdd9d	edb06294,790a9d22,9de236a8,e16b6d1b,e3b1e16a,c7d36c17,d5d05217,e0b6bbb6,1a8bb6f5,7bbdd4d0
91a1d816	39694c69,f93b7ad5,96b5162f,7f880865,27cca8c2,8df62134,572fc984,af403d4d,dddbd028,4b971e6b
91a687e9	52ce7370
91a72551	4497a02c,9c0300b1,aaa4a23d,6d2c033c
91a75dfe	52ce7370
91a8d9c8	39694c69,1f5f1e96
91a9dacc	3d04f2fd,f30ea0fa,a9e2a2a2,eea94e37
91af06d0	39694c69,53536c60,ed4381f2,a43458d9,1c93d9d3,f5216bcf,c602a40d,ae8834fb,91fa17ab,111e88f1,89f6f8a5,4ebd1bb2,4b8a0cef,d89abf3a,7c564be4,fcf1f8c5,472143bf,81d269f1,445ee13f,4bfb77d1,604cb8a8,4d525275,1b332a89,10fded56,f2564478,2fd57652,8aab7e64
91b0fe7b	bcf6bc33,2d931ad5,6c48d59a,2580360d,1858b972,d6aecd31,56b20f2a,35a2d142,e49f4f33,d7c11f70,7e742c22,10a438e9,d5e4accd
91b4a48b	bcf6bc33
91b52417	adcb8e35
91b709c7	52ce7370
91b79d15	8d909566,d6a03509,fe5d0668,63d101fc,5f6f4427,e3568365
91bd1782	b8d3ec3d,f5ff1be2,efe3034b,4d4e2567
91c2f74c	4497a02c,9c0300b1
91c45e93	39694c69,2c901f19,45844ca9,8b1e60fb,73b61c3b,de5cbb69,2247a7ad,f2d6b646,df755fc4
91c4b17e	3c1bcd65
91c88603	39694c69,53536c60
91cbad25	52ce7370
91ccdf3f	52fd1b02,df4cec77,165515bc,50b1ae4c,9b5c5adf,344ddfa5,613d39e7,82e1baee,3289a0ee,a2d1bbe7,203f5506,7a310b6e,ba701c38
91cec035	7f4422ac,c626ae1a,f447fe90,b43a0b90,640ba472
91cf3741	c6d6d40b
91d53f2b	52ce7370
91d65de5	39694c69,53536c60
91d9a991	52ce7370
91d9cdd9	39694c69
91da9517	bcf6bc33,c27923b2
091e0097	52ce7370
91e2d22a	1126d489
91e4d1a3	52ce7370
91e4e3b1	a4f1a6c6,358e4e85,6ba51265,424a544a
91eb67c4	9cb6d969,e2ebaeae
91f4a0f3	52ce7370
91f75117	52ce7370
9202637d	4497a02c,f1551f13
9208096b	52ce7370
09208647	9a9d5b6e,de9ad6e8,f4609c8e,7495d2bb,85c6a0c0,72157926,ef1a49a4,e1434e38,d70fbe1d,591a6c26,1c52d2bc,ba033976,b77f4111,b0dc2983,cd2bd923,b8e3d78c,f9a18e44,3035b737,28a97758,2f04c19c
920a6e0a	bcf6bc33
920c7354	52ce7370
9211917b	b8d3ec3d,f5ff1be2,efe3034b
9214f5f1	c52ad410,fb629045,69dfb8ce,9bdeb816,46747927,bb1385a4,f28dae3e,bd0ae48d,622e64d2,fa780c10,9d52a066,096e3c87,96060714,20a21f36,736dc35d,b24a475a,8acda39c,e7209a65,673faebb,732baa56,1a2c86d0,f5d3bc9d,2081284d
92176dff	363013e0
921a166d	52ce7370
921a960e	a438b92e
921b0080	39694c69,53536c60,ed4381f2,a43458d9,1c93d9d3,f5216bcf,c602a40d,ae8834fb,91fa17ab,111e88f1,89f6f8a5,4ebd1bb2,4b8a0cef,d89abf3a,7c564be4,fcf1f8c5,472143bf
921d54d5	a4f1a6c6,358e4e85,6ba51265,424a544a
921de33a	34ee20f4
92224b54	e9fe44fa,a23af12f,8805c10f,9682405a,e53e98f1,5332c3b9,be04cb1e,78f3c4bf,f02e1993,38982df3,5d4e7b96,09263353,add6fedd,c3890856,fec89fde,58c66357,576dd233,7330adb1,1bc56cfe,f6399b39,a5ccf0e4,901824bf,07ff9b1b,319177b3,a9681859,cc35db06,6ae7242d,99ee9dd9,2f31af1f,c6d42a32,3ebe0469,7b0e3a44,01ffc8c1,061b1864,0cd341a0,d9645c85,34258cde,83c02bb5,9665e269,f97e6337,a13ecc19,6d416e55,48d1b443,7280be39,e2d53b14,221440f4,8c726352,dc883992,c33b02dd,22b2aafe,6e658076,ff1b38f8,c3f4d793
92226810	52ce7370
9223e3e7	52ce7370
9226bda7	e88fbf1c
9228ae5a	c52ad410,74077bc9,43a8554b,1d446e90
922b6e92	b8d3ec3d,f5ff1be2,efe3034b,07f9e47f
922bd037	39694c69,42af22df,de5cbb69
922fb691	4497a02c,9c0300b1,74077bc9
92335c80	bcf6bc33
9233c4b9	a2d1401e,429fe0a0
0923e56b	b8d3ec3d,f5ff1be2,efe3034b
92470294	39a2d78e,0327223f,a4d68992,781ee97a,45157494,b06e3393,abd44b49,e3f7a5ec,515f71a6,9eace139,a3d96e3c,d2764a05,4c5f732d
9248f4c7	5f1deaf8,f95a6989
924d727d	7f942018,2b36b77e
924f847b	4497a02c,9c0300b1,2185a077,4a733b64
924f8560	8b98a42b
925121ba	de93031c
9254722b	c1c2a554
9255feec	ef5095c4,9b755684,466d7535,f61069d0,12731e6a,46c993ad,5b673006
9259c7eb	70f7efbb,1be8b9bd,b9034f88,a5c799a1,1b89a020,03a78b72,550c74b4,e0c7b5eb,235d55eb,d99ecc13,7c797e59
9259cd7f	4497a02c,f1551f13
925d0441	2113ce38,0d75535b,37313dad,212e835f,4269bb4a,efa938d5
925e7acd	10208a8f,95bbbf7e,e3b7bfec,9916e970,f48e0ca7,e5982106,b3dd1e11
925f8a18	4497a02c,9c0300b1,6d2c033c
926323e7	52ce7370
92658d66	639c7070,ef46bbd3,cb433269
9268a6ab	52ce7370
926aa76f	1b5a30c0,61e9ffe3,bb97a5da,86afe5de,fb50b8a7,8f9d40c2,cda522ce
926b5674	52ce7370
926cf6c0	52ce7370
9270945e	900063c3,697c2bbb,fd1ba07f
92746749	4497a02c,9c0300b1
09278710	52ce7370
92793294	ef10b158,db489809
927add0b	4497a02c,9c0300b1,ed4381f2
9287e559	37f25bb2,5ad85b72,21fa5d2d,745ee975
92884c72	ba644e2a,dba99a7e,e8ca1dc7,4e9a4327,8ffc6982,d6d6a63f,52b3edee,95bbbf7e,fc958e6a,f5a98fc4,df8cb10f,cf091af2,b6372dcd,baf799f0,14febce6,7971b3d9,5f8ab1a6,1f5440b8,82a49220,ed177d3c
928b4921	a4f1a6c6,358e4e85,6ba51265,424a544a
928cdd15	bcf6bc33,fc5542a4,cc9d7b39,dcc919db,2b36b77e
928d7df4	e9fe44fa,a23af12f,8805c10f,9682405a,e53e98f1,5332c3b9,be04cb1e,78f3c4bf,f02e1993,38982df3,5d4e7b96,09263353,add6fedd,c3890856,fec89fde,58c66357,576dd233,7330adb1,1bc56cfe,f6399b39,a5ccf0e4,901824bf,07ff9b1b,319177b3,a9681859,cc35db06,6ae7242d,99ee9dd9,2f31af1f,c6d42a32,3ebe0469,7b0e3a44,01ffc8c1,061b1864,0cd341a0,d9645c85,34258cde,83c02bb5,9665e269,f97e6337,a13ecc19,6d416e55,48d1b443,7280be39,e2d53b14,221440f4,8c726352,dc883992,c33b02dd,22b2aafe,6e658076,ff1b38f8,c3f4d793,34a51810,13792ec7,c0cb69a4,0a97fbdf,a61e84cf,5acf0b69,33c7ac88,722256d7,472af87d,235e3c61,7d0a935a,7abe466f,0d463fb8,10ee47b3,47d1cb8e,4314ffa7,358e642b,a5b60557,71d3387a
928f30a6	156ef672
92908a47	39694c69,53536c60,ed4381f2,c95ad5bc
92915cba	d87ff9d1,c4119388
929824a2	39694c69,53536c60,ed4381f2,a43458d9,1c93d9d3,f5216bcf,c602a40d,ae8834fb,91fa17ab,111e88f1,89f6f8a5,4ebd1bb2,4b8a0cef,d89abf3a,7c564be4,fcf1f8c5,472143bf,81d269f1,445ee13f,4bfb77d1,604cb8a8,4d525275,1b332a89,10fded56,f2564478,2fd57652,8aab7e64,65bd861b,e51224df,0b3b3b39,66359d4f,f6b0f1c0,708fd580
929a9d79	4497a02c,f1551f13
92a48054	012dbe79,a316fe77,7f4422ac,6d1d931a
92aaf9c6	bcf6bc33
92ac2ffe	52ce7370
92b25397	4497a02c,9c0300b1
92b46443	b3b3f915,861ab707
92b4d30c	222f3cd6,06c56270,951fac84,fc93512c,23ddea18
92b5d078	4497a02c,9c0300b1,ed4381f2,a43458d9
92b96fff	52ce7370
92bdf2cd	39694c69,53536c60,ed4381f2,a43458d9,1c93d9d3,f5216bcf,c602a40d,ae8834fb,91fa17ab,111e88f1
92c25096	a4f1a6c6,358e4e85,6ba51265,424a544a
92c721a2	5a1ad641,e4660c67,0128fb17,7811e163,ac00bd22
92c77be6	668e7bca
92cb777a	39694c69,d2e46478
92ccd85a	bcf6bc33
92d721d0	52ce7370
92d77f18	77887c5d,712fd4f4
92d87456	a4f1a6c6,358e4e85,6ba51265,424a544a
92da39b1	52ce7370
92da6922	3031ff65,5f8cfe13,f6d65369,65775b25,5c33738b
92dd8014	52ce7370
92e31542	39694c69,53536c60,ed4381f2
92e329f5	3e516c2d,f00b73ad
092e403c	4497a02c,f1551f13
92e91f08	a4f1a6c6,358e4e85,6ba51265,424a544a
92eb34e1	4497a02c,9c0300b1
92eeba77	52ce7370
92ef79ff	52ce7370
92f6a291	5846f0fa,942c7620
92f6a459	b8d3ec3d,f5ff1be2,efe3034b,a5802738,137cbeb3
92fa7178	39694c69,53536c60,ed4381f2
92fbfd08	61642db6,17064aa4,9e6b7daf,e88fbf1c
93044197	4faa3af4
930b77ad	65f8661e,07043f82,cf3d9e3c,a03d3ae1,a8a62571,5d368ecb,2cb6f5e5,717d1f07
930d3b41	39694c69,f139013a,122a2e15
930d897a	22183874,d74ebeed,b3c768ec,12071db6,3512f1ef
0930db85	39694c69,7eddaefe,35f35a62,d028f1a9,bebc48fe,f22202a0,1f46c0a0,e12f2456,307ceb69,6a2caf36,764fb117,40e50d9d
9314361f	39694c69,53536c60
9319306a	39694c69,b6c2dda7
931a20e1	39694c69,08e6c760,750e1d42
931b6582	4e99ac07
931be015	52ce7370
0931f4f4	39694c69,6282b804,d068dcd5,b0000daa,3c894c0f,f632489f,17683f34,e286c148
9323b439	bcf6bc33
932acceb	52ce7370
932f1a4e	52ce7370
9332aa10	f505e807,7771692a
9337e462	16ec1a76,3177e851
9338545c	f59e6083
933c3e98	28a79f82,ae1abb16
933c6545	3cdf2542,2d9cf49f,4b06f012
9340f02e	b8d3ec3d,f5ff1be2,efe3034b
93417e29	39694c69,53536c60,ed4381f2,a43458d9,1c93d9d3
9342ffd6	c2634932,84d7de94,8b1a8909
93457b41	4497a02c,f1551f13
9347ba6c	52ce7370
93512cd7	b8d3ec3d,f5ff1be2,efe3034b
93559941	1f2b6c85
93560e7a	4497a02c,c6f42859,0035c845,a43458d9,1c93d9d3
935a1bd8	9646943f
935a33c8	39694c69,53536c60,ed4381f2,a43458d9,1c93d9d3,f5216bcf,c602a40d
935f1dfe	a4f1a6c6,358e4e85,6ba51265
935f3b6c	52ce7370
935fb08a	4497a02c,9c0300b1,6d2c033c,0dd10c61
936236a6	c52ad410,c0409273,ec5561cf
93623f51	1e3bbce9,b83c1deb,8ce21c36,695a3627
936262cd	52ce7370
93681989	52ce7370
9368e4d2	861ab707
9369ab5c	39694c69
0936d988	9d492423,00cae2ca
09371fa1	a4f1a6c6,358e4e85,6ba51265,424a544a
9374dda6	39694c69
937521b9	b8d3ec3d,f5ff1be2,efe3034b
9375ebdd	52ce7370
93767143	4497a02c,9c0300b1
937837b5	6ab17819,88e97c41,83d32528,28fb8ee5,86807008,8b507e46
937b7430	4497a02c,9c0300b1,6d5d1e1a
937fd271	b2457bea
938141bc	39694c69,c7fb2350
93839e87	9b755684,311e04b5,466d7535,4d9411d6
9385e061	39694c69,f93b7ad5,96b5162f,7f880865,27cca8c2,8df62134,572fc984,af403d4d,dddbd028,4b971e6b
9386a446	efa938d5
938851cb	39694c69,be6deb47
938908fc	bcf6bc33
938b3daa	4497a02c,9c0300b1,fbf9cd00,8a35f9c6
938b49e5	b8d3ec3d,f5ff1be2,efe3034b,247b23a0
938f2847	39694c69,f93b7ad5,96b5162f,7f880865,27cca8c2,8df62134,572fc984,af403d4d,dddbd028,4b971e6b
938fbbdc	39694c69,c7fb2350
93965909	52ce7370
939b2666	52ce7370
93a131e0	52ce7370
93a18f18	639c7070,ef46bbd3,cb433269
93a3bf50	52ce7370
93a4485d	52ce7370
93a793a6	465660fd
93a79e0e	bcf6bc33,41a3979a
93b1fedc	c52ad410,57d7e3c7
93b34730	52ce7370
93b7befa	52ce7370
0093c2de	52ce7370
93c35fcf	52ce7370
93c72049	39694c69,53536c60,ed4381f2,a43458d9,1c93d9d3,f5216bcf,c602a40d,ae8834fb,91fa17ab,111e88f1,89f6f8a5,4ebd1bb2,4b8a0cef,d89abf3a,7c564be4
93c9e387	4497a02c,f1551f13
93ce78b3	52ce7370
93d0d6d1	16ec1a76,1912d01d
93d0d780	52ce7370
93d73a51	639c7070,ef46bbd3,cb433269,4fb18251
93da574f	4497a02c,9c0300b1,3d2965fe
93dd77ee	52ce7370
093de6c0	984bac0b,b8029dd1,80ae050e,a99f8f9a
93e06ba9	897e31b0,2b498348
93e5827b	4497a02c,9c0300b1,ed4381f2
93e6b8e9	52ce7370
93e80c7d	39694c69,52dd7c1c
93ea74ad	39694c69,3485907e
93ecf410	52ce7370
93ecfd1e	4497a02c,9c0300b1,5d13be6f,1fdb9175,485b8d8a,61c01e60
93ee7374	39694c69,53536c60,ed4381f2,a43458d9,1c93d9d3,f5216bcf,c602a40d,ae8834fb,91fa17ab,111e88f1
93ef7f5f	39694c69
93f36c49	39694c69,6ffa7bf4,97ed297c,de5cbb69
93f4dc2f	93895a50,d03b7c6c
93fc8c20	39694c69,53536c60,ed4381f2,a43458d9,1c93d9d3,f5216bcf,c602a40d,ae8834fb,91fa17ab,111e88f1,89f6f8a5,4ebd1bb2,4b8a0cef,d89abf3a,7c564be4,fcf1f8c5,472143bf,81d269f1,445ee13f,4bfb77d1,604cb8a8,4d525275,2ab616cb
93fdf87d	837dda49,416fe963,0f21f13b,1e933583,b1eb4e6b
0940189f	39694c69
94064882	39694c69,de5cbb69,a1e115fa
94069513	32508d87,dae35e4b
9414e1bc	353208d5,530839b2
09415ea5	5db7b8ed,a18088c3,d5c29bd3
094161bd	95f37768,aa2ab867,054f8e29
94185072	39694c69,e8e40444,9f0016c0,5f72e7b5
941c2ce7	52ce7370
941eece8	94393069,861ab707
941f6819	4497a02c,9c0300b1
09426b05	efa938d5
94283ded	95f37768,0dbca989
9429414e	39694c69
942b016a	bedd91a7,6d1d43cc
942dc53b	a4f1a6c6,358e4e85,6ba51265,424a544a
943349ae	4497a02c,9c0300b1,360c2f1e,2a1915f6
943365c7	54dbcc01,688fbadb
9435ee5f	de8c05e2,cb5e6973,76dea531,1434fd5a,ab266120
94432e62	94393069,861ab707
944e612d	efa938d5
945058e5	52ce7370
9458ebd6	3759709b,e0fdb83a,3dbbfe13
9464d0b0	a865e860
946602cc	52ce7370
94690823	b8d3ec3d,f5ff1be2,efe3034b
946dfdf3	e52c962a,9aea7962,d87ff9d1,4bc19c2f
946f2152	0fedbf9d
9472bcb1	4497a02c,9c0300b1,e540e967
94731c6d	39694c69,1e31872e,ed4b726d
9479d72a	52ce7370
9480c03b	52ce7370
9482dbcd	52ce7370
94862618	52ce7370
9487a314	52ce7370
9487de30	39694c69,b0712665,675672ff,40780052,8b042a4c,dec30233,00ef6313,f8722f18
948ceaa2	a4f1a6c6,358e4e85,424a544a
948e0846	c52ad410,90f6cc6a
949806cf	52ce7370
9499fdec	52ce7370
949ecdd3	cf32fe47,89230244
949f0e0f	d165dbda,ada30dad,4ad50419
949fddb7	c311c08f
94a4d606	5cf7b60f,bf1991cf
94a6eec7	f59e6083,806806e0,a6f6c935,cead23f5,ff18f864,fb396ef7,d44040da
94a7a1e4	52ce7370
94ad319f	39694c69
94b5cf96	39694c69
94bcf6e0	4497a02c,9c0300b1
94c29f95	4497a02c,f1551f13
094c36fb	edb06294,790a9d22,9de236a8,e16b6d1b,e3b1e16a,c7d36c17,d5d05217,e0b6bbb6,1a8bb6f5,7bbdd4d0,96167153
094c43e9	4eacf831,304cfb1a,34456c54
94c63a04	2bf151df,293802f9,42d537df
94c63a2b	adcb8e35,53536c60,ed4381f2,a43458d9,1c93d9d3,f5216bcf,c602a40d
94c641cc	39694c69,53536c60,ed4381f2,a43458d9,1c93d9d3,f5216bcf,c602a40d,ae8834fb,91fa17ab,111e88f1,89f6f8a5,4ebd1bb2,4b8a0cef,d89abf3a,7c564be4,fcf1f8c5,472143bf,81d269f1,445ee13f,4bfb77d1,604cb8a8,4d525275,1b332a89,10fded56,f2564478,2fd57652,8aab7e64
94c92ca9	b43ddb43,0857e41f,13697190
94c947d7	52ce7370
94c9b4c9	4497a02c,9c0300b1,74077bc9
94cbf92e	52ce7370
94d0f3c4	bedd91a7,6d1d43cc,4efa80dd
94d439fe	4497a02c,f1551f13
094d6b06	39694c69,f93b7ad5,96b5162f,7f880865,27cca8c2,8df62134,572fc984,af403d4d,dddbd028,4b971e6b
94d90f9f	52ce7370
94db0809	b8d3ec3d,f5ff1be2,efe3034b,f7aefbe4
94db4b07	9cb6d969,e2ebaeae
94ee58f3	4497a02c,9c0300b1
94f6d6ff	4497a02c,9c0300b1,6d2c033c,ed5d3c6a,7d1a5c88,6d850fa6,0dd10c61
94fb0bc1	5ed4d449,b464e45c
94fb5485	4497a02c,9c0300b1,908c1738,de8d377d
94fbf7fe	d48bb3cc
94fc5d6d	78b1e896
094fc83f	39694c69,78b57979,b8a3ad7c,3adfb58d
94fe6e96	4497a02c,9c0300b1,8427db86
9501265a	5db7b8ed,7d84496c,af77f1d9
95019c97	397f16be,d446a6ce,69dfb8ce,87c91ece
95072872	52ce7370
950844c0	a4f1a6c6,358e4e85,6ba51265,424a544a
9508e3ac	39694c69
950dc675	39694c69,53536c60,ed4381f2,a43458d9,1c93d9d3,f5216bcf,c602a40d,ae8834fb,91fa17ab,111e88f1,89f6f8a5,4ebd1bb2,4b8a0cef,d89abf3a,7c564be4,fcf1f8c5,472143bf,81d269f1,445ee13f,4bfb77d1,604cb8a8,4d525275,1b332a89
95105120	4497a02c,9c0300b1,27a02b3a,dec30233,ac00bd22
95168517	52ce7370
9517823c	52ce7370
95183183	6453e427
095185ed	20bd0751,609acbcd,a071c954,74c378bb,3bed8d39
951f7498	39694c69
95298ee2	dca1815f
9529f341	861ab707
952b7c83	cbb0a0c9,2f7c6535,26d821e9,5d6e6635,0a6807ab,88605cbd,f91fb1c1,444d7cf2,5974cbb9,4c928458,080e59d5,c4e6a7a7,9ca71ab9,ff98e06a,daef038c,678c1a04,3cce1f40,7bb463e9,eb77e83c,25cf07dd,4ee4dec6,bd5a46fa,21ec7827,db1478c0,6a0eef8f,79fd6833,e71a034b,3b55e671,d170dd22,83faa670,59d9f271,0aead9b8,629c3bde
95318cca	4497a02c,9c0300b1,74077bc9,c032029c
95339fcf	a4f1a6c6,358e4e85
95383e5f	efa938d5
953e847c	d918c1e8,dcc919db,07967bc2,523c8ecb,e868360e,de5cbb69
953ee918	9c5533f1,a599f130,6d5d1e1a,1a8454b0,4c3d5b00,cf8c6a7f,9656001e,4e3ebb54,e55979dc,6e82b161,a8143f44,dee65538,a2009a2c,8daff0a9,86c96406,e0409e7b,f9ba15a9,db1301dd,ff598a23,09ad3004,74a06ea5,71714ccd,1fc40cff,971ad05c,7ecf3741,8df9624a
953f5ef4	b8d3ec3d,f5ff1be2,efe3034b,b3ad168a
9544df57	52ce7370
9547b35d	b8d3ec3d,f5ff1be2,efe3034b
95497bcd	639c7070,ef46bbd3,cb433269,0e4b936e,a90c6cf2
954d33c2	e4044a36,b9b93c9a,9e024cb2,56003dc0,bfa48fb1,85da811a,30a9fdef,b6db872e
95522306	52ce7370
9552fe94	249f7327,a4b0723c
95534624	ef10b158,a8aceca4,e8f798e7
955f48c2	bedd91a7,6d1d43cc
956405d7	39694c69,5c20b11b,ed4381f2,40c3b60d,1c93d9d3
95692d22	52ce7370
956e7ae7	52ce7370
95703019	c26ad7ec,d15ed12e,01b68fad,f6091de9,62af5e39,0632a0f7,cf944ce8,83506b09,57f657f2,86dda63f,c7dc6f8d,fdbc3587,09066a30
957332b3	bedd91a7,6d1d43cc
95733689	52ce7370
9575d498	95ed5397,eb12ced7,8e7b6f79,d75a59e7,b6204d4a,911ac037,dab977fa,58b6d6e6,df194a59,f3525509,534d2157,7c02ca05,4df286a0,8bd30a3c,7d8ef933,69d06b8b,5c9cd185,993fec2f,930b6c65,c921ea42,77f91299
95765a78	52ce7370
95776c66	39694c69,53536c60,ed4381f2,a43458d9,1c93d9d3,f5216bcf,c602a40d,ae8834fb,91fa17ab,111e88f1
09579177	4497a02c,9c0300b1,7cb7e944
9579e5c1	54dbcc01
957c13e2	b8d3ec3d,f5ff1be2,efe3034b
957d1f72	c311c08f
957eab92	52ce7370
9582802d	855bd593,e51d96bf,78c5ba28,2a5a76c7
958a65b8	52ce7370
958efa90	52ce7370
958fae65	d918c1e8,dcc919db,51764901,e2ebaeae,7dc671fc
95946126	39694c69,50f0ac7e,bef418b5
09595198	52ce7370
09595b5d	bccf96a6,83e25c3c,98bbe4aa,64e2e0f9,9e84516d,f77750d9,31c638f7,7faeeb2f
95963170	52ce7370
959a93b1	459ee731,7bb2d516,5d052a33,4915e35b
959c95e4	c52ad410
95a0ae4c	52ce7370
95a528f9	2adab90d,b5ee0971,4015cac5,6a29a2a1,e0ddfda1,4d34759e,77aa9b1e,d08511b8,6f35c3f1,d012fcee,d8305cc7,6863eef3,a576c51e,a129f4ad,d2ad13d1,a599f130,1cf84e2b,cfcb5577,e7929c26,17edc037,1b105ab2,7e5b377c,552d49e6,501012d0,df9a832b,9ee87a8a,967a1a25,3909cf72,077621df,5fc1c82c,473a1948,a32039ca,7c61a5da,4196ffca,120bd9b2,e247afcd
95a71420	3296fc12,5e580707,d4e0dd4d,92202a7e,688c3481,03fcd3a3,ef4405e6,b6626cb8
95af8ad5	07967bc2
95b021f7	1e3bbce9,b83c1deb,8ce21c36,87d2c31e
95b40d1e	eec37e16,3e90ac00,374d2f4d,c9566777,d13af560
95b89cfb	4497a02c,9c0300b1,483259fc,7da1c31a,28f6466b,0d9a8b16,8883bec4,e76225f4,eb296046,43867d40,cd20060f,734bfe6d,dfd2650a,74628f1d,1ed7095f,621511ca,4f1edcac
95b8ebcc	52ce7370
95bccffb	4497a02c,9c0300b1,ed4381f2
95be1324	e0fdb83a,ff8bb3b4,a558e104
95ca2065	2f9373fe,94d29a94
95d1b760	861ab707
95e07cae	569aeac3,0c6023ee,fd8c731e
95e22b0c	4497a02c,9c0300b1
095e46ad	52ce7370
95e4a9ac	861ab707
95e82c85	b8d3ec3d,f5ff1be2,efe3034b
95ea2b0a	d068dcd5,b0000daa
95ede390	bcf6bc33
95ee9886	52ce7370
95f1d1fb	4497a02c,9c0300b1
95f3f343	40ff28d5,2632a139,da91d0bb,09e1c228
95f74274	4497a02c,9c0300b1,ed4381f2,a43458d9
95fe842b	639c7070,ef46bbd3,cb433269
96010d5f	52ce7370
9603f9bd	52ce7370
0960405b	39694c69
9606279b	39694c69,53536c60,ed4381f2,a43458d9,1c93d9d3,f5216bcf,c602a40d,ae8834fb,91fa17ab
09607f9d	b3369211,01e613a7,08eb3013,96a558ae,f1865553,f2da785f
960927bd	39694c69,f93b7ad5,96b5162f,7f880865,27cca8c2,8df62134,572fc984,af403d4d,dddbd028,4b971e6b
961265f9	de9ad6e8,7aaa58b2,3ab83621,bef418b5,6e9a3367,76de3380,3e694fea,69f2efe0,c49b5062,0ce79f9f,be9f3db6,a1c3f26c,0a29f572,2735b946,271fbc7e,4857aa54,d34f8353,3f729e9a,f945267d,9fa0ee8f,fda1f1ab,36f0f12e,907065b6,da554126,fdab4440,f5bd26e2,eadee9e3,877d6611,a5dfad6d,291e6e48,89085cbf,91a00d5e,787f1dc0,d8c793db
9614929f	4497a02c,9c0300b1,ed4381f2,a43458d9
96180669	52ce7370
961e2e50	52ce7370
96202555	af485d0f
96225ff0	39694c69,53536c60,3811a8a0,ee084b5f,e3f270ae
09622915	67891101,ddad57c2
96263311	52ce7370
96267b87	a66bb577,a3029690
96298046	4497a02c,9c0300b1,605b6290,91286d91
962a088b	39694c69,53536c60,ed4381f2,a43458d9,1c93d9d3,f5216bcf,c602a40d,ae8834fb,91fa17ab,111e88f1,89f6f8a5,4ebd1bb2,4b8a0cef,d89abf3a,7c564be4,fcf1f8c5,472143bf,81d269f1,445ee13f,4bfb77d1,604cb8a8,4d525275,1b332a89,10fded56,f2564478,2fd57652,8aab7e64,65bd861b
96330112	52ce7370
963412d9	39694c69,b98080f9,eb0d656d,1b63490e
9636e9ef	39694c69
96428caa	39694c69,53536c60,26bed42b,0091e4f9,1c93d9d3,f5216bcf
964385e1	39694c69
96441d7a	39694c69,ffa7fbe4,5ad517d6,7e6fd4c1,90098a75
96456446	465660fd,037b0239,c040e307
964c8af7	39694c69,af77c70d,ed4381f2,a43458d9,1c93d9d3,f5216bcf,e2dc42cb,ef4c1064,050a25d7,234a0a79,c3c175ca,4ebd1bb2,d454474a,689b5772,c53f71f9,6bdb00af,58348094,ddfffc78,08f9beb4
964d767d	4497a02c,53536c60
9651056f	e9fe44fa,a23af12f,8805c10f,9682405a,e53e98f1,5332c3b9,be04cb1e,78f3c4bf,f02e1993,38982df3,5d4e7b96,09263353,add6fedd,c3890856,fec89fde,58c66357,576dd233,7330adb1,1bc56cfe,f6399b39,a5ccf0e4,901824bf,07ff9b1b,319177b3,a9681859,cc35db06,6ae7242d,99ee9dd9,2f31af1f,c6d42a32,3ebe0469,7b0e3a44,01ffc8c1,061b1864,0cd341a0,d9645c85,34258cde,83c02bb5,9665e269,f97e6337,a13ecc19,6d416e55,48d1b443,7280be39,e2d53b14,221440f4,8c726352,dc883992,c33b02dd,22b2aafe,6e658076,ff1b38f8,c3f4d793,6723df0c,15fcb58b,f6b7e33f,2fa0dd99,6df97baf,9b169eb6,54be83ea,0df16dec,2f928f07,af6d42e4,d08e76f8,4b1b02b5,47e71f0c,dd904984,a473c4ea,93db6d39,eebb5df3,c3c70313,e36c543d,4c8272a5,98ef0d3d,0a9e4708,621fdd9b,2fa3b8b3,5368b146,d07d1986,ae97b515,dd8d726a,20b65bb7,e8c4e87b,a80509bb,5e97161c,3e704cdc,4b452cd4,47d1c870,55011e7f,4eda9c89,c6ec2bb3,9fe719fc,f287f8ee,eeefe48b,8bbb534f,642ad807,78d61ffa,6fd3d18a,19b17483
96568a47	4497a02c,53536c60
96586be2	39694c69,53536c60,ed4381f2,a43458d9,1c93d9d3,f5216bcf,c602a40d,ae8834fb,91fa17ab,111e88f1,89f6f8a5,4ebd1bb2,4b8a0cef,d89abf3a,7c564be4,fcf1f8c5,472143bf,81d269f1,445ee13f,4bfb77d1,604cb8a8,4d525275,9423cada
965abf40	52ce7370
965ac723	b8d3ec3d,f5ff1be2,efe3034b
9663ebc5	2113ce38,0d75535b,37313dad,212e835f,4269bb4a,efa938d5
9667947d	52ce7370
9668c7b8	f10b6890,62fa914a
966fe46f	52ce7370
96704788	52ce7370
96742fe3	465660fd,16a2cd33,d2150e11,cb81731d,7afc988e
9676c37f	39694c69
967903f3	4497a02c,9c0300b1,a197782d,7a464285,ce9270c4,37a4fbe9,ea043f83
967e91f6	52ce7370
9692b1b4	4497a02c,9c0300b1,1191638e,ca686334,f6f79974
969471ca	1126d489,d28a2d62,8e7b6f79,ded3f2c2,908c1738,f30e643c,a2040b82,b6496fce,dcc919db,37f51799,b619836a,9f19049a
9698fb38	f8dc8109
969ec7b1	52ce7370
96a1e349	5b82218b
96ac0f57	52ce7370
96b01e8e	39694c69,53536c60,ed4381f2,a43458d9
96b0c44f	39694c69
96b1e33f	a4f1a6c6,358e4e85,6ba51265,424a544a
096b359a	102bd836,3fd839ad
96b86263	39694c69,53536c60,ed4381f2
96b9d3a0	39694c69,f93b7ad5,96b5162f,7f880865,27cca8c2,8df62134,572fc984,af403d4d,dddbd028,4b971e6b
96bc813a	152e9eec,7d59d9b8,6519f22c
96becbc0	a4f1a6c6,358e4e85,6ba51265
96c07dda	751abb57
96c3d579	52ce7370
96c85e36	4497a02c,9c0300b1,2185a077,4a733b64,9c69b785,f78fc192,af1b9cca
96ce5754	52ce7370
96d18923	89ecfe1e,22183874,d74ebeed,6863eef3,a7399ef1,937c7f9b,5ce14135
96d189b5	4497a02c,9c0300b1,ed4381f2
096da540	0100c224,059ff5f2,31ce57b7
96dd50f3	32508d87
96de7998	e0fdb83a,0219c317
96e1dc5e	52ce7370
96e31a44	c9f0d648
96e4d995	4497a02c,f1551f13
096ed7d3	4497a02c,216818c3,7f699a5b,8d5d487b,f6715b6c,fbecc587,25748216
096f3d24	52ce7370
96f459bc	4497a02c,9c0300b1
96f91550	285b6a71,e52c962a,1890d5bc,e2ebaeae
0970063f	39694c69,53536c60,ed4381f2,a43458d9
97064e8f	bcf6bc33
9707e2b3	8d0d847b,6be6b8f2,27404279,a0ff4b24,c6a436a9
9708cb3f	39694c69,81d1c2d1
971792fc	5d708c76,0d711da1,d5a03060
971c69ec	948b068a,ac214c66,57d7e3c7
971ceb6a	39694c69
971e13d1	a4f1a6c6,358e4e85,6ba51265,424a544a
9728b747	b8d3ec3d,f5ff1be2,efe3034b
972964f1	4497a02c,9c0300b1,ed4381f2
9730e48c	4e655c1e,8c5ee6e4,3bf8b4e3
97327fa4	4497a02c,9c0300b1,2185a077,4a733b64,7ce5e534
9733a1fe	4497a02c
9733a862	39694c69,53536c60,ed4381f2
9733bb58	b8d3ec3d,f5ff1be2,efe3034b
9737c559	b8d3ec3d,f5ff1be2,efe3034b,3ecdf427
973ab50d	52ce7370
973ca694	39694c69
0973fc03	126315cb
97463a7b	52ce7370
974c01ed	639c7070,ef46bbd3,cb433269
974e11aa	39694c69
974f5887	52ce7370
97551b43	52ce7370
9755fe87	4497a02c,9c0300b1,ed4381f2,a43458d9
975c380a	39694c69,3485907e
975d161f	a4f1a6c6,358e4e85,6ba51265,424a544a
975f0bb2	94393069,861ab707
975f62d3	52ce7370
977b1d9a	4497a02c,9c0300b1
977b298b	39694c69,d918c1e8,d028f1a9,35f35a62,de5cbb69
977c0dd0	52ce7370
977dff16	4497a02c,f1551f13
977ee24e	088b2bce
977febe8	b8d3ec3d,f5ff1be2,efe3034b
97821b54	39694c69,d028f1a9,de5cbb69
97857d1b	39694c69,675672ff,3d4f1e77,5a2fc0af,0be91b7d,1dbcfa66,8d7ad931
978ce7d9	94ed7583,2a16d9fb,0c8b057f,0da7d34b,d141418d,a46c12f4,d745b689,2ae02983,683a08fc
978dd7e1	a8bda540
979b4e84	32309279
979f6a30	4497a02c,9c0300b1
97a54e5a	52ce7370
97a55c27	52ce7370
97a6fa1d	e0fdb83a
97a7a14b	0582d2b0,82aa466a,4f38c697,132854fd
97ac6e25	f5b3ef0e,ff067829
97bcae2b	f116678d
97bea984	52ce7370
97c92ffc	52ce7370
97ce206f	52ce7370
97d6bf8e	52ce7370
97d6e73b	52ce7370
97db6361	39694c69
97dddbc0	c517ed39,c50b38cf,d6af4c02,8a02733f
97df257e	a4f1a6c6,358e4e85,6ba51265,424a544a
97e27c5d	b8d3ec3d,f5ff1be2,efe3034b,140568bf,bfb0d665,353208d5,edb06294,16ec1a76,756b1633
97e2e7da	39694c69,af77c70d,ed4381f2,a43458d9,1c93d9d3,f5216bcf,e2dc42cb,ef4c1064,050a25d7,234a0a79,c3c175ca,4ebd1bb2
97e360ec	bcf6bc33
97e7a3dc	52ce7370
97ed2dda	4497a02c,9c0300b1
97ede443	52ce7370
97f55ba6	39694c69,077ad555,d028f1a9,35f35a62,de5cbb69,9716f3ea
97f5db0f	52ce7370
97f91f56	4497a02c,f1551f13
97faf918	d8822bcb
9801311b	52ce7370
9804669a	52ce7370
980793c4	39694c69,c7fb2350
9808943c	4497a02c,9c0300b1,9f90b58d,77c639b7,c015fc4b,5ba4cc33
980c1d74	39694c69
98103490	52ce7370
9813a7a3	4497a02c,9c0300b1,6578b42f,4f9e6e2d
98155567	ef10b158,c6fa00fe,d8144365
98156423	52e985fc,a8268161
981c4e1f	52ce7370
98210a2f	94393069
982583f9	88b6377b
982939d7	4497a02c,9c0300b1,d3e432a4
982f95d8	9ad50217,89b09e3d
9832c741	a4f1a6c6,358e4e85,6ba51265,424a544a
9832f9f3	52ce7370
9836aa88	b8d3ec3d,f5ff1be2,efe3034b,9305aea7,63963710
09838ced	52ce7370
983a0a46	a4f1a6c6,358e4e85,6ba51265
983bc12f	39694c69
983be69c	e52c962a
983c9782	1abfb05d,4172c83e,d5592435,92638bd0
983d55a8	52ce7370
9842fadb	32508d87
9843c68f	de9ad6e8,7aaa58b2,3ab83621,bef418b5,6e9a3367,76de3380,3e694fea,69f2efe0,c49b5062,0ce79f9f,be9f3db6,a1c3f26c,0a29f572,2735b946,36f0f12e,d79addb0,c50b38cf,95e55d06,a0cfeddd,a0071448,0ee77c08,8183ef85,d34f8353,e113bc69,907065b6,b1caa993,6e9a670f,da554126,fdab4440,f5bd26e2,eadee9e3,877d6611,a5dfad6d,291e6e48,a03daa6c
98453b5a	ef10b158
9846338f	a4f1a6c6,358e4e85,6ba51265,424a544a
984ac186	52ce7370
0984b210	39694c69,a507b012
984c7b1b	2ad338e7,d352b54d,2ad39ee9,b9b57c94
98505c52	39694c69,f93b7ad5,96b5162f,7f880865,27cca8c2,8df62134,572fc984,af403d4d,dddbd028,4b971e6b
98507a53	52ce7370
0985dbbf	4497a02c,9c0300b1
985e0303	52ce7370
98601566	52ce7370
98607885	4497a02c,9c0300b1
9860fb5f	39694c69
9864460f	2adab90d,0738e6d9,a599f130,4a1e6435,2d804596,d22050d6,54ef7235,4677118f,6b3d87f4,b08ba608,472f1005,ce712137,60fe0160,8f94720e,9d2908a1,effb8745,4f9f2b8a
009868af	52ce7370
9869e8a7	4eacf831,304cfb1a
986c0c07	5fc0aae4,b02aa637,4209fff0,3848fedf
986c9769	c52ad410,daf8677b,9a162d6d
986d34e4	39694c69,53536c60,3811a8a0,ee084b5f,e3f270ae,b5359c66
986d91c6	bedd91a7,6d1d43cc,4efa80dd
986da90d	861ab707,63a587b4
986e7407	52ce7370
09878c8c	52ce7370
987a41df	52ce7370
987a8e28	2113ce38,0d75535b,37313dad,212e835f,4269bb4a,efa938d5
987bc3b5	52ce7370
987f1025	a4f1a6c6,358e4e85,6ba51265,424a544a
988394ab	4497a02c,53536c60
988514ac	7f4422ac,b232b0c1,1b882853,a2510f0c,ad119a47,c530d8d2
98895a11	b8d3ec3d,f5ff1be2,efe3034b,b6cd9122
988e5445	52ce7370
98997a7b	5a1cf7f6,c81412c1
98a06421	b8d3ec3d,f5ff1be2,efe3034b
98a3bbfc	52ce7370
98a404d7	4497a02c,9c0300b1,57d99c91,09b0af55,56ffd41e,b60a6f52
98a6ec68	a93ac93f,62919c69
98a76494	bcf6bc33
98aa1920	39694c69
98aebe02	52ce7370
98afc8b5	cbb0a0c9,2f7c6535,26d821e9,5d6e6635,0a6807ab,88605cbd,f91fb1c1,444d7cf2,5974cbb9,4c928458,080e59d5,c4e6a7a7,9ca71ab9,ff98e06a,daef038c,678c1a04,3cce1f40,7bb463e9,eb77e83c,25cf07dd,4ee4dec6,bd5a46fa,21ec7827,db1478c0,6a0eef8f,79fd6833,e71a034b,3b55e671,d170dd22,83faa670,59d9f271
098b0b39	52ce7370
98b1cd80	52ce7370
98b58ede	79ee55de,83eb2441
98b6b208	39694c69,ce9086e5,ed4381f2,e3931839
98b764c9	39694c69,adb1e32d
98b7869a	a4f1a6c6,358e4e85,6ba51265,424a544a
98b97a97	39694c69
98c14591	39694c69,53536c60,ed4381f2,a43458d9,1c93d9d3,f5216bcf
98c5688e	39694c69
98d0cb3c	a4f1a6c6,358e4e85,6ba51265
098d446f	52ce7370
98d765f8	152e9eec,7d59d9b8,6519f22c,ab78b87d,39572fa0,9449ec6c
98d7a553	3c1bcd65
98d87778	52ce7370
98d99209	52ce7370
98dacf0d	39694c69,53536c60,26bed42b,0091e4f9,1c93d9d3,f5216bcf
98dc6fda	39694c69
98de0e9b	c52ad410,74bcf83d
98e19b0d	52ce7370
98e2923b	94393069,861ab707
98e6de1d	bcf6bc33
98e86fcc	024bc393,e9204954,ee9d6056,515f8f3d
98e8b9e8	4497a02c,9c0300b1,ed4381f2,a43458d9
98ec7a67	39694c69,53536c60
98f8d9dc	429996c9
98fd10c6	94393069
9901f1c9	a4f1a6c6,358e4e85,6ba51265,424a544a
99026ff9	381f80e0
99039257	321325f3,13265da3
99040ff3	9f56bf52,b43c9963,807d19e3,b4f43104,742bd7a0,7bd4058a
99055674	998a4e6c
99076f54	4497a02c,9c0300b1
9909cf0f	bcf6bc33
990c085d	52ce7370
990c4e4f	de2cb5b0,e3931839
9911d325	52ce7370
99142270	52ce7370
991440f4	a6eb7382
991997d6	52ce7370
0991e2a9	4497a02c,9c0300b1
99259eb2	39694c69
9925c7fd	5e71ba4d,c5d114ef
99260488	4497a02c,9c0300b1,ed4381f2,a43458d9
09928b21	5db7b8ed
992c0ae0	4497a02c,53536c60
99366fb9	b8d3ec3d,f5ff1be2,efe3034b,137cbeb3
099393ce	52ce7370
993fd9e5	f8cf135e,f54fa871,40119690,c739185e
99416713	52ce7370
9946ba61	52ce7370
9947e040	52ce7370
9948a2ad	a4f1a6c6,358e4e85,6ba51265,424a544a
994a3783	39694c69,487f3286
09951217	4497a02c,9c0300b1
9952533a	39694c69,de6cf883,a47f833c,0b8c0884,25bf20b6,5a1bad88
9953f37e	1e3bbce9,b83c1deb,8ce21c36,6314a891,f921af79
9954770e	39694c69,53536c60,ed4381f2
995df722	39694c69,53536c60
0996072a	a4f1a6c6,358e4e85,6ba51265,424a544a
9960dd2c	dee65538,94764bbc,139d7e4a,ab54ca7a,a9c92ee9
99642c8a	52ce7370
9965df07	b8d3ec3d,f5ff1be2,efe3034b
9967bd79	52ce7370
996866eb	2da5c2d2,a1091d96,fc958e6a,923857e0,8588d217,c3a00f72,cde5b81d,d026e0a6,5a869de6,0853e937,56a3981b,6c65b68f,e09d6cdc,4b04a915,c3ad9722,89fd71c0,7fe981f6,e5de2501,3fa61106,a62a2335,c6998381,b15306d6,1852a319,32c28c88,2d357e1f,c3bf8382,546c782e,a614e113,709067f8,6b9a14de,c8ac7d3c,4f8a211b,dfe9787e,65577e3e,63a64575,789151ae,72dd9d32,7aeb1034,8065833a,0e27f90f,4a760a61,d560b3d7,677fe57c,b3a71456,c252f9fc,466afdfa,66537519,69e3892e,b8eebe20,22eed09d,07dc6971,f2a6b7ed,61c86bda,d2296f92,323976d6,e48e03ee,95fd81e5,a84c53cc,4019f045,96ae4f57,48ee9b62,505fabe9,99575240,0ac13e76,4d2cb0a6,024297a2,e5c0ecc7,f5875193,20091cb6,a73ea491,69d51956,a7affced,3b5d4286,277ba9cc,952337ef,f6e0c89f,a80877ca,1375b74a,a5d4a67e,fd7ecc29,88eb5c0f,877f02e9,bdc80fee,b04afb48,f94fe0cb,b650c67e,451a8e83,a784b95c,0d95928f,b24d4808,5836f05a,8eeb2e2d,1cd46662,1c7b1420,75c0a752,a183ff6c,17b1c36a,d9238571,e35adaa2,19a97790,c6b6a265,4c7d54d8,43255ed3,afd450fc,78ad496c,469fadb9,d6e34027,f48e0ca7,75c589cc,6bbfb967,f42f64d0,8f73585a,ed79b9cb,ff88fcab,ce44cc9f
996ea3bd	39694c69,53536c60,ed4381f2,a43458d9,1c93d9d3,f5216bcf,c602a40d,ae8834fb,91fa17ab,111e88f1,89f6f8a5,4ebd1bb2,4b8a0cef,d89abf3a,7c564be4,fcf1f8c5,472143bf,81d269f1,445ee13f,4bfb77d1,604cb8a8,4d525275,1b332a89
9970002e	bedd91a7,6d1d43cc
99746ddc	58fb55de,b2371dfc
997b4f0e	b8d3ec3d,f5ff1be2,efe3034b,17958648
997c0151	52ce7370
997ec8ef	b8d3ec3d,f5ff1be2,efe3034b
99825980	52ce7370
9987cb84	39694c69,39745163,e8c6bd1a,46933fcb
998eed95	52ce7370
998f91bc	998a4e6c,f41e2de7,ba3ddd4e
99915cce	39694c69,53536c60,ed4381f2,a43458d9,1c93d9d3
99922ccf	fc958e6a,094c32cc,5f9b62ee,c5f334be,ee8b70cb,d3588f3a,84d6a9bb,27efb9e3,798520b9,091e8257,4d4031f0,a3ee26a7
999e88d3	39694c69,53536c60,77a43e90,a9826e86
99a16a12	52ce7370
99a2ff1a	4497a02c,9c0300b1,dfd03c6f
99a3163b	39694c69
99a5b36b	52ce7370
99a60bcc	39694c69,f93b7ad5,96b5162f,7f880865,27cca8c2,8df62134,572fc984,af403d4d,dddbd028,4b971e6b
99b5af38	4497a02c,9c0300b1,2a36047d
99b62b83	52ce7370
99c1cf41	39694c69,63efd57a,d0837e89,3f3a3c98,0fdaca91,3e99b95c,5b073131,02bc242a,7ed5ab08,77303f8b,43c14b36,c0ce21e2,3e2d7ee2,1376cfe5,87a22e49
99c2c47d	b8d3ec3d,f5ff1be2,efe3034b
99c5b2c8	ce134d77,f00b64c1,8e7b6f79,908c1738
99c5fac8	fe3bc2b9,7f89f0d3,6966f037,1eea3789,0cf559bc
99c682f2	a4f1a6c6,358e4e85,6ba51265,424a544a
99c880ee	39694c69
99c91596	4497a02c,9c0300b1,8e7b6f79,908c1738
99c9e19a	52ce7370
99d351ad	c5758aa6,80c71e15
99d5943a	dba99a7e,e8ca1dc7,4e9a4327,8ffc6982,d6d6a63f,52b3edee
099d5d9f	52ce7370
99d94636	39694c69,53536c60,ed4381f2,a43458d9,1c93d9d3,f5216bcf,c602a40d,ae8834fb,91fa17ab,111e88f1,89f6f8a5
99db72fb	4497a02c,9c0300b1,ed4381f2,a43458d9
99db8164	4497a02c,53536c60
99e1fe62	a9984e3d
99e241f7	bcf6bc33
99e4fad8	bcf6bc33
99e52ebb	a4f1a6c6,358e4e85,6ba51265,424a544a
99e5d728	da83e050,f2e6edd6,b2714bdf
99ef6e1e	4497a02c,53536c60
99f0c14f	52ce7370
99f182a7	a4f1a6c6,358e4e85,424a544a
99f2594d	bcc93526,7a1357a8
99f4e45b	860e88b1,4786185f,b7e24667,2f892969,f7015261,9c67d743,ed1e47a2,5c9cb758,125787ee,a00e4b83
99f50642	52ce7370
99f970c7	52ce7370
99fa89de	4497a02c,9c0300b1
9a03f124	4497a02c,9c0300b1
9a099d7f	c415d935,2bea68f9,1ec35a4c,65390ef7
9a09fdb4	32508d87,e0f413f0
9a0ee3d8	52ce7370
9a1614d0	1b5a30c0,74077bc9
9a1ec029	39694c69,53536c60,ed4381f2
9a242fab	cd64af58
9a262fb6	4497a02c,53536c60
9a298576	39694c69,f93b7ad5,96b5162f,7f880865,27cca8c2,8df62134,572fc984,af403d4d,dddbd028,4b971e6b
09a2fd1a	52ce7370
9a30bef7	bedd91a7,6d1d43cc,4efa80dd,958dd2f1
9a3a0b76	52ce7370
9a3bd92b	39694c69,85b6a0de,a599f130,a308300e,006b581f,8aa15cd9,6f8b3931,b8dfa827,b5cb33f9
9a3e2e8f	b8d3ec3d,f5ff1be2,efe3034b,908c1738
9a4305ec	52ce7370
9a4970ba	bcf6bc33
9a4e8a6d	52ce7370
9a5057e7	4aa0b06f,c52ad410
9a512d6c	b8d3ec3d,f5ff1be2,efe3034b,dcc919db,19112645,8c94af96,e8905956,3e3afe18
9a527ceb	94393069,861ab707
9a53d406	52ce7370
9a593c88	52ce7370
09a5bacc	54dbcc01
9a5df4c7	39694c69
9a625021	52ce7370
9a62ce27	a4f1a6c6,358e4e85,6ba51265,a23a4c9d,2bcf1fa4
9a638e25	639c7070,61267a49,08e1641f,8803ba71,a29c3d7b,1fbad83d,fcacaad1
9a66e51f	52ce7370
9a701502	52ce7370
9a7318c4	f41b94df,391b2df1,e816dc90,95bbbf7e,715846e4,91feeb90,39fc9d7a,2167cde6,6c33e9f7,10b7cb7e
9a737b68	39694c69,3485907e
9a76d5f1	52ce7370
9a77b4d1	52ce7370
9a7b979f	39694c69
9a7c3293	c52ad410,e7149166,4040ea96,dd3c0c75,d90af9b3,f18a4949,767a0fb4,e05a433f
9a83207f	7eefa621,6c8881e2
9a843092	4497a02c,f1551f13
9a8521cb	52ce7370
9a87e26b	156ef672
9a89580c	52ce7370
9a8a6307	52ce7370
09a8d143	4497a02c,f1551f13
9a8d4bb1	39694c69,53536c60,ed4381f2,a43458d9,1c93d9d3,f5216bcf,c602a40d,ae8834fb,91fa17ab,111e88f1,89f6f8a5,4ebd1bb2,3968fc6e
9a8e3969	32d207f6
9a99a7ca	cbb0a0c9,2f7c6535,26d821e9,5d6e6635,0a6807ab,88605cbd,f91fb1c1,444d7cf2,5974cbb9,4c928458,080e59d5,c4e6a7a7,9ca71ab9,ff98e06a,daef038c,678c1a04,3cce1f40,7bb463e9,eb77e83c,25cf07dd,4ee4dec6,bd5a46fa,21ec7827,db1478c0,6a0eef8f,79fd6833,e71a034b,3b55e671,d170dd22,83faa670,59d9f271,b6066a4c,19cfcd4a,b2659507,b79c8088
9a9f42b2	6966f037
9aa33171	aa32fd84
9aa3495d	52ce7370
9aa3ebe7	0f501fe3,b1af42fd
9aa59221	cf192288,a599f130,2d06461b,a8df067f,9e47592c,4a1a0701,972c9b3e,7246062c,9628ff56,226028b8,2591bdea,f2831794,8599e038,dae286d2,d4ca595a,4c22f468,b09386fb
9aa5d4db	52ce7370
9ab00941	52ce7370
9ab154c4	39694c69,53536c60,ed4381f2,a43458d9,1c93d9d3
9ab38f0a	39694c69
9ab422c1	39694c69,53536c60,ed4381f2,a43458d9,1c93d9d3,f5216bcf,c602a40d,ae8834fb,91fa17ab,111e88f1,89f6f8a5,4ebd1bb2,4b8a0cef,d89abf3a,7c564be4,fcf1f8c5,472143bf
9abc2110	012dbe79,2539b841
9abe9e51	52ce7370
9ac31854	52ce7370
9acb9e0b	bcf6bc33
9acda7f1	4497a02c,9c0300b1,74077bc9,d8c2bb03
9ad17dc1	acde460f,ed9a62e6,62bc4fd1,ba69ddf0,6ae61d79,28943de0,39a2891a,6c9728cb
9ad4683c	39694c69,a93ac93f,1ffa1c8c
9ad9810c	09bb2d98,3b604873,49b4e1ae,a599f130,1cb7fa7e,803f92c4,6d02bffa,ba81f73f,de2cb5b0,2c967ed6,5b8fd405
9adc880f	39694c69,af77c70d,ed4381f2,a43458d9,1c93d9d3,f5216bcf,e2dc42cb,ef4c1064,050a25d7,234a0a79,c3c175ca,4ebd1bb2,d454474a,689b5772,c53f71f9,6bdb00af,58348094,7a283c29,3a53ed58
9ae1bd9c	8539c8f0,c18eb8c7,d941bca9,ce6327ed
09ae1f22	39694c69,53536c60,ed4381f2,a43458d9
9aebd7de	695a3627
09aec1b1	52ce7370
9aec805a	c447105e,cbd72f83,c447105e
9aedb081	52ce7370
9aefd4f1	e0d64098,833104ca
9af3790b	152e9eec,7d59d9b8,6519f22c,ab78b87d,39572fa0,9449ec6c
9af390f2	a4f1a6c6,358e4e85,6ba51265,424a544a
9af49d17	4497a02c,9c0300b1
9af61d66	39694c69,6f2bbcfd
9af9d941	52ce7370
9b007247	ef10b158,83c95008
9b06e435	de9ad6e8
9b07db78	8e7b6f79,908c1738
9b0eaaa7	de9ad6e8,10997313,02655216,1fdebc7d,3785be53,5ee91a3a,d58e77d1,644af995,459edbff,06f553f2
9b147194	39694c69
9b1483d9	39694c69,53536c60
9b14cd18	52ce7370
9b1e9763	52ce7370
9b21d718	39694c69,53536c60,ed4381f2,a43458d9
09b2310a	39694c69
9b24984d	52ce7370
9b24a938	39694c69
9b26bf7e	de27c98a,a372ba3f
9b27757c	39694c69
9b2febc9	4497a02c,9c0300b1,ed4381f2,a43458d9
9b36707e	2ea0eea4,ad9b39c3,a57f08f9,a44fe68e,67ae193e,0285186c,542520e7,ded24e1b,6e40a027,7af6002b,41da4c7d,3e9bf877,c7da2627,2dd24555
09b3a908	bedd91a7,6d1d43cc,4efa80dd
9b3b2334	94393069,861ab707
9b3c9176	69f314a1,2ced8593
9b43310d	75ed7522,0841f576,a1583547,9bf001f8,842c2ecc,0546be4e,3f4b3c54,f69347cb,a53a50e8,ac5626f9,09f2ed5c
9b44681b	52ce7370
9b45034a	52ce7370
9b455a7c	cb194851
9b470cfb	d6af3ef3,e3b7bfec,face3ffd,ab14717e,382d48fd,c3ab41f2
9b4713b6	4497a02c,9c0300b1,1487fca1,4e4d2e8b,26b67a46,3b4d88d2,4e5bbc9a,c4b71ac2,08741a28,908c1738
9b479ee3	52ce7370
9b47d909	54dbcc01
9b490c88	e0fdb83a
9b49c88c	3bc804d3,6633fecc
9b51ec59	39694c69,57d7e3c7
9b52374a	012dbe79,e667b9ba
9b53f9f0	2ed4247b,95bbbf7e,466d7535,f61069d0,12731e6a,d2e82ff3,19bc25fd
9b583b0e	4497a02c,9c0300b1,ed4381f2,4d5a9603,dc741b1a,479d942e,67aa5f16
9b6342f7	a4f1a6c6,358e4e85,6ba51265,424a544a
9b643ffb	52ce7370
9b67bd29	52ce7370
9b684554	c52ad410,34343eea,912d046a,0c72afb6,e9c927bb,0b2e32ba
9b703d62	c7713caf
09b7cdf6	4497a02c,9c0300b1,7806871a,c765112b
9b7e576f	39694c69
9b7e6d6b	4497a02c,9c0300b1,83491843,75e79299
9b89736b	7eefa621,9f3b8e51
9b8e4a0e	4497a02c,9c0300b1
9b8fc773	d20e67e3
9b95ad79	a4f1a6c6,358e4e85,6ba51265,424a544a
9b96d0cf	39694c69,e185476a,07967bc2
9b984f36	1ea4a1f6,5b561600,c6705886,3c916e0a
9b9bb1f6	39694c69,fefda14e,d028f1a9,35f35a62,9716f3ea
9b9df40f	52ce7370
9b9fc5f6	1c3cb695,82273c54,019dd106,b5b06866
9ba3f4c1	acde460f,e52c962a,a3c54e13
9ba48666	94393069,861ab707
9ba499e8	39694c69,c415d935
9ba88f8f	bb0e9b70,897a5c86
9bab2290	52ce7370
9bb51986	a4f1a6c6,358e4e85,6ba51265
9bb53233	a4f1a6c6,358e4e85,6ba51265
9bb71fcd	156ef672
9bbb8607	fac7b989,41312adb
9bbebde2	397f16be,5fddd6df,26b7824f,962874f6
9bbfd4f2	4497a02c,9c0300b1
9bc74539	4497a02c,f1551f13
9bcda172	1c3cb695,82273c54,019dd106,b5b06866,46e6691b,09fa7f06,41db1094
9bd05892	52ce7370
9bd7ec53	39694c69
9bd84423	39694c69,f93b7ad5,96b5162f,7f880865,27cca8c2,8df62134,572fc984,af403d4d,dddbd028,4b971e6b
9bd96099	4497a02c,9c0300b1
9bd9702c	52ce7370
9bdcd90f	52ce7370
9bdd626b	52ce7370
09be06c8	165bcd54,6baaa8d2,418c68bb,474869d5
9be15571	4497a02c,fedb29fc,03287f37,4b70b680,bbef806b,120db9c6,d1e8ddcc
9be4fbad	52ce7370
9be914e7	1e31872e,d9f2b454
9bee409e	31bf575d,eff12099,43068c57,b31f60ed,67ca60e1,c603edd2
9bf46e16	39694c69,53536c60,ed4381f2,a43458d9,1c93d9d3,f5216bcf,c602a40d,ae8834fb,91fa17ab,111e88f1,89f6f8a5,4ebd1bb2,4b8a0cef,d89abf3a,7c564be4,fcf1f8c5,472143bf,81d269f1,445ee13f,4bfb77d1,604cb8a8,4d525275,1b332a89,10fded56,f2564478,2fd57652,8aab7e64,65bd861b,e51224df,0b3b3b39,66359d4f,f6b0f1c0,708fd580,034d5002,09237912,50a41601,76cbe174,fc9e0f04,93be621a,5d5733ad,cd9c73df,94b05d44
9bf8ad68	52ce7370
9bfa558e	4497a02c,9c0300b1
9bfc1b47	4497a02c,9c0300b1
9bfc393f	52ce7370
9c016ca9	52ce7370
9c092c67	4497a02c,9c0300b1,71059794,87b10783
09c0a570	71e16d63,ecdc68fd
9c0dbc62	52ce7370
9c0f50cd	39694c69
9c100e22	de5cbb69
9c10bdd8	4497a02c,9c0300b1
09c12d82	52ce7370
9c12dac7	b8d3ec3d,f5ff1be2,efe3034b
9c13bc00	39694c69,9782e7d7
9c16987d	4497a02c,53536c60
9c174f7d	ef10b158,875dd7e9,d7bfcbd4,ff3aba1b,633a5c3f
9c1a0d80	52ce7370
9c1e9370	1e187c8f,8405f30c
9c1f016f	52ce7370
09c200cb	cbbb9d0a,7b619079,78368090,f36b7164
9c264fc6	52ce7370
9c271530	39694c69
9c292c76	d8ac9253,ab14717e,95bbbf7e,911b2ad3,5b673006
9c2aae2b	a4f1a6c6,358e4e85,6ba51265,424a544a
9c33fbd0	52ce7370
9c381898	4497a02c,9c0300b1
9c3f31a5	7eefa621
9c4b56cf	4497a02c,f1551f13
9c4b7036	695a3627
9c4fe665	52ce7370
9c54e8e5	ef10b158,f2703d78,634c416c
9c58e566	bcf6bc33
9c68d430	4497a02c,9c0300b1
9c6ddfe8	a8cee631,89f9d16a
9c6fbf06	a4f1a6c6,358e4e85,424a544a
9c70c8ab	39694c69,07967bc2,b2fc3a8f
9c76d4dc	94393069,861ab707
9c79290c	52ce7370
9c7c8f17	52ce7370
9c824c3d	4f6dc79f,03952400,f13e94a5,2bb8e01a,c7aed0f3,de6cf883,3eb5234d
9c835a4c	4497a02c,9c0300b1,ed4381f2,4e9b2092,1c93d9d3,1dee7445
9c8402a9	a93ac93f
09c844f0	52ce7370
9c854b13	52ce7370
9c8d9388	03fbf95a
9c90c7c4	7b328bff,8e63cd06,0c678678
9c9492f1	39694c69,f93b7ad5,96b5162f,7f880865,27cca8c2,8df62134,572fc984,af403d4d,dddbd028,4b971e6b
9c94ffb3	65ff253f,33cacd77,acc31fa7,56eee8b1
9c9554a3	52ce7370
09c964c1	52ce7370
9c9904fd	4497a02c,9c0300b1,ed4381f2,a43458d9
9c995fb0	6258c999
9c9ac868	4497a02c,9c0300b1,ed4381f2,c67d1472
09c9f422	c2634932,84d7de94,8b1a8909
9ca310c0	3f19cae6,36765160
9ca62347	52ce7370
9cab5ee8	4497a02c,9c0300b1
09cbb744	36dca34f
9cbb9688	569aeac3,0c6023ee,fd8c731e
9cbbc36a	804a1ca3,80c14166
9cbcb1bb	d8822bcb
9cc209dd	52ce7370
9cc27aef	acde460f,ed9bfc62,2b36b77e,9d2a8a31,7397a788,c930c0da
9cc53871	cc831193,a832c92e,212c0978
9cc76582	52ce7370
9cc84601	bcf6bc33
9ccb2d28	458e5d1c,705a423f,02bc242a,75401d71
9ccbb98e	353208d5,008044df,c11421de,cd893c53,927607c4
9cd3a487	c92f2a11,840f0070,77871fa6
9cd5a22e	52ce7370
9cd5d36a	a4f1a6c6,358e4e85,6ba51265,424a544a
9cdae1ff	39694c69,53536c60,ed4381f2,a43458d9
9ce56578	bb841338,6226fcbf,a2102120
9ce67a83	4497a02c,9c0300b1,c3962bbd,5db7b8ed
9cedbcb6	b8d3ec3d,f5ff1be2,efe3034b,006e0403
9cf3cb41	52ce7370
9cf4692c	ca716397,46675f32,ba556c8c,2aedb864,2a7d2e3a,facc29c6
9d02bcd7	39694c69,695a3627
9d07d904	52ce7370
9d098a1b	52ce7370
09d0ae7c	52ce7370
09d0afcc	d35df4f0,2141a805,407b4b8d,955078f4,276661ae,325802b1
9d0bed3a	52ce7370
9d0c6369	52ce7370
9d0fe66f	cb6eb787
9d145c51	39694c69,f93b7ad5,96b5162f,7f880865,27cca8c2,8df62134,572fc984,af403d4d,dddbd028,4b971e6b
9d15fd01	4497a02c,51d4b5c2,6de28597,51248aa1,6c37dcbd,c8161f74
9d173355	52ce7370
9d1cb8e3	52ce7370
09d1d1d0	77887c5d,986b41fa
9d227313	39694c69,d918c1e8,4e10d2f7,66f60b81,a8a122bd,58ab3269,555a5491,2c2c4dfc,d7c96366,9716f3ea,de5cbb69,d028f1a9,35f35a62,f34fddaf,fa4ffca2
9d23580b	4497a02c,9c0300b1,6d2c033c
9d24b1b8	52ce7370
9d2cf5e5	e2f2679a
9d2e95f1	4497a02c,51d4b5c2,6de28597,d1528e91,9bd7b384,dccc8c79,579ffcd3,be6b4e81,e54af9ea,8c646366,fec98f55,a60663db,16ab19bd,7ea3247a,22f29d42,d40827bc
9d317243	39694c69
9d328960	bedd91a7,a53082a4,ea209f63
9d33619d	84be41b1,fe691e25
9d3421ed	ef10b158,f59e6083,652cbb63,f60d9cf4
9d358b11	3296fc12,5e580707,d4e0dd4d,92202a7e,688c3481,03fcd3a3,16802914,b59d9013,fdcddfa0
9d3748fb	d843101c,3f9bf660,341c9570,194f5f55
9d387ad7	4497a02c,9c0300b1,c2a8779a,69fec6a2,ff242523,594b2f2a
9d391151	163cd9e3,9da96664,a3296a6e,16046db9,5c65ffab
9d3cb500	e9e3d022,4a288da1
9d3de2f8	adcb8e35
9d3eadef	52ce7370
9d413849	a4f1a6c6,358e4e85,6ba51265,424a544a
9d41dcd1	6a43995c,4d854a77,6955542f,cfda5ff4,a9ccd887
9d438513	1e3bbce9,b83c1deb,8ce21c36,a5f836d2,65c70667,6745120f,ff58e1c3,36b3d171,79b6a96e,28bedae4,140f794a
09d447e0	ac26dac5
9d44968e	b8d3ec3d,f5ff1be2,efe3034b,45167447
9d464502	52ce7370
09d4871b	c7aed0f3
9d4cc598	52ce7370
9d4ec9e9	4497a02c,9c0300b1,ed4381f2,a43458d9
9d4efc3a	b8d3ec3d,f5ff1be2,efe3034b
09d4fb1f	16ec1a76,8a6fe65a
9d51bc78	52ce7370
9d544c29	52ce7370
9d547049	94393069,861ab707
9d54b310	4497a02c,9c0300b1,ca686334
9d56b9b1	4eacf831
9d5ace5a	5a7f095a,f99d95ff
9d5ae1c8	74077bc9,5db7b8ed,3b3a53d4,fede4e7d,57de7f4c,d5f2f7a9
9d5badb2	f59e6083,912df7a2,22521ff3
9d5e8e13	52ce7370
9d6564f0	4497a02c,9c0300b1,65d3b6a9
9d66dbb1	39694c69,53536c60,ed4381f2,a43458d9,1c93d9d3,f5216bcf,c602a40d,ae8834fb,91fa17ab,111e88f1,89f6f8a5,4ebd1bb2,4b8a0cef,d89abf3a,7c564be4,fcf1f8c5,472143bf,81d269f1,445ee13f,4bfb77d1,604cb8a8,4d525275,1b332a89,10fded56,f2564478,2fd57652,8aab7e64
9d682695	33501fef
9d6b0639	39694c69,6fbd9190,3c8e86a1
09d6f43d	d617557b,9f90b58d
9d6f81b6	39694c69,a93ac93f,07967bc2,47e980ce,97d97248
9d83746d	98b8134d,8d1950e7,1fe102a7,1e98e3d4,006116b8
9d83c190	39694c69
9d842efa	3b604873,8e7b6f79,908c1738
9d85d51c	52ce7370
9d86313f	52ce7370
9d8833d9	39694c69,0fdaca91,d028f1a9,efa938d5
9d8901e7	2b95a925,05258515,563f6970,93697ef3,318b6afe
09d8d2f1	52ce7370
9d8e60ba	3fb37ed6
9d914d3f	75ed7522,0841f576,a1583547,9bf001f8,842c2ecc,0546be4e,3f4b3c54
9d951efb	4497a02c,9c0300b1
9d98c4ce	c415d935,0ada2004
9d9a75df	a4f1a6c6,358e4e85,6ba51265,424a544a
9da6d680	52ce7370
9da84fec	8e1f1b8e,74ee70d8,247e829c
9da8f3cd	52ce7370
9dacd70e	3dacb67c,2b841a22,9115fdff,303fa6eb,30a00b2b
9dadda58	52ce7370
9db5105b	52ce7370
9db59c6d	39694c69
9dc46e51	7335615a,33139226,70caa572
9dc87896	52ce7370
9dcc8576	c52ad410
9dcc925f	52ce7370
9dd4633c	39694c69
9dd60369	48bb560c,97a62895,5cd83f49,463baff2,06161b6a,cf26c0a0,ba68fa41,9eb033ac,0aae2c58,d7bae8fd,a1be91c5,42c2a780,d127be8f
9dd6ae1c	a4f1a6c6,358e4e85,6ba51265,424a544a
9dd72005	52ce7370
9ddb4538	39694c69,66e14441
9ddbbad8	39694c69
9ddcb4c5	4cb96725,ced540a2,edd43472,fff6f34a,2957b882,eca91c05,bcf6bc33
9de08d6a	39694c69,53536c60,26bed42b,0091e4f9,1c93d9d3,f5216bcf
9de67f39	bcf6bc33,f55df17f,de27c98a
9de91e46	52ce7370
9deb0522	bedd91a7,6d1d43cc,4efa80dd
9dec37af	52ce7370
9df20ef7	52ce7370
9df9612e	7f31ce4a
9dfb16f2	39694c69,53536c60,ed4381f2,a43458d9,1c93d9d3,f5216bcf,c602a40d,ae8834fb,91fa17ab,111e88f1,89f6f8a5,4ebd1bb2,4b8a0cef,d89abf3a,7c564be4,fcf1f8c5,472143bf,81d269f1,445ee13f,4bfb77d1,604cb8a8,4d525275,1b332a89,10fded56,f2564478,2fd57652,8aab7e64,65bd861b,e51224df,0b3b3b39,66359d4f,f6b0f1c0,708fd580,034d5002,09237912,50a41601,76cbe174,fc9e0f04
9e04b549	b8d3ec3d,f5ff1be2,efe3034b
9e058dc4	22183874,d74ebeed,b3c768ec,12071db6,3512f1ef
9e079720	39694c69,156ef672
9e0885ff	52ce7370
9e0aea8f	152e9eec,7d59d9b8,6519f22c,ab78b87d,39572fa0,9449ec6c
9e0b8b1e	664f8716,f923c650,4bf061b6,cd209d36,86501e45,a030bc77
9e0ba3fc	94393069
09e0ba91	52ce7370
9e0de1fb	ef10b158,d4c42ebc,471f30f0,b70f7647,c678eabe,10799709
9e10b442	4497a02c,9c0300b1
9e1152f2	52ce7370
9e158a15	39694c69
9e19fb2d	52ce7370
9e1caccb	52ce7370
9e2193fd	c906939f
9e33add2	4497a02c,9c0300b1,89e7559d,03fbf95a
9e344ec9	a4f1a6c6,358e4e85,6ba51265,424a544a
9e365281	52ce7370
9e398bb9	52ce7370
9e3dc1aa	39694c69,de5cbb69,e9f6be1f,8dce544e
9e486e3c	4497a02c,f95c251b,a01952f0,a4498422
9e499612	639c7070,ef46bbd3,cb433269,e44b523c,91ee48bb
9e510e87	4cbc7373,844d3942,b363b10b,57fa5723,86b857e6,8ea251d3,238e655c
9e521a40	39694c69,155428b6,c5d92e9a
9e55dc94	52ce7370
9e5c52ce	af91f72b,a6a48e4c,4bdc3092,cb8a82e6,fea07641,09d798be,e82b17bd,0abe6b96,ecd063f9,185409e6,9d6cf1df,9b4e781c,686196b0,68ad49d3,702fd711,03360f76,34e2c108,58ade78b,e71a034b,1e6cbbd3,bdc45a52,0d89f003,43d380dd,72701bdb,5a0008c4,fe9bb93d,611b75c4,3af1ca89,51907a2a,91e5d9a3,02da0bc5,1bf83eb7,89657bf3,2538ddbc,44c5dc80,a0d1105e,1594a3c0,8f5392b8,a2ea0b0c,456aee28,227096be,72af8848,fd3be967,d7d06d07,18565d80,047dfac4,bcdb3ec6,9d246d61,f52b6ad8,32da31dc,6570482f,9d5b1a1a,9e05487d,478cd122,ce466a72,01bf7443
9e5d242b	39694c69,53536c60
9e64f29f	07967bc2,dee65538,f8b0ae39,4c463a4e,1716acd1,8332c229,6b75985d,1caa8688,5ca1a08e,c73929ad
9e651612	52ce7370
9e660ad0	465660fd,c04e9bb2,2b85ecd7,19071cea
9e66d042	88c65e99,00a610f3,dcb1490e
9e6daaa3	52ce7370
9e6f7bfc	dfef31c4,eb3bf649,1059679d,453212cc,418522bd,c808b5ab,8dbfc20d
9e721361	ef10b158,74ef00bd
9e7585cb	efa938d5
9e78f08c	bcf6bc33
9e791ec2	39694c69,53536c60,ed4381f2,a43458d9,1c93d9d3,f5216bcf,c602a40d,ae8834fb,91fa17ab,111e88f1,89f6f8a5,4ebd1bb2,4b8a0cef,672b9c00,cc0955c1,b7e96a6f,2c1084c8,27da50a2
09e809f4	9ebdc0d8,dcc919db,0df636ed,c00c5ba3,416fe963,837dda49
9e81acb8	39694c69,8222f1b0,bb19162b
9e869013	52ce7370
9e8ef7f6	b8d3ec3d,f5ff1be2,efe3034b,a6b52829
9e96b999	52ce7370
9ea0e153	39694c69,53536c60,ed4381f2,a43458d9,1c93d9d3,f5216bcf,c602a40d,ae8834fb,91fa17ab,111e88f1,89f6f8a5,4ebd1bb2,4b8a0cef,d89abf3a,7c564be4,fcf1f8c5,472143bf,81d269f1,445ee13f,4bfb77d1,604cb8a8,4d525275,1b332a89,10fded56,f2564478,2fd57652,8aab7e64,65bd861b,e51224df,0b3b3b39,66359d4f,f6b0f1c0,708fd580,034d5002,09237912
9ea130b3	ef10b158,dca934bb,8a84a3e8
9ea384e4	52ce7370
9ea5f161	9145e892,0dba8468,5ab9a570,2da83a04,1ad76ed6,79fa8d00,3e4be9fb,4676ba4c,af089e15,d7985aff,702ef38d,ba5eadad,cf1e6e83,b88bf483,3b0794d6,55fb6558,9529976c,1874ac44,c064939d,4b3cc57f
9ea74b02	4497a02c,f1551f13
9eabd1ce	4497a02c,9c0300b1,fc46f7cb
9eac2ca3	e0fdb83a
9eaf8a8a	a4f1a6c6,358e4e85,6ba51265,424a544a
9eafcf95	39694c69,af77c70d,ed4381f2,a43458d9,1c93d9d3,f5216bcf,e2dc42cb,ef4c1064,050a25d7,234a0a79,c3c175ca,4ebd1bb2,d454474a,689b5772,c53f71f9,6bdb00af,58348094,f6af4f94,2e555a4d
9eb4ccf2	61642db6,68901e25,17064aa4,e88fbf1c,86271f0d,25c6e66c,661cd13f,c3368dea,c5e3ae75,2301559e
9eb6e235	52ce7370
9eb8aa03	237d07e3,2805dd30
9eb97b53	39694c69
9ebb6c48	a4f1a6c6,358e4e85,6ba51265,424a544a
9ec31d2b	4497a02c,9c0300b1
9ec87d50	67de93e1,cd6128bd,14fb3594,1fac4cb7
9ec9b0c8	39694c69
9ed89dbe	a4f1a6c6,358e4e85,6ba51265,424a544a
9edb792b	52ce7370
9edd014c	b3b3f915,5511013f
9ede67e9	bcf6bc33
9ee060e3	39694c69,dd09ec99,1d158b36,21b053b5,3b1f10ac,ffe4d592,dbc6f3b6
9ee0efd1	d90cec49,3e4808d7,6821975d,8efe782f,2e1c9595
9ee4986c	bcf6bc33
9ee7a7ea	9a9d5b6e
9ee896a5	4497a02c,9c0300b1
09ee9b74	a8aceca4,58ade78b,11177941
9eef8b75	39694c69
9ef0070e	fefda14e,437130de
9ef37e37	4497a02c,9c0300b1,74077bc9,71059794
9ef42a13	4497a02c,9c0300b1,61c86324,c02e314c
9ef70e9b	52ce7370
09ef847c	ec38fb8b,6ba2bd46
9efc651a	52ce7370
9eff7b8f	52ce7370
9f01e566	52ce7370
9f0223a5	a973b0a6
9f05d79c	1c3cb695,82273c54,019dd106,b5b06866
9f05f375	52ce7370
9f0e9217	9a9d5b6e,de9ad6e8,02d712a8,0ce81d88,5e800741,df5789cf,a505e86e,1dc0d12f
09f0fce1	4497a02c,f1551f13
9f127c49	7b027cee,fcd139dc
9f129476	4497a02c,9c0300b1,b5cb46ab,915d35ee,48b7a248,774c56ed,e400f540,060e1775,43f03572,3f78713e,88c1df13,093df90d,e2a11b3a
9f214af5	ba644e2a,dba99a7e,e8ca1dc7,4e9a4327,8ffc6982,d6d6a63f,52b3edee,1f5440b8,82a49220,14bb1b15,fd51558a,51835cdb,ae68114e,592f3a8e,6132accd,3872dcbe,a2c11a04,fd39ed3d,55e953dd,d3ccefc0
9f250e0a	c52ad410,fb629045,69dfb8ce,9bdeb816,46747927,bb1385a4,f28dae3e,bd0ae48d,622e64d2,fa780c10,9d52a066,096e3c87,96060714,20a21f36,736dc35d,b24a475a,8acda39c,e7209a65,673faebb,732baa56,1a2c86d0,f5d3bc9d,2081284d,d9bb6733,97eaac83,d6ef5830
9f26258c	523cb981,24f98c12
9f2b4d27	f16c5faa,b998f50f,ce858e01,67ff786c,1b35cacd,3a8156ce,9a2718b6,881b3db9
9f2fc10f	9c5533f1,a599f130,6d5d1e1a,1a8454b0,4c3d5b00,cf8c6a7f,9656001e,4e3ebb54,e55979dc,6e82b161,a8143f44,dee65538,a2009a2c,8daff0a9,86c96406,e0409e7b,f9ba15a9,db1301dd,ff598a23,09ad3004,74a06ea5,71714ccd,1fc40cff,971ad05c,7ecf3741,a095e31a,e3c06edb,a0742a7f
9f306a81	52ce7370
9f35fe69	acde460f,c8941f25
9f3ce943	39694c69,53536c60,ed4381f2
9f3d4eb0	979a237f,5cd486cb,c4ed6bfe,863db6d1,f1ce02fa
9f3ed160	52ce7370
9f40aa2c	39694c69,d918c1e8,6d2195df,252d31f4
9f41bb1c	52ce7370
9f41bd8d	bedd91a7,6d1d43cc
9f43a8e6	b8d3ec3d,f5ff1be2,efe3034b,4a370cd6
9f4905da	137cbeb3,cb6eb787,56181287,4ec4390e,14bc34b4,1812dfc6,8b1a8909
9f49db69	bcf6bc33
9f4adb07	52ce7370
9f4b273e	52ce7370
9f4be36b	52ce7370
09f4cb49	920b8138,42f3aa16,231a4acd,a25ce84e,d6061eeb,d1abbca5,4ffbc267,c6ff3b9c,f4a75c27,7efde091,facf5e17,badd114e,983e556f
9f4e8614	39694c69,efca5eeb
9f530fe4	5da39ea7,815236bf
9f53dfaf	e0d64098,5f0c78f2,564986a8
9f54ea00	bcf6bc33
9f561a79	52ce7370
9f628ec6	bedd91a7,6d1d43cc
9f64db85	b8d3ec3d,f5ff1be2,efe3034b
9f69afb7	52ce7370
9f6d7dbf	4497a02c,3c0eef70
9f6ebaf1	4497a02c,9c0300b1,ed4381f2,a43458d9
9f6f21c9	39694c69,a05a30c3,3ded92ef
9f700026	39694c69,53536c60,ed4381f2
9f70ce93	b8d3ec3d,f5ff1be2,efe3034b,45167447
9f733902	52ce7370
9f7a6b09	52ce7370
9f87dc17	39694c69
9f885414	52ce7370
9f89d654	39694c69,53536c60,ed4381f2,a43458d9,1c93d9d3,f5216bcf,c602a40d,ae8834fb,91fa17ab,111e88f1,89f6f8a5
9f8af3b4	0309d1f3,b664d91b,d3b54084
9f95b76c	52ce7370
9f95c15b	bcf6bc33
9f964214	52ce7370
9f967610	111e2d81
9f9bb73a	39694c69,560f9e51,a8ca19a2,bcd1e014,1eb10d85
9fa0752a	52ce7370
9fae96f1	52ce7370
9faf9779	4497a02c,9c0300b1
9fb29abf	39694c69
9fb6dc4d	1b5a30c0,695a3627
9fb92a62	39694c69,53536c60,26bed42b,0091e4f9,1c93d9d3,f5216bcf
9fb9ec38	39694c69,53536c60,ed4381f2,a43458d9,1c93d9d3,f5216bcf,c602a40d,ae8834fb,91fa17ab,111e88f1,89f6f8a5,4ebd1bb2,4b8a0cef,d89abf3a
9fbb4516	39694c69,e2066024,7c9cec61
9fc4abb8	231a9767,8db1208f,baacb481
9fc64fba	f0fbdf09
9fc7475e	52ce7370
9fc7db80	39694c69
9fca6f0f	52ce7370
9fccf455	19df91a3,79bc1aa1,cb7b7504,d454474a,689b5772,c53f71f9,30c7c4c6,58348094
9fcd942f	9a9d5b6e,de9ad6e8
9fcf9cc5	ef10b158
9fd06d57	5fc0aae4,c02e314c
9fd581b5	52ce7370
9fd6650a	dba99a7e,e8ca1dc7,4e9a4327,8ffc6982,d6d6a63f,52b3edee,95bbbf7e,fc958e6a,cf091af2,b6372dcd,baf799f0,14febce6,7971b3d9
9fd74b35	39694c69,707e3205
9fdd4d28	cff84ef7
9fe1ae14	52ce7370
9fe5e6f6	98b8134d,a134b423,679079ed,6eaf98ee
9fe6633a	52ce7370
9fefd8a4	ff986a31
9ff3c649	bcf6bc33
9ff7e1a0	39694c69,d8804c8d,9b755684,e1b6082d,430bc704
9ffa3091	b8d3ec3d,f5ff1be2,efe3034b,de118265,16ec1a76
a00b157a	52ce7370
a00fcc5a	d6888945,ed96ebd0,956c979c
a01483b6	4497a02c,9c0300b1,154ad8b8,37a4fbe9
a01d504b	a4f1a6c6,358e4e85,6ba51265,424a544a
a02272ed	948b068a,ac214c66
a0229bd6	003bee59
a029b833	498580c1,7771692a,1016eeaa
a02f5a58	38a47926,f68fc30b,20445367
a0342fc5	4497a02c,9c0300b1
a03507c9	39694c69
a038c9bd	e385ff93
a03b9be6	a4f1a6c6,358e4e85,6ba51265,424a544a
a04609b9	74dc3c49,f9d9bb1d
a046f8ec	6a883cd3,d6c6d32a,3baf4fe6,461e3b07,9ba6049c,6fa2a372
a048d676	2113ce38,0d75535b,37313dad,212e835f,4269bb4a,efa938d5
0a04948b	39694c69,53536c60,ed4381f2,a43458d9,1c93d9d3,f5216bcf,c602a40d,ae8834fb,91fa17ab,111e88f1,89f6f8a5,4ebd1bb2,4b8a0cef,d89abf3a,7c564be4,fcf1f8c5,472143bf,81d269f1,445ee13f,4bfb77d1,604cb8a8,4d525275,1b332a89,10fded56,f2564478,2fd57652,8aab7e64,65bd861b,e51224df,0b3b3b39,66359d4f,f6b0f1c0,708fd580,034d5002,09237912,50a41601,76cbe174,fc9e0f04,93be621a,5d5733ad,cd9c73df,94b05d44,9762d059
a0528fde	54dbcc01,688fbadb
a0539ee8	c52ad410,57d7e3c7
a05e2fe3	18fe24b3
a0612d33	4497a02c,9c0300b1
a0619550	52ce7370
a062b63a	5fc0aae4,74077bc9,524acbed,ae17fcda,6a737933,dee65538,29b77818,85544b50,56804c63,b12d7b99,ef76c5c6,32ce3fdf,07b767db,af1cefaf
a069983f	4497a02c,53536c60
a071f436	4497a02c,9c0300b1
a078d541	39694c69
a0793f8f	bcf6bc33
a07bd704	39694c69,53536c60,ed4381f2,a43458d9
a07c0400	52ce7370
a07dc8ee	1b5a30c0,695a3627
a08206e7	4ff11331,6833c515,58cdf6e6,be919d69,4e5caf2c,8135ff99,f3a53300,c59814be,3c5cbbe0,2ac4bfeb,93b0e19b,93b8807c,5eb610fe,d392e529,efa938d5,bd8543bc,246091d5,4893cc28,807214c7,5bedc146
a08b4f89	4497a02c,9c0300b1
a08c03a2	52ce7370
a08c65b6	28f6b7b0,d44d20eb,81738f7d,f0c8bd5a
a09638f8	341d8e4a
a0971d41	75c3b048
a09b106a	39694c69,53536c60,ed4381f2,a43458d9,1c93d9d3,f5216bcf,c602a40d,ae8834fb,91fa17ab,111e88f1,89f6f8a5,4ebd1bb2
a09c96fa	39694c69,f93b7ad5,96b5162f,7f880865,27cca8c2,8df62134,572fc984,af403d4d,dddbd028,4b971e6b
a0a7eb20	156ef672
a0a82a87	52ce7370
a0b1f1e4	52ce7370
a0b5a60b	52ce7370
a0b6f448	695a3627
a0bdceec	52ce7370
a0c0b106	52ce7370
a0c2bc85	a4f1a6c6,358e4e85,6ba51265
a0c4d84b	39694c69,53536c60,ed4381f2
a0c57a3d	52ce7370
a0c5ca6a	639c7070,ef46bbd3,cb433269,7da1c31a,2b841a22,9bff476d
a0cf0ec1	811f8fc5,e54bb5fe,b8dd98cb,ddc64cec,8e2233d3,a247b906
a0d1f902	4497a02c,c7d95d7f,267c3962,6966f037
a0d575be	8b46b142,3f5e9cd0,ed0e036e,4e249fd1,ea08a2f4,de6a913e,8376bffa
a0d59833	52ce7370
a0daca13	39694c69,e8e40444,da57f416
a0dae2ad	94393069
a0db6970	9ad50217,de5cbb69
a0e127fb	39694c69,97c3ead5,c568b0ce,df56f945,d3ec7e8f,c1b3830a,b5ee9647,789da96c,124fead7,56a3668b,c5ca4086,eecb9cf2,dcc7cfa3,331da5f0,8f8703bc,f75d45ab,c2ffec7f,9621bb46,feb29b49,7bce2757
a0e285b5	94393069,0739342d,d64d45e9
a0e2b69f	39694c69,6966f037
a0e76aa7	38fffa6a
a0e856ea	52ce7370
a0eb8820	74ef00bd,ba4c441e
a0ed66d6	52ce7370
a0f69a1d	ba93dff3,dc62fde1,0212e46b,9c637f89,2998f954,2efe9aa0,72f50385,25c54415,c42c13bc,f82156cb,e7f13bd0,c635dd20,7711343b,5d44d7fe,4b5abcc0,2304d4ac,e4ae537d,ab91a753
a0f94a68	39694c69,dd09ec99,1d158b36,21b053b5,3b1f10ac,ffe4d592,dbc6f3b6
a0f998d8	bcf6bc33
a0fa766c	cc839b20,ee32be05
a0fd1f9f	52ce7370
a0ff334e	39694c69,fced5de1
a1047f12	156ef672
a109dc8e	52ce7370
a10a210e	52ce7370
a10a5cec	4497a02c,9c0300b1
a10ad43c	4497a02c,9c0300b1
a10c0f62	39694c69,fc096bf6,c1bc5caf,81ca68fd,d8f2a3d2,e224aff4,b4d55664,14cc128e,5b6ad19e,f479d64d,ab278105,eabf9fb7,9fc82936,8590893d,7cce2835,620b697e,4e1b72ea,112eaa29
a10c1b5b	249f7327,891f40ab
a10ec38e	39694c69,4ddcf3c3,b7ead971,15d1718e,af0e550c,f133c7e1,4c10665d
a115f7ef	39694c69,c7fb2350
0a11f071	8e7b6f79,908c1738
a11ff66f	a4f1a6c6,358e4e85,6ba51265,424a544a
a122185d	52ce7370
a1233fb6	4497a02c,53536c60
a12604e3	4497a02c,9c0300b1,ed4381f2,a43458d9
a126d778	52ce7370
a1295a94	ef10b158,ce50e497,73adeb97,8ed617da,f430468c,d58789df,bbc96589,d0da0849,69e25dac
a137bd56	4497a02c,9c0300b1
a137d897	39694c69,42c1e9a7
a139f03f	777aa7ff
a139f6f0	39694c69
a13c1127	39694c69,8d3e5fd2
0a13d087	4497a02c,9c0300b1
a142e6e4	52ce7370
a14689df	52ce7370
a1483d96	52ce7370
a149de11	52ce7370
a1564019	c52ad410,d9a8bd56
a15f3fa5	1f22d997
a160d9d3	c311c08f,bda826a4
a161ac03	3366f5d4,9d6fe919,764811dc
a1624d60	52ce7370
a165687a	c52ad410,57d7e3c7
a16c6e2f	52ce7370
a1716afc	acbfd2c7,31fe699b,22632778,6bc06a43,28e86f35
a17500b2	39694c69
a17ac3d6	39694c69
a1804a88	52ce7370
a182e2ce	bcf6bc33
a18440a0	a4f1a6c6,358e4e85,6ba51265,424a544a
a1867853	39694c69,53536c60,ed4381f2,a43458d9,1c93d9d3,f5216bcf
a18f44f4	b8d3ec3d,f5ff1be2,efe3034b
a193afa8	156ef672
a198bd1d	a2ee9da1,56052f6d,4802a5a1
a198ce93	39694c69
a19a1f54	52ce7370
a1a0f2b3	a2ee5450,0f47cb5f
a1a5950d	b8d3ec3d,f5ff1be2,efe3034b
a1a79913	52ce7370
a1af8b5b	39694c69,53536c60,ed4381f2,a43458d9,1c93d9d3,f5216bcf,c602a40d,ae8834fb,91fa17ab,111e88f1,89f6f8a5,4ebd1bb2,4b8a0cef,d2b6a6b2,9260b79e,db0166a7,c9b7bb7c,45872f7b,ab679457,cdafbe3f,2e6b053e,d55affbc,89727bf9,ad7c013a,14ce1b9d,a714d19a,5d5f661d,fb23a905,5788f22b,f99b2675
a1b15df0	0dba8468,b619836a,9f19049a,b664d91b,a4b7e1a6,f60030f4
a1b48be6	4497a02c,9c0300b1,a4abeafc,68db7ee6
a1b5ca40	bcf6bc33
a1baf4e0	52ce7370
a1bcbf86	52ce7370
a1bd2c8b	4497a02c,9c0300b1
a1bd42b3	c3740dce
a1c20c15	94393069,1c887000,00c8b249,d78abe7e,91e7fa46
a1c67f34	52ce7370
a1d03848	52ce7370
a1d1cffa	94393069,861ab707
a1d53484	39694c69
a1d5ed3f	3bd3123a
a1da9e46	39694c69,af77c70d,ed4381f2,a43458d9,1c93d9d3,f5216bcf,e2dc42cb,ef4c1064,050a25d7,234a0a79,c3c175ca,4ebd1bb2,994479b2
0a1df742	a8aceca4,58ade78b,11177941
a1e12cb8	bcf6bc33
a1e64d5b	c0906e79
a1e6f7eb	6ac317a7,6fecfa41,63a587b4,ce221358,07154b38
a1e7ce41	bcf6bc33
a1eb91c1	39694c69,d7d2621c,4d7eb70a,3c93c4ad,1cfd294f,e6a7563c,b2201758,34e6c47b,37fd692d,a7fcaf4d,f1d0c2de,79bb22fc,5df3572d
0a1ec7ee	52ce7370
a1f0cec9	52ce7370
0a1f3793	39694c69,131c77f6,0ee006fa
a1f58bb4	39694c69,ba93dff3,620e36d8,daf7cd14,f623a039,72e72be3,c1f744cb,d1efd83c,9510180b,6c8ea703,e1be1d1f,bcb5627c,ec9bd8d1,5f7bc986,6bdf0a11,e9654153,4ed2bdbc,7e4d5ede,5aebf457,fb46a355,d2cf45b6,9555ab7e
a1f74c94	52ce7370
a1f7b727	e71e24f6,da15d7a7,02ff0230
a1fcc952	52ce7370
a204847f	861ab707
a20576c2	52ce7370
a20a9d0b	4497a02c,9c0300b1,23a1622e,64629b4b
a20c4f1c	94393069,861ab707
a21108de	bcf6bc33
a21638b3	52ce7370
a2174f6a	c415d935,6d02bffa,837dda49,0213f6dd
a2178d2f	8b04407b
a21a22ce	39694c69,53536c60
a21f66a1	0ce14dd3
a22008d8	4497a02c,9c0300b1
a2272e6c	94393069,861ab707
a22b17d8	52ce7370
a235c7a7	4497a02c,9c0300b1,99e17baa,b44f6cb2,a7e55475,a7a49530,46273338
a2394efd	a4d13d8f,85e4f591,4b7f2855,ce222bce,4aa0b06f,a721343d,b05aede6
a2474c5c	a4f1a6c6,358e4e85,6ba51265,424a544a
a253e9ba	52ce7370
a25dd4a2	a4f1a6c6,358e4e85,6ba51265,424a544a
a25ebe1b	52ce7370
a260a2a4	bcf6bc33
a261a601	52ce7370
a26225a0	a4f1a6c6,358e4e85,6ba51265,424a544a
a264b561	152e9eec,7d59d9b8,6519f22c
a2693864	a4f1a6c6,358e4e85,b7a0eada,99b8e741,424a544a
a26b47fd	39694c69,908994cb,6a615830,a2f3e195,d028f1a9,35f35a62,de5cbb69,9716f3ea
a26ed20a	39694c69
a27028a8	39694c69,d028f1a9,de5cbb69,5b073131
a272e1cc	52ce7370
a274d3e3	52ce7370
a2768f71	39694c69,53536c60,ed4381f2,a43458d9,1c93d9d3,f5216bcf,c602a40d,ae8834fb,91fa17ab,111e88f1,89f6f8a5,4ebd1bb2,4b8a0cef,d89abf3a,7c564be4,fcf1f8c5,472143bf,81d269f1,445ee13f,4bfb77d1,604cb8a8,4d525275,1b332a89,10fded56,f2564478,2fd57652,8aab7e64,65bd861b,e51224df,0b3b3b39,66359d4f,f6b0f1c0,708fd580,034d5002,09237912,50a41601,76cbe174,fc9e0f04,93be621a,5d5733ad,cd9c73df,94b05d44,9762d059,405d4257,950270d7,702e331c,70823eaa,daf56fb3,060f8f36,bb1a29f4
a2773409	39694c69,ad40110b
a27b993e	52ce7370
a27cd01a	a93ac93f,5c09f09f
a27eaa3d	4497a02c,9c0300b1
a2822407	f447fe90
a28517a0	639c7070,ef46bbd3,cb433269
a2858aa0	b8d3ec3d,f5ff1be2,efe3034b,fd411fc1
a28c0189	b26e407c,4b971e6b
a28c0f55	39694c69,dee65538,78b57979,b8a3ad7c,30aeb5f9
a28cae39	1b5a30c0,74077bc9
0a28ed06	8e7b6f79,908c1738,e2ebaeae,02bc242a
a290beb7	b8d3ec3d,f5ff1be2,efe3034b
a29a4709	52ce7370
a29f4628	8f9e7239,6e42a235,dbf11e74,377c44b6,2ebce7b4,cbd2b3ec,7854e726,ee8ea7f4,912c59ef,c7a71dbb,c6500534,eef85ff1,b5049796,dfa374cf
a2a08990	3c2afaa4,8bd6f9de,4056c102,71059794,e0083272,7da1c31a,1045e2df
a2a29284	6832d277,ae055d36
a2a4072e	52ce7370
a2a811ae	a4f1a6c6,358e4e85,424a544a
0a2a9c94	39694c69,2724536b
a2abd4f1	52ce7370
a2b4a54e	c52ad410,efa7f489,b6f3e815
a2bc69f8	a4f1a6c6,358e4e85,6ba51265,424a544a
a2be041b	4f8dd039,246d345c
a2bfe7bf	e9fe44fa,a23af12f,8805c10f,9682405a,e53e98f1,5332c3b9,be04cb1e,78f3c4bf,f02e1993,38982df3,5d4e7b96,09263353,add6fedd,c3890856,fec89fde,58c66357,576dd233,7330adb1,1bc56cfe,f6399b39,a5ccf0e4,901824bf,07ff9b1b,319177b3,a9681859,cc35db06,6ae7242d,99ee9dd9,2f31af1f,c6d42a32,3ebe0469,7b0e3a44,01ffc8c1,061b1864,0cd341a0,d9645c85,34258cde,83c02bb5,9665e269,f97e6337,a13ecc19,6d416e55,48d1b443,7280be39,e2d53b14,221440f4,8c726352,dc883992,c33b02dd,22b2aafe,6e658076,ff1b38f8,c3f4d793,34a51810,7d0a935a,cc19e9f8
a2c83595	156ef672
a2c98d6e	47b76bc0
a2caab49	39694c69
a2cad875	b8d3ec3d,f5ff1be2,efe3034b
a2cbc93d	4497a02c,9c0300b1
a2ce5b42	59ee998c
a2cf875f	39694c69,53536c60,ed4381f2,a43458d9,1c93d9d3,f5216bcf,c602a40d,ae8834fb,91fa17ab,111e88f1,89f6f8a5,4ebd1bb2,4b8a0cef,d89abf3a
a2d18a8f	a4f1a6c6,358e4e85,6ba51265,424a544a
a2d34d72	52ce7370
a2d38af7	ef10b158
0a2dc839	4497a02c,9c0300b1,9f90b58d,77c639b7,c015fc4b
a2e1313a	52ce7370
a2e44675	52ce7370
a2eef6e8	52ce7370
a2f0ed62	22183874,d74ebeed,b3c768ec,12071db6,3512f1ef
a2f9a046	52ce7370
a2fda5ae	19df91a3,79bc1aa1,cb7b7504,d454474a,689b5772,c53f71f9,30c7c4c6,58348094,a6172310,7eee69f1
a2ffdbdd	52ce7370
a300aed5	39694c69
a3081914	4497a02c,9c0300b1
a30a1d5c	36f526af,55d8e1b4,a2179f2b,ee3095d8,4344a7a0
a311af49	39694c69,53536c60,ed4381f2,a43458d9,1c93d9d3,f5216bcf,c602a40d
a311ba19	861ab707
a312f3cb	dfef31c4,eb3bf649,9bce7657,87c91ece
00a314db	74077bc9,4484ee60
a322dd7a	b8d3ec3d,f5ff1be2,efe3034b,b4286351
a3230dad	52ce7370
a323c71d	636c91da
a3256c23	52ce7370
a3262ef4	9deb246d,955d3f51
a3265d05	bedd91a7,6d1d43cc
a326d4c2	52ce7370
a327565a	4497a02c,9c0300b1,f27880b2,8e45b928,8573bf18,5a59d692,1a3507f0
a3289aa5	01653c65,ef73c3d1
a329ae6c	52ce7370
a329f8b7	52ce7370
a34353b7	4497a02c,9c0300b1,773e3b3b,b2033585
a343fa05	52ce7370
a34501e3	a4f1a6c6,358e4e85,b7a0eada,99b8e741,424a544a
a347ac65	84eb9997
a3482454	db7700a0,8bf9b290,b63b087f,3c12a8d0,0d1105c8,4b0ae479,aa09e624,4cffe7f8
a352acdd	52ce7370
a354412b	b8d3ec3d,f5ff1be2,efe3034b
a35b28f9	52ce7370
a35b70e7	39694c69,2c4d39a1
a35cd848	9deb246d,4a39cc11
a35e86e1	4305df5a,1cadc1a5,cdeb9827
a3638f13	4497a02c,9c0300b1,d91c6b96,09f166f0
a3650fa3	39694c69
a3669a54	39694c69,53536c60,ed4381f2,a43458d9
a3671d66	39694c69,f262325a
a36ae3da	52ce7370
a36e2702	39694c69,c5370ed8
a36fab81	4497a02c,9c0300b1,b43ddb43,3cdc7c24,8e7b6f79,908c1738
a37dce9b	b8d3ec3d,f5ff1be2,efe3034b
a3803fb0	4497a02c,9c0300b1
a382de1c	b8d3ec3d,f5ff1be2,efe3034b
a3830056	b8d3ec3d,f5ff1be2,efe3034b
a3833ada	52ce7370
a3855efd	52ce7370
a386b079	e50beb22,b664d91b,1b8f8e96,322b3b7a
0a387d75	0f501fe3,0daeb59e,6cf21a9c,a5b46d92
a388e90c	4497a02c,9c0300b1
a38b76d5	efa938d5
a38b96cf	8c4162a2
a39a194a	4497a02c,9c0300b1,af1b9cca,c00c5ba3,637235a7
a39fdaa0	39694c69,53536c60,ed4381f2,a43458d9,1c93d9d3,f5216bcf,c602a40d,decf6677,515cbef8
a3a37cc5	39694c69,3b5a85ed
0a3a49f7	4497a02c,9c0300b1
a3a8414d	5fc0aae4,25fa584d,1b23c80c,311c5b85,33bd10cd,ae45039c
a3a9acf1	52ce7370
a3b13922	4497a02c,9c0300b1,6d2c033c,9debfb41,a533f992
a3b71a05	1abfb05d,6a4f57e3,9283d7bf,91a6c784,ab569de3,a67d5039
a3bae8cb	a93ac93f
a3c0d416	2f14940d,f4c8862e,36765160
a3c1d353	4497a02c,9c0300b1
a3c2ecac	39694c69,46018677
a3cdd955	948b068a,ac214c66
a3ce3fe5	39694c69,31c81ef1,69d4f058,f5d5000d
a3d2d684	debc1615,ef26dfc1,094a1738,305db891,4d1a8e87
a3daf370	bf95c0c6,c2ccf455,7dfd1195,1e3e50e1
a3e52132	b8d3ec3d,f5ff1be2,efe3034b,2f342ce1
a3e52fee	4497a02c,53536c60
a3e5e5ee	69f26a77,b0c42538
a3e66934	4497a02c,e4c0f55c,cd397f67,c9e7f276,b2505b25,24c44aac,7f26194c,e37670fc
a3e7820c	b8d3ec3d,f5ff1be2,efe3034b
a3ea07ee	a4f1a6c6,358e4e85,6ba51265,424a544a
a3ebf142	39694c69
a3f403fa	52ce7370
a3f79a5d	4497a02c,f1551f13
a3fa2372	cfdb74c5
a3fa4294	52ce7370
0a3fac6d	52ce7370
a3fde240	39694c69,c5370ed8
a400e815	a68e3eb3,b58cb6cb,a8d2a97a,9936d63e,6297eb25,82a12767,95e0ae0c,f5d16de5
a405adea	3e2fe826,ef0d691e,7ada58ef,c2b58b8d,5cf6d856
0a40d0bf	ef40c571,13acaee6,87aea73f,df8cb10f,466d7535,311e04b5,61e390e4,2b498348,0c4fa6f7,df8ac66a,fae20c6b,6c65b68f,ea4bdb43,27a0f417,2272cad7,bcc5ea12,04ab0cbf,430bc704,271167c0,16726139,d552a2c4,3b04383a,723faa5d,13799edd
a40d6c28	c9fe2c70,5db7b8ed,c362d2d9,39961095,7f94bafa,d0402c3a,010aad08,6fcf7625
a40dcd67	c52ad410,39032dea,243cc94a,9ece43f3,0ae220cc
a410d6b5	52ce7370
a416a154	52ce7370
a419e425	52ce7370
0a41a48b	53e3be63
a41ec15e	39694c69,53536c60
a4226083	52ce7370
a4231159	b8d3ec3d,f5ff1be2,efe3034b
0a4323c5	39694c69,53536c60,ed4381f2,a43458d9,1c93d9d3,f5216bcf,c602a40d
0a43340b	39694c69
a434318c	52ce7370
a434b3f3	3ced5728,1487fca1
a434f660	4497a02c,9c0300b1,afe8adc8
a437c758	39694c69,22e98d19,55e11604,18da2bec,f155846e,d9f6cec4,25dc8d69,53841a55,5c26e27a,b513695a,69c14c39
a43bdd14	948b068a,2bff179e,912df7a2,8e3a2f69
a4435e9a	569aeac3,0c6023ee,fd8c731e
a4473d69	94393069,861ab707
a44bae6a	52ce7370
a4517dd0	aa52f6c4,ca473d07
a452fde2	52ce7370
a4532165	52ce7370
a453d8c6	94393069,861ab707
a453f9b2	9f041fab
a45478e2	4497a02c,9c0300b1
a45f18a2	4497a02c,9c0300b1
a4603085	a8aceca4,df0c5e79,485c1e7b
a4609710	bcf6bc33
a4630349	52ce7370
a4660b72	52ce7370
a46680b2	a8aceca4,8be1c13f,f71a968e,3bf1656f,ba522ee1,f8f67ad7,5cb88ba4,228e6544,56e17a51,960c3f83,3d53afa0,05123c13,fc695f03
a4677d2a	3b027034
a46ab523	4497a02c,9c0300b1,65fdd711,808e7d68
0a46c053	b8d3ec3d,f5ff1be2,efe3034b,1f60bdec,87c91ece
a46f123e	52ce7370
0a4722aa	b8d3ec3d,f5ff1be2,efe3034b
0a47912a	d2f6c060,59313235
a47fd7a8	52ce7370
a48207eb	39694c69
a48c6c5d	52ce7370
a4947cdd	39694c69,d918c1e8,37d7bf1c
a49966c0	28f6b7b0,924895b1
a49c5c45	52ce7370
a49e8a87	39694c69,53536c60,ed4381f2,a43458d9,1c93d9d3,f5216bcf,c602a40d
a4a1912b	bcf6bc33
a4a3a3af	8d72d6a8
a4a6fb25	4497a02c,53536c60
a4abf614	4497a02c,9c0300b1
a4ac4ba4	52ce7370
a4aeece4	74183d6b,9977d366,d8244a17
a4af54ea	52ce7370
a4b03472	935c0904
a4b25e91	4497a02c,9c0300b1,224f9600
a4b3001d	7335615a,33139226,70caa572,3701bcd4,66379356
0a4b812c	39694c69
a4b9931d	39694c69,f93b7ad5,96b5162f,7f880865,27cca8c2,8df62134,572fc984,af403d4d,dddbd028,4b971e6b
a4bc68ca	9deb246d,dd268319,5e9b4bae
a4bc9afd	52ce7370
a4bce021	54dbcc01,688fbadb
a4bd8b12	39694c69
0a4bf5fa	52ce7370
a4c407d7	52ce7370
a4c48de4	52ce7370
a4c65729	52ce7370
a4ca2029	39694c69,53536c60,ed4381f2,a43458d9
0a4cc9a1	4497a02c,9c0300b1
a4cd63c2	52ce7370
a4cd6a83	537fc1fb,e18bc5ea,8e9613ee,1bb67c14
a4dea36c	94393069,861ab707
a4deab1f	a4f1a6c6,358e4e85,6ba51265,424a544a
a4e21d93	52ce7370
a4e3966a	b8d3ec3d,f5ff1be2,efe3034b
a4e693b2	bcf6bc33
a4ec702c	52ce7370
a4ed9bf8	4497a02c,9c0300b1,e4895a36,31d76a4a,e2a578f4,8e57408a,16f8618f,87900aa9
a4ee8f65	6eb89385,9f595148,696c7167
a4fec150	52ce7370
a4fffdbb	a93ac93f
a50164f7	a4f1a6c6,358e4e85,6ba51265,424a544a
a5050219	a4f1a6c6,358e4e85,6ba51265,424a544a
a506b8d8	4497a02c,53536c60,ad34c25f
a50b3e00	4497a02c,9c0300b1
a50c575f	8dd09e0e,5c0b703a,527f62b5,27742161,13d0e6ea,2704d0ec
a50d2843	639c7070
a50f405b	b8d3ec3d,f5ff1be2,efe3034b,481420e9,d813a777,11dab871
a5103ecb	dee65538,f430468c,137cbeb3,9fc9d113
a511e3f4	05258515
a5139363	52ce7370
a517396b	4497a02c,9c0300b1,03b824ac,55f6a1e6
0a51d8c4	ef10b158,515f71a6,c250256f
a521a342	52ce7370
a526441d	52ce7370
a5279afa	39694c69,53536c60
0a52bcff	39694c69,a62e4cbd,c93022cb
a52e6338	4497a02c,f1551f13
a534630d	bcf6bc33
a5365142	74077bc9,7cdd5072,7ce7dc19,b5c4f4f4,fa26bdda,c90cb3be,78985ccd,621115e5,72c29994,5c0e02e9,d96d1f4c
a537aaa0	39694c69,f93b7ad5,96b5162f,7f880865,27cca8c2,8df62134,572fc984,af403d4d,dddbd028,4b971e6b
a53b119e	861ab707
a53ecbaa	52ce7370
a54c21ee	39694c69,53536c60,ed4381f2,a43458d9,1c93d9d3,f5216bcf,c602a40d,ae8834fb,91fa17ab,111e88f1,89f6f8a5,4ebd1bb2,4b8a0cef,d89abf3a,7c564be4,fcf1f8c5,472143bf,81d269f1,445ee13f,4bfb77d1,604cb8a8,4d525275,1b332a89,10fded56,f2564478,2fd57652,8aab7e64,65bd861b,e51224df,0b3b3b39,66359d4f,f6b0f1c0,708fd580,034d5002
a54f514d	52ce7370
a5529d51	033f516b,8433e94b,579ec11f
a554e692	1e3e50e1
a5552437	52ce7370
0a5579c9	52ce7370
a55d208c	74077bc9
a55da24e	8c6222d0,ef98168d,e06caaf6,3c469349,740ad287,994a06ba,41d44c21
a56482a4	cbdd702e,4aee0e45,a9caf387,9c98e643,1bc7ba50,f062f9b2,75360cb8
a56553ad	52ce7370
a56fbeff	52ce7370
a57322b1	84f82b3e,913e54c0,eac0318e,eb118c1a,4876dbf1
a575058a	d266ceff,cd7e4cdf,2b5f2178,07232698
a575aff9	0ae3f8cd,7194cd88
a57bbbcf	52ce7370
a580e2ce	861ab707
a580f3ac	39694c69,fced5de1
a581b725	52ce7370
a5861a9a	39694c69,74077bc9,70138566
a586d95e	52ce7370
a5893931	011be3ae
a58faf83	52ce7370
a59816d2	39694c69
0a59a5e0	de93031c
a59ec190	4497a02c,9c0300b1
a59f1549	39694c69,53536c60,ed4381f2,a43458d9,1c93d9d3,f5216bcf,c602a40d,ae8834fb,91fa17ab,111e88f1,89f6f8a5,4ebd1bb2
a5a373c9	52ce7370
a5a5b404	4497a02c,9c0300b1,6d2c033c
a5aa1538	39694c69
a5aa91a2	bcf6bc33
a5ae051e	39694c69,53536c60,ed4381f2,a43458d9,1c93d9d3
a5affe57	4497a02c,9c0300b1
0a5b1819	39694c69,adb1e32d
a5b3f2d5	b36a883e,6f7120ed,e711c8b2,3270856b
a5b5246a	d918c1e8
a5bbcebd	52ce7370
a5bc084a	0e950813,a64439e5,53f61fb5,b7db74a7
a5c38431	4497a02c,51d4b5c2,6de28597,d03cc8df,ffd0a1b2,292d1e3f,523ada24,877b7656
a5c3fcef	39694c69
a5c971c2	e0fdb83a,0219c317
a5cd268b	a4f1a6c6,358e4e85,6ba51265
a5d155ca	4497a02c,9c0300b1
a5db914b	39694c69,af77c70d,ed4381f2,a43458d9,1c93d9d3,f5216bcf,e2dc42cb,ef4c1064,050a25d7,234a0a79,c3c175ca,4ebd1bb2,d454474a,689b5772,c53f71f9,6bdb00af,58348094,384f64fe,6a9a8e20
a5e410f7	52ce7370
a5e4d715	b8d3ec3d,f5ff1be2,efe3034b
a5e68a3a	4497a02c,9c0300b1,f4eb3e90,e6e9cf34,d8ee796a
a5e90725	39694c69,53536c60,e15fb3a5,996ec507
a5eaf90a	52ce7370
a5f0c7a1	4497a02c,9c0300b1
a5f2a373	39694c69
a5f3658f	52ce7370
a5faca61	4497a02c,9c0300b1
a5fb47d9	74077bc9,1487fca1,b664d91b
a5fc4333	3caacad4,dd37182e,65674bc6,3a872257,be29df95,9649e1e1,b16455b3
a5fecc0e	cbb0a0c9,2f7c6535,26d821e9,5d6e6635,0a6807ab,88605cbd,f91fb1c1,444d7cf2,5974cbb9,4c928458,080e59d5,c4e6a7a7,9ca71ab9,ff98e06a,daef038c,678c1a04,3cce1f40,7bb463e9,eb77e83c,25cf07dd,4ee4dec6,bd5a46fa,21ec7827,db1478c0,6a0eef8f,79fd6833,e71a034b,3b55e671,d170dd22,83faa670,59d9f271,98c1b0de,dde20cfb
a5ffabf8	52ce7370
a601170c	bcf6bc33
a6012a89	52ce7370
a6057d9f	52ce7370
a606c3af	ef10b158,720ec95a,1146edaa,0778ade1,47e5321e,4aac7f8e,7cade57c,c3a62385
a60c45b3	bcf6bc33
a60c6f8d	39694c69
a60c871e	39694c69,c5f9c166,71008cf4,032251ff,5d2dd0db,daadd0dd,1d4e4f66,de5cbb69,f5638694,c2c6e6fe
a60ef884	1df4f964,b32a3ac3
a6158149	52ce7370
a61699c9	39694c69,1069eb3e,0d51991a,3491f7fd,6ab6c198
a61b0ff8	39694c69,53536c60,ed4381f2,6a1bae1b,ee5eb1da
a61ba245	52ce7370
a61d9a62	0abbad4f,ee29b673
a61e72b9	b8d3ec3d,f5ff1be2,efe3034b,74077bc9
a62196da	39694c69,53536c60,ed4381f2,a43458d9,1c93d9d3,f5216bcf,c602a40d,ae8834fb,91fa17ab,111e88f1,89f6f8a5,4ebd1bb2,4b8a0cef,d89abf3a,7c564be4,fcf1f8c5,472143bf,81d269f1,445ee13f,4bfb77d1,604cb8a8,4d525275,6c7def00
a62459e2	4497a02c,9c0300b1,7cb7e944,43228eab,95271b4d,8be13584,89d1dc1d,59f47455
a626ef64	4497a02c,9c0300b1,1fcea4c1,23eb2533,b8ca07c5,71059794
a62ddd4c	4497a02c,53536c60
a62f6759	e1b6082d,840f09ea
a632e815	df41d776
a6337e5b	52ce7370
a633f17b	4497a02c,f1551f13
a634b6ce	be4583db,2cfa768b
a6374de0	d8253df0,f7133ab8,011cdb8b
a64d1105	39694c69
a6500640	16c51fd1,dde6c0a2
a6505ddd	4061871e,03155e8c,b664d91b
a65adbf9	0b48e481,d025bb47,22f5b590,2ea5f1fa,437b2197,5a53c6ec,bd5de510,610dc9a3,917e75a5
a65fe1a4	52ce7370
a6637faf	39694c69,d258f6f2
a6697e2d	39694c69,53536c60,ed4381f2,a43458d9,1c93d9d3,f5216bcf,c602a40d,ae8834fb,91fa17ab,111e88f1,89f6f8a5,4ebd1bb2,4b8a0cef,d89abf3a,7c564be4,fcf1f8c5,472143bf,81d269f1,445ee13f,4bfb77d1,604cb8a8,4d525275,1b332a89
a66a01f2	39694c69
a6752e15	39694c69,ef5095c4
a68134e2	39694c69,53536c60,2cf89411
a6819f97	39694c69,38f742c5,dbcc49c0,e67efdb6
a682dbcf	bedd91a7,6d1d43cc
a6838c46	39694c69,f93b7ad5,96b5162f,7f880865,27cca8c2,8df62134,572fc984,af403d4d,dddbd028,4b971e6b
a685e213	52ce7370
a6872b4c	52ce7370
a6877213	39694c69,53536c60,ed4381f2,a43458d9,1c93d9d3,f5216bcf,c602a40d,b08c7fc4,f8575ec6,f533eb94,2731bac7,94ba47c8,52f56b25,dcdbe39c,cf1e351c,4b336172,6e848fa3,baa34d33,2886b333
a68f2b6b	39694c69
a68f59b5	39694c69,53536c60,ed4381f2,a43458d9
a6903c5a	8b46b142,3f5e9cd0,614a6799,c2bc79b7,f11b971b,b2042aba,9cad8827
a6932d6c	32e43abd
a6986ae3	36559a13,94764bbc
a69959c1	39694c69,ef5095c4,bf017c06,479db981,ded9d9b0,8146fbca,630758e2,cfbe7c58,1fe1d251
a69f37c4	39694c69,53536c60,ed4381f2,36643b1d,f1278e38,8c579389,9fe787cb,360d917a,acb5b094,54204222,455cbcda
a6a5f5c1	4497a02c,f1551f13
a6a602da	bf24748d,2042c099,cdfbc9e4
a6a6d803	39694c69,53536c60,ed4381f2,a43458d9,1c93d9d3,f5216bcf
a6aaa5b5	52ce7370
a6ae3a1e	75b87c47,65f23865,a2d443c4,b638f9e1,3e970494,219a0b47,5918bf4d,9a2ffde7,262caa2c,8726cfd2
a6b02eb7	39694c69,53536c60,ed4381f2
a6b173c8	4497a02c,9c0300b1
a6bba98e	39694c69,156ef672,e962d449
a6bca856	8250ae77,1abb7a3a,e147c25d,ce2b6753,42083610,2184cb5a,c25c814c,ffa7f90b
a6c086c7	39694c69
a6c1277f	52ce7370
a6c133a0	532b2adf
0a6c42ae	52ce7370
0a6c82fb	52ce7370
0a6cd704	c60358d4,7b1ea64f
a6cdfdf7	a4f1a6c6,358e4e85
a6cecdd2	39694c69,53536c60,ed4381f2,a43458d9
a6d6a615	81abf096,1e716020,5e290c16,f549cc98,b47df04d
a6d9ef28	4497a02c,9c0300b1,65fdd711,808e7d68
a6db8461	970acbc2
a6dbfe14	4497a02c,9c0300b1,6d2c033c
a6e3fec2	4497a02c,f1551f13
a6e5c04b	15d1718e,0d05c5bf,2b0ac0a8,dee65538,d6ea4f5a,edd605d0,5e877a73,d6888945,ed96ebd0,5ffc2cf5,c3f6ca25,d76abfc3,593998d6,8cb04892,8b183110,9f674327,be593d42,7319dc21,d222c0fd,aa033b96,3667ff7d,5dbc3b62,42c6e999,16ccfd95,e30a6e06,5ec6461c
a6e716cc	52ce7370
0a6e8a47	9deb246d,4b971e6b
a6e9d9fc	52ce7370
a6eaa8b2	b1eb4e6b
0a6eb62b	52ce7370
a6eee0c1	4640e39b
a6f11635	6ccf1a05,ac3a5195,7d7bfddd,841bd637,3a111c64,13c0ae81
a6f348f2	39694c69,1f5f1e96,82cc69aa,c97299ac,75221bfb
a6f42c5f	52ce7370
a6f6af48	84e1a774,e71e24f6,717055e1,534f88e6,d6054fae
a6fc96b5	9b16dd39,9b437d10
0a6fe17a	52ce7370
a6ff4374	52ce7370
a6ff8933	b8d3ec3d,f5ff1be2,efe3034b
a70144e4	4497a02c,9c0300b1,e0600c58
a702ef23	def2eb20,a8d835c3,f6fad72f,4a6e9c33,c3363c97,d9644b41,b55a4567,a501f22d
a70df9ba	52ce7370
a7140795	39694c69
a72cb722	52ce7370
a7337d4e	8e7b6f79,908c1738,4291ee70,dc741b1a
a74c5570	4497a02c,53536c60
a752fa7e	c36b6be6,7e7ace10
a7573cf5	39694c69
a75c081e	4497a02c,9c0300b1,1191638e
a75c4f52	39694c69,53536c60,ed4381f2,a43458d9
a75d7d37	4497a02c,9c0300b1
a75f873a	52ce7370
a7702bff	ef10b158
a7780838	2b498348,9ae9d9ee,9d492423,40c705b2
a77f4c09	39694c69
a780a85d	4497a02c,f1551f13
0a78151f	bcf6bc33,fc5542a4,cc9d7b39,e52c962a,92b40f01
a7832878	39694c69
a7887cc9	52ce7370
a789f64f	52ce7370
a78b2904	95f37768
a78c9e5a	4497a02c,53536c60,ed4381f2,a43458d9,1c93d9d3,f5216bcf,c602a40d,ae8834fb,91fa17ab,111e88f1,89f6f8a5,4ebd1bb2,4b8a0cef,d89abf3a,7c564be4,fcf1f8c5,472143bf,81d269f1,445ee13f,4bfb77d1,604cb8a8
a78f7744	ef10b158,ee67c9b6,46339c59
a7930f25	4497a02c,9c0300b1,ed4381f2,a43458d9
a795b24f	012dbe79,89f2b327
a7996e97	a6b52829,454271e0,42abcacb,d9e91605,04c814ec,d16f2be2
a7a07331	4497a02c,9c0300b1,7ca59ddb,2ec1eb5b,8aab91f6,2df352fe,84a24164
a7a24896	52ce7370
a7a4a534	70c8ab41
a7a80d2b	39694c69,53536c60,ed4381f2,a43458d9,1c93d9d3,f5216bcf,c602a40d,ae8834fb,91fa17ab
a7a85c84	1c3d3222,cd64af58
a7a9a7fe	52ce7370
a7aa0a5b	2256a6d2,6e844197,b50d30d9
a7abc108	52ce7370
0a7abdb0	b8d3ec3d,f5ff1be2,efe3034b
a7acde3f	24c8edde
a7afbcde	838b6612,6c01e55a,a552db3d,acf541d1
a7b180a9	4497a02c,9c0300b1
a7b25f65	415e4680
a7b45b5d	94393069,861ab707
a7b86dc4	52ce7370
a7b8e7e8	52ce7370
a7bf8716	4497a02c,9c0300b1,c50b38cf
a7c27801	39694c69,f93b7ad5,96b5162f,7f880865,27cca8c2,8df62134,572fc984,af403d4d,dddbd028,4b971e6b
a7c6a696	39694c69,d1fcf3eb,ed4381f2,a43458d9,01fac503
a7c7de0d	6966f037,b1eb4e6b
a7cba2ea	39694c69
0a7cc4db	152e9eec,7d59d9b8,6519f22c,ab78b87d,39572fa0,9449ec6c
a7d21928	94ed7583,2a16d9fb,0c8b057f,0da7d34b,d141418d,a46c12f4,d745b689,2ae02983,683a08fc
a7d94612	39694c69,53536c60,ed4381f2,a43458d9,1c93d9d3,f5216bcf,c602a40d,ae8834fb,91fa17ab,111e88f1,89f6f8a5,4ebd1bb2,4b8a0cef
a7d94cf5	4497a02c,f1551f13
a7dd4cfc	b8d3ec3d,f5ff1be2,efe3034b
0a7e0c39	52ce7370
a7e1fe35	52ce7370
a7e40f4f	c52ad410,93c2c919
a7e6593a	36f0f00a,a36b3cea,19d3cbc6,f29778b2,98905459
a7e8e3e3	18223051,63bd0e43,bb10c502,fc983fa7,fbc96276,43bd91d2,4d57e1cc,422eed70,8822fa1e
a7ea6d0b	6651c037
a7ec80d1	4497a02c,9c0300b1
a7ed903f	52ce7370
a7f03346	52ce7370
a7f17191	a4f1a6c6,358e4e85,6ba51265,424a544a
a7fc8e80	4497a02c,9c0300b1,f29cee8a
a800f808	94393069,861ab707
a802d62f	39694c69,b85f788a,809519d4,71ddaf43,ff94e6d1,2ce5cf54,7062f8bd,472fd8e0,cc27107a,d7376362,8590893d,a4f58a8f,f133c7e1,fd8b8199,f5638694,d1ced005
a8061d61	39694c69,93e5aa03,a8bda540,5196d02e,b6bc8001,5da0ab81
a80c8f9c	52ce7370
a80cb14a	52ce7370
a8104c1e	4497a02c,53536c60
a81870c7	39694c69,d3e432a4,acde460f
a818b6c1	4497a02c,9c0300b1,ed4381f2,a43458d9
a81dfc58	39c403e6,8f77cf21,13e41408,8ed31fda,44dbbaa5,08781422
a8232e34	39694c69
a825c70e	c52ad410
a82c4c8f	52ce7370
a82ff3ff	c52ad410,fb629045,69dfb8ce,9bdeb816,46747927,bb1385a4,f28dae3e,bd0ae48d,622e64d2,fa780c10,9d52a066,096e3c87,96060714,20a21f36,736dc35d,b24a475a,8acda39c,e7209a65,673faebb,732baa56,1a2c86d0,f5d3bc9d,2081284d
a833c292	39694c69
a8382b51	4497a02c,9c0300b1
a84ae67e	52ce7370
a84e72f9	52ce7370
a84f9772	644e9cc9,57c5617c
a84ff445	39694c69,7c61a983
a85546e9	52ce7370
a857f349	4497a02c,9c0300b1,6d2c033c,1ce6a6f1
a85af557	52ce7370
a85cbe5e	39694c69
a85d111d	52ce7370
a8708cad	52ce7370
a873f881	861ab707
a87725d3	569aeac3,0c6023ee,fd8c731e
a87793bf	5ca5cc11,d4e191fe,43faf966,4fb3ad38
a878c6b3	52ce7370
a8798f5b	39694c69
a879c331	d446a6ce,87c91ece,137cbeb3,cf5d4048,ab420ed6,71059794,a2cd9118,05a9569b
a8873169	52ce7370
a887708b	a4f1a6c6,358e4e85,6ba51265,424a544a
a887db73	81f88b9a
a88a05b3	52ce7370
a88ac7c1	012dbe79,89f2b327
a88bb9bb	52ce7370
a88c3b73	52ce7370
0a896739	52ce7370
0a8975f9	341d8e4a
a897f808	ef10b158,6e789ae3,3073c418,085168a4
a8991cf5	52ce7370
a899550f	057406fd,3d6ac61b,aa41bea4
a89a95b8	15d1718e,012dbe79,70067771,c0cf2ccb,5da5567a,65cc07ab,5c26deca,9766f604,a3d7215c
a89ac2ca	39694c69
a89d55db	52ce7370
a89e6a40	39694c69
a89f5fcb	2b95a925,c594c850
a8a37069	52ce7370
a8a7d507	39694c69,53536c60,ed4381f2,a43458d9,1c93d9d3,f5216bcf,c602a40d,ae8834fb,91fa17ab,111e88f1,89f6f8a5,4ebd1bb2,4b8a0cef,d89abf3a,7c564be4,fcf1f8c5,472143bf,81d269f1,445ee13f,4bfb77d1,604cb8a8,4d525275
a8af4041	39694c69,82273c54,da0deda5,109279ae,ff4ee59c,223d627a,eab3c5bf,c7121f30,3333e0d9,a5475426,31609214,a39b9ffb,dcc919db,7dfacc0f,16ec1a76,cb98853f,863d121b,c57ecb22,937a6ec1,71059794,bd502c38,d5838743,bf81f6cd
a8b3692d	a27eee59,7f4422ac,d87ff9d1
a8b58cc4	639c7070,ef46bbd3,cb433269,c449f217
a8b5f079	4497a02c,9c0300b1,6d2c033c
a8b77e13	611025ab,41aacd5d,6d5d1e1a
a8c3495d	39694c69,7ee7c436
a8c3b9b8	52ce7370
0a8d12f1	89d1dc1d,65163b50,ae68aa1d,c64e5efe,160e1190,9d349a1d
a8d20054	39694c69,53536c60,ed4381f2,a43458d9
a8d2a22d	55fd9e45,86637664,7f455b4c,03fbf95a,86f7f324,b60feade
a8d580e6	52ce7370
a8ddcf72	52ce7370
a8de377c	2184278c,65fdd711
a8dee3ca	52ce7370
a8e2ed05	4497a02c,f1551f13
a8ed19ee	639c7070,ef46bbd3,cb433269
a8ed9a57	4497a02c,53536c60
a8f24fc8	52ce7370
a8f440bf	1f4f9e73
a8f788aa	39694c69
a8fb945e	4497a02c,9c0300b1,b937e113,13a4f204
a90044e0	52ce7370
a900ad59	61477743,c52ad410,aabc21bd,256e3f71,dbc62715,db821b0c
a902546c	a4f1a6c6,358e4e85,6ba51265,424a544a
a904088f	4497a02c,f1551f13
a9088d9b	52ce7370
a90b685c	39694c69,0535c90b
a90d9ccc	b8d3ec3d,f5ff1be2,efe3034b,74077bc9,5944d201,2f2b302b
a911e960	52ce7370
a912ffa4	39694c69,f93b7ad5,96b5162f,7f880865,27cca8c2,8df62134,572fc984,af403d4d,dddbd028,4b971e6b
a913808a	c36b6be6,62568f4c,7e7ace10,7e73f4d3
a91a259e	152e9eec,7d59d9b8,6519f22c,ab78b87d,39572fa0,9449ec6c
a91a7557	4497a02c,53536c60,9aae82c8
a91b33bd	4497a02c,f1551f13
a9235c8d	bcf6bc33
a92464a2	52ce7370
a925352f	4497a02c,9c0300b1,837dda49,0e91b803
a92f0c9c	39694c69
a9302873	efa938d5
a9485dfc	bcf6bc33
0a94d350	52ce7370
a94d7d04	9a9d5b6e
a94f8a39	39694c69,a973b0a6,d617c99d
a94f985b	7a602803,51764901
a953bac3	27beeb18,875dd7e9
a95beaf0	b8d3ec3d,f5ff1be2,efe3034b
a95c4753	b3ab5a7b,692a09f3
a95ca0b2	37d1cf99,cf24a286,380c6d9e,6ffae0f5
a95d3dab	39694c69,d918c1e8,de0447f4,986e01be,6e3a9fc8,b0706421,475b119d,5b2d8b08,ca7a7314,83cf4610,23b3e77d,3d1bc293,a13e0805,2b02056f,9fc82936,e8726921
a963b201	9deb246d
a9650fc8	3609cb1d,371ad530
a969bb81	39694c69
0a969d9d	4497a02c,9c0300b1,2185a077,4a733b64
a96d3e08	a4f1a6c6,358e4e85,6ba51265,424a544a
a97194cc	39694c69,afca78cf,d028f1a9,de5cbb69,76d24228,6a326062,03952400
a972786a	a4f1a6c6,358e4e85,6ba51265,a23a4c9d,2bcf1fa4
a9745c79	bf95c0c6,c2ccf455,7dfd1195,9a847c6e,4a572f7a,1e3e50e1
a9785c58	39694c69,61ac5132,5874bd76,adc63618,dfb28769,72a108a2,9527f3bc
a9789b12	0fa70d28,b72d2da1,3031ff65
a978d097	74077bc9,6baaa8d2
a980b655	b8d3ec3d,f5ff1be2,efe3034b,e0a28a55
a981dc28	b8d3ec3d,f5ff1be2,efe3034b,16ec1a76,a64eef52,51baea08,becc2dc7
a98244b4	631cf6fc,7c5cfb6f,7da46ddd,12d8954d
a98a5ee2	52ce7370
a98da009	52ce7370
a98dfd1d	a616d4d9
a98e5d4b	52ce7370
a98e7a60	39694c69,53536c60,ed4381f2,a43458d9,1c93d9d3,f5216bcf
a9933ca3	39694c69
a99702f5	a4f1a6c6,358e4e85,6ba51265
a998ff02	7eefa621
a99a8047	40e50d9d
a99ca4dc	52ce7370
a99cd6db	a8ebf45a,d81519b4
a9a2377f	52ce7370
a9a606c6	4497a02c,9c0300b1
a9a8f24e	39694c69
a9aa8d50	a4f1a6c6,358e4e85,6ba51265
a9aba447	ef12185e
a9ada9d3	aab253e4,181bd57b,7296a783,6f36988b,d74ebeed,71059794
a9aeb02b	efa938d5,44293615
a9b3579d	52ce7370
0a9b6bc4	b8d3ec3d,f5ff1be2,efe3034b,0128fb17,7811e163
a9b92a5a	52ce7370
a9be0c5f	52ce7370
a9c32f2b	52ce7370
a9c4e33d	b8d3ec3d,f5ff1be2,efe3034b
a9c613b2	52ce7370
a9c65254	52ce7370
a9c85ef1	b8d3ec3d,f5ff1be2,efe3034b,f2c3a175
a9ca1b7b	39694c69,53536c60,ed4381f2,a43458d9,1c93d9d3,f5216bcf,c602a40d,ae8834fb,91fa17ab,111e88f1,89f6f8a5,4ebd1bb2,4b8a0cef,d89abf3a,7c564be4,fcf1f8c5,472143bf,81d269f1,445ee13f,4bfb77d1,604cb8a8,4d525275,1b332a89,10fded56,f2564478,2fd57652,8aab7e64,65bd861b,e51224df,0b3b3b39,66359d4f,f6b0f1c0,708fd580,034d5002,09237912,50a41601,76cbe174,fc9e0f04,93be621a,5d5733ad,cd9c73df,94b05d44,9762d059,405d4257,950270d7,702e331c,70823eaa,daf56fb3,060f8f36,bb1a29f4,56638432,2b438d00,2bd5f7fe,95ee8dfe
a9cafaed	4aa0b06f,f59e6083
a9d39d0c	016887e6,0be6c1ec
a9e583c5	39694c69,b23bc503,24e2185d
a9e7ba7c	39694c69,53536c60,ed4381f2,a43458d9
a9ee60f9	52ce7370
a9f11b6a	52ce7370
a9f1fef0	4497a02c,9c0300b1,ed4381f2
a9f33c20	16231bfa,96f780c4
a9f4a506	52ce7370
a9fa99c6	ab420ed6
a9fdf453	52ce7370
aa0071c3	39694c69
aa0090e1	94393069,0739342d,d64d45e9
aa034c6f	52ce7370
aa035f91	d228bd99
aa067d9a	bedd91a7,6d1d43cc
aa0c18c0	52ce7370
aa0e38d6	b8d3ec3d,f5ff1be2,efe3034b,a7e2eea5
aa12bb48	4497a02c,9c0300b1,b07d53cd,6a816088,f752c6b9,1b85bf19,a0f2040e,ba93dff3
aa157fdf	1b5a30c0,53dd6ec3,ef10b158
aa19926a	15245413,8250ae77,1abb7a3a,e147c25d,ce2b6753,42083610,2184cb5a,c25c814c,ffa7f90b
aa1f340c	f7c1ea23
aa2183ea	52ce7370
aa26b16e	4497a02c,f1551f13
aa27a751	b6a18211,034a19b4,feaf57a9,9ed6c303,06384150
aa2901a7	0fba5a38,edbde7a9,ead730e4
0aa2ad52	39694c69,53536c60,ed4381f2,a43458d9,1c93d9d3,f5216bcf,c602a40d,ae8834fb,91fa17ab,111e88f1,89f6f8a5,4ebd1bb2,4b8a0cef,d89abf3a,7c564be4,fcf1f8c5,472143bf,81d269f1,445ee13f,4bfb77d1,604cb8a8,4d525275,1b332a89,10fded56,f2564478,2fd57652,8aab7e64,65bd861b,e51224df,0b3b3b39,66359d4f,f6b0f1c0,708fd580,034d5002,09237912,50a41601,76cbe174,fc9e0f04,93be621a,5d5733ad,cd9c73df,94b05d44,9762d059,405d4257,950270d7,702e331c,70823eaa,daf56fb3,060f8f36,bb1a29f4,56638432,2b438d00,2bd5f7fe,95ee8dfe,d02acf3d,4b14a013,52d6f1b8,b4c59a3a,9c2397c2,6049d326,0aee9e47,5917cecc,6ee3cd6f,a3f29c27,a19c769f,e1759237,26d875d0,a6f8571a,537df9d7,c200c181,3c1b2601,184e2362,b58c4b95,906164f9,b6394a5d,364ef38a,bfbc3131,9a3d6880,2df3b4fa,acb06c15,9068b149,8f7cac60,b56d9714,862f6f6f,3c733797,8a7aa776,93df5feb,98adf974,6449cdda,d7ccd848,5c662a54,726c2c55,3d034923,4f2692d2,26f469a5,76309fab,81acff2d,dfdfb862,e4a0a063
0aa2b365	39694c69,631ab68f,1f0f229a,c392df27
aa33985e	52ce7370
aa356e05	2113ce38,0d75535b,37313dad,212e835f,4269bb4a,efa938d5
aa3645d8	156ef672
aa368126	d6f61430
aa3c103e	a8a07f27
aa3d0f3c	52ce7370
aa4091ca	4497a02c,9c0300b1
aa4267fb	52ce7370
aa42ad54	a8d835c3,5bbd3dc1,def2eb20,61b80931
aa44b428	bedd91a7,6d1d43cc
aa46aff4	1e3bbce9,b83c1deb,8ce21c36,8b3f1ea9,20c0b51d
aa46f044	52ce7370
aa47bce3	52ce7370
aa4a5a45	6966f037,df2609fd,86125923
aa4c70b1	52ce7370
aa4f3f3b	d918c1e8,458e5d1c,705a423f,83dfc38a,35f35a62,02bc242a,f34fddaf,275c50b5
aa4ff315	4497a02c,9c0300b1
aa53486f	19df91a3,79bc1aa1,b7ab8c7b
aa57e57a	bfb0d665,8e5774d7
aa59b8f7	4497a02c,9c0300b1
aa5a5be0	52ce7370
aa5ab7ae	39694c69,ba1567ee,a1701f22,9e65f5c1,c9fd4a2c,c0bd4cdb,67256b27,3d1acef6
aa5bc16a	52ce7370
aa60d759	a4f1a6c6,358e4e85,6ba51265,424a544a
aa628689	891f40ab,fa490b2f,a599f130,f326e188,4fac1fad,c72a0413,3ea44440,dbb99df1,3db87d28
aa65c380	52ce7370
aa6b5a50	bcf6bc33
aa6c731e	39694c69
aa712934	52ce7370
aa7166b0	8762e28e,5b673006,42e9e7c8,0afad8ca,22d31ea7
0aa758d1	54644763,09f0935b
aa75a83f	4497a02c,9c0300b1,55b01456,74ef00bd
aa76f0e0	569aeac3,0c6023ee
aa78baac	52ce7370
aa78c552	3296fc12,5e580707,d4e0dd4d,92202a7e,688c3481,03fcd3a3
aa79ceb1	52ce7370
aa7af3da	4497a02c,9c0300b1
aa7bd7ff	39694c69,53536c60,ed4381f2,a43458d9,1c93d9d3,f5216bcf,c602a40d,ae8834fb,91fa17ab,111e88f1,89f6f8a5,4ebd1bb2,4b8a0cef,d89abf3a,7c564be4,fcf1f8c5,472143bf,81d269f1
aa7e7fce	94a0677d,a32ca79a
aa7e9296	2ed4247b,f61069d0,d2e82ff3,19bc25fd
aa84189e	b79079a6,b47c1b3e,7fbc4b5d,5d87f10c,8a9e3d4a,69165e31,e59ecbbf,4cf8bbf8
aa8436d9	c50fb640,567af4a9,6d1d43cc
aa84aba4	39694c69
aa857b9e	39694c69,2724536b,db9d332f,30cb7cbb,0012b1ea,df0c89e5
aa8650fa	51764901
aa90a91f	4497a02c,9c0300b1,ed4381f2,b9df173a,1c93d9d3,171e1479
0aa9758c	d3f5c39b
aa9c46ca	a4f1a6c6,358e4e85,6ba51265,424a544a
aa9d63f9	52ce7370
aaa45760	39694c69,53536c60,26bed42b,0091e4f9,1c93d9d3,f5216bcf
aab147cd	39694c69,c7979bd0,6b5f55d6
0aab5d21	1e3bbce9,b83c1deb,8ce21c36,265822b0,6bc4eb5c
aab69adc	b8d3ec3d,f5ff1be2,efe3034b
aabede4e	c52ad410,57d7e3c7
aac1825e	39694c69,2724536b
aac1f17d	52ce7370
aac44131	52ce7370
aac91ddd	52ce7370
aace8a1e	39694c69,de5cbb69
aad0b56b	39694c69,14e4b30b,86a874fc
aad27d6c	52ce7370
0aad334a	39694c69
aad3562f	363013e0
0aad651f	52ce7370
0aad68e2	52ce7370
aad8c845	39694c69,d918c1e8,e23cce81,21060961,6a7ec7e4,a8a122bd,58ab3269,16f7698b,60f5e6b4,3849eead,66d8fee5,9716f3ea,d028f1a9,35f35a62
aade9d1e	95bbbf7e,466d7535
aae170f0	39694c69,53536c60,ed4381f2,a43458d9,1c93d9d3,f5216bcf,c602a40d,ae8834fb,91fa17ab,111e88f1,89f6f8a5
aae64d4f	39694c69
aae6e9ab	a4f1a6c6,358e4e85,6ba51265,424a544a
aae85bf8	f447fe90,dbcb0f07
aaec5b20	951d7646,cd64af58,c4b2e686
aaef470e	eabf9fb7,34ae7a1a,5e800741
aaf12de3	52ce7370
aaf3d6aa	a1f20cc0,19122902,4195b2dd,5689eb78
aafc71aa	4497a02c,9c0300b1
aaff2bb8	b8d3ec3d,f5ff1be2,efe3034b,73180d39
ab0a122e	39694c69,5073cad2
ab0d88ca	52ce7370
ab0f2dc9	39694c69,53536c60,ed4381f2,a43458d9,1c93d9d3,f5216bcf,c602a40d,ae8834fb,91fa17ab,111e88f1,89f6f8a5,4ebd1bb2
ab11883b	156ef672
ab12e4b8	0535c90b
ab135024	135456f8,8298bd73,26aecdf3
ab171a94	39694c69,53536c60,ed4381f2,a43458d9,1c93d9d3,f5216bcf,c602a40d,ae8834fb,91fa17ab,111e88f1,89f6f8a5,4ebd1bb2,4b8a0cef,d2b6a6b2
ab195ee0	09b39d11,8dad83ef,ff4daff1
ab19ef38	cbb0a0c9,2f7c6535,26d821e9,5d6e6635,0a6807ab,88605cbd,f91fb1c1,444d7cf2,5974cbb9,4c928458,080e59d5,c4e6a7a7,9ca71ab9,ff98e06a,daef038c,678c1a04,3cce1f40,7bb463e9,eb77e83c,25cf07dd,4ee4dec6,bd5a46fa,21ec7827,db1478c0,6a0eef8f,79fd6833,e71a034b,3b55e671,d170dd22,83faa670,59d9f271,98c1b0de,dde20cfb,edb53120,5cda3434
ab1e0caa	39694c69
ab210cd1	39694c69,f93b7ad5,96b5162f,7f880865,27cca8c2,8df62134,572fc984,af403d4d,dddbd028,4b971e6b
ab22b0ab	8222f1b0
0ab2b3da	39694c69
ab2fc67e	b8d3ec3d,f5ff1be2,efe3034b,830e9752
ab36fbc5	39694c69,53536c60,ed4381f2,a43458d9,1c93d9d3,f5216bcf,c602a40d,ae8834fb
ab371222	52ce7370
ab383798	a4f1a6c6,358e4e85,6ba51265,424a544a
ab3d0e0e	c311c08f,f7a97e39,c30b4e22,fefc3c17,62452f26,5838b924
ab3ed89a	a4f1a6c6,358e4e85,6ba51265,424a544a
ab497d36	2dfee0a9,fd1ba07f
ab4fa4e9	4497a02c,53536c60
ab50643a	1e3bbce9,b83c1deb,8ce21c36,a145c662
ab50969c	8ac147c9
ab525936	b2457bea,afec4754,aae68fea
ab584124	a4f1a6c6,358e4e85,6ba51265
ab598e4a	52ce7370
ab5f5516	52ce7370
ab61560b	4497a02c,9c0300b1
ab61fe3d	ef10b158,7e4ea976
ab632a7d	019dd106,1cf25bb3,4207b782,7b56571a,450a27f2,59e50f16,56e7a342,f3118374,e71d4361
ab664d76	52ce7370
ab66be85	b8d3ec3d,f5ff1be2,efe3034b
ab6f199b	52ce7370
ab71982f	bedd91a7,6d1d43cc
ab748eee	ae946810,23f1fa4e,dd2bac59
ab771eef	4497a02c,9c0300b1,cbd0daac
ab77eb0f	c9999a48
ab79b6c1	39694c69,53536c60
ab7e448d	52ce7370
ab85c6bd	4497a02c,9c0300b1
ab877f86	39694c69,53536c60,ed4381f2,a43458d9
ab8aff09	4497a02c,9c0300b1,11309c2b
ab8c10e2	52ce7370
ab8d6ee7	b8d3ec3d,f5ff1be2,efe3034b,13a89d5d
ab8dfd6d	4497a02c,9c0300b1,65fdd711,808e7d68
ab9ab8f6	39694c69
aba26033	4497a02c,9c0300b1
aba4ab02	9a9d5b6e
aba4de3c	52ce7370
aba61ec8	52ce7370
aba743f7	52ce7370
abadb62e	94393069
abadb67b	b8d3ec3d,f5ff1be2,efe3034b
abb07be3	5fc0aae4,c5259813,42a67ac9,db85f51c
abb285d7	39694c69,2cf89411
abb5042b	9853b6f6,5364e9f8,cb070d25,97024379
abb98780	39694c69,c5370ed8
abc1400d	adcb8e35
abc652d9	38a8c140
abca1b52	52ce7370
abcf8f1c	a4f1a6c6,358e4e85,6ba51265
abd0329e	52ce7370
abd1bb13	156ef672
abd8407c	9deb246d
abdaa2cf	72344672,1a13919a,f4438211,986589d2
abdb2c66	52ce7370
abdc721f	52ce7370
abdc8105	52ce7370
abdfd89e	dcc919db,aaa4a23d,1b310776,3c9c02d6,fcc1bc04
abe26402	ef10b158,a792a58d,59d6f7a4,110580b9,a7e7ee4a,72a272ee
abe7ca4e	95d68150
abebf3c3	fbcf4866
abf32a23	a2620316,ef9f19f9
abf679e9	52ce7370
abfbcc94	3e952189,87d04f24
ac01dde3	52ce7370
ac029d18	996bc4d9,ba93dff3,975d58b2,897727d3,7f4422ac,b232b0c1
ac0401f6	e9fe44fa,a23af12f,8805c10f,9682405a,e53e98f1,5332c3b9,be04cb1e,78f3c4bf,f02e1993,38982df3,5d4e7b96,09263353,add6fedd,c3890856,fec89fde,58c66357,576dd233,7330adb1,1bc56cfe,f6399b39,a5ccf0e4,901824bf,07ff9b1b,319177b3,a9681859,cc35db06,6ae7242d,99ee9dd9,2f31af1f,c6d42a32,3ebe0469,7b0e3a44,01ffc8c1,061b1864,0cd341a0,d9645c85,34258cde,83c02bb5,9665e269,f97e6337,a13ecc19,6d416e55,48d1b443,7280be39,e2d53b14,221440f4,8c726352,dc883992,c33b02dd,22b2aafe,6e658076,ff1b38f8,c3f4d793,34a51810,7d0a935a,d67437be,ee90ab0d,6e4896a7,a01038e0
ac05082b	52ce7370
0ac05cd1	52ce7370
ac067455	39694c69,7eddaefe,2dbc256c,8c6cd0b3,bf0f5cba,7f9cb65d,2d804596,0fbf1969,dec11432,57d7e3c7,76e9cfd8,5fc05c7c,f549cc98
ac0ce774	52ce7370
ac0d5f20	52ce7370
ac0f4c4a	52ce7370
ac1036c2	39694c69
ac119e94	52ce7370
ac11f213	4497a02c,9c0300b1
ac1731e4	4497a02c,9c0300b1
ac17cac4	71d85b13,9c5533f1,e5db7c17,f341b534,5b78d99c,33a42781,e5b8feef,de06c2f9,f93d5fc6,686a745d,3e1ec56d,cd207021,d2f0d7ac,a4b59a08,8d3f9326,132e0d6d,6ff0ba6e,8eb3d7b9,ff3e27e1,bf4e3556,5ae8eacb,a29d846b,7a930d49,56d8b603,45eb5a47,b1384587,aa990ebe,837b5d01,6fb9e15c,ef4b6b87,3693156c,1698cebc,8e2f8e44,90ba36de,656da9ee,bbaeda20
ac18281e	86e1dda6,80e821d4
ac1a658d	52ce7370
ac1ab0fa	4497a02c,9c0300b1
ac1d76c3	1f22d997
ac216bb0	39694c69,53536c60
ac23bd6b	52ce7370
ac25afce	b8d3ec3d,f5ff1be2,efe3034b,7eddaefe
ac2aa83f	39694c69,eb252e33,dd78704e
ac2f7a9b	bcf6bc33
ac33ea1b	52ce7370
ac34ad02	52ce7370
ac3526a9	7383d65f
ac3959a1	4497a02c,86ed65b1
ac3b8c97	4497a02c,9c0300b1
ac3e307d	a4f1a6c6,358e4e85,6ba51265,424a544a
ac4408e3	39694c69,53536c60
ac45de1e	9e71cce8,f0b96268
0ac45eeb	52ce7370
ac49a13f	52ce7370
ac4e0c17	7eefa621
ac4e2af0	bcf6bc33
ac5214e4	52ce7370
ac548c32	6d1d43cc
0ac69779	39694c69,711b6bf4
ac69c521	e52c962a,d59655b2,b2fc3a8f
ac6e3a60	a4f1a6c6,358e4e85,6ba51265
ac7068c9	39694c69
ac71d90a	39694c69,53536c60,ed4381f2,a43458d9,1c93d9d3
ac7349a6	4497a02c,9c0300b1,11309c2b
ac7528d3	4497a02c,9c0300b1,1c3d3222,c13de84b
ac7731b3	52ce7370
ac79b1f7	81087d73
ac7c44c0	52ce7370
ac85d2f7	4497a02c,9c0300b1
ac87122c	b6a18211,034a19b4,feaf57a9,9ed6c303,06384150
ac958219	52ce7370
ac996b6a	a4f1a6c6,358e4e85,6ba51265,424a544a
ac9b745e	22183874,d74ebeed,b3c768ec,12071db6,3512f1ef
ac9c6cb8	66547f14,37ee36cd
ac9df309	d6888945,ed96ebd0,72aca397,675c52c3
aca44ad4	c52ad410
aca4e2b2	73bf48e9,e81b5065
aca6212f	b8d3ec3d,f5ff1be2,efe3034b,5fa2b1af
acad8265	52ce7370
acb371be	52ce7370
acb474dd	52ce7370
00acbd89	52ce7370
acbeecd6	52ce7370
acbfc09c	efa938d5
acc4250d	6d045f28,5451e21c,ab791741,e3766df0,a23c7c79,8753675f,b1a67533,8c56a435,3b3758fb,5e99ec67,3e4bdd96,720d98b4,7a1c167f,0296e233,8bf105ad,197db67e,d9438f64,001d527f
acc539cb	4aa0b06f,ecacf53c
acc70eee	52ce7370
accac550	52ce7370
acccd244	b4e8a6ee,baf33bdd
acce81da	ef5095c4
accfe205	4497a02c,f1551f13
acda4fab	39694c69,a77f75b4,9c0cfe12,1f0f229a,f51e206c,713f2cf3
acdf1668	7eefa621,da4ef896,070fd1a5,55a169df,f3781579,9d037f7c,218139d2,f7b4d679,1a8d8d07,fe98a9b4
acdff416	4497a02c,53536c60
ace008fe	a4f1a6c6,358e4e85,6ba51265,424a544a
ace00b28	39694c69
ace2a3ab	861ab707
0ace3035	b8d3ec3d,f5ff1be2,efe3034b
ace4fef1	52ce7370
ace72480	de5cbb69
ace753d3	4b6578b1,7b84c1f5,547e4b0b,522b98ab
ace7ddb2	4b9bb334,9f528bd0
ace91dbe	b8d3ec3d,f5ff1be2,efe3034b
aceb71d6	52ce7370
acf04f44	39694c69,53536c60,74077bc9
acf6c95e	861ab707
acf9f8d8	4497a02c,9c0300b1,7da1c31a,2a120275,3d2965fe,ac00bd22
acfb4ea0	4e10d2f7,de0447f4
ad02e29d	52ce7370
ad03af42	dee65538,526abccd,8c0c227f,cde254f1,32b193bd,0fe5bd42,c7f79009,7a32fe87,955d02fb
ad06f18e	39694c69
ad196f58	03cc2a23
ad1abc47	b8d3ec3d,f5ff1be2,efe3034b,f4105ac8
ad25dc07	39694c69,402e6158
ad266009	94393069,861ab707
ad294263	52ce7370
ad2e89dc	52ce7370
ad358231	39694c69
ad376694	52ce7370
ad39cb5a	39694c69
ad3d5623	39694c69,53536c60
ad4141e9	52ce7370
ad45ff07	0c5f7c35,0d00a57a
ad49d665	39694c69,d3d2b34a
ad4aaa6f	0d52b105,a4c500db,359bfbae
ad4c3f40	569aeac3,0c6023ee,fd8c731e
ad510550	998a4e6c,0d75535b,37313dad,212e835f,efa938d5
ad5765d8	52ce7370
ad5d39e0	52ce7370
ad67ff86	52ce7370
ad700630	39694c69,57d7e3c7
ad71f92a	3e44e20c,2a809d91
ad73463c	f59e6083,7116dd65,5fc0aae4,1c5bc0ee,eef04145,04f6869c,c2a3bcfb
ad7c20db	a4f1a6c6,358e4e85,6ba51265,424a544a
ad7db21e	9701adfd,8470b409,8918d300,a52ef134
ad7e7e3c	52ce7370
0ad8068f	4497a02c,9c0300b1,b71b98bb
ad80ac05	39694c69,c5370ed8
ad8422d5	5db7b8ed,2ea5f1fa,9e1cb5a3
0ad89de6	39694c69,0ada63db
ad8c693d	52ce7370
ad8fb026	c26ad7ec,d15ed12e,01b68fad,f6091de9,62af5e39,0632a0f7,cf944ce8,83506b09,91fa17ab,111e88f1,89f6f8a5,4ebd1bb2,4b8a0cef,d89abf3a,7c564be4,fcf1f8c5,472143bf,81d269f1
ad94f548	a4f1a6c6,358e4e85,424a544a
ad98da17	0738e6d9,483259fc
0ad9a9cb	74077bc9,81ec6f5a,3ed9228c,c22b7364,b755b9fc
ad9b72b5	52ce7370
ad9ccb04	52ce7370
ad9fa51e	bedd91a7,6d1d43cc
ada02e26	39694c69,da83e050
0ada2c59	af652450,6c3f9068
ada35369	39694c69
ada508dc	4497a02c,9c0300b1
ada5b23e	3e3b4f0a,f161929a,95bbbf7e,6966f037
ada63686	602af3f9,fe2b8bbd,f46b4b49,c15b4062,072ea3d5,ad0d2554
ada6c309	52ce7370
adac15f0	39694c69,53536c60,ed4381f2,a43458d9,1c93d9d3,f5216bcf,c602a40d
adac470e	7ad94045,1323b135
0adad7ad	52ce7370
adb2d530	52ce7370
adb3e0e7	b8d3ec3d,f5ff1be2,efe3034b,74077bc9
adb57b5d	07967bc2,0c26d3b7,e1c05aa4,f24236a5
adb70fb4	52ce7370
adb9f642	152e9eec,7d59d9b8,6519f22c,ab78b87d,39572fa0,9449ec6c
adbbd1ad	6a4b35a1
adbf2fc2	b8d3ec3d,f5ff1be2,efe3034b
adc0e21e	4497a02c,d064a19a
adc3a679	695a3627
adc3bb21	391fd992
adc450ae	4f36793b
adc81ff4	39694c69,53536c60,bc42d6e2,af2eb919
adc8b96b	39694c69
adcd92a7	d9d393af,63159664
adcf8282	f1782d3a,d71709ec,df6d51da
add734d0	52ce7370
addf3bf7	39694c69,53536c60,ed4381f2
ade0b07c	1abfb05d,6a4f57e3,9283d7bf,91a6c784,ab569de3,29c75ce7,52abbf62,14c2b096,c6fb191c
0ade5e7c	4497a02c,f1551f13
ade995f6	9b755684,2129fc67,e5982106
ade9ca65	52ce7370
adeef8bc	39694c69,53536c60,ed4381f2,a43458d9,1c93d9d3,f5216bcf,c602a40d,ae8834fb,91fa17ab,111e88f1,89f6f8a5,4ebd1bb2,4b8a0cef,d89abf3a,7c564be4,fcf1f8c5,472143bf,81d269f1,445ee13f
adefd0dc	39694c69,df063e0a,e525d1f9
adf16bb6	c8133179,fb01619e,5ed8ebb7,19558424,b9515c37
adf20a9c	9e31c1bd,2ddc5ef0,3449e680,a5c28620,b84240b8,9a91d14d
adf4d807	acde460f,738db2d3
0adf63fe	569aeac3,0c6023ee,fd8c731e
adf76bc1	4497a02c,9c0300b1
adf8a53c	9debfb41,a533f992,5d29b58e,79705200,1ee65c64,02759c30,ca54511f
adfc01da	d048d04d
adfd9064	59c6afb0,77b93a4a,ff3309af,4facc23e,2cd35285,472fd8e0,da78efeb,acecaf4c,b619836a,9f19049a,8590893d
ae00066b	4497a02c,f1551f13
ae0651b0	b8d3ec3d,f5ff1be2,efe3034b,863044df
ae069b1f	39694c69
ae07e5b4	52ce7370
ae09b064	95971e2c
ae09f5dd	d73dfd3d,e0794bba,962a248f
ae0f95f2	de394667
ae13f2b2	bcf6bc33
ae17e2a7	c52ad410,68affc88
ae194b54	52ce7370
ae1c1b6d	c6ff3b9c,61af43c3,04fc9207
0ae1fe6a	39694c69,d1b33cdd,45167447,5407c6d7,3d395d00,5df3572d
ae20c253	52ce7370
0ae27fd0	7dda70fa,d3ffe417,e2c49210,c97b97c8,153d304c
ae2c23db	52ce7370
ae2c698e	39694c69
ae2d3005	39694c69
ae2fabf2	7df536f7,6de0b4e3,c507ef39
ae307eb0	52ce7370
ae31edc2	52ce7370
ae33305a	a4f1a6c6,358e4e85,6ba51265,424a544a
ae36e2cf	0212e46b
ae388016	c52ad410,5322d7a9,c3a95a25,ef24a8e7,c9cbd745,b20b00c8,8c535959,e1dc5492,993fec2f,66ffb6b6
ae3feef0	94393069,861ab707
ae45bc35	822a17f6
ae470c3c	52ce7370
ae4b2f61	efa938d5
ae4f881a	569aeac3,0c6023ee,fd8c731e
ae51dcfe	52ce7370
0ae570a8	39694c69,2bde03c0,3277ca95,040069a3
ae5b5e89	52ce7370
ae5cfd1f	4497a02c,9c0300b1,c8941f25,6d2c033c,74077bc9
ae5d0e11	39694c69,39745163,e8c6bd1a,46933fcb,c48c6afe,2c982f25
ae5fee64	f7b6f298
ae63d9a5	52ce7370
ae6803bd	ef10b158,ce50e497
ae68c490	b8d3ec3d,f5ff1be2,efe3034b,5a4dc4cb,4f439f99
ae69f3fe	f1fc26f3,8d5afe47,37bd4191,6f9b0785,650d0ab4,0610da8c
0ae6ad80	4497a02c,9c0300b1
ae71973d	52ce7370
ae7aca42	52ce7370
ae7c1491	861ab707
ae8656a6	8e7b6f79,908c1738
ae8788db	52ce7370
ae88ec52	52ce7370
ae899a32	4497a02c,9c0300b1,50173e32
ae8a98a3	71d96065,623c1678
ae8aa19f	39694c69,53536c60,ed4381f2,a43458d9,1c93d9d3,f5216bcf,c602a40d,ae8834fb,91fa17ab,111e88f1,89f6f8a5,4ebd1bb2,4b8a0cef,d89abf3a,7c564be4,fcf1f8c5,472143bf
ae8b12d0	c311c08f
ae8b51c0	62dd589f,b72d2da1
0ae8cb46	39694c69,53536c60,26bed42b,0091e4f9,1c93d9d3
ae91ff7a	61a20271,5347e681,1fad73eb,b0d3c3e3,78c69d3c
ae95c90b	4497a02c,9c0300b1
ae98e5c2	aa52f6c4,ec96c7ca,ca473d07
ae991fec	cbb0a0c9,2f7c6535,26d821e9,5d6e6635,0a6807ab,88605cbd,f91fb1c1,444d7cf2,5974cbb9,4c928458,080e59d5,c4e6a7a7,9ca71ab9,ff98e06a,daef038c,678c1a04,3cce1f40,7bb463e9,eb77e83c,25cf07dd,4ee4dec6,bd5a46fa,21ec7827,db1478c0,6a0eef8f,79fd6833,e71a034b,3b55e671,d170dd22,83faa670,59d9f271,16ab1d8a,e6cd617e,44ca5838,1beacd57,1260ab91,a7cd2b29
aea2d9cc	39694c69,53536c60,ed4381f2,a43458d9,1c93d9d3,f5216bcf,c602a40d
aea71dec	7b44b98b,c4f03380
0aea7acc	52ce7370
aeaa8b84	c52ad410,57d7e3c7
aeabe551	feef1edd
aeac07f0	4497a02c,9c0300b1
aeaf12bd	c52ad410,21fa2923,ede44e83
0aeb1542	86e1dda6,80e821d4,52239377,12d336c4,3664a184,40a85249,8536117a
aeb2a5f2	465660fd,87c91ece
aeb68975	39694c69
aec4611d	9a9d5b6e,de9ad6e8,78b57979,cf62faca,b09b9084,ae62358a,6111e40b,e135af4b,f1bc9d02,4505c87d,0cd1d0d9,fac9f1d6,1bd94043,587e9027,d2315a21,318ba453,0b9efe67,e1eb77c9,a66b1675,6714782e,fc594fe6,641fba07,0980018e,5c84ea71,c2a11228,dadb9597,3eb6af45,fcc4871f,4852acfe,a59e7d37,4301cdb2,14a28daf,d4d26e0c,4b9a3b80,535084f4,043af10f,3a18f8d2,c5076510
aec55f04	bcf6bc33
aec72fb5	4b765649,f5552824
aec876ee	52ce7370
aeca96cf	39694c69
aecafa9a	52ce7370
aecc3f88	52ce7370
aecdb391	52ce7370
aed7af1b	ef10b158,c6619eb9
aed84ca6	52ce7370
aedf8768	9b1b1576
aee72b31	a4f1a6c6,358e4e85,6ba51265,424a544a
aee9175c	0dd10c61,90325bfc,b0ae9d01,b63a459c,090a1317
0aef19fc	4497a02c,9c0300b1,ed4381f2
aef1a82b	861ab707
aef3250c	948b068a,ac214c66
aef4701e	ee3368d2
aef4f700	a4f1a6c6,358e4e85,6ba51265,424a544a
aef6764a	52ce7370
aef77612	639c7070,ef46bbd3,cb433269
aef8d0bc	52ce7370
aefc2aee	4497a02c,9c0300b1,6d2c033c,9debfb41,a533f992
aefcc2f2	07967bc2,7835b2d6,9d0784aa,ef63b3cf,9395cfd0
0af04182	52ce7370
af048c8f	52ce7370
af06a6c7	52ce7370
af0785a9	39694c69
af0c568b	39694c69
af0ffb21	4497a02c,53536c60,c056f48b
af18d508	39694c69,7eefa621,2141a805,21e78e4e,fe5e69d0
af1aaea4	52ce7370
0af1cf2f	4497a02c,f1551f13
af1eb233	4497a02c,9c0300b1,ed4381f2,a43458d9
af26c7df	4497a02c,9c0300b1,2a36047d
af2a6cbe	5a0f814b,8d6715f6,4db43167,d200583e,e67ebedc,592b4898,ff4dfa89,0b7f6b00,50b4c90c,1d7a5d50,95e8e7ff,8e12b55d,62dfb0c3,ac6b5937,1cb90f8b,1da13bd5,f7cf7e6b,bba5d75c,bd7d26f8,0a0d59de,e980bef0,fbbf0654,2a7bb620,88c3eac0,4fff6863,57e8d4a5,c36a470b,649afa38,ea94ca94,95b843fa,71add10e,73e94167,ca3cdc60,243d4a23,b1c540ae,a0037893,dc6dc501,e1efbbb7,c5270cae,dd6df45b,c31b46c2,57772925,6da57073,032882f1,9ded497d,01ee4b96,cb176851,760ddf2d,5dbb86b1,1e86c529,68082e7d,b2dac8c6,8366b1e5
0af2bdf9	52ce7370
af304d79	11820bd8,6baaa8d2,5dacd50a,50d18808,45cf41c5,f78cd76c,708635f7
af31ffb5	c41de12e
af380e59	52ce7370
af390aa9	52ce7370
af399340	adcb8e35,53536c60,ed4381f2,a43458d9,1c93d9d3,f5216bcf,c602a40d,ae8834fb,91fa17ab,111e88f1,89f6f8a5,4ebd1bb2,4b8a0cef,d89abf3a,7c564be4,fcf1f8c5,472143bf,81d269f1,445ee13f,4bfb77d1,604cb8a8,4d525275
af3a7b27	a4f1a6c6,358e4e85,6ba51265,424a544a
0af3e0ab	52ce7370
af409838	39694c69,5c20b11b,ed4381f2,40c3b60d,1c93d9d3
af414fa0	b8d3ec3d,f5ff1be2,efe3034b,74077bc9,137cbeb3,0128fb17
af4385df	ef10b158,b4194020
af4711ba	9249d364,065091b4,4bddd1f5,b5ad62e7
af4eb416	bcf6bc33
af5032d6	39694c69
0af5850b	52ce7370
af5896ae	b8d3ec3d,f5ff1be2,efe3034b,f4105ac8
af5bb838	39694c69,1b5a30c0
af61db54	39694c69,53536c60,ed4381f2,a43458d9,1c93d9d3,f5216bcf,c602a40d,ae8834fb,91fa17ab,111e88f1,89f6f8a5,4ebd1bb2,4b8a0cef,d89abf3a,7c564be4,fcf1f8c5,472143bf,81d269f1,445ee13f,4bfb77d1,604cb8a8,4d525275,7e6a1437
af676201	4497a02c,53536c60
af67fcc6	52ce7370
af6bea4b	9fb07347,25ac350f,0b69bfff,5490bfb2,3d9184af,425aa17b,ae4dce1c,eae1b26d,663614cb,8d2eee24,f35bca11,5c323e36,c315df19,039809f3
af6d84ae	52ce7370
af721147	4497a02c,53536c60
af7352f9	39694c69,8eb25cca,dce745be,27521c0d,e5da7cf1,16c7e2fa,77a81dc7,eec89b7b,ea2ab70c,14b640f2,c052d2ff,59a5da67,3bbabdbc,03430cb4
af777ddc	4497a02c,9c0300b1
af7d79d1	234e24ff,9583d900,f135f362
00af826c	de5cbb69
af87f7fb	52ce7370
af89fb6f	b23971cf,8d4b4bc5,b6a2af8b,51f5bc2a
af8b8bcb	c52ad410,76cd3f40,9f15301f,3e50e6e5,b44dd76f,2d2ec114,4780a439,f6a66443,62216a34
af906c69	59f9d576
af94289b	c8941f25
af94a7e0	52ce7370
af94e2a0	569aeac3,0c6023ee,fd8c731e
af95025a	52ce7370
af958125	4497a02c,9c0300b1,9f90b58d,77c639b7,c015fc4b
af9a1039	52ce7370
af9e3a0f	39694c69
af9eb88e	4497a02c,9c0300b1,065290ae
afa174e9	4497a02c,9c0300b1,ff3ef31b
afa313fd	52ce7370
afa3a85c	dba99a7e,e8ca1dc7,4e9a4327,8ffc6982,d6d6a63f,52b3edee,95bbbf7e,fc958e6a,cf091af2,b6372dcd,baf799f0,14febce6,7971b3d9,7d2572a1,b374a776,d0cc632f,48a81497,d64ba770,d9bf1c0c
afa5d066	52ce7370
afa81234	39694c69
afab4b05	c52ad410,a4d3244e,8d580928,1e31872e
afacedf3	92afca28,66b1027c,e617985d,2e5333ce,87c91ece,df69661e
afbeae4f	52ce7370
afc5f5ff	52ce7370
afc6761c	39694c69,53536c60,ed4381f2,a43458d9,1c93d9d3,f5216bcf,c602a40d,ae8834fb,91fa17ab,111e88f1,89f6f8a5,4ebd1bb2,4b8a0cef,d89abf3a,7c564be4,fcf1f8c5,472143bf
afc72201	39694c69
afc7794b	ef10b158,e52c962a
afd46f94	52ce7370
afd8fdb1	4497a02c,9c0300b1,e4232826,fc1fa343,8f6896a3
afd9e016	39694c69
afdaa459	52ce7370
afdd5f65	39694c69,53536c60,ed4381f2,a43458d9,1c93d9d3,f5216bcf,c602a40d,ae8834fb,91fa17ab,111e88f1,89f6f8a5,4ebd1bb2,4b8a0cef,d89abf3a,7c564be4,fcf1f8c5,472143bf,81d269f1,445ee13f,4bfb77d1,604cb8a8,4d525275,1b332a89,10fded56,f2564478,2fd57652,8aab7e64,65bd861b,e51224df,0b3b3b39,66359d4f,f6b0f1c0,708fd580,034d5002
afe18d23	39694c69,1dbcfa66,fa9ec387,b0229c73,930b6c65,41072981,c921ea42,86817022
afe23ecf	bedd91a7,6d1d43cc
afe68f63	098b2b7e,76943535,8378f053,59906ba9,0c058da6,2d434eb0,a0f0201b,14ee2381,7c3d1204,d29e1677,e7c12540,e5e2bd94,4d1cf9cd
afe8f409	39694c69,d8cd5de1,17da0063,8dd97183,c193c48f,f009f4b5,9165b166,9ded5d75,7f1db6c3,a6a99f2e,91d7a14a,da529f50
afe9cbae	b8d3ec3d,f5ff1be2,efe3034b
aff17ad8	52ce7370
aff35a8a	d28b2b85,7444725c,4f1f8fa4,fea58c07
aff3606a	39694c69,156ef672
aff5f1cf	39694c69,f93b7ad5,96b5162f,7f880865,27cca8c2,8df62134,572fc984,af403d4d,dddbd028,4b971e6b
affbb07a	39694c69
affd2b5f	fc954e94
affd38f9	39694c69,53536c60,ed4381f2
b00026aa	b5fdac2a,875dd7e9,955d3f51,d7bfcbd4,9347ec5d,5f7bc986,069df450,5db7b8ed,60621fdb,0b66eb62
b000c755	b8d3ec3d,f5ff1be2,efe3034b
b00c5516	74077bc9,909d778a
b013ce38	52ce7370
0b014452	39694c69,07967bc2,6a220c61,3646933d,5d302f98,de5cbb69,d5c034a6,1fbece5d,3a84eabd
b0192a05	39694c69,0a2ac1f9
b019eac2	a32323e6,e1152272,aaf675f1,bca47efa,a806f02c
b01a1bd5	52ce7370
b01b72be	52ce7370
b023d4ff	a4f1a6c6,358e4e85,6ba51265
b025b629	871ee91c,a281008b,1d3f4792,0d8b9fd8,94700518,1a218c28,c7416a51,ad0c208c,cf50a8cd,1f7c4cd3,b94875e4,d990f8a9,57d7e3c7
b025d5c6	52ce7370
b0359093	3296fc12,5e580707,d4e0dd4d,92202a7e,688c3481,03fcd3a3,6b296aa1,9f749c6f
b039cd18	b8d3ec3d,f5ff1be2,efe3034b
b03c5134	bedd91a7,6d1d43cc
b03f5709	52ce7370
b0404503	a58b93ee
b042ed72	39694c69,832c4e43,acde460f
b04b45ce	52ce7370
b04d43e6	8ce21c36
b050f82a	52ce7370
b0554117	156ef672
b0566d5b	39694c69
b05dc533	39694c69,53536c60,ed4381f2,a43458d9,1c93d9d3,f5216bcf
b05e28e7	74077bc9
b05f28f1	fce11650,1822edab,4592bece,0e6e7cd9,b7b0f730,e2ec7a5a,75f6105e,8762e28e,fbbeb02b,be96f2c2,cdaaf5d1
b0624343	52ce7370
b063170b	156ef672
b063c9e2	39694c69,ca8cf283,d028f1a9,de5cbb69,9b44d5f4,00cca97d
b064aad7	39694c69
b06649c3	4497a02c,9c0300b1
b06b05c5	a4f1a6c6,358e4e85,6ba51265,424a544a
b06b96b7	52ce7370
b06f27d6	4497a02c,9c0300b1,647f603a,358cab9d
b0808439	4497a02c,9c0300b1,27a02b3a,dec30233,ac00bd22
b085ef19	3abc9708,a8000d81,6a52ccc3
b08a3479	976d21d9
b096af3b	4497a02c,9c0300b1
b098992e	1b5a30c0
b09a1770	b4f7cb23,14ba757d,d1730625,398abc08,3a663604,6723cc6e,46a88400,8a94602c,3213ecdd
b09be233	707e3205,6966f037
b09f4069	15d1718e,9b896075
b09fa233	6d1d43cc
b0a43e55	39694c69,f93b7ad5,96b5162f,7f880865,27cca8c2,8df62134,572fc984,af403d4d,dddbd028,4b971e6b
0b0a914c	52ce7370
b0a98f13	39694c69
b0ae4767	4497a02c,9c0300b1,483259fc,10422649,03103993,c7e6be81
b0b23517	b8d3ec3d,f5ff1be2,efe3034b,dcc919db,0df636ed,f3e507f7
b0b596ff	39694c69,9dfedf8e
b0b5f237	39694c69,53536c60,ed4381f2,a43458d9,1c93d9d3,f5216bcf,c602a40d,ae8834fb,91fa17ab,111e88f1,89f6f8a5,4ebd1bb2,4b8a0cef,d89abf3a,7c564be4,fcf1f8c5,472143bf,81d269f1,445ee13f,4bfb77d1,604cb8a8,4d525275,1b332a89,10fded56,f2564478,2fd57652,8aab7e64,65bd861b,e51224df,0b3b3b39,66359d4f,f6b0f1c0,708fd580,034d5002
b0b656d1	9deb246d
b0b8960f	4497a02c,9c0300b1,664eade9
b0bbb87d	52ce7370
b0bde93c	52ce7370
b0c233e7	39694c69,af77c70d,ed4381f2,a43458d9,1c93d9d3,f5216bcf,e2dc42cb,ef4c1064,050a25d7,234a0a79,c3c175ca,4ebd1bb2,d454474a,689b5772,c53f71f9,6bdb00af,58348094,248e5540
b0c2af0e	52ce7370
b0c472ff	569aeac3,0c6023ee,fd8c731e
b0c716e9	52ce7370
b0d056a4	52ce7370
b0d29030	52ce7370
b0d2a4b3	b8d3ec3d,f5ff1be2,efe3034b,9b896075
b0d65823	52ce7370
b0dc73ab	39694c69
b0dc7a50	4497a02c,f1551f13
b0dd51fa	259886f2,52012dac,a353d905,61af43c3,2a121db7,c54cd620,993ab9d8,696c7167,01a81db0,61bff8de,b4fcec78,9d023671,657d051b,ea4bdb43,27a0f417,2272cad7,bcc5ea12,04ab0cbf,430bc704,271167c0,16726139,d552a2c4,3b04383a,723faa5d,686fa458
b0dd74aa	134a131f,2e2c273e,a94d6311,e381b460
b0e227fe	39694c69
b0e473bf	25211e64
b0e55872	52ce7370
b0e9afbc	047246cb,c9d4b8d4,377c44b6
b0ebab46	668e7bca,76b3d6cb,a5b87b73,fa3643fe,cc6bb29f,f2954f75,3bf23537,7ed883bd,f05b9f76,6dcc2e04,4f6868b1,86a9ba67,38190c1b,46da1df3,dc926a01,e8cf146c
b0ecb76a	52ce7370
0b0ed277	39694c69,a645e876,11d5566a,d29fe667,f1705f1d,e5d833ac,c220a472,8cbafba3,f5638694,9fc82936,b1ff6f77
b0f6b2fe	52ce7370
b10680c7	ef10b158,ecbd834a,e52c962a,93e5aa03,6473167f,b9cd2b7c,941c8d38,1a8024e7,d0feead4,c25dc83a
b10783a5	4497a02c,9c0300b1,1487fca1
b11115e8	4497a02c,9c0300b1,72dce281
b1143d84	52ce7370
b1168b87	52ce7370
b118ddef	4497a02c,f1551f13
b11a0daf	39694c69,af77c70d,ed4381f2,a43458d9,1c93d9d3,f5216bcf,e2dc42cb,ef4c1064,050a25d7,234a0a79,c3c175ca,4ebd1bb2,d454474a,689b5772,c53f71f9,6bdb00af,58348094,e36f8128
b123334a	39694c69
b12888d7	52ce7370
b12e0e2a	4497a02c,53536c60
b12f4520	7d20474a,837dda49
b13066dc	39694c69
b132a8eb	39694c69,53536c60,ed4381f2
b133670a	52ce7370
b1341713	7c82f45f,74077bc9,aeb0d963,30a4cb17
b1342be7	4497a02c,f1551f13
b13465f9	52ce7370
b136841f	4497a02c,9c0300b1
b1398178	52ce7370
b13a9a26	f41b94df,2b498348,1619e8fd,b973b1f7,b43f8fcc,e9723290,edad4c8e,ca84df0e
b13f5c60	363013e0,67506133
b13fe206	52ce7370
b1440e7b	ac89bb9e,57add883
b144802d	52ce7370
b147995c	39694c69,fae3e03d,5d6adda2,5175b26d
b14a52ad	39694c69,3485907e
b14d1691	d64e82c3
b1525554	4497a02c,9c0300b1
b15290d8	39694c69,eb05aa73,3485907e
b152910e	695a3627
b1531140	52ce7370
0b156f91	39694c69
b15759f5	52ce7370
b15c90da	76497e28,c003b2da
b16469dd	52ce7370
b169aa2a	de5cbb69
b174b6c2	4497a02c,9c0300b1,0ba66411
b1759d9d	52ce7370
b177c5c9	52ce7370
00b178eb	39694c69,2724536b
b17b3677	a4f1a6c6,358e4e85,b7a0eada,99b8e741,de97e3dd,424a544a
b1846f56	52ce7370
b18471a6	a4f1a6c6,358e4e85,6ba51265,424a544a
b1878da1	4eacf831,304cfb1a
b1882353	52ce7370
b1883766	52ce7370
b188e3f0	39694c69,24d6f859,b8d1dd37,bef59ad9,0ce81d88,799772a5,81e1a9e2,fb8c5cb7
b18d7789	52ce7370
b18d97da	39694c69,a3a03b16
b18f948b	1812dfc6,4192e1b7
b192e314	39694c69,af77c70d,ed4381f2,a43458d9,1c93d9d3,f5216bcf,e2dc42cb,ef4c1064,050a25d7,234a0a79,c3c175ca,4ebd1bb2,d454474a,689b5772,c53f71f9,6bdb00af,58348094,c1f5412b
b192fcaa	a4f1a6c6,358e4e85,6ba51265,424a544a
b1952ba5	52ce7370
b198cb4c	94393069,861ab707
b19c1cca	52ce7370
b19cb848	bcf6bc33
b1a4efc3	39694c69,c5370ed8
b1a87c98	39694c69,53536c60
b1ac435f	74077bc9,b43a827b,04aac479,08ee77bc
b1ac9169	39694c69,53536c60,ed4381f2
b1b1a572	39694c69
b1b63b5e	8b4f9c39
b1b755d0	a8aceca4,b6319357,6897109c,efa32787
b1b8b787	52ce7370
b1bc5990	52ce7370
b1bd15cc	4497a02c
b1bd41b3	39694c69,66e14441
b1c184d6	76497e28,49871ae7,a9785f80
b1c5e424	39694c69,53536c60,ed4381f2
b1c7469d	52ce7370
b1cf76a8	52ce7370
b1d33416	39694c69,53536c60,ed4381f2,a43458d9,1c93d9d3,f5216bcf,c602a40d,ae8834fb
b1d366b4	e38c3f7e
b1d658b6	52ce7370
b1d91615	52ce7370
b1dbb4cc	39694c69
b1e1065e	39694c69,686d4711,63147796,805b1ce6,79057c6c,7c34529d,3302243e,243c9613,ea8abbed
b1e620f3	39694c69
b1e724e3	39694c69,4199a643
b1ed2619	0f882379,65378ba2,ba905113
b1ef3087	bcf6bc33
b1efdeb0	e1d62058
b1f2006e	73665e17,582b1c95,09ade2fc,43e60461,7378adef,d5f2f7a9,0cc2ea06,b4a30974
b1f2f2c7	78d1d18f,3b35ff63,55667c4f,b4fed64b,2bad9865
b1f81691	39694c69
0b1fa603	52ce7370
b1fbc7d3	39694c69,8d909566
b1fc9ded	39694c69
b2000346	52ce7370
b202bca0	52ce7370
b20cec95	39694c69,53536c60,ed4381f2,a43458d9
b21861b2	a4f1a6c6,358e4e85,6ba51265,424a544a
b21a6545	52ce7370
b21b9b49	52ce7370
b21c7011	94393069,861ab707
b21d0d2d	4497a02c,9c0300b1
b21e7ffc	e9fe44fa,a23af12f,8805c10f,9682405a,e53e98f1,5332c3b9,be04cb1e,78f3c4bf,f02e1993,38982df3,5d4e7b96,09263353,add6fedd,c3890856,fec89fde,58c66357,576dd233,7330adb1,1bc56cfe,f6399b39,a5ccf0e4,901824bf,07ff9b1b,319177b3,a9681859,cc35db06,6ae7242d,99ee9dd9,2f31af1f,c6d42a32,3ebe0469,7b0e3a44,01ffc8c1,061b1864,0cd341a0,d9645c85,34258cde,83c02bb5,9665e269,f97e6337,a13ecc19,6d416e55,48d1b443,7280be39,e2d53b14,221440f4,8c726352,dc883992,c33b02dd,22b2aafe,6e658076,ff1b38f8,c3f4d793,34a51810,7d0a935a
b21ff3b5	39694c69,14c6a4d1
0b225aa2	951d7646,c4b2e686,20294197,c2b3c7c6,020f4864
b225e8db	adcb8e35,53536c60,ed4381f2,a43458d9,1c93d9d3,f5216bcf,c602a40d,ae8834fb,91fa17ab,111e88f1
b225ec2c	39694c69,53536c60,ed4381f2,a43458d9,1c93d9d3,f5216bcf,c602a40d,ae8834fb,91fa17ab,111e88f1,89f6f8a5,4ebd1bb2,4b8a0cef,d89abf3a,7c564be4,fcf1f8c5,472143bf,81d269f1,445ee13f,4bfb77d1,604cb8a8,4d525275,1b332a89,10fded56,f2564478,2fd57652,8aab7e64,65bd861b,e51224df,0b3b3b39,66359d4f,f6b0f1c0,708fd580,034d5002,09237912,50a41601,9335295e,fc9e0f04,93be621a,5d5733ad,cd9c73df,94b05d44,9762d059,405d4257,950270d7,702e331c,70823eaa,daf56fb3,060f8f36,bb1a29f4,56638432,2b438d00,2bd5f7fe,95ee8dfe,d02acf3d,4b14a013,52d6f1b8,b4c59a3a,9c2397c2,6049d326,0aee9e47,5917cecc,6ee3cd6f,a3f29c27,a19c769f
b22ec159	52ce7370
b232389d	39694c69
b2372605	9a9d5b6e,de9ad6e8,181f8cdf,56e4b6bc,80eff117,c50b38cf,cd64af58,6953bb11,3cb3c995,f933c9dd,cff4ddbe,febe42da,3d689bd1,d120571d,d09e41cd,3a205cc7,6920d0c1,d73c0ec7,17d103a4,54ba2e15,6cd16ac5
b2375004	0c3eee15,2861a185,658de1c9,7b991cae,2a7d4629,7f0bee7f
b237c769	0047a60a,df8cb10f
b23a1181	341d8e4a,82146457
b23d5c8b	875dd7e9,41bcc8f9,955d3f51
b2412b45	bcf6bc33
0b245252	52ce7370
b2474198	39694c69
b24e0d73	52ce7370
b24e4c15	192829b9
b2588c15	52ce7370
b25ae493	c21ebb7c,06b2c228,ce845c56,f7afdc3a
b25f00e3	94a0677d,9071cd7c
b2602c50	de5cbb69
b2642321	39694c69
b2648e37	52ce7370
b264b648	52ce7370
b26933dd	39694c69,f93b7ad5,96b5162f,7f880865,27cca8c2,8df62134,572fc984,af403d4d,dddbd028,4b971e6b
b26a280d	4497a02c,9c0300b1
b26c018b	52ce7370
b271e6e6	95bbbf7e,e3b7bfec,6d037b6d,926a2f98
b2749dc6	52ce7370
b275d609	4497a02c,9c0300b1,ed4381f2,7e26dcff,183fe253,eef0425d,c602a40d,ae8834fb,1e31872e,ad0d2554
b277c20d	52ce7370
b27e7abc	4497a02c,f1551f13
b27f87ca	52ce7370
b28081bc	94393069,861ab707
b283f942	c447105e,72e1d238,c447105e
b28ce7a6	1be8b9bd
b28e44da	39694c69,5073cad2
b28efc1e	efa938d5
b29435d2	137cbeb3,cb6eb787,56181287,4ec4390e,14bc34b4,1812dfc6,8b1a8909
b29ac8e9	4497a02c,9c0300b1,13939cb6,5db7b8ed,67001070,2ea5f1fa
b29e95f5	1e3bbce9,b83c1deb,8ce21c36,6700a3d3,017e01a4,cdaa9c85
0b2a45e0	5767360d
b2a8f4fa	52ce7370
b2aa979c	27beeb18,b4ed3394,080ac573
b2accd5a	39694c69,c5370ed8
b2acf5e0	4497a02c,9c0300b1
b2ad0918	7933a617,011f7b12,c824b70a,df9139c8,8e28d120,1b8c7926,ef23f14d,9c280784
0b2bb421	c520bee3,eda3e19b
b2be525d	52ce7370
b2bfde3d	39694c69
b2c0041d	b8d3ec3d,f5ff1be2,efe3034b,a0797b36
b2c035ac	2072157a,297fda0e
b2c16240	4497a02c,9c0300b1
b2c24639	bedd91a7,6d1d43cc,4efa80dd,958dd2f1
b2c31001	b3612de6
b2c64e47	4497a02c,f1551f13
0b2c8348	4497a02c,f1551f13
b2cb2726	0cc36e51,4eacf831,26b7c9b3,c4248c2d,278b9876,9fc9d113
b2cb3c60	4497a02c,9c0300b1
b2cb58ee	24e2185d,56181287,e759ec40,869c16de
b2cccb80	fc995fa0,9628ff56,26fca521,764811dc,bc5490a6,b2fc3a8f,50d1fd04
b2ce6fb1	39694c69,2724536b
b2d09a16	4497a02c,07150aa4,98377f81
b2d2426d	9a9d5b6e
b2d25325	b8d3ec3d,f5ff1be2,efe3034b
b2d6db6c	ef10b158,e52c962a
b2db6aec	39694c69,c7d95d7f,b40df961
b2de0d3f	4497a02c,9c0300b1,ed4381f2,a43458d9
0b2defd0	52ce7370
b2e044ce	39694c69
b2e398d1	39694c69
b2e9c1ab	39694c69
b2eccc7a	4497a02c,9c0300b1
b2f27efe	0b2c71ab,fc958e6a
b2f291aa	4497a02c,b38297d9,07a4994d,05293c16,bd35c8c3
b2f37856	c311c08f,15fb736f
b2f3fc91	acde460f,b85f788a,ba93dff3,809519d4,71ddaf43,ff94e6d1,2ce5cf54,7062f8bd,472fd8e0,b4d55664,d7376362,8590893d,48e28a3b,4c89c88c,e6fc7d92,418ee3ba
b2f5fc23	52ce7370
b2f71525	39694c69
b2fb2c93	39694c69,32a1916d,d676a471
b2ff918c	52ce7370
b3055548	a4f1a6c6,358e4e85,a23a4c9d,2bcf1fa4
b308513a	639c7070,ef46bbd3,cb433269
b309a2b9	f16c5faa,b998f50f,ce858e01,67ff786c,1b35cacd,3a8156ce,9a2718b6,881b3db9,4a19cbcb,d6b64c84,906618ae,36a9ed61,d56514a5
b30d6aa5	d040098c,fc35be13,0b2c71ab,bf81f6cd
b317a760	a4f1a6c6,358e4e85,6ba51265,424a544a
b317fcee	39694c69,2724536b
b318da02	0dd10c61,515b3eb4,0df636ed
b319f694	39694c69,53536c60,ed4381f2,a43458d9,1c93d9d3,f5216bcf,c602a40d,ae8834fb
b31be0ed	1e3bbce9,b83c1deb,8ce21c36
b31cf76a	aa7458fd
b31f03bf	52ce7370
b31f2fc9	1de2fbae,59cafc80,e7bcf0ad,6d7ffcb1
b31ff7d1	ef10b158
b3243174	52ce7370
b326668b	52ce7370
b326877f	52ce7370
b32a7fd6	52ce7370
b338370c	39694c69
b3399f53	4497a02c,9c0300b1,224f9600,796ee607
0b339e16	52ce7370
b33a47be	52ce7370
b33b4eba	52ce7370
b33c9c9f	eb24defa,8ca6c1d3,a86d50df,83de054b
b33cb8d9	39694c69,53536c60,ed4381f2,a43458d9,1c93d9d3,f5216bcf
b33f1762	54dbcc01
b34020eb	94393069
b3429ed5	22183874,d74ebeed,b3c768ec,12071db6,3512f1ef
b34661a0	9deb246d,e44bdf21
b346975e	9f1118dd,5a8e50da
b34c2573	39694c69,06835a9c,984bac0b
b34ce8e5	a93ac93f
b3521d23	39694c69,af77c70d,ed4381f2,a43458d9,1c93d9d3,f5216bcf,e2dc42cb,ef4c1064,050a25d7,234a0a79,c3c175ca,4ebd1bb2,d454474a,689b5772,c53f71f9,6bdb00af,58348094,7299689c
b35baaf1	efa938d5
b3626fb2	05ede329,9332036f,2dd58e27,3e6039a2,bb717e4b,0b017851,75c1faeb,20729280,940e9d2e,bcd5e2b2
0b367366	156ef672
b36b55c7	52ce7370
b3753702	25fa584d,1b23c80c,f3892904
0b3753e7	b8d3ec3d,f5ff1be2,efe3034b
b377adb5	4497a02c,9c0300b1
b37db1b4	52ce7370
0b37ed21	39694c69,3bcadb67,7613b6a8
b3800639	39694c69,7d1d43b8,402c7b0f,121c6d65
b38458c8	becd9e3d
b38b8de7	52ce7370
b3976e6e	52ce7370
b397c55b	52ce7370
b39fafe1	39694c69
b39fe421	a4f1a6c6,358e4e85,6ba51265
b3a12e71	bcf6bc33
b3a13b26	a4f1a6c6,358e4e85,6ba51265,424a544a
b3a4b6cb	52ce7370
b3a6acb2	52ce7370
b3aa25f7	bda4325b,70232fdf
b3b29efb	cd750609,dd76b0f9,371831e0,9284dff0
b3b3119a	52ce7370
b3b32707	569aeac3,0c6023ee,fd8c731e
b3b3ae38	948b068a,2bff179e
b3b49b9d	52ce7370
b3b58663	39694c69
b3b89ffb	52ce7370
b3b9816b	39694c69
b3b9cecc	4497a02c,9c0300b1,164c4c5a,c0372ce0
b3ba71b0	39694c69,3485907e
b3bb8e8a	321325f3,6f1750b6,e0f0953d,28180025,78d22154,8b8730ca,3755b185,9c93f938,96e10850,aa573f64,0ce8fcb0,73c1a6ec,46cf07a4,92b0c8a1,32ab6be3,7b041a16,29762974,9ba16837,2e4118c3,19a47271,98b725f2,aa94514a,e5116d90,09964b4d,0a46d405,eeea4458,52350dad,c5191016,d55e620e,9cc260df,8421841b,8455c3fa,b35a94fc,54e45046,f9b20c61,102cf942
b3c87ce4	4497a02c,53536c60
b3c8a425	52ce7370
b3d34ed7	39694c69,53536c60,ed4381f2,a43458d9,1c93d9d3,f5216bcf,c602a40d,ae8834fb,91fa17ab,111e88f1,89f6f8a5,4ebd1bb2,4b8a0cef,d89abf3a,7c564be4,fcf1f8c5,472143bf,81d269f1,445ee13f,4bfb77d1,604cb8a8,4d525275,1b332a89,10fded56,f2564478,2fd57652,8aab7e64,65bd861b,e51224df,0b3b3b39,66359d4f,f6b0f1c0,708fd580,034d5002
b3d49415	81b8c4de,dee65538,910d7fa4,40ce8eff
b3d4b104	2113ce38,0d75535b,37313dad,212e835f,4269bb4a,efa938d5
b3d61cda	39694c69,53536c60,ed4381f2,a43458d9,1c93d9d3,f5216bcf,c602a40d,ae8834fb,91fa17ab,111e88f1,89f6f8a5,4ebd1bb2,4b8a0cef,d89abf3a,7c564be4,fcf1f8c5,472143bf,81d269f1,445ee13f,4bfb77d1,604cb8a8,4d525275,1b332a89,10fded56,f2564478,2fd57652,8aab7e64,65bd861b,e51224df,0b3b3b39,66359d4f,f6b0f1c0,708fd580,034d5002,09237912,50a41601,9335295e
b3da49f7	52ce7370
b3db4a32	39694c69,ba5d9ee9
b3dec9f3	ca2f45a8
b3e06a7e	39694c69,53536c60
b3e74eb2	3a29e918,d8e8f72e,ee2afbf4,3525f4e2
b3e89ba3	569aeac3,0c6023ee,9021fede,dbf1f0f1
b3ebfd02	02246c70,8dc7cfa9,cd397f67
b3ec066e	52ce7370
b3ec4031	ef10b158,ae78f442,ff5e9765,6f148757
b3ed1e15	fd8c731e
b3f05652	39694c69
b3f57458	39694c69,1e3b1006
b3fad1b0	52ce7370
b3fc58df	7fab5e98,16ba2235
b3fc8860	4497a02c,9c0300b1
b3fed0e7	4497a02c,f1551f13
b3ff2ac6	b8d3ec3d,f5ff1be2,efe3034b
b400eedd	da78efeb,acecaf4c,b8a4eaf7,0311cc7a,b619836a,9f19049a,443a3ffe
b409d3ec	39694c69,4d8e117e,43304056,b1eb4e6b,517647ed,bf75599d,0a683397
b40b82a1	39694c69,af55e841
b40b959d	861ab707
b40cb98b	4497a02c,9c0300b1,051a5203
b40e0821	52ce7370
b411cc5b	b5df7c21
b412e265	52ce7370
b414b89a	c79d8f4b,319177b3,78415178,8474f302,633e34af,68ad49d3,03360f76,34e2c108,562d3212,57515079,04d9339c
b418c05c	5db7b8ed,d6888945,5bc41481,268fcf18,4b2df989,1bc8aa0b
b41900eb	d918c1e8
b4193301	4497a02c,9c0300b1
b419990c	ef5095c4,b38e45bc,2e899821
b421db35	5ab8e57d,40e50d9d,d21112bf,96e27748,5c120120,d454ad67
b4251d94	644e9cc9,57c5617c
b42527e8	152e9eec,7d59d9b8,6519f22c,ab78b87d,39572fa0,9449ec6c
b425ef41	52ce7370
b42dbbce	39694c69,864d2e6f,dee65538
b43173e1	4497a02c,9c0300b1
b43610a8	52ce7370
b4370344	39694c69,53536c60,ed4381f2,a43458d9,1c93d9d3,f5216bcf,c602a40d,ae8834fb,91fa17ab,111e88f1,89f6f8a5,4ebd1bb2,4b8a0cef,d89abf3a,7c564be4,fcf1f8c5,472143bf,81d269f1,445ee13f,4bfb77d1,604cb8a8,4d525275,1b332a89,10fded56,f2564478,2fd57652,8aab7e64,65bd861b,e51224df,0b3b3b39,66359d4f,f6b0f1c0,708fd580,034d5002,09237912,50a41601,76cbe174,fc9e0f04,93be621a,5d5733ad,cd9c73df,94b05d44,9762d059,405d4257,950270d7,702e331c,70823eaa,daf56fb3,060f8f36,bb1a29f4,56638432,2b438d00,2bd5f7fe,95ee8dfe,d02acf3d,4b14a013,52d6f1b8,b4c59a3a,9c2397c2
b43ada50	52ce7370
b43ba5fd	39694c69
b4413043	52ce7370
b443e5bc	39694c69,513da32e,5289c691,fa0ac2f4,76d24228
b44525fc	4497a02c,9c0300b1,9f90b58d,77c639b7,c015fc4b
b44dd0ac	52ce7370
b458ee24	b5e2ca2b,ef9f9efb,a79d2edd,dd63cf6c
b45ec40c	bcf6bc33
b45fa2f9	44f7a322,695a3627
b46c32a0	bcf6bc33
b46c74f0	82d55d94,9e31c1bd
0b46cfca	bcf6bc33
b4746668	b3220ce9,a85a3eff,a70b9af3
b4762c5d	52ce7370
0b476ff2	39694c69,53536c60,ed4381f2,a43458d9,1c93d9d3,f5216bcf,c602a40d,ae8834fb,91fa17ab,111e88f1,89f6f8a5,4ebd1bb2,4b8a0cef,d89abf3a,7c564be4,fcf1f8c5,472143bf,81d269f1,445ee13f,4bfb77d1,604cb8a8,4d525275,1b332a89,10fded56,f2564478,2fd57652,8aab7e64,65bd861b,e51224df,0b3b3b39,66359d4f,f6b0f1c0,708fd580,034d5002,09237912,50a41601,76cbe174,fc9e0f04
b4810295	52ce7370
b4820644	94393069,861ab707
b483752d	52ce7370
b4882843	52ce7370
b48897a6	94393069,861ab707
b492face	4497a02c,9c0300b1,ed4381f2
b496171f	76497e28,c003b2da,3c703f83
b49e0032	1e3bbce9,b83c1deb,8ce21c36,e97eb3ee,5d0e7cc7,0c8dbe1a,3ca0390a,b932e50a,ec65e64f,b49680e0,d564e9ba,864c9b2a,207d6a0b,08ec3478,d7d13e07,d9c2d048,30ae8d9f,b159e996,2f3e720b,7427619b,a7caa85d,cf6bb1ad,323d814e,94fd728a,662065df,6090128d
b4a3104e	4497a02c,9c0300b1
b4a45517	bcf6bc33
b4a5218c	52ce7370
b4a63f5c	39694c69,53536c60
b4a7c80c	39694c69,53536c60,ed4381f2,a43458d9,1c93d9d3,f5216bcf,c602a40d,ae8834fb,91fa17ab,111e88f1,89f6f8a5,4ebd1bb2,4b8a0cef,d89abf3a,7c564be4,fcf1f8c5,472143bf
b4a8a498	d617557b,9f90b58d,464a6631
b4ae3a9e	52ce7370
b4aeb2b7	ef10b158,fc038a9e,222b833d
b4b559cb	a4f1a6c6,358e4e85,6ba51265,424a544a
b4b80a6c	39694c69
b4b8dd0b	52ce7370
b4b9ec84	4497a02c,f1551f13
b4bb76b8	52ce7370
b4bd504e	52ce7370
b4c4df5c	52ce7370
b4c69008	52ce7370
b4cbd5c7	52ce7370
b4cca43f	4497a02c,9c0300b1
0b4d0a11	52ce7370
0b4d1892	f57f4bac
b4d5a339	52ce7370
0b4d7886	52ce7370
b4dba713	ef10b158
b4df3263	43f03572,060e1775
b4df7e01	d4160e07,51ac1207,279ada1e,83e25c3c,b3961e7f,a36ac652,365b3edc,54aeb0b1,b32ba5af,af72c0cd,786a1a75,ce5c36eb
b4e1962b	837dda49,416fe963
b4eae675	52ce7370
b4ec9f4e	39694c69
b4f376f7	4497a02c,9c0300b1
b4f4e465	1126d489,a599f130,a2b27c47,ce51e29f,db26372d,53609350,265cfe27,e46cbf33,248cb440
b4f72e44	17634055,1abfb05d
b4fe63fd	ca37cb06
b4fe91a3	a4f1a6c6,358e4e85,6ba51265,424a544a
b4ff6f02	74077bc9,695a3627
b502b0dc	52ce7370
b5051531	b1a47a6d
b50ae7c9	4497a02c,f1551f13
b50bf51f	52ce7370
b50c7a5e	52ce7370
0b50f703	52ce7370
b50ff0f8	52ce7370
b514abf8	a4f1a6c6,358e4e85,6ba51265,424a544a
0b517bcb	b8d3ec3d,f5ff1be2,efe3034b
b519f103	39694c69
b51ddf0d	52ce7370
b51df317	87090f01,8127e77a,216df993,211bc135,695298c3,a63b2ea2
b5249ec1	39694c69,25211e64
b5283259	39694c69,3485907e
b5327770	971523b3,1a896bc6
b5385b77	4497a02c,9c0300b1
b53b1e33	b8d3ec3d,f5ff1be2,efe3034b
b53c4abf	39694c69
b53ddb64	4497a02c,f1551f13
b5402bb9	52ce7370
b5426d92	bcf6bc33
b5430ae8	39694c69,53536c60,3ed40a6e,a43458d9,f651ad91
0b5474cd	ef5095c4,9b755684,466d7535,f61069d0,12731e6a,e9ed0bbe,20cf072a,46c993ad,5b673006,cbcd3f5d,0e528adf,e5982106,b589095c,abe98814,adca3c9b,ebff8c2d,1f8e04be
b5515185	52ce7370
b554c1c2	39694c69,53536c60,ed4381f2,a43458d9
0b555666	d53ee260,f87dbbe1,11d0afa6
b557aafa	bcf6bc33
b55a54b6	b8d3ec3d,f5ff1be2,efe3034b
b55ba137	9ed3134a
b55ff3e6	52ce7370
0b560655	152e9eec,7d59d9b8,6519f22c,ab78b87d,39572fa0,9449ec6c
b56a477c	012dbe79,89f2b327
b56c50cd	430bc704,c8dc3446,ad49c306,768ddad1
b575e976	da78efeb,acecaf4c,b8a4eaf7,0311cc7a,b619836a,9f19049a,443a3ffe
b576212f	39694c69,53536c60,ed4381f2,a43458d9,1c93d9d3,f5216bcf,c602a40d,ae8834fb,91fa17ab,111e88f1,89f6f8a5,4ebd1bb2,4b8a0cef
b5774440	bcf6bc33,fc5542a4,cc9d7b39,f59e6083,0fc6d44a,32071e86,d9fd5454,f8e2e331,4722a3a5,eae1b26d,cdbfac40,3296b1c2,17762364,de722188,b28e01ad,5ed7d707,d666a864,12583283,08c968ae,2081284d,2d6097bd,995a2a9f,517963a6
b57a8b16	39694c69
b57cae77	4497a02c,9c0300b1,96db6d08
b5891751	87c91ece,137cbeb3,8a69da1c
b58aa13d	4497a02c,f1551f13
b596fe78	4497a02c,9c0300b1,7452b382
b5986275	b8d3ec3d,f5ff1be2,efe3034b,0bbe3917
b598ddcf	f5682991,5db7b8ed,a44bba84,2d392b3e,fd6ccd44,51764901
b59f40c2	22183874,d74ebeed,b3c768ec,12071db6,3512f1ef
b5a0c69b	ef10b158,286fd12e,4a9a0618,8f4c8108,2028c71b,2e1701fb
b5a2de98	39694c69
b5a5714e	b8d3ec3d,f5ff1be2,efe3034b,68ce23a0
b5b3289f	52ce7370
b5bb7295	bcf6bc33
b5bfc214	5fc0aae4,7e4be574
b5c2d62f	b8d3ec3d,f5ff1be2,efe3034b
b5c30808	4497a02c,9c0300b1
b5c54faa	52ce7370
b5c9437b	39694c69
b5cd1de8	4497a02c,f1551f13
b5cf68d4	39694c69,53536c60,ed4381f2,a43458d9,1c93d9d3,f5216bcf,c602a40d,ae8834fb,91fa17ab,111e88f1
0b5d01d0	52ce7370
b5d047cd	4497a02c,53536c60
b5d16575	4497a02c,9c0300b1
b5d2e9a4	ec6115d6
b5d61714	52ce7370
b5d7f188	39694c69,f93b7ad5,96b5162f,7f880865,27cca8c2,8df62134,572fc984,af403d4d,dddbd028,4b971e6b
b5d80fac	dbdac1c3
b5da3fc2	52ce7370
b5dca277	52ce7370
b5e23140	a4f1a6c6,358e4e85,6ba51265,424a544a
b5e409be	b36a883e,6f7120ed,e711c8b2,3270856b
b5e478a0	52ce7370
b5f1fc5b	b8d3ec3d,f5ff1be2,efe3034b
b5f23194	4d19cc30
b5fa5143	52ce7370
b5ff2cbc	52ce7370
b60442b4	bcf6bc33
b606e815	7dfacc0f,cadf0fbf,14156aa3,2f3ed128
b612c2b2	4497a02c,f1551f13
b6130126	4497a02c,53536c60
0b619db3	52ce7370
0b621e0c	39694c69
b62620ae	52ce7370
b62995c5	52ce7370
b62baa9f	4497a02c,9c0300b1
b62df2be	d3f5c39b,ee68f21c,430bc704,2ab47653,7c6f1b29,368d2b37,31638eda,0b6a5442,6c9fc46f,b3012819,eb7d4185,a06c9227,ad4d6215,64eba5ad,6c67fca6,d8749bbe,4261f741,55e21b73,fc958e6a,85bf0a7b,75b7b481,9d5c6e92
b62eb58c	52ce7370
b630ba48	52ce7370
b631a363	c52ad410,31b57ce1
b6351d0f	695a3627
b63913f1	52ce7370
b63a606d	1e3bbce9,b83c1deb,8ce21c36,4edab717,f461f514,2094fee0
b63acc8b	52ce7370
b641fa04	39694c69
b6463b7f	639c7070,ef46bbd3,cb433269
b64ba995	9ed3134a,1a59e0e8
b64c2d00	39694c69,53536c60,ed4381f2,a43458d9,1c93d9d3,f5216bcf,c602a40d
b64ebaee	52ce7370
b652c853	731a651b,599fdb80,433d6de6,1d4709ea,6875aa3d
b655366b	52ce7370
b657edac	4497a02c,9c0300b1,ed4381f2,a43458d9
b659905a	36c92c50
0b65a766	4497a02c,9c0300b1,e3b0ce50
b6618a18	bcf6bc33
b66319b5	52ce7370
b664b65f	2c56f288,e3884fe6,51d33a98,e4f4f9b0
b66c0647	52ce7370
0b6701cf	4497a02c,9c0300b1
0b67122c	4497a02c,9c0300b1,bc2e8db3,d6106a92,d8dc9a53,c731a56c,0ac60a85,37548158,2cf20121
b671cdaf	0ae4f8d0,6347b4b4
b67210e9	39694c69,53536c60,ed4381f2,a43458d9,1c93d9d3
b6751700	569aeac3,0c6023ee,fd8c731e
0b6763b7	39694c69,7a57a332,e185476a,2a6fdcdb,e2173542,2c358584,479cfaca,e14ac07d,2cbb7fc7,0af046f5,f8c0d9f3,60562882
b679d0da	a4f1a6c6,358e4e85,6ba51265,424a544a
b67bf9c0	52ce7370
b67cd8e0	b43ddb43,f41b94df,0d718cb9,2ada13fe
b67ee163	39694c69,53536c60,ed4381f2,a43458d9,1c93d9d3,f5216bcf,c602a40d,ae8834fb,91fa17ab,111e88f1,89f6f8a5,4ebd1bb2,4b8a0cef,d89abf3a,7c564be4,fcf1f8c5,472143bf,81d269f1,445ee13f,4bfb77d1,604cb8a8,4d525275,1b332a89,10fded56,f2564478,2fd57652,8aab7e64,65bd861b,e51224df,0b3b3b39,66359d4f,f6b0f1c0,708fd580,034d5002,09237912,50a41601,76cbe174,fc9e0f04,93be621a,5d5733ad,cd9c73df,94b05d44,9762d059,405d4257,950270d7,702e331c,70823eaa,daf56fb3,060f8f36,bb1a29f4,56638432,2b438d00
b67f0a86	4497a02c,53536c60
b684a147	b8d3ec3d,f5ff1be2,efe3034b,137cbeb3
b68ccaeb	ef10b158
b68d0fa7	39694c69,c4900cb3,38e07240,4b48dd18,0a9f0343,b2245af7
b691432a	993fec2f,1fcea4c1,440f70bc,73d35398
b694f77f	6d5d1e1a,57d7e3c7
b699fb16	39694c69,53536c60,ed4381f2,a43458d9,1c93d9d3,f5216bcf,c602a40d,ae8834fb,91fa17ab,111e88f1,89f6f8a5,4ebd1bb2
b69ab9ea	52ce7370
b69c27fc	52ce7370
b69c29a7	39694c69,57d7e3c7
b69cec7a	52ce7370
b6a00968	156ef672
b6a0f929	39694c69,59b659e4,82117bd5,ab278105
b6b35aac	9deb246d
b6b6a5c9	52ce7370
00b6ba89	39694c69,1e31872e
b6c04fc5	4497a02c,9c0300b1,ed4381f2
b6c16845	39694c69,f563c25d,fec65b3a,bacca7ed,661f49bd
b6ce55d9	07967bc2
b6d3224b	39694c69,3aadce7c
b6d56436	39694c69,53536c60,ed4381f2,a43458d9,1c93d9d3,f5216bcf,c602a40d,ae8834fb,91fa17ab,111e88f1,89f6f8a5,4ebd1bb2
b6d5d0cd	39694c69
b6e63aa1	19df91a3,79bc1aa1,cb7b7504,d454474a,689b5772,c53f71f9,30c7c4c6,58348094,f246c6bf,6fe5b31e,fdb53509
b6e76e74	52ce7370
b6eac50d	9ef4386d,0ddc7eae,062afca0
b6ebebfc	39694c69,53536c60,ed4381f2,a43458d9,1c93d9d3,f5216bcf,c602a40d,ae8834fb,91fa17ab,111e88f1,89f6f8a5,4ebd1bb2,4b8a0cef,d89abf3a,7c564be4,fcf1f8c5,472143bf,81d269f1,445ee13f,4bfb77d1,604cb8a8,4d525275,1b332a89,10fded56,f2564478,2fd57652,8aab7e64,65bd861b,e51224df,0b3b3b39,66359d4f,f6b0f1c0,708fd580,034d5002
b6ec2131	39694c69
b6f26d3a	4497a02c,9c0300b1
b6fbcaa9	c52ad410,66434de1,7ec32b27
b6ff4315	39694c69,50b5918d,163e6c0c
b7025b05	a4f1a6c6,358e4e85,6ba51265,424a544a
b7132455	52ce7370
b716e20c	4497a02c,9c0300b1
b71fd3c1	74ef00bd,9e47592c,164c4c5a
b7214952	763e6e99,998a4e6c,da73f0b3,3e2f6751
b72253ef	fbb3f8c4,b21fe34b
b7230921	4497a02c,53536c60
b725e99e	b8d3ec3d,f5ff1be2,efe3034b,0128fb17,a51d3bed
b727d783	52ce7370
b72aeb6a	94ed7583,2a16d9fb,0c8b057f,0da7d34b,d141418d,a46c12f4,d745b689,22879839,892f5bbd
b72b794a	52ce7370
b72c3000	19df91a3,79bc1aa1,b5a19389
b72c5249	4497a02c,9c0300b1,ed4381f2
b72cdacf	39694c69,af77c70d,ed4381f2,a43458d9,1c93d9d3,f5216bcf,e2dc42cb,ef4c1064,050a25d7,234a0a79,c3c175ca,4ebd1bb2,d454474a,689b5772,c53f71f9,6bdb00af,58348094,cb5d1222,d8ed647f
b72de0cc	bcf6bc33
b730cf37	a4f1a6c6,358e4e85,6ba51265,d1fdd5f4,ac66ef03
b7323ada	74077bc9,4ad50419,753b4ce4,2ea5f1fa
b7381b42	cbb0a0c9,2f7c6535,26d821e9,5d6e6635,0a6807ab,88605cbd,f91fb1c1,444d7cf2,5974cbb9,4c928458,080e59d5,c4e6a7a7,9ca71ab9,ff98e06a,daef038c,678c1a04,3cce1f40,7bb463e9,eb77e83c,25cf07dd,4ee4dec6,bd5a46fa,21ec7827,db1478c0,6a0eef8f,79fd6833,e71a034b,3b55e671,d170dd22,83faa670,59d9f271
b7406a6a	b8d3ec3d,f5ff1be2,efe3034b
b747de40	52ce7370
b74958c0	c52ad410,57d7e3c7
b7498154	4497a02c,53536c60
b74ab244	216df993
b75058b5	52ce7370
0b759307	f5a818bb
b75c9dd7	52ce7370
b764d21e	bcf6bc33
b76b6d56	52ce7370
b76d6acb	52ce7370
0b77051a	52ce7370
b77202a8	52ce7370
b77701b0	95f37768,aa2ab867,054f8e29,a43458d9,1c93d9d3
b7787a2c	0dd10c61,c52ad410
b77ae799	4497a02c,9c0300b1,df84f087,ac90f301,07866d7c
b77d098a	c52ad410,16f4d5fe,9575a5db,dde0d58f,5805171e,eb5c6c11,12dee378
b77f2a71	52ce7370
b7822e75	4497a02c,9c0300b1
b7835c9f	52ce7370
b78be54f	4497a02c,9c0300b1,dcb5e879
b78e0ac0	39694c69
b78fdab3	b8d3ec3d,f5ff1be2,efe3034b
b794cfb8	52ce7370
b79938ef	e0f2956b
b79f22bf	52ce7370
b7a255ef	4ada7ae8,d49be317,2adab90d,e37853e5,e57f6e75,15e52bae
b7a6ec89	4497a02c,9c0300b1,ccd8b08c
b7b28832	52ce7370
b7b676b3	52ce7370
b7bccad4	d17a546a,d3ac00c0
0b7bf830	bcf6bc33
b7c4b027	59ee998c
b7c9f39b	39694c69
b7ca14a9	52ce7370
b7cee3bc	b7869525,df3f0da1,d57db5b6
b7d1bd63	39694c69,af119068,c09e369c,c43fa777,e7b2a4ce,09e2a1de
b7d30663	52ce7370
b7dbe7d8	a4f1a6c6,358e4e85,6ba51265
b7dc4cb8	bedd91a7,6d1d43cc,4efa80dd
b7df0261	965b8f37,8f57e44d,9305aea7,0dd10c61
b7e2ab38	52ce7370
b7e3be67	39694c69
b7e6b922	1837768a,95971e2c,b313a06b
b7ed374e	52ce7370
b7f817d8	1e3bbce9,b83c1deb,8ce21c36
b7ff2afc	b8d3ec3d,f5ff1be2,efe3034b,d7bace0f
b8026afd	a4f1a6c6,358e4e85,424a544a
b802a2f6	b8d3ec3d,f5ff1be2,efe3034b
b8058a88	94393069,861ab707
b80b861b	52ce7370
b80c0ec7	f59e6083,806806e0
b80d2a1d	4497a02c,53536c60
b812e282	39694c69,53536c60
b813a8c9	9a9d5b6e,b8f6dc09
b813aed9	52ce7370
b8159351	f78b93d2,865457a0,b3612de6,6d204715,97b80700
b81917f1	bcf6bc33,fc5542a4,cc9d7b39,3a85f63b,4b8ab7f2,31f16b57,3960f9ef,e8f5cec0
0b81a2e0	52ce7370
b81b00e9	52ce7370
b81b2fca	52ce7370
b81d51aa	4497a02c,f1551f13
00b82298	b8d3ec3d,f5ff1be2,efe3034b
b826737e	52ce7370
b82c1929	e0d64098,fe672966
b82dc369	2858a87a,81868e77,f3461f86,bba3b558,68130b6a,998a4e6c,f0dbc030,f18b4762,0b8a593e,9bb8331c,aee3cd08,ec913cf6,1f08f26b,fb07382b,5f3d5dc1,84ef8e32,578cde7f,73767cc9,33d8aeea,3ae9adef,7390bc4b,633fa775,55540298,0822eafa,2ac108f1
b8305515	341d8e4a
b831a803	52ce7370
b8370b43	7cd2cd94,376dd752
b838ea68	39694c69,57d7e3c7
b839d5cc	f3e2c004,776d1ecd
b83cfc29	b8d3ec3d,f5ff1be2,efe3034b
b8427e09	ab420ed6,dcc919db,07967bc2,523c8ecb,2b36b77e,f9770112,9ab828b5
b847eeba	4497a02c,9c0300b1
b85542f2	94393069
b856e9e2	d873da21,0e2b4cd4
b85aaeb7	52ce7370
b85d843a	52ce7370
b8627940	4497a02c,9c0300b1,73387570,3bc8352f,7806871a,c765112b
b8628271	639c7070,ef46bbd3,cb433269,80258edd,c943bcdd,74d3501b,07c14aed,7f6c8a87
b869035a	52ce7370
b8698629	b8d3ec3d,f5ff1be2,efe3034b
b86c602a	52ce7370
b86dc07c	4497a02c,9c0300b1,10422649
b8703d18	52ce7370
b8727101	52ce7370
b8753fdf	b8d3ec3d,f5ff1be2,efe3034b,fc85098b
b876c280	26bc04c0,30bae005,8d909566
b877736f	4497a02c,9c0300b1,6d5d1e1a
00b87bdb	39694c69,53536c60,ed4381f2,a43458d9,1c93d9d3,f5216bcf,c602a40d,ae8834fb,91fa17ab,111e88f1,89f6f8a5,4ebd1bb2,4b8a0cef,d89abf3a,7c564be4,fcf1f8c5,472143bf,81d269f1,445ee13f,4bfb77d1,604cb8a8
b87d85d7	52ce7370
b8802ec0	c59e9bc4,20200b5d,5c01bb87
b884327b	52ce7370
b8854a95	7a464285,7da1c31a,5c9cd185,993fec2f,03e520c5,b5c98397
b890810d	a4f1a6c6,358e4e85,6ba51265,424a544a
b892e4c5	39694c69
b893ca79	52ce7370
b89fef3a	a4f1a6c6,358e4e85,6ba51265,424a544a
b8a39dad	52ce7370
b8a84567	39694c69,3324c1e6,ba93dff3,f42fc538
b8a897cd	39694c69
b8abe44b	52ce7370
b8ad15d7	39694c69,1046c0ba
b8ae9679	cb6eb787,da31921d
b8b042aa	4497a02c,9c0300b1,ed4381f2
b8b6751b	c9685eda,20b5d228,915b86ea
b8bc3e4d	39694c69,1e31872e,73b00cf1,e7c24c07,ed4b726d
b8bcaf22	c52ad410,8b50786c,468f58e7,640f27b0,f079c742,7452b382,aebf716e,4282c471
b8be4dbd	52ce7370
b8c120b0	52ce7370
b8c38f83	52ce7370
b8c52493	39694c69
b8c59f89	e15fb3a5,65594750,458e01bf,fc48a5e2
b8c70ad4	52ce7370
b8ca2479	a4f1a6c6,358e4e85,6ba51265,424a544a
b8caabf8	39694c69
b8cbf46a	1106b04c
b8ce6230	39694c69,53536c60,ed4381f2
b8cebcee	bcf6bc33
b8d0307f	39694c69,f93b7ad5,96b5162f,7f880865,27cca8c2,8df62134,572fc984,af403d4d,dddbd028,4b971e6b
b8d2b5bc	39694c69,9aae82c8,ed721300,9e8abd8c
b8d36b11	39694c69,53536c60,ed4381f2,a43458d9,1c93d9d3
0b8d4136	156ef672
b8de1ebd	39694c69,a6631afe,eb219301,93f67dfe
b8e792ce	edf22129,8ca8838c,593c140e,67a77490,07315500,d53bf7c4
b8eea964	39694c69
b8eeb04c	f62ed537,60ee8cd9
b8fb1fdc	a4f1a6c6,358e4e85,6ba51265,424a544a
b8fe551d	0b7d3532,ae012106
b903e888	95f37768
b9042d1c	54dbcc01,688fbadb
b90a2988	c52ad410,57d7e3c7
b91287b8	4497a02c,9c0300b1
b919c27f	6c3f336f,57f230b0
b91d9995	1487fca1,40e50d9d,a1b42c73,86f7f324
b91eac47	39694c69,f2056732,33a73fef,dc75495b,35bd261d,7d838502,f5520d2f,4688c8ec,f3bd17b0,8c1749bf,51250bdf,efca50b3,806dfbb3,a0151d6d,9e38f2af
0b91fbf8	c3f895ef,6cb418b5
b9220dbe	4497a02c,9c0300b1,74077bc9
b92a933d	39694c69,f93b7ad5,96b5162f,7f880865,27cca8c2,8df62134,572fc984,af403d4d,dddbd028,4b971e6b
b92e7e5a	00723468,8f44b6d7
b92e9523	4497a02c,9c0300b1,8b042a4c,dec30233,fb6e7c92,8011c8ac,5c9cd185,993fec2f,7da1c31a
b92ef41f	a4f1a6c6,358e4e85,6ba51265,424a544a
b9339ade	4497a02c,9c0300b1,dcc919db,0df636ed
b933a862	a5b14f0b,b4b437a7
b93d3c7f	a4f1a6c6,358e4e85,6ba51265
b9445823	39694c69,b2457bea
b945840c	39694c69,b2492e29,017f2a6a,75eb997b,ed329068,707283a1,42c769f6,3ff8fd0e,f5638694
b945ce68	39694c69
b947cf5b	4497a02c,9c0300b1,6d2c033c
0b9492c1	39694c69
b9504b12	12400f2b,88c99c08
b9522fce	52ce7370
b95a0326	39694c69,f93b7ad5,96b5162f,7f880865,27cca8c2,8df62134,572fc984,af403d4d,dddbd028,4b971e6b
b95a15ae	a4f1a6c6,358e4e85,6ba51265,424a544a
0b95bacd	39694c69
0b9614c4	745835ba,9e31c1bd
b961b79d	a4f1a6c6,358e4e85,6ba51265,424a544a
b963af11	156ef672
b965d6ad	42d08275,0100c224,a2f51c0b
b9673200	4497a02c,9c0300b1,9f90b58d,77c639b7,c015fc4b
b9693f65	237d07e3,4cc152d4,eacc2cd4,27769f96,e2222257
b96cef7a	94393069,861ab707
b96d6987	bcf6bc33
b973886c	69060df5,bb59980f,d9e54e07
b975ba06	dd691ec7,937cfaef,405833e9,78ddf551,cd1b8557,923857e0
b976cad2	52ce7370
b97c17b8	39694c69
b97e29ed	abd8641b,1e1dfe49,c9baa9c7
b98b6ecf	39694c69,53536c60,ed4381f2,a43458d9,1c93d9d3,f5216bcf,c602a40d,ae8834fb,91fa17ab,111e88f1,89f6f8a5,4ebd1bb2,4b8a0cef,d89abf3a,7c564be4,fcf1f8c5,472143bf,81d269f1,445ee13f,4bfb77d1,604cb8a8,4d525275,1b332a89,10fded56
b98e45b8	2da5c2d2,fc958e6a,cde5b81d,0e27f90f,4a760a61,d560b3d7,b3a71456,77c61f2c,bc983c99
b98ff66a	7eefa621
b9999e89	39694c69
b99e4061	a8aceca4,41a3979a,a4ea4db4
b9a2ff60	52ce7370
b9a60816	ede44e83,e52c962a,64822f97,3d989eb7,1e1dc670,e2cd7878,3a7ed491,fbae5936
b9adea1b	a4f1a6c6,358e4e85,6ba51265,424a544a
b9b0854e	a4f1a6c6,358e4e85,6ba51265,424a544a
b9b44371	31de3904,dabba6ad,494476c6
b9bd7614	32508d87,e0d64098
b9c8c161	52ce7370
b9cbbf89	39694c69,adb1e32d
b9d3a5eb	52ce7370
b9d8f152	52ce7370
b9e1e4fa	52ce7370
b9e243be	fe3bc2b9,8a8d4638,0cf559bc
00b9e3e3	52ce7370
b9e73255	4497a02c,53536c60
b9ea9163	b8d3ec3d,f5ff1be2,efe3034b
b9ee2a64	9a9d5b6e,de9ad6e8,5d886d04,9c9c9288,d205ba23,db64377a,f4ec5a91,acdb071d,4cdb64ef,1d62d28d,273c925e
b9f1d48d	39694c69,f81a714a,ee9ee5aa
b9f21ae8	397f16be,87c91ece,688fbadb
b9f42141	9e31c1bd
b9f80e62	05004c9a,4a2bf5a7
b9fd69ad	c52ad410
b9fda113	4497a02c,9c0300b1
b9ff1c54	4497a02c,9c0300b1
ba028f33	39694c69
ba0ab035	9a9d5b6e
ba0c23d0	61521533
ba143f34	4497a02c,9c0300b1,ed4381f2,a43458d9
ba1832c5	4497a02c,9c0300b1,1487fca1,72732e10,4e4d2e8b,47d3312d,1d0cc35b,975d58b2,03b824ac
ba1a8379	52ce7370
ba1bcfbc	e52c962a,66a3b1a1,c52ad410
ba2041b7	52ce7370
ba24f0c7	b8d3ec3d,f5ff1be2,efe3034b,0c0c49b8
ba28a8d8	52ce7370
ba28fd3a	52ce7370
ba2aacd1	4497a02c,9c0300b1
ba2e9a25	c52ad410,dae2ab06,9176e71d,129eae84,14620e40,43236637,ffff2c87,60f6a10c,2effab05,fdd77d92,1b0cd45a,b6b09761,b4eb0074,1c069283,cd922c33,7aef9301,b777df86,e3ead610,8b4a5ad3,a09de55b,40453b87,30015ecc,bcbd8c9f,78d9a1dc,9841d2df,c2ca7ad0
ba2faef0	222f3cd6
ba328ec9	52ce7370
ba34a2c6	5591ae49
ba360bdf	1126d489,991c372d,bc16780d,b099b0e5,f57bc6df
ba3a3c78	c52ad410,55193bb1,2707a7f4
ba435bd4	52ce7370
ba4a3621	a4f1a6c6,358e4e85,6ba51265,424a544a
ba4b51f0	b8d3ec3d,f5ff1be2,efe3034b,e078e9dc
ba4b8533	bcf6bc33
ba4b9633	a4f1a6c6,358e4e85,6ba51265,424a544a
ba4da32b	08161860,186a2bda,7ac94e58,a5895d57,0228a1eb,1b59bf1b
ba534e65	94393069
ba54dc20	39694c69,560f9e51,a8ca19a2,bcd1e014,1eb10d85
0ba57d90	a9059ee2
ba5cd4fe	9deb246d,a6b45cba,a869eb13,6d5d1e1a
ba5d00b3	39694c69,f9843f26,f503b1d4,1ef07dff
ba655502	a4f1a6c6,358e4e85,6ba51265
0ba65940	19df91a3,79bc1aa1,cb7b7504,d454474a,689b5772,c53f71f9,30c7c4c6,58348094,46fe9956,1af72fd6
ba684770	4497a02c,9c0300b1
ba6967fa	52ce7370
ba697349	52ce7370
ba6c0448	4497a02c,9c0300b1,ed4381f2,a43458d9
ba6d8509	52ce7370
ba70b8c1	569aeac3,0c6023ee,fd8c731e
ba795fbb	12a5547d,6baaa8d2
ba7d55db	a93ac93f
ba823e7d	52ce7370
ba88ae01	52ce7370
ba8933ce	c52ad410,b1ab5f9d,c015d7c9,5b32ebc2,7ba874f9,22cff383,11bf1f66,340877ee,d6457c36,9334d6cc
ba8a22a8	a4f1a6c6,358e4e85,6ba51265,424a544a
ba8b7757	54dbcc01,688fbadb
ba8da8af	39694c69,f5da3884
ba8e9c81	bedd91a7,6d1d43cc
ba912124	61477743,6ca6a505,fc24350f
ba92b341	2113ce38,0d75535b,37313dad,212e835f,4269bb4a,efa938d5
ba938d2e	39694c69
ba968bdc	52ce7370
baa03d92	52ce7370
0baa7210	39694c69,66e14441
baab80aa	bcf6bc33
baab9c82	4497a02c,9c0300b1,0dd10c61,84c6f594,e4895a36,31d76a4a
bab33c3f	060fa272,f4b7d996,0fef3c52,6626d505,d912005b,be26e42f,a4844210
bab4b745	3296fc12,5e580707,d4e0dd4d,92202a7e,688c3481,03fcd3a3,20180ec0,f324055d
bab6073d	4497a02c,9c0300b1,b43ddb43,167b6826
bab614a9	52ce7370
babeb925	861ab707
bac7a443	4497a02c,f1551f13
bac8c671	a4f1a6c6,358e4e85,6ba51265,424a544a
bacc145b	4497a02c
bace3b87	52ce7370
bad114e4	6633fecc,96d771a4
bad40bcd	39694c69
badac941	ddd9224d
badafa14	3aaf8fb7
bae037fa	52ce7370
bae04b51	95f30b3f,93597b38,4f2a6f11,60d86eac,22cfad49,f581d18b
baec6cae	5fc0aae4,b02aa637,4209fff0,3c17b22c,206d6590,5192afec
baf3b302	4497a02c,f1551f13
baf3e448	1297e0ac,4166ac6d
baf6a581	52ce7370
0bafc84e	52ce7370
0bb00e46	bedd91a7,6d1d43cc
bb0142c2	4497a02c,9c0300b1,7fae5f6b,e60eda18
bb052c8a	ef10b158,97f53f3a
bb0890b7	39694c69
bb0b0afb	b8d3ec3d,f5ff1be2,efe3034b,85685b56,0ba66411
bb0e5d6d	39694c69,af77c70d,ed4381f2,a43458d9,1c93d9d3,f5216bcf,e2dc42cb,ef4c1064,050a25d7,234a0a79,c3c175ca,4ebd1bb2,d454474a,689b5772,c53f71f9,6bdb00af,58348094,c1f5412b
bb121697	4497a02c,9c0300b1,1812dfc6
bb1371d0	04eb7403,cd44677a,bdb4e003,ea2c366d
bb16bb1c	c8dc3446,10d72ae0,a97f322f,b29a698f,594166c8,b966b8cb,4362dc00,b8158c81,6b363b7a,0af21ed5,fff81c8f,f8cf135e,927245d2,9bf2ddcb,78365de6,3ad9ec69,0b1b3975,c0232b24,8e514f4e,29fe913b,15675599,496c1411,0a29d88c,4c36c347,be7ee904,8b5161b0,00d63b1e,fdbefd19,0081f603,91d6b5bb,b3749ee2,cf5cbe2b,551c1c57,a20c4172,ce5dc781,5a86dfeb,6fda3f4c,d8cf82b8,5f18fd65,fa1c5437,a1b9d28c,9f212ccf,430bc704,b64a03a5,752732bd,b1caa993,f5bd26e2,02eb1372,8a08057d,e280fada,811898ac
bb1918ac	255b61ca
bb1973b1	52ce7370
bb1abbea	39694c69
bb1b0443	de9ad6e8,be99cbad,a2bad1a7,386a52c6,2a14c525,adc0a621,a4c66c21,2723b703,6e41d97c,27b7466e
bb21d6a0	de9ad6e8,7aaa58b2,3ab83621,bef418b5,6e9a3367,76de3380,3e694fea,69f2efe0,c49b5062,0ce79f9f,be9f3db6,a1c3f26c,0a29f572,2735b946,271fbc7e,4857aa54,d34f8353,3f729e9a,f945267d,9fa0ee8f,fda1f1ab,a0071448,0ee77c08,8183ef85,36f0f12e,907065b6,da554126,93b64620,fd19c348,f5bd26e2,eadee9e3,877d6611,a5dfad6d,291e6e48,7cb737ca,e39b8e93,89085cbf,91a00d5e,02eb1372,d8c793db
bb23acb0	52ce7370
bb28ff2e	39694c69,53536c60,ed4381f2,a43458d9,1c93d9d3,f5216bcf,c602a40d,ae8834fb,91fa17ab,111e88f1,89f6f8a5,4ebd1bb2,4b8a0cef,d89abf3a,7c564be4,fcf1f8c5,472143bf,81d269f1,445ee13f,4bfb77d1,604cb8a8,4d525275,1b332a89,10fded56,f2564478,2fd57652,8aab7e64,65bd861b,e51224df,0b3b3b39,66359d4f,f6b0f1c0,708fd580,034d5002,09237912,50a41601,76cbe174,fc9e0f04,93be621a,5d5733ad,cd9c73df,94b05d44,9762d059,405d4257,950270d7,702e331c,70823eaa,daf56fb3,060f8f36,bb1a29f4,56638432,2b438d00,2bd5f7fe,95ee8dfe,d02acf3d,4b14a013,52d6f1b8,b4c59a3a,9c2397c2,6049d326,0aee9e47,5917cecc,6ee3cd6f,a3f29c27,a19c769f,e1759237,26d875d0,a6f8571a,537df9d7,c200c181,3c1b2601,184e2362,b58c4b95,906164f9,b6394a5d,364ef38a,bfbc3131,9a3d6880,2df3b4fa,acb06c15,9068b149,8f7cac60,b56d9714,862f6f6f,3c733797,8a7aa776,93df5feb,98adf974,6449cdda,d7ccd848,5c662a54,726c2c55,3d034923,4f2692d2,26f469a5,76309fab,81acff2d,dfdfb862,e4a0a063,b94bf80f,b3d640f1,923fff04,5a13cec6
bb2bf104	a4f1a6c6,358e4e85,6ba51265,424a544a
bb357a3a	ca473d07
bb3584e1	6f91da86,b340e040,22c31740,a79c06f8,707552a9
bb3b8d8f	c311c08f,7bd94c17
bb3e51e8	52ce7370
bb3f4b39	b8d3ec3d,f5ff1be2,efe3034b,de118265,87c91ece,c58f8c02,7d9c61ba
bb3fbfaa	5fc0aae4,25fa584d,1b23c80c,311c5b85,33bd10cd,ae45039c
bb450780	b8d3ec3d,f5ff1be2,efe3034b
0bb453e9	52ce7370
bb454ca1	94393069,861ab707
bb471161	39694c69,53536c60,ed4381f2,a43458d9,1c93d9d3,f5216bcf,c602a40d,ae8834fb,91fa17ab,111e88f1,89f6f8a5,4ebd1bb2,4b8a0cef,d89abf3a,7c564be4,fcf1f8c5,472143bf,81d269f1,445ee13f,4bfb77d1,604cb8a8,4d525275,1b332a89,10fded56,f2564478,2fd57652,8aab7e64,65bd861b,e51224df,0b3b3b39,66359d4f,f6b0f1c0,708fd580,034d5002,09237912,50a41601,76cbe174,fc9e0f04,93be621a,5d5733ad,cd9c73df,94b05d44,9762d059,405d4257,950270d7,702e331c,70823eaa,daf56fb3,060f8f36,bb1a29f4,56638432,2b438d00,2bd5f7fe,95ee8dfe,d02acf3d,4b14a013,52d6f1b8,b4c59a3a,9c2397c2,6049d326,0aee9e47,5917cecc,6ee3cd6f,a3f29c27,a19c769f
bb476c35	ba644e2a,dba99a7e,e8ca1dc7,4e9a4327,8ffc6982,d6d6a63f,52b3edee,95bbbf7e,fc958e6a,f5a98fc4,df8cb10f,cf091af2,b6372dcd,baf799f0,14febce6,7971b3d9,5f8ab1a6
bb4a0874	52ce7370
0bb4b9fa	c311c08f,68ce23a0
bb4bb4d9	4497a02c,9c0300b1
bb4d6c4e	695a3627
bb530588	39694c69,53536c60,ed4381f2,a43458d9,1c93d9d3,f5216bcf,c602a40d,ae8834fb,91fa17ab,111e88f1,89f6f8a5,4ebd1bb2,4b8a0cef,d89abf3a,7c564be4,fcf1f8c5,472143bf,81d269f1,445ee13f,4bfb77d1,604cb8a8,4d525275,1b332a89,10fded56,f2564478,2fd57652,8aab7e64,65bd861b,e51224df,0b3b3b39,66359d4f,f6b0f1c0,708fd580,034d5002,09237912,50a41601,76cbe174,fc9e0f04,93be621a,5d5733ad,cd9c73df,94b05d44,9762d059,405d4257,950270d7,702e331c,70823eaa,daf56fb3,060f8f36,bb1a29f4,56638432,2b438d00,2bd5f7fe,95ee8dfe,5b0bc179,f354eef1,074ed91f,40fbc6be,f76f89e3,00b1c6c0,052d9261,7a494607,80642cbb,169d1883,130d7b42,c79df429,bc26d6eb,39e66b9d,2fb58e22,fd20af2a
bb549969	ffe64c71,a0981c7c
bb56171f	39694c69,53536c60
bb58b9e3	52ce7370
bb5ea87f	e290f8a4,3baa8c2b,51da2498,41e43190
bb5eeb93	52ce7370
bb647d1d	bcc6f02f
bb6b7d31	aafa273f
bb6ef4d5	39694c69
0bb703a8	52ce7370
bb742c97	52ce7370
bb76dc7f	b8d3ec3d,f5ff1be2,efe3034b,921c9fe9,dee65538
bb7b8343	dee65538
bb7c7870	137cbeb3,cb6eb787,56181287,4ec4390e,1812dfc6,8b1a8909
bb7c8a96	4eacf831,26b7c9b3,c4248c2d,278b9876,9fc9d113
bb7e7552	39694c69,f93b7ad5,96b5162f,7f880865,27cca8c2,8df62134,572fc984,af403d4d,dddbd028,4b971e6b
bb7ee9fe	086b1769
bb80434c	52ce7370
bb89522d	52ce7370
bb8c0401	52ce7370
bb8c65a8	e0fdb83a
bb900791	52ce7370
bb90cee0	52ce7370
bb92cb8d	39694c69
bb944398	f18c4ed4,5a266708,dd95ebc9,712ce7cd,79d66a8f,c50b8034
bb95febc	e52c962a,bca87c48,d6888945,34c721cc,4907b64f,24da8523,d9924763
bb965545	e0fdb83a
bb96cc69	4497a02c,9c0300b1,32189fe2,975671a9
bb979053	4497a02c,9c0300b1,ee27d474,d0acc8b9
bb9c84a2	9d1db3f1,dbf29635,b47fcfc9,eb5af877
bb9d7f39	4497a02c,f1551f13
bb9e4ca6	4497a02c,9c0300b1
bb9f1f0e	a8aceca4,63a587b4,63c3a9c2,d7f4e8da,0db969b6
bba39a9d	4497a02c,f1551f13
bba4be70	39694c69
bba7c88a	39694c69,53536c60,ed4381f2,a43458d9,1c93d9d3,f5216bcf,c602a40d,ae8834fb,91fa17ab,111e88f1,89f6f8a5,4ebd1bb2,4b8a0cef,d89abf3a,7c564be4,fcf1f8c5,472143bf,81d269f1,445ee13f,4bfb77d1,604cb8a8,4d525275,1b332a89,10fded56,f2564478,2fd57652,8aab7e64,65bd861b,e51224df,0b3b3b39,66359d4f,f6b0f1c0,708fd580,034d5002,09237912,50a41601,76cbe174,fc9e0f04,93be621a,5d5733ad,cd9c73df
bba7fccf	4497a02c,9c0300b1,ed4381f2,a43458d9
bbaab63d	94393069,861ab707
bbb1cb10	52ce7370
0bbb87db	52ce7370
bbbc9870	137cbeb3
bbbf519e	ae4dd84f,82e3ce82
bbc53e16	4497a02c,9c0300b1
bbcc5ffd	4497a02c,9c0300b1,ed4381f2,4d5a9603,dc741b1a,479d942e,67aa5f16,ac00bd22
0bbd1a3d	4497a02c,9c0300b1,6d2c033c,c50b38cf,cd64af58,5b994493
bbd700ff	b8d3ec3d,f5ff1be2,efe3034b
bbdd4746	ef10b158,477c3af6
bbe15aed	52ce7370
bbe20963	52ce7370
bbe638c3	7d20474a,837dda49,bde3a24c,59c692ea,43a8554b,9d2a8a31
bbed3545	b8d3ec3d,f5ff1be2,efe3034b,de118265
bbf01160	efa938d5
bbf3f478	52ce7370
bbf910d3	ef10b158,1e3e50e1
bbfa1c0d	52ce7370
bbfaf813	b8d3ec3d,f5ff1be2,efe3034b,012dbe79
0bc00d7f	a4f1a6c6,358e4e85,6ba51265,424a544a
bc0137fe	52ce7370
bc0579ce	52ce7370
bc08c54a	39694c69
bc0d338d	39694c69
bc0dbd04	52ce7370
bc0efe33	b8d3ec3d,f5ff1be2,efe3034b
bc1015fc	52ce7370
bc1458b9	39694c69,030fb596
bc15bbbc	7d20474a,837dda49
bc1c83fd	52ce7370
bc20d41c	5db7b8ed,a18088c3,d5c29bd3,fe977b70,8fff7fbb
bc2ddb11	15d1718e,742c3ec9,012dbe79
0bc2f195	bedd91a7,6d1d43cc
bc2f6b0b	39694c69,1b021a02,373a88ce
bc318012	39694c69
bc393bc8	f447fe90
bc3ae744	4497a02c,9c0300b1,4b971e6b
bc3b4a66	52ce7370
bc42ccf2	156ef672
bc43f816	bcf6bc33
bc4b4d8e	52ce7370
bc4ea770	52ce7370
bc531279	a4f1a6c6,358e4e85,6ba51265,424a544a
bc5cad76	39694c69,ce9086e5,ed4381f2
bc5f00ed	52ce7370
bc5f4be7	00f50cb9,61d43957,241888b5
bc60b294	94393069,861ab707
bc64ac67	ef10b158,875dd7e9,24b1ea7f,d7bfcbd4
bc650bfb	39694c69,53536c60
bc66eda5	088b2bce
bc674d89	54dbcc01
bc6f06ac	0eb6c91a,3d674b81,59242a3d,c19fa37a,16fc9dee,6394b053,1b90b4b1,c079a67f,98191445,d4138b08,8ece809e
bc714449	4497a02c,53536c60
bc722208	52a1d49f,64d9ddb5,6e34d801,b6426579,c5e37aaa,1d99bd36,9a775135,0244583e
bc7240c1	c52ad410,efa7f489,b6f3e815
bc7618ef	52ce7370
bc772493	32508d87
bc78e131	52ce7370
bc80a66f	4497a02c,9c0300b1,88bc7241
bc87ddf0	e862abf1,ac00bd22
bc9198c3	b8d3ec3d,f5ff1be2,efe3034b,43f17333,e090d67d
bc92cd77	39694c69
0000bc93	dee65538,e17b3844,93c08124,ef3b122c,51e183d5,71059794,65d1b908,e93d55bb,07f41f87,b6b6098a,c26d64ef,2896e1e3,a41da844,782ddbdb,2a73b756,c1ea7fae,8746be5f,bb34156a,efea2a50,27678575,92281fb8,46cc4846,ffc71232
bc95f304	80f22b0b,ddf5fbe6,5e105476,e885df1b,c8dc3446,a81371c5,f15813f7
bc9ad1bd	52ce7370
bc9d02b1	39694c69
bc9e021e	52ce7370
bc9f7449	52ce7370
bca02910	32508d87
bca05021	924f8da3
bca44a58	cbb0a0c9,2f7c6535,26d821e9,5d6e6635,0a6807ab,88605cbd,f91fb1c1,444d7cf2,5974cbb9,4c928458,080e59d5,c4e6a7a7,9ca71ab9,ff98e06a,daef038c,678c1a04,3cce1f40,7bb463e9,eb77e83c,25cf07dd,4ee4dec6,bd5a46fa,21ec7827,db1478c0,6a0eef8f,79fd6833,e71a034b,3b55e671,d170dd22,83faa670,59d9f271
bca4b06c	39694c69
bca57f67	52ce7370
bca8128e	4497a02c,9c0300b1,a8aceca4
bcabd3d0	a4f1a6c6,358e4e85,6ba51265,424a544a
bcac3ac0	116a4a73,dfb9a7ae
bcb3872a	bcf6bc33
bcb681f4	73175345,8d466290
bcb825af	1b5a30c0,695a3627
bcb89b3c	94393069,861ab707
bcb8fc31	1e3bbce9,b83c1deb,8ce21c36,6eeddb18,e4546c5c
bcbacb57	0e2b4cd4
bcbb5da0	52ce7370
bcbb84b6	39694c69,53536c60,ed4381f2,a43458d9
bcbe88b7	135456f8,8298bd73,26aecdf3,1abfb05d,c11c1624
bcc29403	4497a02c,f1551f13
bcc2cb23	321325f3
bcc34116	39694c69
bcc3c467	bcf6bc33
bcc8a611	41d37ca4,28a7ef29,dcac9616,98229d8d
bccad0c2	5fd2a1b3
bccbe253	52ce7370
bcd2373d	617783c3,51764901
bcd35d5d	b8d3ec3d,f5ff1be2,efe3034b,a55d61ef,8ee70a88
bcd4a80e	39694c69,aed33185
bcd704fd	4497a02c,51d4b5c2,6de28597,19e12e14,3f0ec06f
bcdcc440	4497a02c,53536c60
bce0576a	4497a02c,9c0300b1,74077bc9
bce48e36	c52ad410,fb629045,69dfb8ce,9bdeb816,46747927,bb1385a4,f28dae3e,bd0ae48d,622e64d2,fa780c10,9d52a066,096e3c87,96060714,20a21f36,736dc35d,b24a475a,8acda39c,e7209a65,673faebb,732baa56,1a2c86d0,f5d3bc9d,2081284d
0bce68ce	52ce7370
bce740b3	b8d3ec3d,f5ff1be2,efe3034b,fa4a018c,6a243c86,69fec6a2
bce7c8b2	52ce7370
bceea20a	52ce7370
bceedd26	4497a02c,9c0300b1
bcef7473	a4f1a6c6,358e4e85,6ba51265
0bcfa1af	52ce7370
bcfd1e67	b8d3ec3d,f5ff1be2,efe3034b
bcff8368	74077bc9,1487fca1,b664d91b,d3305482
0bcff95f	aa1fc94e,81f2ae3a,805a254f,2029b43c,b674a14c,315780c7,e0f4289d,c9c5d3af
bd00d1de	39694c69,53536c60,ed4381f2
bd014e3a	54dbcc01
bd01849b	79fa8d00,1ad76ed6
bd01e14e	94393069,861ab707
bd022831	1ae658c4
bd04e0d5	ef10b158,96db6d08,34362d0e,28283ecd,66a613cd
bd06a100	39694c69,53536c60,ed4381f2,a43458d9
bd0b9fcb	52ce7370
bd160753	39694c69,783c887b,e8758947,a55cc895,481560dc,eee2d431,518cb378,85468d3e,ae2ee45e,c51e9b20,5ff51ca1,bcd4f0a3,b2629805,02ba1ddb,66dd9d02,d57bda9a
bd1bf3b5	39694c69,39745163,e8c6bd1a,46933fcb
bd1fb16c	84fe1b1e,1934ff14,08402227
bd2023a4	94393069,861ab707
bd20e8dd	321325f3
bd22ece2	ef10b158
bd29587d	39694c69,53536c60
bd2cdcb2	39694c69,b6d88cc6
bd33cdae	4497a02c,f1551f13
bd403f22	52ce7370
0bd40540	52ce7370
bd4115df	52ce7370
bd42fce8	4497a02c,9c0300b1
bd4838de	39694c69
bd4ab63e	b854aae6,dc526864,f3d09be2
bd4bcd01	4497a02c,9c0300b1
bd4fd3f2	bcd07758,53c182bd
bd517835	861ab707
bd53ccd7	39694c69,af77c70d,ed4381f2,a43458d9,1c93d9d3,f5216bcf,e2dc42cb,ef4c1064,050a25d7,234a0a79,c3c175ca,4ebd1bb2,4b8a0cef,c1f5412b
bd56c53d	39694c69
bd57f3e2	1e3bbce9,b83c1deb,8ce21c36
bd5a5ecf	39694c69
bd5af239	4497a02c,9c0300b1,af5f3cd3,e862abf1,387aeedf,7745b701
bd5c62dc	39694c69
bd622ff1	9a9d5b6e
bd631942	52ce7370
bd6686c0	3dacb67c,2b841a22,fc3f8658,3ed623fb,0951985b,86c96406,9115fdff,36cd4ba7,3d5e2d57
bd66b0b3	82a995b2,7b1eca6c
bd6b88a1	39694c69
bd714d70	39694c69
bd7776d6	bcf6bc33
bd77e726	3e3b4f0a,f161929a
bd7860b3	ede44e83,012dbe79
bd799fa6	39694c69,44ecdd06,a93ac93f
bd79fbbd	b8d3ec3d,f5ff1be2,efe3034b,e5651763
0bd837a5	52ce7370
0bd86884	a4f1a6c6,358e4e85,6ba51265,a23a4c9d,2bcf1fa4
bd87e7b2	52ce7370
bd8f434c	341d8e4a
bd94c478	a4f1a6c6,358e4e85,6ba51265,424a544a
bd9873f0	639c7070,ef46bbd3,cb433269,fd6bd450,f967a832,7235710f,9624785b,eb22e67d,24e6ea37,c811022b
bd9a9994	39694c69,2724536b
bd9bc608	52ce7370
bda06a38	a243c57d
bda0eeb2	52ce7370
bda35bc6	ba54a01a,a8d5506c
bda68f3b	52ce7370
bdaac8f0	011b4e3c,72532235
bdaada97	c543c186,e2d53b14
bdaf8bfa	975d58b2,35a533d9
bdb09f39	52ce7370
bdb5e359	861ab707
bdb6ee1a	52ce7370
bdb99647	52ce7370
bdb99981	39694c69,b32b5123,f3e1b9f3
bdbc612c	52ce7370
bdbd6f39	42d08275
bdc0ec0e	25ac8757,1e191d34
bdc44f13	a4f1a6c6,358e4e85,6ba51265,424a544a
bdc65d13	39694c69,99e15ce6
bdc7806a	41b6ba28
bdcd8ea4	b8d3ec3d,f5ff1be2,efe3034b
0bdd2147	4497a02c,f1551f13
bdd3b3d5	52ce7370
bdd61181	52ce7370
bdd8fe46	4497a02c,9c0300b1
bdda63e7	52ce7370
bddab9f9	52ce7370
bddb72c1	52ce7370
bddce37f	2113ce38,0d75535b,37313dad,212e835f,efa938d5
bddd75d0	4497a02c,f1551f13
0bdde017	156ef672
bde095ca	4497a02c,9c0300b1
bde50f68	39694c69
bde646d9	39694c69,8475a0c7,6f56f51d,82fa6248,d5d0866a,4353e606,56aa9e90,502dcab2,261f5e1f,b0aae233,86acc1fb
bde69a95	39694c69,53536c60,ed4381f2,a43458d9,1c93d9d3,f5216bcf,c602a40d,ae8834fb,91fa17ab,111e88f1,89f6f8a5,4ebd1bb2,4b8a0cef,d89abf3a
bde77e05	94393069,861ab707
bde94532	1e3bbce9,b83c1deb,8ce21c36,8d3e5fd2,9c71c0fe
bdebd992	c52ad410,57d7e3c7
bdedc5fd	52ce7370
bdee5b63	52ce7370
bdeee736	39694c69
bdef468e	c415d935,641cc22c,1c776474,2886e58e,7c93eddc,3472e675
0bdef7ee	2113ce38,0d75535b,37313dad,212e835f,4269bb4a,efa938d5
bdf173d7	52ce7370
bdf47eb0	1126d489,a599f130,a2b27c47,ce51e29f,db26372d,53609350,265cfe27,e46cbf33,248cb440
bdf8922d	bedd91a7,6d1d43cc
bdff7ae1	b8d3ec3d,f5ff1be2,efe3034b
be0130ca	6e30b97f,722224a0,debfeba6,f8002b3e,63a9095c,5e2a646f,b01d37ff,ce29b898,726544d4,68043c38,0e268d8d,80d1cd4e,039aa9e8
be01d2c5	39694c69,53536c60,ed4381f2,a43458d9,1c93d9d3
be0a37a4	690d0ac6
be0f7191	a4f1a6c6,358e4e85,6ba51265,424a544a
be11547f	52ce7370
be124cd4	68b504fc
be13d0ef	52ce7370
be14a15e	52ce7370
be156c7c	861ab707
be16a773	39694c69,75eb997b,dd2d5b18
be17a1e4	39694c69,57d7e3c7,fa154079
0be1bba7	f0621567
be1bdd90	4497a02c,53536c60
be21f5b7	52ce7370
be2843d3	4497a02c,53536c60
be2dea12	4497a02c,9c0300b1
be2e54cc	5c9ba892,718e342d,6cd38d26
0be3015e	39694c69,7a596dd2
be316038	52ce7370
0be31ff5	75ed7522,0841f576,a1583547,9bf001f8,842c2ecc,0546be4e,3f4b3c54,f69347cb,a53a50e8,ac5626f9,09f2ed5c,d854088a,fb3e2c4c
be326c5d	52ce7370
be35ee5d	804a1ca3
be393e77	b8d3ec3d,f5ff1be2,efe3034b,2b725d23
be3cbe68	86911809
be3dceda	1c3cb695,82273c54,019dd106,b5b06866,46e6691b,09fa7f06,41db1094
be445286	94393069,861ab707
be45c0c0	39694c69,53536c60,ed4381f2,a43458d9,1c93d9d3,f5216bcf
be4e37bd	4cb96725,ced540a2,edd43472,fff6f34a,2957b882,eca91c05
be5144b1	39694c69,53536c60,ed4381f2,a43458d9,1c93d9d3,f5216bcf,c602a40d,ae8834fb,91fa17ab,111e88f1,89f6f8a5,4ebd1bb2,4b8a0cef,d89abf3a,7c564be4,fcf1f8c5,472143bf,81d269f1,445ee13f,4bfb77d1,604cb8a8,4d525275,1b332a89
be573fb8	d0368ff7,ee494b76,fbead151
be5b5938	a4f1a6c6,358e4e85,6ba51265,424a544a
be637b22	2e16f017
be6a231b	a4f1a6c6,358e4e85,6ba51265,424a544a
be6aeaa6	52ce7370
be6b4da9	a4f1a6c6,358e4e85,6ba51265,424a544a
be6e5534	39694c69,c5370ed8
be770289	52ce7370
be7cb21a	52ce7370
be7cce7a	c52ad410,57d7e3c7
be821146	52ce7370
be83be53	52ce7370
be83c497	b8d3ec3d,f5ff1be2,efe3034b
be840208	52ce7370
be86c0e1	52ce7370
be87a675	020d8f2b,e4c0f55c,1938eb52
be915d46	52ce7370
be95b7c8	156ef672
be980941	39694c69,53536c60,ed4381f2,a43458d9,1c93d9d3,f5216bcf,c602a40d,ae8834fb,91fa17ab,111e88f1,89f6f8a5,4ebd1bb2,4b8a0cef,d89abf3a,7c564be4,fcf1f8c5,472143bf,81d269f1,445ee13f,4bfb77d1,604cb8a8,4d525275,1b332a89,10fded56,f2564478,2fd57652,8aab7e64,65bd861b,e51224df,0b3b3b39,66359d4f,f6b0f1c0,708fd580,034d5002,09237912,50a41601,76cbe174,fc9e0f04,93be621a,5d5733ad,cd9c73df,94b05d44,9762d059,405d4257,950270d7,702e331c,70823eaa,daf56fb3,060f8f36,bb1a29f4,56638432,2b438d00,2bd5f7fe,95ee8dfe,d02acf3d,4b14a013,52d6f1b8,b4c59a3a,9c2397c2,6049d326,0aee9e47,5917cecc,6ee3cd6f,a3f29c27,a19c769f,e1759237,26d875d0,a6f8571a,537df9d7,c200c181,3c1b2601,184e2362,b58c4b95,906164f9,b6394a5d,364ef38a,bfbc3131,9a3d6880,2df3b4fa,acb06c15,9068b149,8f7cac60,b56d9714,862f6f6f,3c733797,8a7aa776,93df5feb,98adf974,6449cdda,d7ccd848
be9a5b21	0ca20139
be9b2200	52ce7370
0be9b39d	4497a02c,9c0300b1
bea149ec	4497a02c,9c0300b1,ed4381f2,a43458d9
beac3c11	39694c69
beaf25ac	6fabfe49,a634e0c3,36765160
0beb54dc	39694c69,d918c1e8,de5cbb69,d028f1a9,35f35a62,5a2cd729,1f090108,e165eb5d,4a126176,02e3ec46,fcaba517,bf2ccb56,1e6e018b,f2e9c272,aed5b017,9bd97367
beb8a554	94393069
bebf3c09	39694c69,ec1df7d3,f2c76bd2,71c00d39,249ca9d3
bec1ae48	52ce7370
bec5ae7d	52ce7370
becb2190	52ce7370
bece2ee3	39694c69,53536c60,ed4381f2,a43458d9
0bed165d	52ce7370
bed48969	52ce7370
bedb1e30	5fc0aae4,c5259813,42a67ac9,db85f51c,9a5b6793,958bb8d9,527d9ac5
bedbe56f	39694c69,9f303f8b,c3962bbd,500c953d
bee1fc78	6bed8eea
beecd9c3	52ce7370
bef20e98	a4f1a6c6,358e4e85,6ba51265,424a544a
bef44b5c	52ce7370
bef901dc	24df6f58,9ba9cf86,a383ee23
befa6b7e	52ce7370
bf01c63a	bcf6bc33
bf04d6af	52ce7370
bf0a94d6	52ce7370
bf0c6a55	05f1938b
0bf0d37b	39694c69
0bf0ffe4	1ea4a1f6
bf124586	4497a02c,9c0300b1,9b896075
bf143698	a4f1a6c6,358e4e85,424a544a
bf15f309	32a9cf20,2fcde214,3e9363cb
bf1f7fdc	569aeac3,0c6023ee,fd8c731e
00bf2094	52ce7370
0bf26096	4497a02c,9c0300b1,c6ce40d7
bf29fcff	a4f1a6c6,358e4e85,6ba51265,424a544a
bf2a2d3b	465660fd,3b52fb74,5ea8e4b4,5fe85372
bf2d977c	39694c69,53536c60,ed4381f2,a43458d9
bf2dda75	fd2e5f67,aedffb93,41ea6f7f
bf2f477d	52ce7370
bf395da5	a8aceca4,a599f130
bf437b1f	39694c69,a77f75b4,9c0cfe12,1f0f229a,f51e206c,a7f44853
bf43f092	52ce7370
bf4467ac	39694c69
bf475b34	0535c90b
bf4b56d6	07967bc2
bf4d313a	39694c69,13003f6e
bf528135	52ce7370
bf61112d	d70a3d93,776a3b75,bd0b57eb,19044965,f2cdaaf1,41b68cda
0bf6364b	52ce7370
bf639355	52ce7370
bf652592	ea130465,b7c852ec
bf6550b5	52ce7370
bf66261a	b8d3ec3d,f5ff1be2,efe3034b,312c7076,26aee693,54a3e059,fd48c267,5df936cb,0481b1bb
bf679a32	39694c69,53536c60,ed4381f2,a43458d9,1c93d9d3,f5216bcf,c602a40d,ae8834fb,91fa17ab,111e88f1,89f6f8a5,4ebd1bb2
bf699e24	61af43c3,3f5b1ea5,ceff36ef,95cf6403,a66c3bf3,1c30ff5e,d101bdb8,cb5ea5e3,79bc358b
bf72c1bb	cd8c3b4c,8d50d41a,a1050966
bf74a16b	39694c69,0d2becdd
bf76b8a5	b8d3ec3d,f5ff1be2,efe3034b
0bf7b414	a243c57d,17b1c36a,9935e516
bf7dc2cf	59402cbc,23c688e0
bf7faa01	52ce7370
bf806aa7	4a5fbaa7,a599f130,89afc1a7,2f14940d,f13e94a5,6863eef3,db8c6da5,33a067da
0bf814a7	52ce7370
bf818883	52ce7370
bf81dd71	4497a02c,53536c60
bf85644d	52ce7370
bf85c95b	39694c69,53536c60,ed4381f2,a43458d9
bf889f09	4497a02c,f1551f13
0bf8ad64	52ce7370
bf8be4e2	cf10ef0a,b2917894,16aa0dc8,587e8a10,d36105ba
00bf8e81	52ce7370
bf92a0a4	4497a02c,9c0300b1
bf93a6bb	b8d3ec3d,f5ff1be2,efe3034b,f8e2e331
bf955528	52ce7370
bf9711a6	52ce7370
0bf9cbc5	12713f14,00320983,1736007b
bf9f5046	4497a02c,9c0300b1,ed4381f2,a43458d9
bf9ff252	4497a02c,9c0300b1
bfa1791b	39694c69,82273c54,da0deda5,109279ae,ff4ee59c,223d627a,eab3c5bf,c7121f30,3333e0d9,a5475426,31609214,a39b9ffb,92f744a2,bb9093c1,c3316840,964e21c8,51874cca,bf81f6cd
bfa2353f	4497a02c,51d4b5c2,4c161f2c,fc8e840a,8c77e676
bfa419ed	52ce7370
bfa483f1	b8d3ec3d,f5ff1be2,efe3034b,c2383764,6333717d
bfa50af8	58a014b8,ee082e25,b3a0dea5,d18633dc
0bfaafa8	4497a02c,9c0300b1
bfae358f	2113ce38,0d75535b,37313dad,212e835f,4269bb4a,efa938d5
0bfae65e	1b5a30c0,4b971e6b,9b408160
bfb2bf98	52ce7370
bfb500f4	397f16be,a0cd7646
bfb5b310	5fc0aae4,56f4f269,2ea186ec
bfb5c2cc	1e3bbce9,b83c1deb,8ce21c36,265822b0
bfba8837	52ce7370
bfbb4207	39694c69
bfbdd5d5	7516c613,bb68f6c7
bfbeabce	52ce7370
bfc05dce	39694c69,53536c60,ed4381f2,a43458d9,1c93d9d3,f5216bcf,c602a40d,ae8834fb,91fa17ab,111e88f1,89f6f8a5,4ebd1bb2,4b8a0cef,d89abf3a,7c564be4,fcf1f8c5,472143bf,81d269f1,445ee13f,4bfb77d1,604cb8a8,4d525275,1b332a89,10fded56,f2564478,2fd57652,8aab7e64,65bd861b,e51224df,0b3b3b39,66359d4f,f6b0f1c0,708fd580,034d5002,09237912,50a41601,76cbe174,fc9e0f04,93be621a,5d5733ad,cd9c73df,94b05d44,9762d059,405d4257,950270d7,702e331c,70823eaa,daf56fb3,060f8f36,bb1a29f4,56638432,2b438d00,2bd5f7fe,95ee8dfe,d02acf3d,4b14a013,52d6f1b8,b4c59a3a,9c2397c2,6049d326,0aee9e47,5917cecc,6ee3cd6f
bfc116e9	c52ad410,9410d2cb
bfc3c86c	c4ed9a40,deae0f06,f9d53ca0
bfc65deb	cbec2a8b,0a16914f
bfcc1faf	39694c69,53536c60,ed4381f2,a43458d9,1c93d9d3,f5216bcf,c602a40d
bfd21e91	52ce7370
bfd27f0f	4497a02c,9c0300b1
bfd4e26b	52ce7370
bfd84378	52ce7370
bfd86601	52ce7370
bfd8dc26	39694c69,53536c60,ed4381f2,a43458d9,1c93d9d3,f5216bcf,c602a40d,ae8834fb,91fa17ab,111e88f1,89f6f8a5,4ebd1bb2,4b8a0cef,d89abf3a
bfdbd336	52ce7370
bfde518c	b8d3ec3d,f5ff1be2,efe3034b
bfe238a5	e1742b05,1ce22466,a907e85c,96b6288a,c2ee0cdb,76819fa5,26219cbd,84921c07
bfe42d59	52ce7370
bff31915	52ce7370
bff7f7c1	39694c69,18de6fb1
bff8d396	39694c69,53536c60,ed4381f2,a43458d9,1c93d9d3,f5216bcf,c602a40d,ae8834fb,91fa17ab,111e88f1,89f6f8a5,4ebd1bb2,4b8a0cef,d89abf3a,7c564be4,fcf1f8c5,472143bf,81d269f1,445ee13f,4bfb77d1,604cb8a8,4d525275,1b332a89,10fded56,f2564478,2fd57652,8aab7e64,65bd861b,e51224df,0b3b3b39,66359d4f,f6b0f1c0,708fd580,034d5002,09237912,50a41601,76cbe174,fc9e0f04,93be621a,5d5733ad,cd9c73df,94b05d44,9762d059,405d4257,950270d7,702e331c,70823eaa,daf56fb3,060f8f36,bb1a29f4,56638432,2b438d00,2bd5f7fe,95ee8dfe,d02acf3d,4b14a013,52d6f1b8,b4c59a3a,9c2397c2,6049d326,0aee9e47,5917cecc,6ee3cd6f,a3f29c27,a19c769f,e1759237,26d875d0,a6f8571a,537df9d7,c200c181,3c1b2601,184e2362,b58c4b95,906164f9,b6394a5d,364ef38a,bfbc3131,9a3d6880,2df3b4fa,acb06c15,9068b149,8f7cac60,b56d9714,862f6f6f,3c733797,8a7aa776,93df5feb,98adf974,6449cdda,d7ccd848,5c662a54,726c2c55,3d034923,4f2692d2,26f469a5,76309fab,81acff2d,dfdfb862,e4a0a063,b94bf80f,b3d640f1,923fff04,5a13cec6,4c99bf36,a8ba8984,013c3efa,4f5d2801,468df202,5ee16a49,7a269d91,951e2b43,32b2970e,ddffe738,1ded4f5e,7855c475,5b3e7333,f6194067,9ead75f1,050ba956,4aee3322,522eee1c,f7bff4f4,2c26e48b,2b55ab18,dd9df0df,73327df2,2e75793e,faed2e70,56e2f38d,d4cdacfa,b75124e9,a493683e,71a98d1c,dd71f8a2
bffa5160	52ce7370
bfff813c	c26ad7ec,d15ed12e,01b68fad,f6091de9,62af5e39,0632a0f7,cf944ce8,83506b09,9f1c71f2,51f21a96,89f6f8a5,4ebd1bb2
c000dec8	4497a02c,9c0300b1,ed4381f2,a43458d9
c000f542	52ce7370
c003bfe8	52ce7370
c006ff04	4497a02c,9c0300b1,74077bc9
c0078555	4497a02c,53536c60
c00a1910	52ce7370
c010cc50	52ce7370
c0116a49	db19809e,a0273ae2,c0fea106,cb163044,9be4f2f5,a5101405,45ecd310,7c73dbcb
c013955c	52ce7370
c0145529	321325f3,ace79d4a,35a3808f,dd14ca82,727b05ba,46e80f7f,9244d3b1,adec73b4,b726034d,cee34a81
c02086ef	ef10b158,6aa67dcf,e35e7ed6
c023c6a7	ddaa7a9f
c02a1f10	39694c69,ce9086e5,ed4381f2
c02a3904	b8d3ec3d,f5ff1be2,efe3034b,fbd3d067
c030cc1e	39694c69,53536c60,ed4381f2
c0319078	39694c69
c031aa44	52ce7370
c038308d	184f9b8e,6b950eaf,887ab710,fe43ae6c,ee58e39a,8e510b36
c03f80ea	4497a02c,9c0300b1
c04071c6	4b400359
c042bfdd	1b85bd63,2d55d252,737897e1,763be96b,2a893c5a,c015d7c9,c7994217,783c5509,bfb359a3,d55708cc,eed9d528,c5369e5a,3aca41a5,9c81f8ca
c0463e0c	39694c69
c046ca44	7de758c7,a9f9f5e9
c0478824	e87263e5
c04bb853	52ce7370
c04d41ea	3f19cae6,36765160
c0533bc7	4497a02c,9c0300b1
c05341b9	39694c69
c053a93b	948b068a,2bff179e
c054b64d	c056f48b,5eaf50f6,c7dd8dea
c0554b02	ee8819cc
c0558fbd	52ce7370
c0605a95	c26e7afa
00c067e5	ef10b158,a04ca1f9,74ef00bd
c06b5543	52ce7370
0c06d78b	4497a02c,9c0300b1,2b04b94c,c035eb19
c06e7901	4497a02c,9c0300b1
c06ec5fd	8afc80f9,de14a729,c040e307,037b0239,43b9a565,c536442c,ec4f42d0,8e634817,adcfb181,79f1ab41,2738ac6d,4209fff0
c072f5cb	c52ad410,dc70c679
c07472b4	6b9f17cc,90be21f6
c07d011a	39694c69,a0726583
c0844b51	39694c69
c088b59c	52ce7370
c08ae7d1	39694c69
c08af84a	39694c69
c08e2d1c	25211e64,de118265
c0901826	4497a02c,9c0300b1,ed4381f2
c0924c11	acde460f
c093ae1b	52ce7370
c094094e	fa2f7bb9,5d1bb4f9,8294bac8,e99715f9,2db184ea
c094c51c	52ce7370
c099bb9a	af485d0f,3c524fb5
c0b56eed	39694c69
c0b928b2	52ce7370
c0bd5270	a4f1a6c6,358e4e85,6ba51265,424a544a
c0c47c76	39694c69
c0c6928e	bcf6bc33
c0c96dfb	4497a02c,53536c60
c0d12c21	39694c69,53536c60,ed4381f2,a43458d9,1c93d9d3,f5216bcf,c602a40d,ae8834fb,91fa17ab,111e88f1,89f6f8a5,4ebd1bb2,4b8a0cef,d89abf3a,7c564be4,fcf1f8c5,472143bf,81d269f1,445ee13f,4bfb77d1,604cb8a8,4d525275,1b332a89,10fded56,f2564478,2fd57652,8aab7e64,65bd861b,e51224df,0b3b3b39,66359d4f,f6b0f1c0,708fd580,034d5002,09237912,50a41601,76cbe174,fc9e0f04,93be621a,5d5733ad,cd9c73df,94b05d44,9762d059,405d4257,950270d7,702e331c,70823eaa,daf56fb3,060f8f36,bb1a29f4,56638432,2b438d00,2bd5f7fe,95ee8dfe,d02acf3d,4b14a013,52d6f1b8,b4c59a3a,9c2397c2,6049d326,0aee9e47,5917cecc,6ee3cd6f,a3f29c27,a19c769f,e1759237,26d875d0,a6f8571a,537df9d7,c200c181,3c1b2601,184e2362,b58c4b95,906164f9,b6394a5d,364ef38a,bfbc3131,9a3d6880,2df3b4fa,acb06c15,9068b149,8f7cac60,b56d9714,862f6f6f,3c733797,8a7aa776,93df5feb,98adf974,6449cdda,d7ccd848,5c662a54,726c2c55,3d034923,4f2692d2,26f469a5,76309fab,81acff2d,dfdfb862,e4a0a063,b94bf80f,b3d640f1,923fff04,5a13cec6,4c99bf36,a8ba8984,013c3efa,4f5d2801,468df202
c0d43405	ac26dac5
c0d5a570	39694c69,53536c60,ed4381f2,a43458d9,1c93d9d3
c0db241e	52ce7370
c0e02f86	4497a02c
c0e74a01	52ce7370
c0e78e92	2996eb74,df8cb10f,0c4fa6f7,95f3c272,466d7535,df8ac66a,71a50017,311e04b5,fae20c6b,61e390e4,abe98814,27049be7,76068659,b8fe3c19,09c2f748,b3ec9ca8,d1257baa
c0eb9d85	1e3bbce9,b83c1deb,8ce21c36,695a3627
c0f099aa	52ce7370
0c0f6757	c52ad410,25968e14,ec0578ee
c0f72e83	c52ad410,481420e9,8ec4e2f2
c0f8c15e	8294bac8,e99715f9
c0f8d74a	19df91a3,79bc1aa1,cb7b7504,d454474a,689b5772,c53f71f9,30c7c4c6,58348094,1907e245,e5d438fe
c0f8e21a	94393069,861ab707
0c0fb24a	fdeb69b5,d6385f37,aaa17a8d,7efb7236
c1028f08	4f38c697
c1078264	1b5a30c0
c107c2c7	39694c69,53536c60
c10bd78b	76497e28,c003b2da
0c10f5f7	9deb246d,6bed8eea
c1172fe1	13620479,dd45b1eb,d3baa4ad,102f4c96,e0748d5f
c117d921	19df91a3,79bc1aa1,b7ab8c7b,785a7d0b
c11b2b50	52ce7370
c11c8445	52ce7370
c11d4ddc	4497a02c,f1551f13
c122b903	bcf6bc33
c122c75c	4497a02c,a48ad92d
c12325e1	d918c1e8
c12d7222	0edebc3a,4ef909eb,7bef8941,a6054619
c12ec177	52ce7370
c12f7dad	39694c69,53536c60,ed4381f2,a43458d9,1c93d9d3,f5216bcf,c602a40d,ae8834fb,91fa17ab,111e88f1,89f6f8a5,4ebd1bb2
c13325f2	8bfc3ae7
c1356dc0	4497a02c,f1551f13
c136c6c1	1c3d3222,651e1e23,4d0cf43a,7e9535c5,1561b777
c138d06e	39694c69,520b9102
c14118cf	52ce7370
c1479ced	19df91a3,79bc1aa1
c1491e59	94393069,0739342d,d64d45e9
c14ca2ef	a8aceca4,1a5c337c
c153b357	4eacf831,304cfb1a
c1545aa2	d165dbda,3f98cb2c,69a4c0cb,1b0112da,d979819b,34cce147,4ad50419
c1546c08	4497a02c,9c0300b1,ed4381f2,86637664
c15bf114	52ce7370
c15e1a72	d36dd542,247b23a0,1192f914
c15ee27a	39694c69
c16087c7	4497a02c,9c0300b1,2185a077,4a733b64
c16704e0	4497a02c,9c0300b1,ed4381f2,a43458d9
c167c08b	861ab707
c16ec646	639c7070,ef46bbd3,cb433269
c170d4f4	0aab3dda,7f246b2c,880bd120,ce5ebba3
c178a42e	4497a02c,9c0300b1,ed4381f2,a43458d9
c17a051e	52ce7370
c17b63f0	a846e420,3e65446f
c17c0f4a	52ce7370
c17f20c7	ef10b158,ba4a2484,34b5f15b,339b12e0,c47ee8c9,80de1073,32c33802,e927245c,7f8519a6
c1832088	4497a02c,9c0300b1
c1860ad2	a8aceca4,fac94f95,56d8896c,df27c29c
c189d402	39694c69,53536c60,ed4381f2,a43458d9,1c93d9d3,f5216bcf,c602a40d,ae8834fb,91fa17ab,111e88f1,89f6f8a5,4ebd1bb2,4b8a0cef,d89abf3a,7c564be4,fcf1f8c5,472143bf,81d269f1,445ee13f,4bfb77d1,604cb8a8,4d525275,1b332a89,10fded56,f2564478,2fd57652,8aab7e64,65bd861b,e51224df,0b3b3b39,66359d4f,f6b0f1c0,708fd580,034d5002,09237912,50a41601,76cbe174,fc9e0f04,93be621a,5d5733ad,cd9c73df,94b05d44,9762d059,405d4257,950270d7,702e331c,70823eaa,daf56fb3,060f8f36,bb1a29f4,56638432,2b438d00,2bd5f7fe,95ee8dfe,d02acf3d,4b14a013
c189f426	152e9eec,7d59d9b8,6519f22c,ab78b87d,39572fa0,9449ec6c
c18f1a76	52ce7370
c18f78e0	16ec1a76
c19b2080	39694c69,e7389626,c7f3a7da
c19d3003	52ce7370
c19f74c6	92e8142b
c19f7b1a	52ce7370
c1a01ef3	1e187c8f,8405f30c
c1a2b799	52ce7370
c1a30dd4	b8d3ec3d,f5ff1be2,efe3034b
c1a66656	4442a220,b361c353,5f1b11a2,16ec1a76,280e076e,a2d1bbe7,203f5506,7a310b6e,8be2ce16,2f9175dc
c1a88086	52ce7370
c1ab4e41	4497a02c,53536c60
c1b0cc6e	2e16f017
c1b3ac7b	e41ed145
c1b4d8cc	4497a02c,9c0300b1
c1b5a2e6	39694c69,14a75dad,24f00209
c1b6584e	4497a02c,9c0300b1
c1b9b7c3	52ce7370
c1bb8c5e	52ce7370
c1c1b25a	a4f1a6c6,358e4e85,6ba51265,424a544a
c1c277b2	52ce7370
c1c48bd5	a4f1a6c6,358e4e85,6ba51265,424a544a
c1c6df0c	4497a02c,9c0300b1,df864512
0c1c6ff5	569aeac3,0c6023ee,fd8c731e
c1c97ef0	39694c69,53536c60,ed4381f2,a43458d9,1c93d9d3,f5216bcf,c602a40d
c1cd1de9	4497a02c,9c0300b1,9d1af592,86f7f324,40e50d9d
c1cec2ae	4497a02c,9c0300b1
c1cfcbbf	4497a02c,9c0300b1
c1cfea9a	52ce7370
c1d12838	39694c69,a6f5258a
c1d14944	52ce7370
c1d5c6db	b8d3ec3d,f5ff1be2,efe3034b
c1d5cab9	74077bc9,9f9c3f3c,02dcc8a3,f8b11702,11b6b482,25eaa361,08a096ca,dac44b00,8b080622,b25e8de7,77a15f17,e2d9bb30
c1db9f21	b8d3ec3d,f5ff1be2,efe3034b,64f7d9d1,9eaec247,f478b7d1,962874f6
c1dcd344	41eae9ea
c1dd63a1	a4f1a6c6,358e4e85,6ba51265,424a544a
c1de34a1	52ce7370
c1de6adc	52ce7370
c1e134ac	4497a02c,9c0300b1,a43dd29d,f87e9811,6d2c033c,ed9bfc62,5b2ce90c
0c1f88ed	39694c69
c204bbd3	342f3074
c20504c1	27325383,bb7d15ef,ec781cdf,0b041114,8bd5d36a,28e81222,c597aba6,601d7299,f27b50f7,2269cab0,9021f0d4,89342805,07573c32,713aa028,e7fc914c,f8adb36d,e6d1b87e,66cba652,43842a7e
c207fdb4	c52ad410,80719411,9cd46da6,2240bffc,31f80f1d
c208d828	39694c69
c20b1814	4497a02c,53536c60
c20d7ea6	69ce8e3e
c21280b7	bcf6bc33
c21306cb	52ce7370
c216130d	58fb55de,b2371dfc,8d50d41a,b0c9ef51,79ec7235
c217a9a6	ef10b158,e9d9eb29,43255bfa
c21c7348	4497a02c,9c0300b1,42d08275,cedcbb55,f976b7a2
c21cf20a	1abfb05d,1f22d997,63b12b08
c21d3a12	4497a02c,f1551f13
c21f7378	31aab3df,1dc7f5cd,7da1c31a
c22840a7	8df9624a
c22bd292	39694c69,53536c60,ed4381f2,a43458d9,1c93d9d3,f5216bcf,c602a40d,ae8834fb,91fa17ab
c22c8c64	52ce7370
c2378778	bedd91a7,6d1d43cc
c239b901	4497a02c,9c0300b1
c23a0796	4497a02c,53536c60
c23bd3a8	4497a02c,9c0300b1
c243cd3d	4497a02c,9c0300b1
c244bad3	190b5a3b
c2488869	9681b1ac,1eb0904b
c24cb1f9	39694c69,f9f4f784,12ac8f61,6aa1369d,9f54ff31
c24ec82b	78d553a5
c2533822	52ce7370
c25444b8	b8d3ec3d,f5ff1be2,efe3034b,11fa1c6c
c255247a	4497a02c,9c0300b1,2185a077,4a733b64
c256fdcc	602651fb,cb8c8577,b1c31587,5daddbb2
c2599020	a4f1a6c6,358e4e85,6ba51265,424a544a
c25a7f58	a4f1a6c6,358e4e85,6ba51265,424a544a
c25ed241	152e9eec,7d59d9b8,6519f22c
c260431e	b8d3ec3d,f5ff1be2,efe3034b
c264163b	4497a02c,9c0300b1
c268ee4c	4497a02c,f1551f13
c26eaf44	948b068a,2bff179e
c26f01e1	52ce7370
0c26f9ef	4ae807b4,9681b1ac
c2707568	ef10b158
c273e686	55c4cd3c,f8983bca
c274334c	52ce7370
c2749432	52ce7370
c27b9111	39694c69,e8e40444,9f0016c0,5f72e7b5
c27cce2e	52ce7370
c27de753	77196bcd,12f6743c
c280133d	a4f1a6c6,358e4e85,6ba51265,424a544a
c28856d3	4497a02c,9c0300b1,d69c1617,32775e2b,135b36f5,c00c5ba3
0c289d74	52ce7370
c28b6c3c	52ce7370
c28f6412	ef10b158,6a8a3428,92eff4fb,2c3f2603,b3fbbd63,fc7bca20,faa47fe3,0a1efbd5,58936a33,aa46c376
c28fff84	f505e807,577c51b1,df518eba,caddada5,f95bf8ed
c292f4b4	52ce7370
c294afb6	ac07e09d,1873dc19,4b971e6b
c294d227	b8d3ec3d,f5ff1be2,efe3034b
c29a269f	39694c69
c29aee68	4f8dd039,1b42513d,4a39cc11,f7aedb05,2a5a76c7
c29e90cc	af2bb38d,87c91ece
c2a29792	39694c69,96c3f408,39cd1435,25211e64,e0389dd5,cea02bde
c2a50992	f7dd7bcf,626c79c3
c2a5e77d	6e78d7ac,ddb69cec,ada4d71b
c2ace5ee	0fb44a93
c2afa060	52ce7370
c2b31482	a4f1a6c6,358e4e85,6ba51265,424a544a
c2b3a283	94393069,861ab707
c2b8704f	4497a02c,9c0300b1,0c0c49b8
c2bac605	39694c69,53536c60,ed4381f2,a43458d9,1c93d9d3
c2be0151	a386e67e
c2c2bd37	52ce7370
c2c68fe7	52ce7370
c2c74689	861ab707
c2cb009a	a4f1a6c6,358e4e85,6ba51265,424a544a
c2cb796b	237d07e3,83b1d036,f75912d8,e8b3b91c,43cff4fe,3f766271
c2cc2f37	52ce7370
c2cc7f11	a4f1a6c6,358e4e85,6ba51265,424a544a
c2ce3e70	2141a805,b72d2da1,3031ff65
c2d44434	0212e46b
c2d70bb1	c52ad410
c2da1908	39694c69,48989fc9
c2e08975	52ce7370
c2e11444	9deb246d
c2e138f6	b71b98bb,4aa0b06f
c2e588e9	6b8ca29c,dee65538
c2e699ef	156ef672
c2e9f7f5	52ce7370
0c2f1486	4497a02c,9c0300b1,b8b00a74,b0d77db9,7d18d42c,a47c7549
c2f27d7a	d446a6ce,87c91ece,137cbeb3,cf5d4048,ab420ed6,71059794
c2f2f016	39694c69,53536c60,ed4381f2,a43458d9,1c93d9d3,f5216bcf,c602a40d,ae8834fb,91fa17ab,111e88f1,89f6f8a5,4ebd1bb2,4b8a0cef,d89abf3a,7c564be4,fcf1f8c5,472143bf,81d269f1,445ee13f,4bfb77d1,604cb8a8,4d525275,1b332a89,10fded56,f2564478,2fd57652,8aab7e64,65bd861b,e51224df,0b3b3b39,66359d4f,f6b0f1c0,708fd580,034d5002,09237912,50a41601,76cbe174,fc9e0f04,93be621a,5d5733ad,cd9c73df,94b05d44,9762d059,405d4257,950270d7,702e331c,70823eaa,daf56fb3,060f8f36,bb1a29f4,56638432,2b438d00,2bd5f7fe,95ee8dfe,d02acf3d,4b14a013,52d6f1b8,b4c59a3a,9c2397c2,6049d326,0aee9e47,5917cecc,6ee3cd6f,a3f29c27,a19c769f,e1759237,26d875d0,a6f8571a,537df9d7,c200c181,3c1b2601,184e2362,b58c4b95,906164f9,b6394a5d,364ef38a
c2f5c57a	52ce7370
c2f68287	52ce7370
c2f8350a	52ce7370
c2fc444f	ef10b158,4d58f477,bc047c72
c302661b	8484d657,d3e74567,87c91ece,a3e53183,4f3876cf,55c31713,f041f9b3,e11ba21c,841718b0
c3033e19	a4f1a6c6,358e4e85,6ba51265,424a544a
c30af9f1	52ce7370
c30f6366	52ce7370
c3106e9a	39694c69
c31b3768	39694c69,53536c60,26bed42b,0091e4f9,1c93d9d3,f5216bcf
c31ce295	90b20b4b,49a7cd11,5fd2a1b3
c31e4ee3	dbbc07f5
c32abcb2	52ce7370
c32ac32b	52ce7370
c32cfb7f	a254f0ff,abd998ac,e8e4e6a5
c32e2ea7	39694c69
c3325d35	39694c69,ce9086e5,ed4381f2
c338c9f1	52ce7370
c338dcb9	b8d3ec3d,f5ff1be2,efe3034b
0c33b74f	6382fbea,a898d337,969604c3
c33d012d	39694c69
c33d8ec8	52ce7370
c33fc246	0d52b105,d11ba606
c3439c73	4497a02c,53536c60
c34424e3	52ce7370
0c347bbc	b8d3ec3d,f5ff1be2,efe3034b,b73822d4
00c34ee6	52ce7370
c3502302	52ce7370
c3533398	07358904,db75e580,7437bd80,3a371dc7,1812dfc6
c354ed6a	c3f895ef,c415d935,07c7e691,80499706,40a52d77,f9a185fd
c359009b	05912979
c35bcbbd	39694c69
c35e2972	eb5af877,6bf21673,dbd74c6b
c360f674	b8d3ec3d,f5ff1be2,efe3034b
0c36489f	bcf6bc33
c36ce212	741a99e5,93a2849d,334bcaa5
c36fd427	52ce7370
c3733bf4	52ce7370
c374030b	52ce7370
c375004f	3296fc12,5e580707,d4e0dd4d,92202a7e,688c3481,03fcd3a3
c3751c20	4497a02c,9c0300b1,1487fca1,de6cf883,fa20f4cf
c3764e12	1e3bbce9,b83c1deb,8ce21c36,ce5f9d82,38eaa538,f4e1387d,f372566d,6087d2bd,752c2be5,1bd95e02,30cb74a7,63750936,c8c7471a,de5eb2e5,7599fada,b7f475c4,40555b47,7dc6508e,cd895b15,70923fe2,45b7e68d,9b9cc06d,0ceb2cbb,d1e82f1f,6980fb90,508ee61b
c37711aa	39694c69,53536c60,ed4381f2,a43458d9
0c377645	39694c69,53536c60,ed4381f2,a43458d9,34d20fc1
c37935fc	b8d3ec3d,f5ff1be2,efe3034b
c384f4dd	39694c69,f93b7ad5,96b5162f,7f880865,27cca8c2,8df62134,572fc984,af403d4d,dddbd028,4b971e6b
0c386264	569aeac3,0c6023ee,fd8c731e
c388636d	156ef672
c38e3c3f	e653a4c4,c6e22248,6fe7f169,37259fbe,14a981b0,e12cac0c,c4bd6805
c3954deb	89620da9,50b42dcc
c398ae53	52ce7370
0c39bb45	39694c69,53536c60
c39c6d9e	098f3057,4881d8e2,d5abb038,27785caa,f6bb8d6b,00c04268,86ff292b,4293a06f,cc1f4ced
c3a4c3a8	52ce7370
c3a5086e	52ce7370
c3a50b49	4497a02c,9c0300b1,166694bf
c3a55fc4	4497a02c
c3a562dc	39694c69,c7fb2350
c3a8e16a	bcf6bc33
c3ad1b25	52ce7370
c3b00a8c	52ce7370
0c3b01b0	39694c69,53536c60
c3b19560	39694c69,225fb065
0c3b29e4	52ce7370
c3b95e8a	1b5a30c0,688fbadb
0c3bdb36	39694c69
0c3c5be0	ef10b158,d848d0af,4a74b0eb,bfef2bae,2ee69f0c
c3cb5d25	52ce7370
0c3d1d5f	a4f1a6c6,358e4e85,6ba51265,424a544a
c3d2f240	e17b3844
c3d3be4b	52ce7370
c3d6aa27	4497a02c,9c0300b1,ccb54103
c3da5ace	988cfae8,34634c41,655ddec7,082d1312,434a71bc,50b5ad13,1e420ace,feb45c9d,cae0ff23
c3daf6c0	39694c69,53536c60
c3db6295	39694c69,53536c60
c3dd4d96	94393069,861ab707
c3df3404	6d5d1e1a,38e07240
c3eb5570	4497a02c,9c0300b1,6d2c033c,74077bc9
c3ed0139	4497a02c,9c0300b1
c3ef3fa1	4497a02c,9c0300b1
c3f1eed6	39694c69,9e31c1bd
0c3f4327	74077bc9,e711c8b2,dbdac1c3
c3f483ea	ef10b158,43b54e74,775dc02b,99c73a02,f30270e3,5e8a6f10,1b5ee3b9,7641e77d,f7549c33,536a7e35,74493307,87b38200,5a982129,7eddaefe,1e4e74ef
c3f82e35	52ce7370
c3f85b60	bedd91a7,6d1d43cc
c402f9b1	0738e6d9
c40556fd	52ce7370
c407e516	de6cf883
c407f537	998a4e6c
c40834d6	94393069
c4094252	52ce7370
0c40d268	52ce7370
c40e5319	a4f1a6c6,358e4e85,6ba51265,424a544a
c40f8eba	39694c69,53536c60,ed4381f2,a43458d9,1c93d9d3,f5216bcf,c602a40d,ae8834fb,91fa17ab,111e88f1,89f6f8a5,4ebd1bb2,4b8a0cef,d89abf3a,7c564be4,fcf1f8c5,472143bf,81d269f1,445ee13f,4bfb77d1,604cb8a8,4d525275,1b332a89,10fded56,f2564478,2fd57652,8aab7e64
c4111f12	4497a02c,9c0300b1,b0000daa,6d2c033c,e436ead8,0f30235e
c412ef03	eaeba269
c418b218	39312427
c41a63d2	703cd2b1,f3c271ec
c41b0991	39694c69,d918c1e8,d028f1a9,35f35a62,de5cbb69
c41bc3d5	ba4c441e
c41fb365	52ce7370
c425436b	b8d3ec3d,f5ff1be2,efe3034b
c4266421	d918c1e8
c42ec116	bcf6bc33
c4399587	52ce7370
c43b5c91	52ce7370
c43e0c9c	52ce7370
c440b5a9	39694c69,04d90142
c4416def	4497a02c,9c0300b1,27f4156e,6500d8b6,f4e08ea1,de6f0f6f
c44548e4	4497a02c,f1551f13
c447bfc0	c52ad410,fb629045,69dfb8ce,9bdeb816,46747927,bb1385a4,f28dae3e,bd0ae48d,622e64d2,fa780c10,9d52a066,096e3c87,96060714,20a21f36,736dc35d,b24a475a,8acda39c,e7209a65,673faebb,732baa56,1a2c86d0,f5d3bc9d,2081284d,1a5d75f0
0c450d65	14e1f474,f32b9f8a
c452494b	b8d3ec3d,f5ff1be2,efe3034b
c456bfb4	839b29f4
c456d170	94ed7583,2a16d9fb,0c8b057f,0da7d34b,d141418d,a46c12f4,d745b689,2ae02983
c45b98a3	52ce7370
c45be5d6	4497a02c,9c0300b1,51d9df4b,cbdfc614
c45d2464	4497a02c,9c0300b1
c465c137	39694c69,ce9086e5,ed4381f2
c46ba018	39694c69,53536c60,ed4381f2,a43458d9,1c93d9d3
c4707742	09904d4b,1436e37d,31b417ce,0f9617ba
c476dacf	156ef672
c47735fa	bcf6bc33
c4777f2d	39694c69,53536c60,ed4381f2,a43458d9,1c93d9d3,f5216bcf,c602a40d,ae8834fb,91fa17ab,111e88f1,89f6f8a5
c479e3fb	52ce7370
c47a2e9f	52ce7370
c47a8589	569aeac3,0c6023ee,fd8c731e
c47b5ab8	52ce7370
c47f6d38	52ce7370
c4828821	4497a02c,9c0300b1,9f90b58d,77c639b7,c015fc4b
c48a2e5b	d74ebeed,5db7b8ed,2ea5f1fa
c48bc6ac	52ce7370
c48e5831	52ce7370
c49063f2	96a89c39,2883df3b,9eedee75,62ef6d11
c49278ac	4c349283,116f9fd7,342d2d0b,108ac957,4a238cc4,214c9c7a,bb628bf7,e3e6ba68,1d86e7b8
c4927c2a	a4f1a6c6,358e4e85,6ba51265,424a544a
c4956686	39694c69
c496ea7a	39694c69,a50712fc
c49a956d	861ab707
c4a20262	4497a02c,9c0300b1,ed4381f2,a43458d9
c4a3548a	bedd91a7,6d1d43cc,4efa80dd
0c4ab047	68ee126b,31789287,2c467ae4,19e60547
c4ac9ff0	39694c69,53536c60
c4acc1e4	52ce7370
c4aea467	52ce7370
c4af15ee	52ce7370
c4af76a2	0971f4f3
c4b13cf6	52ce7370
c4b2b88c	52ce7370
c4b2ff54	3dee58a9,378c3900,8bde0fa6,14cd2679,a6489158,a2581f24,7064a079,50ac90a6
0c4b3fa2	75ed7522,0841f576,a1583547,9bf001f8,842c2ecc,0546be4e,3f4b3c54,f69347cb
c4b43899	c52ad410,da4e0204,3a576015,190148d4,312dddc9,6f987b04,ac8218cc,c7791952,05183e99,d0b5fa88,26f10ee4,f13cdf66,30b32453,68f36fd3
0c4b7df5	39694c69
c4b9eaca	b8d3ec3d,f5ff1be2,efe3034b
c4bd04d3	52ce7370
c4be663f	2113ce38,0d75535b,37313dad,212e835f,4269bb4a,efa938d5
c4bf059c	4497a02c,53536c60
c4bf4464	39694c69,53536c60,26bed42b,0091e4f9,1c93d9d3
c4c4bae5	9c81b765
c4c4c290	4497a02c,f1551f13
c4c76c87	c0a65adf
c4c8bd8a	39694c69,af77c70d,ed4381f2,a43458d9,1c93d9d3,f5216bcf,e2dc42cb,ef4c1064,050a25d7,234a0a79,c3c175ca,4ebd1bb2,d454474a,689b5772,c53f71f9,6bdb00af,58348094,c1f5412b
c4cc16fb	941fc208,c1613a6b,bdea7e6f
c4cc2233	bcf6bc33
c4ccf00a	39694c69
c4ce0d0d	6f6f3a7f,27dad7cf,4f7fd3fc
c4ce1d61	52ce7370
c4ce7fde	52ce7370
c4d0fd9f	ca37cb06,de118265,4288db15,7a578f03
c4d3dc57	ef10b158,9299ed3a,95379c3d,c728d2b6,b4bed69d,7d84496c,8c5ad87c,d99d1286
c4d65d0f	62c1d51d,e99e6508,adcc31f3,9cc260df
c4d6b485	52ce7370
c4dabbbb	52ce7370
c4dbb13b	4497a02c,9c0300b1,74077bc9
c4dd4d4f	990ddbbc,d2645d3a,79fa8d00,1ad76ed6,6d766270,11f8c65e,b1a8834b,3e7819dd
c4e4e1c1	4497a02c,9c0300b1
c4eccf12	a4f1a6c6,358e4e85,6ba51265,424a544a
c4ed1cfa	52ce7370
c4efd0b2	51d33a98
c4f08705	ba644e2a,dba99a7e,e8ca1dc7,4e9a4327,8ffc6982,d6d6a63f,52b3edee,95bbbf7e,fc958e6a,f5a98fc4,df8cb10f
c4f1020f	c52ad410,ed9bfc62,c83a1cd9
c4f3312b	32508d87
c4f52e60	b8d3ec3d,f5ff1be2,efe3034b
c4f5c032	4497a02c,9c0300b1
c4f684c1	4497a02c,9c0300b1
c4f8de3b	bcf6bc33
c4fa7478	52ce7370
c4fb7bff	52ce7370
c4fb80b6	52ce7370
c500e516	4497a02c,9c0300b1
c5029167	4497a02c,9c0300b1,11309c2b
0c5075ac	bedd91a7,6d1d43cc,4efa80dd
c51345bf	52ce7370
c514bac1	54dbcc01
c51712e5	c5adfe8a,5ff2224a,232a583e,61250c41,edb90ccc,6e857b47,13dbcb66,ad1eee16,b80bb951,7e69c151,02eef5b0,f2721d0d,6179773c,45663b81,d5a23997,7c4a5a41
c5185551	ac963c95
c519b6d5	695a3627
c521173b	52ce7370
c523eb33	4497a02c,9c0300b1,a420ac32
c524a767	bcf6bc33
c52b7db4	c311c08f,f7a97e39,c30b4e22,fefc3c17,62452f26,ef007ecf,2dc596c2
c530f15e	3a9c10fe
c534daa8	52ce7370
c5378f18	52ce7370
c5395809	ec863e77
c5396352	39694c69,6a93eda3
c53cd09f	4497a02c,9c0300b1
c53fe50a	52ce7370
c540db85	3296fc12,5e580707,d4e0dd4d,92202a7e,688c3481,03fcd3a3
c54531f7	39694c69
c547a48f	52ce7370
c54934a4	b8d3ec3d,f5ff1be2,efe3034b
c54c07af	4497a02c,9c0300b1,bd04f870
c5528ebf	adbc8fbb,fc0ac08a,d7c07d2c,283ffe95
c5538d2b	4497a02c,9c0300b1
c5582df7	99234fa8,849ecc50,3791c0d3,3c442802,88a8733e,be619d0b,7470b087,2b58fba3,5874653a
c55a05de	4497a02c,53536c60
c55bef35	39694c69,53536c60,ed4381f2,a43458d9,1c93d9d3,f5216bcf,c602a40d,ae8834fb,91fa17ab,111e88f1,89f6f8a5,4ebd1bb2,4b8a0cef
c55f7a82	4497a02c,53536c60
c55fc076	39694c69
c5688b43	52ce7370
c56d34af	152e9eec,7d59d9b8,6519f22c,ab78b87d,39572fa0,9449ec6c
c56e82aa	52ce7370
c57299c4	c62b6d0d,49842004,908c1738,c7ef2cb4,d6888945,ed96ebd0,fede4e7d
c575abaf	b8d3ec3d,f5ff1be2,efe3034b
c57be23f	4497a02c,19a5cb5c
c582a9ac	bcf6bc33
c587584b	1e3bbce9,b83c1deb,8ce21c36,3f283dfe,28362531,92f71113,2b841a22
c5879110	b8d3ec3d,f5ff1be2,efe3034b
c5880de7	e0f2956b
c58cf9f4	52ce7370
c58e15df	39694c69,1c81d37b
c58eccb5	52ce7370
c58f6f8d	b8d3ec3d,f5ff1be2,efe3034b,af485d0f
c59449f3	8b50786c,353f448f,f4ee9e95
c597f0ab	52ce7370
c5994b10	52ce7370
c59c907f	50297c54,b6f3e815
c59cafb7	a4f1a6c6,358e4e85,6ba51265,424a544a
c59cd7f5	2f4c8c79,41695690,bdcce921
c59f33b9	52ce7370
c5a11453	b8d3ec3d,f5ff1be2,efe3034b
c5a1d000	7559d0f8,b3c768ec,36765160,22183874,0e6e7d12,9cfd88f0
c5a556dc	94393069,861ab707
c5a55dd2	4497a02c,53536c60
c5ac2795	b8d3ec3d,f5ff1be2,efe3034b
c5b0ee58	d908299f,f60d0c46,6ec7621c
c5b8fd0c	52ce7370
c5bb0d75	a4f1a6c6,358e4e85,6ba51265,424a544a
c5ca9940	b8d3ec3d,f5ff1be2,efe3034b,a55d61ef,b4460aab
c5cb6d44	52ce7370
c5cbafaa	52ce7370
c5cd7ebe	bfb70276,bc48b65b,d1ef082d,1babc8c1
0c5cfe95	6282b804,397526af
c5dcbd14	bcf6bc33
c5dfb07b	52ce7370
c5e1fbce	4497a02c,9c0300b1,0dd10c61,ffa43280,44b9fc4b
c5e256bb	4497a02c,9c0300b1,fbc605fc,0f614548,b9df173a,4c53c58d,65f9d19c
c5e57b9b	73bf48e9,03cfa74f
c5e9b421	ab556e25,6cb9abfe
c5eb669d	4497a02c,9c0300b1
c5ef83db	39694c69
c5f0e32a	a4f1a6c6,358e4e85,6ba51265,424a544a
c5f75319	52ce7370
c5f9bc6c	126315cb
c5fb07bb	4497a02c,9c0300b1
c600f8a1	39694c69
c603e1fb	52ce7370
c60412f2	4497a02c,f1551f13
c604ba31	a8aceca4,96c24ff2,17762364,162d62a7,b051d34e,7a297474,d14d06d2,a2220130,f9f4b78b,b929d372
c6086809	52ce7370
c60c66a8	c7577a11,de118265
c612c087	126315cb
c6148593	a4f1a6c6,358e4e85,424a544a
c6160bb9	52ce7370
c6176828	a4f1a6c6,358e4e85,6ba51265,424a544a
c617b88b	d34599b5,ac39fe97,cca781aa,8558f8ac
c617f032	39694c69
c61bddee	8401fefc,e874764e
c61d22dc	89ee6488
c61dcb7f	39694c69,fd359913
c6244e6a	39694c69,66c390c3,40abaac7,3bbe90b3
c6271846	74ef00bd,17c741a5,5db7b8ed
c631d373	4497a02c,9c0300b1,dcc919db,2141a805
c642105f	26a6fa93,664d275a
c64574c2	e07c78db,660a8b87
c6488385	4497a02c,9c0300b1,ed4381f2,a43458d9
c6493a1f	39694c69,0fdaca91,dc5ff7d0,d028f1a9,efa938d5,4a6acbc4,a1026044
c65152cb	ef10b158,43bde5e9
c651ba7d	4497a02c,9c0300b1
c659a44b	52ce7370
c659f5a2	4497a02c,9c0300b1
c65b7cad	39694c69,53536c60,26bed42b,0091e4f9,1c93d9d3
c65e4c9c	4497a02c,9c0300b1,c00c5ba3
c665d36b	52ce7370
c6668206	b8d3ec3d,f5ff1be2,efe3034b,feef1edd
c668fcab	3f19cae6,36765160
c66f904a	bcf6bc33
c67209a3	bcf6bc33
c679aaf9	52ce7370
c6808e1a	b3b3f915,fffdf10d
c6818383	52ce7370
c682feda	39694c69,f78ed873
c683a956	39694c69,53536c60,ed4381f2
c685cce0	52ce7370
c686fcbe	52ce7370
c6875f62	52ce7370
c6891c8c	a8aceca4,58ade78b,11177941
c68c0c28	efa938d5
c68d0180	156ef672
c69033cc	0df6b618,c5e5706d
c690c1e7	52ce7370
c692c176	39694c69,de5cbb69
c6950ae9	52ce7370
c695e074	52ce7370
c699b3f4	bcf6bc33
c69d5e9f	4497a02c,9c0300b1,6d2c033c,aa5d4994,b6b3f39d,b3515c5c,061b2efb,b8734d4b
c6a00e1c	52ce7370
c6a05e32	4497a02c,9c0300b1,1e3e50e1
c6a65e30	39694c69,53536c60,ed4381f2,a43458d9,1c93d9d3,f5216bcf,c602a40d,ae8834fb,91fa17ab,111e88f1,89f6f8a5,4ebd1bb2,4b8a0cef,d89abf3a,7c564be4,fcf1f8c5,472143bf,81d269f1,445ee13f,4bfb77d1,604cb8a8,4d525275,1b332a89,10fded56,f2564478,2fd57652
c6af774b	4497a02c,9c0300b1
c6b2be0f	ef10b158,a8033efa,92eff4fb
c6b3d93f	4497a02c,9c0300b1
0c6bcf7f	4497a02c,9c0300b1,ed4381f2,a43458d9
c6bdc0e9	bcf6bc33
c6bdcedd	39694c69
c6c65045	94ed7583,2a16d9fb,0c8b057f,0da7d34b,d141418d,a46c12f4,d745b689
c6c70ff8	52ce7370
c6c7b650	b8d3ec3d,f5ff1be2,efe3034b
c6c9e1c1	39694c69,08e6c760,750e1d42,864d2e6f
c6cb1de6	1e3bbce9,b83c1deb,8ce21c36,f1695876
c6cdc0a3	2e16f017,d08deab4
c6d0bfea	8fb12f99,1065f394,fbae5936,688af5dd,576d4709,c4639c74,02ca2e6e,45b9eda5,7b08f085,4004e35a,3b1e7873
c6dbd47d	94393069,861ab707
c6dfb8b0	52ce7370
c6e95ab9	b0706ebf,65077366,9cf558ef,ce97cd9e,f7c279df,f879721c
c6ee26ed	0f22f399,cb7768bf,1d158b36
c6efa416	52ce7370
c6f01fd9	39694c69,53536c60,ed4381f2,a43458d9,1c93d9d3,f5216bcf,c602a40d,ae8834fb,91fa17ab,111e88f1,89f6f8a5,4ebd1bb2,4b8a0cef,d89abf3a,7c564be4,fcf1f8c5,472143bf,81d269f1,445ee13f,4bfb77d1,604cb8a8,4d525275,1b332a89,10fded56,f2564478,2fd57652,8aab7e64,65bd861b,e51224df,0b3b3b39
c6fe5455	bcf6bc33
c6ff4ff4	39694c69,f93b7ad5,96b5162f,7f880865,27cca8c2,8df62134,572fc984,af403d4d,dddbd028,4b971e6b
c7046d6b	52ce7370
c7050028	39694c69
c7061c6a	39694c69
c70779cd	d91c5ed3
c70ba2ae	52ce7370
c70f9ed9	52ce7370
c7161f57	bcf6bc33
c7181fa7	993fec2f,1fcea4c1
c71c2111	39694c69,d918c1e8,862f06eb,b5a2afe3,79ee55de,83eb2441,6f6d291a,ce27b20a,93933635,de5cbb69,d028f1a9,35f35a62,f34fddaf,fa4ffca2,b4f5e807
0c71dc8a	bfb0d665,92e1602b
c7227253	ef10b158,206632eb,83d87cd0,7d84496c,13fdcd5a,3073c418
c728930e	397f16be,9305aea7,8250ae77,1abb7a3a,e147c25d,ce2b6753,42083610,2184cb5a,450fa915,b16f7da1,1438cb75,f0c38301
c72ac848	4497a02c,9c0300b1,fb7536f8,6d2c033c
c732be6b	39694c69,53536c60,ed4381f2,a43458d9,1c93d9d3,f5216bcf,c602a40d,ae8834fb,91fa17ab,111e88f1,89f6f8a5,4ebd1bb2,4b8a0cef
c739eb10	adcb8e35,53536c60,ed4381f2,a43458d9,1c93d9d3,f5216bcf,c602a40d,ae8834fb,91fa17ab
c73bbf46	52ce7370
c73e48b3	ee67c9b6,4be8b564
c7416368	bedd91a7,6d1d43cc
c7516ccc	39694c69,53536c60
c751ff74	52ce7370
c753756c	39694c69
c75a4148	39694c69
c75b06a6	9a9d5b6e
c75d018e	52ce7370
c75d9262	bcf6bc33
c760dee1	39694c69,08e6c760,750e1d42,ce5b8853
c76126b0	52ce7370
c761320e	39694c69
c7628c65	a4f1a6c6,358e4e85,6ba51265,424a544a
c763f074	4a5a28db,f40495d9,163f7b1a,fabca535,a2de30a2,01104ab0,1d7ba982,6e23f5e1,0961e7b6,34a51ffa,257abbd0
c76959b0	1abfb05d,6a4f57e3,9283d7bf,91a6c784,ab569de3
c76a0210	94393069,861ab707
c76d2160	60065619,b3a71456,fd963781,58276696,a3902309,8658272f,4311ea3d,430bc704,b64a03a5,752732bd,9b27c249,4b565ec2,943bf72c,7fa5f40e,2b0a738d,77c61f2c,bc983c99
c76fbbc4	b2457bea,2279282e,dd5cff32
c77045b5	52ce7370
c7712c22	8e053185
c772083e	52ce7370
c7750a91	94393069,861ab707
c77a655d	39694c69
c77ca666	b2898df8,a21239a2
c783e5ae	bcf6bc33
c785c1e3	52ce7370
c785d645	52ce7370
c787f418	52ce7370
c78b0ff7	38b50b93
c78c0fd7	52ce7370
c78c8826	39694c69,c5370ed8
c78ce272	acde460f
c78ff104	eeb0a1c3
c79110d6	f93b7ad5,4b971e6b
0c798a74	a4f1a6c6,358e4e85,6ba51265,424a544a
c7993ab1	52ce7370
0c7a24e1	4497a02c,9c0300b1,78056e29
c7a25bab	52ce7370
c7a38754	39694c69
c7a3b26b	52ce7370
0c7a6841	4497a02c,9c0300b1,0ec31cdf,a37cce3f,c89cb8d9,e3402b3b,51994543
c7aa15ad	39694c69,53536c60,ed4381f2,a43458d9,1c93d9d3,f5216bcf
c7ab8b29	4497a02c,53536c60
0c7abee4	52ce7370
c7acf41c	39694c69,c7fb2350
c7b3130b	b8d3ec3d,f5ff1be2,efe3034b,ab813ece,1ff62ba9,df864512
c7b7769f	2aaa904e,9821ebb0,ad0b3844
c7bfc9a6	1b5a30c0,f8685a7f,f4e70b83,b664d91b,ead9e7ff,2b1c4ead,fdaf3e32,ea710814,7fb61dd1,15db657f
c7bfd606	39694c69
c7c57dcc	52ce7370
c7c6307c	b8d3ec3d,f5ff1be2,efe3034b,012dbe79
c7c917fc	a4f1a6c6,358e4e85,6ba51265
c7d1f1f5	d918c1e8,458e5d1c,705a423f,83dfc38a,35f35a62,02bc242a,275c50b5
c7d5f132	52ce7370
0c7d8e0a	39694c69,53536c60,ed4381f2,a43458d9,1c93d9d3
c7e12af0	4497a02c,9c0300b1
0c7e1d6f	52ce7370
c7eb0b2e	52ce7370
c7f3192d	8141c44f
c7f36704	bcf6bc33
c7f4a810	39694c69,53536c60,ed4381f2,a43458d9,1c93d9d3,f5216bcf,c602a40d,ae8834fb,91fa17ab,111e88f1,89f6f8a5,4ebd1bb2,4b8a0cef,d89abf3a,7c564be4,fcf1f8c5,472143bf
c7fa762d	52ce7370
c7fadac7	bedd91a7,6d1d43cc
c802cb0f	b79079a6,7ccd4692,00935803
c8042f0d	94393069,861ab707
0c805902	52ce7370
c806d00e	52ce7370
0c807613	52ce7370
c80918ae	a4f1a6c6,358e4e85,6ba51265
c8096743	c8d1052c
c809844d	4497a02c,9c0300b1,85685b56,0ba66411
c81039d8	4497a02c,53536c60
c81087e3	4497a02c,9c0300b1,d9aaaa48
c8151218	52ce7370
c815e5e2	52ce7370
c81c3e2c	39694c69,ce8b6de0,3c22950e
c81ca852	4497a02c,9c0300b1
c822e92a	8b3f3e74,243c5f31,48fe4803,e0fdb83a,c8385bd2,e6d8c6ed,c681304a
c82c7ea5	f61614a7,1d50d02b,8fe4b475,4974bcbc,c2d8e987,84f9b365,d6526c1b,c6cc4b05
0c82e116	6161c35f,72a5ba71,07967bc2,7e4ea976,908c1738,ac24356e,45ded550
c82fc32f	19df91a3,79bc1aa1,cb7b7504,d454474a,689b5772,c53f71f9,30c7c4c6,58348094,f4ebeff7
c8355a3f	b7869525
0c836a7c	e9cde3b0,761c9abf,7fd6ac5e,0935b145,85dce4cc,208d7f4f,09e7f96e,0bfed4d5,5dda70fb
c83783ec	747b7cfd,fb3d9d96,503c45e3
c83cc0fa	52ce7370
c841e6ec	52ce7370
c843ceb2	52ce7370
c846904e	7d7d4b55
0c84a14e	4497a02c
c84b4f19	c52ad410,76cd3f40,2d2ec114,4780a439,f6a66443,62216a34
0c850751	52ce7370
c8524f97	52ce7370
c85756ac	74077bc9,cf1c2df0
c8596548	8665516e,4e1a6a78,7d84496c
c85f4e71	156ef672
c8628f51	52ce7370
c86497f5	39694c69
c8692610	4497a02c,f1551f13
c86cf2e8	4497a02c,9c0300b1,2227b105,7245dd55,a9b69beb,be2ea3b0,301bc489,8cef2c2b,43cdcf3b,1ae2e704,2e1a0c37,0c908cda,74ef00bd
c86dbb64	4497a02c,9c0300b1
c870ac19	861ab707
c8750465	39694c69,53536c60,ed4381f2,a43458d9,1c93d9d3,f5216bcf,c602a40d,ae8834fb,91fa17ab,111e88f1,89f6f8a5,4ebd1bb2,4b8a0cef,d89abf3a,7c564be4,fcf1f8c5,472143bf,81d269f1,445ee13f,4bfb77d1,604cb8a8,4d525275,1b332a89,10fded56,f2564478,2fd57652,8aab7e64,65bd861b
c875066f	52ce7370
c875ace5	4497a02c,9c0300b1,a68e3eb3
c87a11e2	4cbc7373,c7213f8e,2a9b614b,ea118b12,2256a6d2,6e844197,b50d30d9,f02e1993,e6644508,ab569de3,17396424
c87b4c99	52ce7370
c87dfed7	152e9eec,7d59d9b8,6519f22c,ab78b87d,39572fa0,9449ec6c
c87e0a39	b7ecd9fc,0ba5f4d3,5ffc2cf5,c3f6ca25,163ea817,26f044f5,c05d0d35,4bb7d589,2141a805,7229d8ef
c87e2c54	2113ce38,0d75535b,37313dad,212e835f,4269bb4a,efa938d5
c87e85e1	bcf6bc33
0c88019c	52ce7370
c883e43b	39694c69,af77c70d,ed4381f2,a43458d9,1c93d9d3,f5216bcf,e2dc42cb,ef4c1064,050a25d7,234a0a79,c3c175ca,4ebd1bb2,d454474a,689b5772,c53f71f9,6bdb00af,58348094,91bc1d5e,b5afb98c
c889fd7f	b8d3ec3d,f5ff1be2,efe3034b,a409f5bc,2bb11bba,cedcbb55
c88f29e9	52ce7370
c890058e	f9d8e7d9,fc511127,521461f0,675d2253
c8937a90	639c7070,ef46bbd3,cb433269
c89427d4	52ce7370
c8955d23	4497a02c,9c0300b1,89a79746
c89e0296	52ce7370
c8a56001	a4f1a6c6,358e4e85,6ba51265,424a544a
c8a6994a	c415d935,1ec35a4c,2d773a9c
c8abbcd7	52ce7370
c8b0b463	39694c69
c8b7e4b5	7854e726,13d4c925
c8b8075b	c52ad410,0dd10c61,1abfb05d,09bb2d98,6a243c86,908c1738,cd64af58,cd3ffda3
0c8b8aca	39694c69,53536c60,ed4381f2,a43458d9,1c93d9d3,f5216bcf,c602a40d,ae8834fb,91fa17ab,111e88f1,89f6f8a5,4ebd1bb2,4b8a0cef,d89abf3a,7c564be4,fcf1f8c5,472143bf,81d269f1,445ee13f,4bfb77d1,604cb8a8,4d525275
c8ba8128	52ce7370
c8bf99a8	39694c69,3485907e
c8bfdb46	7cd7c2b3,f1f0ea81,d8858581,d3203e79
c8c73dcc	ef10b158,ba4a2484,34b5f15b,339b12e0,c47ee8c9,80de1073,32c33802,e927245c,7f8519a6,b87d8f50,a589ec11,a0e26e8c,4eb9f3ac,ec3b3a9d
c8c9fae5	4497a02c,9c0300b1,ed4381f2
c8cc93df	39694c69,53536c60,ed4381f2,a43458d9,1c93d9d3,f5216bcf,c602a40d
c8d2d1d0	e0fdb83a,08bee162,3819f961
c8d70a01	a4f1a6c6,358e4e85,6ba51265,424a544a
c8defc21	52ce7370
c8e0a502	1c3cb695,82273c54,019dd106,b5b06866
c8e101c5	4497a02c,9c0300b1,5af4c63f,960dc218
c8e14901	c415d935,1ec35a4c,2d773a9c
c8e5eb1d	8a7cbfba
c8e93214	52ce7370
c8ea1fe2	52ce7370
0c8ec63f	4497a02c,53536c60
c8f1cf55	52ce7370
c8f6b8de	f24fc2e5,c31d319b,87214b12,71a043fc
c8f6e7d2	b8d3ec3d,f5ff1be2,efe3034b
c8ff8ee2	b8d3ec3d,f5ff1be2,efe3034b,deadcf4d
c9004839	52ce7370
c900f06e	0f5d5760,90607347
0c902722	39694c69,adb1e32d
c902a417	39694c69,53536c60,ed4381f2,a43458d9,1c93d9d3
c9032d21	4497a02c,53536c60
c903e9f1	1b5a30c0,2d57e136
c9070d49	b8d3ec3d,f5ff1be2,efe3034b,756b1633,140568bf,353208d5,edb06294,16ec1a76,dfde1158
c9085196	a4f1a6c6,358e4e85,6ba51265
c90afa8b	4497a02c,9c0300b1,42f36b20
0c91038e	52ce7370
c911da0d	a4f1a6c6,358e4e85,424a544a
c912e481	39694c69,695a3627
c912ef06	07aa9042,bc0f96c3
c9182ab7	52ce7370
0c91c08e	39694c69
c91c44e4	4497a02c,53536c60
0c9240ae	a4f1a6c6,358e4e85,6ba51265,a23a4c9d,2bcf1fa4
c92a03e7	52ce7370
c92aa166	160e1190,9d349a1d,c077c0ac
c92b6ad6	4e3655b4,702da496
c92c2973	52ce7370
c92df978	52ce7370
c92ec6c5	4497a02c,9c0300b1,6d2c033c,3d2965fe,8614d7db,1126d489,aa055f64,3b20131c,defe257b,f57bc6df
c9329e83	190b5a3b
c932cf7a	4497a02c,9c0300b1,613ca84d,f7b5e17b
c935b096	4497a02c,9c0300b1
c93f4590	52ce7370
c93f6ad8	39694c69,53536c60,ed4381f2,a43458d9,1c93d9d3,f5216bcf,c602a40d,2ee35d80
c93fffde	9a9d5b6e,de9ad6e8,a276a429,cb722353,e83db115,f4fb86db,1690ec50,8a1d751b,584f620b,fde39604,3677d948,136ad074,480f7e15,d56ec4ce,50ef7aa1,6525f22a,8682bc28,47eae81c,1039d6aa
c941bfd2	39694c69,b280aab0,3f25248f,223f0a0b
c94bda35	4497a02c,9c0300b1,8e7b6f79,908c1738
c94d6978	f59e6083,a2740c1f,0b4aad78,35411fb1
0c953167	52ce7370
c9549d55	39694c69
0c957ca1	52ce7370
c95b341c	39694c69,53536c60,26bed42b,0091e4f9,1c93d9d3,f5216bcf
c95e9680	52ce7370
c9605977	29b55bf9,bbc6393d,40e50d9d,3b56026f,6c13f4ff
c96466c6	39694c69
c966abe5	e0fdb83a
c96942ac	ce14e242,24b9fcf0
c96af908	52ce7370
c96b2395	39694c69,481420e9,d4f33b31,7600372a,692fefed,2117184d,17ba3688,1a5d75f0
c96bab4d	52ce7370
c96ce40a	52ce7370
c96cfc0c	74077bc9,b412d858
c96d6254	39694c69,f93b7ad5,96b5162f,7f880865,27cca8c2,8df62134,572fc984,af403d4d,dddbd028,4b971e6b
c971ea79	52ce7370
c973a39e	4497a02c,9c0300b1,3d2965fe
c973ce28	52ce7370
c974fec6	52ce7370
0c975f38	52ce7370
c976c603	757f8af9,8eb7bc49
c978593e	39694c69
c981bd2d	52ce7370
c982221d	4a5227d5,abecd1d3
c985093d	39694c69,53536c60,ed4381f2,a43458d9,1c93d9d3,f5216bcf,c602a40d,ae8834fb
c98d0718	4497a02c,9c0300b1
c98ef1d9	0474b10d
c991d5ae	52ce7370
c992d08d	a4f1a6c6,358e4e85,6ba51265,424a544a
c99761e8	39694c69,82273c54,da0deda5,109279ae,ff4ee59c,223d627a,eab3c5bf,c7121f30,3333e0d9,a5475426,31609214,a39b9ffb,dcc919db,16ec1a76,8d909566,bfb0d665,7e07433c,bf578bac,f4030aa9,2f83c5e5,dcc72aba,8ef8d5fb,f9fbf95d,341e7cc5,0d89f003,bfea0aa3,78520856,880722fa,d60f7ecd,03639429,dd9b1aff,972d0dce,1578dd03,32e2f382,afc6788a,39a0fc9b,fc5ef3b6,6070f98d,b988d96d,d95c3264,ee0919c8,952a7697,8a94602c,5124e91d,be570efa,5111a0ad,f4d98910,02465cf8,1c4bc293
c997d489	bcf6bc33
c9996b21	52ce7370
c999e797	d918c1e8
c99a42f1	bfb0d665,4cca3130
c99ba132	b1eb4e6b
c99cc5fd	39694c69
c99fda81	631cf6fc,7c5cfb6f,7da46ddd,12d8954d
c9a2c302	39694c69
0c9a62d0	19bc25fd
c9a9fa4d	39694c69
c9afe58b	52ce7370
c9afffd5	c52ad410,13003f6e
c9b17ac7	52ce7370
c9b4a2e6	94393069,861ab707
c9b6b44c	a4f1a6c6,358e4e85,6ba51265,424a544a
c9b71060	3e782660
c9ba2b7d	9deb246d,955d3f51
c9ba42c6	4497a02c,f1551f13
c9c319b3	a4f1a6c6,358e4e85,6ba51265,424a544a
c9c44729	e52c962a,1eba7eaf,a6e6071d,bf95c0c6
c9c6146a	52ce7370
c9d1ff45	861ab707
c9db36a4	39694c69,0006228a
c9e0aee4	52ce7370
c9eaacd2	a4f1a6c6,358e4e85,6ba51265,424a544a
c9efcd40	94393069,861ab707
c9f58da7	52ce7370
c9f5d96c	52ce7370
c9f8cbdf	52ce7370
c9fc7f06	54dbcc01,688fbadb
c9fd78a4	52ce7370
ca01d5f1	52ce7370
ca0697ce	acde460f,dcc919db,7b40496d,c3962bbd,e2ebaeae
ca09f714	39694c69,923a6c6e,21e0ae9b,47d9c4f9
ca0bfeda	152e9eec,7d59d9b8,6519f22c,ab78b87d,39572fa0,9449ec6c
ca0ebb6b	1487fca1,40e50d9d,a1b42c73,86f7f324
ca10061b	52ce7370
ca138e80	da78efeb,acecaf4c,b8a4eaf7,0311cc7a,b619836a,9f19049a,443a3ffe,62dd589f,3031ff65
ca139a90	ef10b158,1e3e50e1
ca13b13e	695a3627
ca13d1b3	52ce7370
ca16dc52	39694c69,15d1718e,43fb7a9c,71a43923,9802922a,ac071e8e,df5e8ebc,90514383,0a5072c5
ca1768ae	a4f1a6c6,358e4e85,6ba51265,424a544a
ca1ea2e7	87c264ea,63a587b4,8d30cdc7,a4c500db,359bfbae,ad3e9df1
ca1f3cfa	39694c69,53536c60,ed4381f2,a43458d9,1c93d9d3
ca202717	54dbcc01,688fbadb
0ca23b22	d42bfe01,b72d2da1
ca24b97f	94393069,861ab707
ca24bcd6	e50beb22,b664d91b,bfaf8233,582b1c95
ca2b3d1a	156ef672
ca3082db	39694c69,a28d3cd2,8d06c756,cd5ebd4a,4cee3acd,cb673b26,25570c39,4650e763,aec23ab2
ca33581d	3e1b680a
ca34fb3d	52ce7370
ca38b35f	4497a02c,9c0300b1,63d5282e
ca3e700b	9e31c1bd
ca45674b	52ce7370
ca485a3b	b533dee6
ca491dfd	4497a02c,9c0300b1,65fdd711
ca4b9e45	9e31c1bd
ca4e3b76	39694c69
ca5215a6	52ce7370
ca58ca30	52ce7370
ca5abbc3	126315cb
ca5f9efa	4497a02c,9c0300b1,6d2c033c,68a60e7f
ca657970	a4f1a6c6,358e4e85,6ba51265,424a544a
ca6e0610	52ce7370
ca71e921	52ce7370
ca7472a9	39694c69
ca771d4d	f99692c5,5178ed0d,8d96d0eb,65a7626c,eb57aee6,67c7a621,e2a797c4,147610e1,92657bb9,5516b632,225a0f31,2a51e6b2,dc3e7852
ca78051c	bd46d14d,c20846eb,1120e9d0,2e71a3fa,da8e4b93,75030de2,df781ae0,03861955,25bc45be
ca78ee3a	bcf6bc33
ca798ead	39694c69,53536c60,ed4381f2,a43458d9,1c93d9d3,f5216bcf,c602a40d,ae8834fb,91fa17ab,111e88f1,89f6f8a5,4ebd1bb2,4b8a0cef,d89abf3a,7c564be4,fcf1f8c5,472143bf,81d269f1,445ee13f,4bfb77d1,604cb8a8,4d525275,1b332a89,10fded56,f2564478,2fd57652,8aab7e64,65bd861b,e51224df,0b3b3b39,66359d4f,f6b0f1c0,708fd580,034d5002,09237912,50a41601,76cbe174,fc9e0f04,93be621a,5d5733ad,cd9c73df,94b05d44,9762d059,405d4257,950270d7,702e331c,70823eaa,daf56fb3,060f8f36,bb1a29f4,56638432,2b438d00,2bd5f7fe,95ee8dfe,d02acf3d,4b14a013,52d6f1b8,b4c59a3a,9c2397c2,6049d326,0aee9e47,5917cecc,6ee3cd6f,a3f29c27,a19c769f,e1759237,26d875d0,a6f8571a,537df9d7,c200c181,3c1b2601,184e2362,b58c4b95,906164f9,b6394a5d,364ef38a,bfbc3131,9a3d6880,2df3b4fa,acb06c15,9068b149,8f7cac60,b56d9714,862f6f6f,3c733797,8a7aa776,93df5feb,98adf974,6449cdda,d7ccd848,5c662a54,726c2c55,3d034923,4f2692d2,26f469a5,76309fab,81acff2d,dfdfb862,e4a0a063,b94bf80f,b3d640f1,923fff04,5a13cec6,4c99bf36,a8ba8984,013c3efa,4f5d2801,468df202,5ee16a49,7a269d91,951e2b43,32b2970e,ddffe738,1ded4f5e,7855c475,5b3e7333,f6194067,9ead75f1,050ba956,4aee3322,522eee1c,f7bff4f4,2c26e48b,2b55ab18,dd9df0df,73327df2,2e75793e,faed2e70,56e2f38d,d4cdacfa,b75124e9,a493683e,71a98d1c,dd71f8a2,c450a93c,421e42cc,804b328a,d6c03889,398d69b1,93028229,da64f69b
ca7a0b56	39694c69,4a0dddd9
ca7d0c2e	52ce7370
ca7defff	10aeb821
ca7ec425	52ce7370
ca7f5d23	2113ce38,0d75535b,37313dad,212e835f,4269bb4a,efa938d5
ca7f9624	39694c69,af77c70d,ed4381f2,a43458d9,1c93d9d3,f5216bcf,e2dc42cb,ef4c1064,050a25d7,234a0a79,c3c175ca,4ebd1bb2,d454474a,689b5772,c53f71f9,6bdb00af,58348094,c1f5412b
ca854ff5	4497a02c,9c0300b1,27a02b3a,dec30233,ac00bd22
ca85a599	39694c69
ca8c9050	52ce7370
ca8c986e	4497a02c,53536c60
ca8e8ede	aa31c3a7
0ca921e6	ede44e83,1e82d231
ca949198	4497a02c,9c0300b1,a0480510,2d804596,28b3a907,f4845073
ca958282	3f73f92c
ca976c67	b6a18211,034a19b4,feaf57a9,9ed6c303,06384150
ca995465	52ce7370
ca9c1f92	7f5677c3,003661f2,708451de
ca9e2bee	4c98f7e6
caa05887	d8586ff0
caa07dfd	4497a02c,53536c60
caa28d5a	de5cbb69
caa30eed	52ce7370
caa9553f	8976ecb1
caaa0e69	56181287
caac16cd	39694c69,36e3c16f
0caacd9c	5fc0aae4
caaf6912	8eff99e3,51dbce07,43917f34
cab19889	4497a02c,9c0300b1
cab1af80	4497a02c,f1551f13
cab699d9	39694c69,35c2602e,9dc12771,59af540c,b3779fa7,78cdc18d
cabc5a6b	39694c69,2724536b
cabf597b	52ce7370
0cacacee	56aae11c,32e23036,ac479368,fcd9c7e9,20748447,375ccc6b,d33a70ef
cacd42d2	341d8e4a
cad17c21	a4f1a6c6,358e4e85,6ba51265
cad67f0e	4497a02c,9c0300b1,56b61c48,4ffb9739
cad686b2	192829b9
cadb8fc1	52ce7370
cadc810b	bcf6bc33
caddc9ac	52ce7370
cae61823	39694c69,53536c60,ed4381f2
caeb2673	39694c69
caed113a	b8d3ec3d,f5ff1be2,efe3034b
caed38c9	39694c69,53536c60,ed4381f2,a43458d9,1c93d9d3,f5216bcf,c602a40d,ae8834fb,91fa17ab,111e88f1,89f6f8a5,4ebd1bb2,4b8a0cef,d89abf3a
caed6d4d	23f6c302,35b16abf
caf74fad	52ce7370
caf7e647	b8d3ec3d,f5ff1be2,efe3034b,a43458d9,1c93d9d3
caf85b52	32508d87
cafb19ba	39694c69,53536c60,ed4381f2,a43458d9,1c93d9d3,f5216bcf,c602a40d,ae8834fb,91fa17ab,111e88f1,89f6f8a5,4ebd1bb2,4b8a0cef,d89abf3a,7c564be4,fcf1f8c5,472143bf,81d269f1,445ee13f,4bfb77d1,604cb8a8,4d525275,1b332a89,10fded56,f2564478,2fd57652
cb0166c3	955d02fb
cb030561	acde460f,e52c962a,c647281d,667c86b4
cb030787	39694c69,b0623e6f,a8bda540,c4248c2d
cb0a97f0	4497a02c,9c0300b1
cb0c7e35	39694c69,b3dfbdee,9676b391,75904040,8519d683,cbed5d55,84cfb4a8,0bcf1c36,e62be4f8,c6b2f3fc,cf917099,95467377,69e030d6,1c346ba3,67501797,9ac3063b,cc64b7fb,e279588e,c7e14fbb,1ceee408,6adce988,e589ebb8,51e8ce0a,f2d73efb,87fa8f73,02fa9fa8,33247521,e61275eb,ac7411d0
cb0d39ac	b8d3ec3d,f5ff1be2,efe3034b,004f8953
cb0de2d1	52ce7370
cb14fe35	beb4c50b,03fbf95a,993fec2f
cb15e8fc	804a1ca3
cb1635a8	4497a02c,53536c60
cb1a11bf	52ce7370
cb26035a	4497a02c,53536c60
cb267243	4497a02c,9c0300b1,80f94823,3ba44309
cb2c0510	687e495f,6dafc793
cb2e22c1	4497a02c,9c0300b1,ed4381f2,a43458d9
cb314709	05258515
cb341902	4497a02c,9c0300b1,26bed42b,0091e4f9
0cb3699b	88b20e1d
00cb3990	39694c69
cb3c4041	66e14441
cb4059eb	52ce7370
0cb429d5	52ce7370
cb43c694	4497a02c,f1551f13
cb46b243	4497a02c,9c0300b1,ca686334,e614a13c
cb527bdb	c311c08f
cb541fea	39694c69,de5cbb69,dfcec6c9
cb632170	4497a02c,9c0300b1,6a922478
cb63a2fe	4497a02c,9c0300b1,dcc919db
cb6bcf57	52ce7370
cb6e8876	861ab707
cb72e5c9	a4f1a6c6,358e4e85,6ba51265,424a544a
cb750ff6	f9d8e7d9,fc511127
cb78dcfe	c52ad410,31f31f34,fd05d678
cb7b8f94	95bbbf7e,a4c27d79,666c3fc6,964858db,2f70acd0
cb84bb09	52ce7370
cb8628a2	4497a02c,9c0300b1,246ba43d,6d2c033c
cb8c7664	52ce7370
cb8d35bf	4497a02c,9c0300b1,ca67f614,78f1aa64,0f0777ba,ffe4d809,f3ab0f13
cb8fe2bf	4497a02c,6bd4765a,acac6bc0,b29cee76
cb91bc80	39694c69,53536c60,ed4381f2,a43458d9
cb997639	bcf6bc33
cba5748b	52ce7370
0cba8565	52ce7370
cbaa3bb9	bcf6bc33
0cbad4b5	39694c69,06cd846b
cbaf17e1	52ce7370
0cbb4bca	4497a02c,9c0300b1,ed4381f2,a43458d9
cbb52cbb	52ce7370
cbb56416	9deb246d,8149efc7,6502e49d,4a39cc11
cbb6035f	52ce7370
cbb89e79	b8d3ec3d,f5ff1be2,efe3034b
cbbd1062	39694c69,53536c60,ed4381f2,a43458d9,1c93d9d3
cbbf4701	52ce7370
cbc0744e	39694c69
cbc0f8dd	52ce7370
cbc45b1e	b8d3ec3d,f5ff1be2,efe3034b
cbc49f93	52ce7370
cbc83bfb	39694c69,53536c60,ed4381f2
cbcbae68	4497a02c,9c0300b1,6d2c033c,ed9bfc62,b9b26224,3e2d7ee2
cbcd5886	bedd91a7,6d1d43cc
cbcdbeee	52ce7370
cbd0564d	39694c69,de5cbb69,9088d686
cbd7ebce	52ce7370
cbddfd50	d918c1e8,523c8ecb,d697b8e7
cbe09427	03fbf95a,993fec2f
0cbe42fd	39694c69
cbe57b7b	52ce7370
cbe6632f	52ce7370
cbe95ace	39694c69,c7fb2350
cbed7580	f00b64c1
cbee014e	3296fc12,5e580707,d4e0dd4d,92202a7e,688c3481,03fcd3a3
0cbf0036	ef10b158,ecbd834a,9e7e449d,97a35a73
cbf1e479	837dda49,a8aceca4
cbf41ced	c52ad410,fb629045,69dfb8ce,9bdeb816,46747927,bb1385a4,f28dae3e,bd0ae48d,622e64d2,fa780c10,9d52a066,096e3c87,96060714,20a21f36,736dc35d,b24a475a,8acda39c,e7209a65,673faebb,732baa56,1a2c86d0,f5d3bc9d,2081284d
cbf79c2c	39694c69,53536c60,ed4381f2,a43458d9,1c93d9d3,f5216bcf,c602a40d,ae8834fb,91fa17ab,111e88f1,89f6f8a5,4ebd1bb2,4b8a0cef,6dae73f5,3ecadff7,ffdd612f,9896617d,e5a88bd6,e5b0089c,5bad76c8
cbf7e343	52ce7370
cbfc402e	52ce7370
cc0828e5	52ce7370
cc08eb00	bcf6bc33
cc0a21c0	4497a02c,53536c60
cc0c0f5d	4497a02c,9c0300b1,ca686334
cc10de20	a4f1a6c6,358e4e85,6ba51265,424a544a
cc1519ac	951d7646,eaf4363e,df1b6297,0cf79ac1,16a4a618
cc1593e6	52ce7370
cc15b505	39694c69,4986e3ba
cc1af731	39694c69
cc219ea3	4497a02c,9c0300b1,476810e3,9cdd48c5,dd254f13,1b0f807c,9bcfd15a,7e26dcff,74077bc9
cc23f933	dc5bb57a,a63b1a71,befddac3,55ad616e,8cfb7e41
cc26703b	b478119c,06c56270
cc2ce4b0	4497a02c,9c0300b1,ded1f5f5,511da7c3,6689cf44
cc2d9dd9	b8d3ec3d,f5ff1be2,efe3034b,6651c037
cc2f6e82	52ce7370
cc30a75f	ef10b158,0fce0274
cc3224e2	52ce7370
cc3376d3	39694c69,712393d5,d07df9e9,6444fbfe,6fa488fd
cc34dc1d	52ce7370
0cc36923	39694c69,39f955c9,9e7ce499
cc385793	39694c69,53536c60,ed4381f2,a43458d9,1c93d9d3,f5216bcf,c602a40d,ae8834fb,91fa17ab,111e88f1,89f6f8a5,4ebd1bb2,4b8a0cef,d2b6a6b2,ba153a3b
cc3bbb0a	ca37cb06,de118265,4288db15,7a578f03
cc3c1ca4	39694c69,53536c60,ed4381f2,a43458d9,1c93d9d3,f5216bcf,c602a40d,ae8834fb,91fa17ab,111e88f1,89f6f8a5,4ebd1bb2
cc3e6809	52ce7370
cc40cf07	39694c69,af77c70d,ed4381f2,a43458d9,1c93d9d3,f5216bcf,e2dc42cb,ef4c1064,050a25d7,234a0a79,c3c175ca,4ebd1bb2,d454474a,689b5772,c53f71f9,6bdb00af,58348094,248e5540
cc413758	39694c69,b6b8cc9a
00cc4843	aa455eab,cc24d463,9af9f323,92c29e94,95f9bbeb,185b1b31
cc4ce1b5	39694c69,0fc5b604
cc51afc0	9979c920
cc529083	4497a02c,9c0300b1
cc54a332	b7869525
cc57d59c	266ab640,c351048e,ee154f94
0cc594ab	39694c69,0e74e3af
cc5bad80	52ce7370
cc5f8cfe	52ce7370
cc5f9c58	52ce7370
0cc627c4	52ce7370
cc671f51	82d9216e,a56fb148,ded3f2c2,8e7b6f79,908c1738,d08c823f,2f878963,6291b135,5d9047a1,29a7887b,1ad7d5f2,5b3acbfd,9b6ba4ba,d30fdcd2,a47e342e,40c2babb,11604ad6,c0917161,83f26e39,7eb85b98,35b38e74
cc69b93b	4497a02c,53536c60
cc72eb1f	52ce7370
cc793a59	52ce7370
cc7a5057	39694c69,5e94324d,7aaa58b2,993fec2f,3c8fc254
cc803e56	ba93dff3,6d5d1e1a,896171a5
cc8091a9	b8d3ec3d,f5ff1be2,efe3034b
cc80bdce	639c7070,ef46bbd3,cb433269
cc86a020	52ce7370
cc8b1a4b	39694c69
cc8c5e98	52ce7370
cc8c7a7d	52ce7370
cc8d3700	52ce7370
cc94aac7	1487fca1,40e50d9d,a1b42c73,86f7f324
cc966326	52ce7370
cc9b066c	52ce7370
cca0555b	39694c69,6282b804,d068dcd5,b0000daa,3c894c0f,f632489f,17683f34
cca6abbe	1e3bbce9,b83c1deb,8ce21c36
cca7485e	52ce7370
0cca7efa	ef10b158,da08121c
ccaa9706	52ce7370
ccaec107	52ce7370
ccaf1297	fd5ca57c,1e31872e
ccb24716	2ced8593
ccb6adb8	52ce7370
ccb984a7	52ce7370
ccba1582	52ce7370
ccbf2eda	b3b6518b,6363b47f,4029f3f3,8874052d,fb4007bf,0aebf03f,3166bf6a,e63af03a,c25963da,54353221,8324e7a2,d32c8584,3c8d5e5a,9e40908f,18d6b2f9,4da03e3d,ceb47cce,4263b821,3de3d711,4be4feb8,19d5bddb
ccc14bd5	52ce7370
ccc3dde6	0dd10c61
ccc4f92c	4497a02c,9c0300b1,ed4381f2
ccc9fb5a	695a3627
cccd129a	52ce7370
ccd1fb4c	592e712e
ccd6a616	152e9eec,7d59d9b8,6519f22c,ab78b87d,39572fa0,9449ec6c
ccd74032	24877cee,c4e53889,6f5d287c,05d7f9bc,b7d8a761,8a9ca2b0,34619eb6,7d579ace,1b8cb4ae
ccd9a1f0	39694c69,0fdaca91,d028f1a9,cf5c063d,e0896376,b571deda,4a6acbc4,a1026044
ccdb93cd	52ce7370
cce00cc2	b1eb4e6b
cce3846f	52ce7370
cce73938	52ce7370
ccf12b17	39694c69,7f1c9b32,2a673ac5,f5548153,5787492c,65378ba2,69c1eaf5,dee65538
ccf4f829	4497a02c,f1551f13
ccf674f0	a4f1a6c6,358e4e85,6ba51265,424a544a
ccfa3ed0	dee65538,b846a154,0e0dfee5,96852e56,79fa8d00,1ad76ed6,d6888945,ed96ebd0
ccfcc1d9	f01b4941,fcad088b,0621d0af,bbd35713,37dd692a,eda7bc2b,71e3beaa
ccff5336	39694c69
cd03154f	52ce7370
cd04cab5	39694c69,e985e10b,982295de
cd06c055	d8cbf496,0d00a57a
cd0800c9	52ce7370
cd08ba4d	39694c69
cd0b5704	3d735a42,4f1c5330,f09ccf3d
cd10ef5c	52ce7370
cd1203ef	52ce7370
cd13f43a	52ce7370
cd15a0ac	b6a18211,034a19b4,feaf57a9,9ed6c303,06384150
cd1ccea1	9a9d5b6e
cd206970	52ce7370
0cd20db9	a4f1a6c6,358e4e85,6ba51265,424a544a
cd274bba	39694c69,3d4f1e77,7812b78b,e91dc205,5ac37762,fba9554a,60c51f06,87b35680,7ea3f312,2c8f0e77,4d739ccd,f35a04bd,05c020fe,e0e9f340,da0fd988,910d8b16,d7899c49,ae64e59f,718ce286
cd2cdaa2	54dbcc01,688fbadb
cd325d08	e15fb3a5,73bf48e9,718ada1a,1fe82bee,e958f08e,d618c61a,138292d0
cd3ad6f3	39694c69
cd3c597b	4497a02c,53536c60
cd4421ff	52ce7370
cd4a5ffa	4497a02c,9c0300b1,3c0e1600,e558ed7e,4d0d610c,bfcfd648,1f0cd978,e0c47c2b
cd4c210d	459ee731,3fc0ff2e,17109762,12234d27,932ad755,6c8da709,b72bc8ff,2ea296c8,8ffcb1cc,a08a52bf,52899fbf,4ee66808,b90e86eb,16ec1a76,b70ab569
cd4c69e5	a4f1a6c6,358e4e85,6ba51265
cd4e5341	4497a02c,9c0300b1,6d2c033c,efbd9f4a,857a1a01
cd544a24	993fec2f,1fcea4c1
cd556074	39694c69
cd5c21f8	2869d24a
cd5d955e	5db7b8ed,6ef74a27
cd61595f	1e925c04
cd627c86	39694c69
cd6726de	52ce7370
cd67d2b1	52ce7370
cd69393e	94393069,861ab707
cd6bc3b2	52ce7370
cd6cb9db	4497a02c,9c0300b1,7f62cacd,12d8954d
cd6d4615	52ce7370
cd708187	39694c69,b9028ee5
0cd7458b	b8d3ec3d,f5ff1be2,efe3034b
cd74a58e	52ce7370
cd79f5f6	52ce7370
cd7b3f29	acde460f,40f46440
cd7c5941	ab401886,30120d7b
cd7f2090	ebe871a1,fde72ad5,688fbadb
cd8164c6	561543b7,b82beac1,75552515
cd8565d8	39694c69
cd88f6be	39694c69
cd8bdd67	52ce7370
cd902352	f5b3ef0e,5c615ba7
cd9071d8	39694c69
cd944af8	b8271c67,369a4e78,0f886e22,9bf2ddcb,92fc53a3,8c58ff4a,f22bdde9,79a93ef2,c4395b1a
cd95c3da	4497a02c,9c0300b1
cd9a4434	4497a02c,9c0300b1,9f90b58d,77c639b7,c015fc4b
cd9e67b3	b0706ebf,65077366,9cf558ef,ce97cd9e
cda1f5bf	4497a02c,9c0300b1
cda29dd7	156ef672
cda4b2bf	52ce7370
cda7d138	4497a02c,9c0300b1
cda8a12e	e0fdb83a
cda8f1dd	b8d3ec3d,f5ff1be2,efe3034b,b2457bea
cda9bf0a	52ce7370
cdab7136	39694c69
cdb002fe	52ce7370
cdb1dc09	4497a02c,f1551f13
cdb2d66c	9deb246d,955d3f51
0cdb6539	52ce7370
cdbf43f2	39694c69,53536c60,ed4381f2,a43458d9,1c93d9d3,f5216bcf,c602a40d
cdc0b7c1	c6528e4d,33859c8e
cdc315cf	a4f1a6c6,358e4e85,6ba51265
cdcc23f4	4497a02c,9c0300b1
cdd157cf	db57520e,73989c78
cdd34296	d0ebc785,1080205e,a9c73155,b97bc3d1
cdda9eae	95df0fb6,81bfe334,af95091b,e4d019d3,05074984,5b1b2a2a
cddcb676	363013e0
cde44a8f	a4d0f1e9,88bc7241
cde7447d	4497a02c,9c0300b1
cde8ab25	de15cf98,e89548c2,051dc86f
cde8dce0	52ce7370
cdea3f3a	52ce7370
cdec5893	1e3bbce9,b83c1deb,8ce21c36
cdf1be26	c52ad410,fb629045,69dfb8ce,9bdeb816,46747927,bb1385a4,f28dae3e,bd0ae48d,622e64d2,fa780c10,9d52a066,096e3c87,96060714,20a21f36,736dc35d,b24a475a,8acda39c,e7209a65,673faebb,732baa56,1a2c86d0,f5d3bc9d,2081284d,d9bb6733,97eaac83,d6ef5830
cdf21dd3	4064b1fa,6e8e785e,7af8296f,06e68483
cdf684ad	39694c69
cdf77404	39694c69,3485907e
cdf9e5f8	52ce7370
cdfb36ba	52ce7370
cdfdf19d	52ce7370
ce034172	52ce7370
ce04905f	39694c69,7c829a50,a819772b,7754dcae,35b78338,0f0367af,19692d9b,bd46d14d,8e2c7504,41312adb,3d8858b0
ce0faaa4	52ce7370
ce164681	4497a02c,9c0300b1,4b971e6b
ce189ce3	39694c69
0ce1a520	52ce7370
ce1eda59	39694c69,f93b7ad5,96b5162f,7f880865,27cca8c2,8df62134,572fc984,af403d4d,dddbd028,4b971e6b
ce1ef8a9	adcb8e35
ce20c241	c52ad410
ce255f0b	39694c69
ce327b3d	4497a02c,9c0300b1
ce343e69	39694c69,53536c60
0ce39421	7d3802ff
0ce3a90a	c52ad410,efa7f489,b6f3e815
ce4465dd	bedd91a7,6d1d43cc
ce45b49f	a4f1a6c6,358e4e85,6ba51265,a23a4c9d,2bcf1fa4
ce47332c	4497a02c,9c0300b1
ce48a726	a4f1a6c6,358e4e85,6ba51265,424a544a
ce4bbeaf	5db7b8ed
ce4de0fb	c52ad410,fb629045,69dfb8ce,9bdeb816,46747927,bb1385a4,f28dae3e,bd0ae48d,622e64d2,fa780c10,9d52a066,096e3c87,96060714,20a21f36,736dc35d,b24a475a,8acda39c,e7209a65,673faebb,732baa56,1a2c86d0,f5d3bc9d,2081284d,1a5d75f0
ce579209	52ce7370
ce58a415	52ce7370
ce5a6e81	54dbcc01,688fbadb
ce5e02e8	39694c69,53536c60,ed4381f2,a43458d9,1c93d9d3,f5216bcf,c602a40d,ae8834fb,91fa17ab,111e88f1,89f6f8a5,4ebd1bb2,4b8a0cef,d89abf3a,7c564be4,fcf1f8c5,472143bf,81d269f1,445ee13f,4bfb77d1,604cb8a8,4d525275,1b332a89,10fded56,f2564478,2fd57652
ce5e21f7	7eefa621,6c8881e2
ce5ec358	2b95a925,ac9172f3,6a989428,93697ef3,757f8af9
ce64aaff	52ce7370
ce6bbe67	a4f1a6c6,358e4e85,6ba51265,424a544a
ce6d8e26	c52ad410,e7149166,4040ea96,dd3c0c75,d90af9b3,f18a4949,767a0fb4,e05a433f
ce7449d6	52ce7370
ce7b434e	5a0f814b,8d6715f6,4db43167,d200583e,e67ebedc,2ff44a7c,e43cceb0,abf88522,7d134e78,6dc2f345,4e5c34de,23e55cf7,003b8e0a,8c9a4018,9ff24177
ce7d6e3f	9a9d5b6e
ce82fd9b	0db75173
0ce83c24	52ce7370
ce870d99	ef10b158,f9e9b81f,fd025009
ce89df3d	39694c69
ce90ecb5	52ce7370
ce9aaa17	52ce7370
ce9abfbb	39694c69
ce9bc663	4497a02c,53536c60
ce9dfce1	4497a02c,9c0300b1
cea5761e	52ce7370
cea5962b	52ce7370
cea7edd9	4497a02c,9c0300b1,c27f1247,8a8d8cbb
ceabc3ac	52ce7370
ceae57a6	c56711af
ceb1b274	4497a02c,9c0300b1,a4f1665f
ceb745fd	52ce7370
0ceb9bab	f0765397,c8a9ff0f,8099369a,61e5b1d7,8103639f
cebdbb4f	8e7b6f79,908c1738,965b8f37
cec0e2eb	52ce7370
cec1a3d8	1e3bbce9,b83c1deb,8ce21c36
cec1a979	39694c69
cec2088f	4497a02c,53536c60
cec7526d	4497a02c,9c0300b1,c00c5ba3,a0a68919,a1b42c73
ced3bf76	4497a02c,9c0300b1,e52c962a,87a708fe
ced44f12	de9ad6e8,35746be9,7bbe576d,ccbb967e,6533e4c1,72d4d999
ced51d35	4497a02c,9c0300b1,2227b105,7245dd55,a9b69beb,be2ea3b0,301bc489,8cef2c2b,43cdcf3b,1ae2e704,2e1a0c37,0c908cda,74ef00bd
cee16981	4497a02c,9c0300b1,f4e08ea1,ca686334
cee2a298	52ce7370
cee51628	bcf6bc33
cee9e9b8	3de9df09
cef0930d	52ce7370
cef7d3de	4497a02c,9c0300b1,ed4381f2,a43458d9
cef86178	4497a02c,9c0300b1
ceff763b	52ce7370
cf0061c3	861ab707
cf079cce	48530caf
cf13a384	39694c69,87f00764,b3ee68d5,67b825a4,a261fa78,9e067744,65535eb3,512ab087
cf19055a	95bbbf7e,466d7535,0c962951
cf1c196c	569aeac3,0c6023ee,fd8c731e
cf1e01bb	52ce7370
cf208830	39694c69,53536c60,ed4381f2,a43458d9,1c93d9d3,f5216bcf,c602a40d,ae8834fb,91fa17ab,111e88f1,89f6f8a5,4ebd1bb2,4b8a0cef,d89abf3a,7c564be4,fcf1f8c5,472143bf,81d269f1,445ee13f,4bfb77d1,604cb8a8,4d525275,1b332a89,10fded56,f2564478,2fd57652,8aab7e64,65bd861b,e51224df,0b3b3b39,66359d4f,f6b0f1c0,708fd580,034d5002,09237912,50a41601,76cbe174,fc9e0f04,93be621a,5d5733ad,cd9c73df,94b05d44,9762d059,405d4257,950270d7,702e331c,70823eaa,daf56fb3,060f8f36,bb1a29f4,56638432,2b438d00,2bd5f7fe,95ee8dfe,d02acf3d,4b14a013,52d6f1b8,b4c59a3a,9c2397c2,6049d326,0aee9e47,5917cecc,6ee3cd6f,a3f29c27,a19c769f,e1759237,26d875d0,a6f8571a,537df9d7,c200c181,3c1b2601,184e2362,b58c4b95,906164f9,b6394a5d,364ef38a,bfbc3131,9a3d6880,2df3b4fa,acb06c15,9068b149,8f7cac60,b56d9714,862f6f6f,3c733797,8a7aa776,93df5feb,98adf974,6449cdda,d7ccd848,5c662a54,726c2c55,3d034923,4f2692d2,26f469a5,76309fab,81acff2d,dfdfb862,e4a0a063,b94bf80f,b3d640f1,923fff04,5a13cec6,4c99bf36,a8ba8984,013c3efa,4f5d2801,468df202,5ee16a49,7a269d91,951e2b43,32b2970e,ddffe738,1ded4f5e,7855c475,5b3e7333,f6194067,9ead75f1,050ba956,4aee3322,522eee1c,f7bff4f4,2c26e48b,2b55ab18,dd9df0df,73327df2,2e75793e,faed2e70,56e2f38d,d4cdacfa,b75124e9,a493683e,71a98d1c,dd71f8a2,c450a93c,421e42cc,804b328a,d6c03889,398d69b1,93028229,da64f69b,43e41f6f,fb4a61ab,e89814ce,cdd03d8f,f6cd5ee2,de009e09,e0adb87e,1cb615d8,359a069c,413127a8,51095af7,65b680f4,7ded2dda,103ae0f7,d17b0c2c,0fb80ddd,029325f6,ca6f569b,0565bd25,67dc2823,ff48c2ad,9252394f,80090302,964567de,c2a8473b,3da3ccb5,a256c5dd,a672bd3e,90bdd0a7,be4f9b0a,d728c911,40d8f2cd,cfe04985,056f2fed,772027e0,19b984a9,fb81fdf5,a26a9b0a,2c979750,028fce37,921e3a7e,49ebd606,3e6c889a,b7e8bd05,414d5038,dc0ab963,b34e524a,126d8b3d,3b3f1b44,baecc1d1,f216cb24,f9309e55,3836cb34,695243ad,c4a5e1dc,cafd8439,c75364c6,09bafec5,cac8f6a2,c0eacd22,70a8bbcc,e9835869,ed9eedfd,a479cd0d,8c28e840,b5e9215f,d64b2f71,1cebb22e,129f0161,6050c72a,82869822,10cd08a9,62718490
cf277f1e	efa938d5
cf2923d0	2e16f017,d08deab4
cf294c20	a4f1a6c6,358e4e85,6ba51265,424a544a
cf2ea2a0	311e04b5,77dbce3e,56985896,5d6feb30,23602710
cf32762e	19df91a3,79bc1aa1,cb7b7504,d454474a,689b5772,c53f71f9,30c7c4c6,58348094,79ba395f
cf32bdc4	52ce7370
cf380be3	52ce7370
cf382ca7	2feed677
cf39973a	4497a02c,9c0300b1,9d7db85b,8d3e5fd2
cf3a4029	52ce7370
cf3cfda0	a4f1a6c6,358e4e85,6ba51265,424a544a
cf42edbc	39694c69,3485907e
cf4a60f5	4497a02c,9c0300b1
cf4e64ac	3f19cae6,36765160
cf5380be	569aeac3,0c6023ee,fd8c731e
cf564ba7	94393069,861ab707
cf5800fb	52ce7370
cf62666b	4497a02c,9c0300b1
cf6ed473	3296fc12,5e580707,d4e0dd4d,92202a7e,688c3481,03fcd3a3
cf74eb03	39694c69
cf76e650	43554044
cf76f4cb	ede44e83
cf7aa117	52ce7370
cf7df1a8	39694c69,ded16703,c5ad18fd,f6d4a694,e85ccc50,d188701e,8a669923,c74faa64,3ccff15d,6b97ff64
cf7f0c7a	52ce7370
cf80de5b	b8d3ec3d,f5ff1be2,efe3034b
cf811d95	4497a02c,9c0300b1,065290ae
cf812837	ca473d07
0cf8931a	52ce7370
cf8d9d8e	52ce7370
cf909a59	a4f1a6c6,358e4e85,424a544a
cf912d2f	52ce7370
cf920ac3	569aeac3,0c6023ee,fd8c731e
cf932d61	52ce7370
0cf95cfc	a3c54e13,31f0e5e4
0cf9a0a6	45167447,1487fca1
cf9a5814	52ce7370
cf9ae2b8	a4f1a6c6,358e4e85,6ba51265,424a544a
cf9faee9	39694c69,53536c60,ed4381f2,c48f4c97
cfa1594e	52ce7370
cfa1f020	5c7fbc26,b8b07e32,a1cbfa9f,5272bafa
cfa214cb	4497a02c,695a3627
cfa35c3c	1d3a293a,57d7e3c7
cfa59a4f	256cb482
cfa69295	af485d0f,96b2c679,cddc98f9,115af594,b1eb4e6b
cfa76579	f9e4825c,e60b9e9a,76d7dedc,d6b24240,c4d774db
cfaa5f4a	3aec7b78,5f7a7dd0,cd863b72,5c0b77ff,74a87d4a,03825872
cfb0f8db	52ce7370
cfb3e700	52ce7370
cfbaf32e	52ce7370
cfbb83e8	d918c1e8,efe0c328,88ccdbcc
cfbcc8f2	61477743,de118265
cfbd9a7a	bcf6bc33
cfbf1a58	da66143b,0bca7e05,59d90650,df05e446,c0a53348
00cfc1b9	52ce7370
cfc29b32	52ce7370
cfc3847a	39694c69,20c5ecd2,7f5322a7
cfc69931	52ce7370
cfc75195	b1c0b0bb
cfc8d3e7	52ce7370
cfd1a702	52ce7370
cfd3ab29	52ce7370
cfd3e3fa	14e1f474,f32b9f8a
cfdc7ca9	39694c69,53536c60,ed4381f2,a43458d9,1c93d9d3,f5216bcf,c602a40d,ae8834fb,91fa17ab,111e88f1,89f6f8a5,4ebd1bb2,4b8a0cef,d89abf3a,7c564be4,fcf1f8c5,472143bf,81d269f1,445ee13f,4bfb77d1,604cb8a8,4d525275,1b332a89,10fded56,f2564478,2fd57652,8aab7e64,65bd861b,e51224df,0b3b3b39,66359d4f,f6b0f1c0,708fd580,034d5002,09237912,50a41601,76cbe174,fc9e0f04,93be621a,5d5733ad,cd9c73df,94b05d44,9762d059,405d4257,950270d7,702e331c,70823eaa,daf56fb3,060f8f36,bb1a29f4,56638432,2b438d00,2bd5f7fe,95ee8dfe,d02acf3d,4b14a013,52d6f1b8,b4c59a3a,9c2397c2,6049d326,0aee9e47,5917cecc,6ee3cd6f,a3f29c27,a19c769f,e1759237,26d875d0,a6f8571a,537df9d7,c200c181,3c1b2601,184e2362,b58c4b95,906164f9,b6394a5d,364ef38a,bfbc3131,9a3d6880,2df3b4fa,acb06c15,9068b149,8f7cac60,b56d9714
cfe0e18b	94ed7583,2a16d9fb,0c8b057f,0da7d34b,d141418d,a46c12f4,d745b689,22879839,892f5bbd
cfe4e38c	52ce7370
cff39993	39694c69
cff8a055	4497a02c,9c0300b1
cffc1d67	b8d3ec3d,f5ff1be2,efe3034b
0cffd0a0	e185476a,fa2376b3,5db7b8ed,2ea5f1fa,d79addb0,fd7038b0,22521ff3,4a85ee26,d0588353
cffd8427	bcf6bc33
cffe5d4d	94393069,861ab707
d0018093	71a69f19,09f405b0,0b3de9d8,60fa1c76,7c72a9aa
d0056111	4497a02c,9c0300b1,81899ba3,86f7f324,d266ceff,b98acd05,00305afe
d00939a8	52ce7370
d00b0c5a	52ce7370
d00c2baa	52ce7370
d00f40f9	4497a02c,9c0300b1
0d0108ed	24d6f859,81e1a9e2,f9f1c451
d01510eb	341d8e4a
d0153e1f	39694c69,232b2053,f208cec9
d017a5b5	91478052,34033862,fd8c731e,56f09140,bd7447f7
d01f1254	1e31872e
0d0228f8	6e8e785e,3f61375a,b9032fbf,938cc2ac,9467f264,67f6491e,2cdce392,63dff698,11ffc042,1e269728,8ba242f4,3505cbdc,5940692f,d9ddf194,e26beeac,c49f343b,6117c055,c60f00e5,f93db240,54df7033,88e537f1,df706300,dc0b81f2,737479b5,fb49e79c
d027bad7	a4f1a6c6,358e4e85,6ba51265,424a544a
d02cd293	4497a02c,53536c60
d0305c4b	39694c69,48f9c33a,3b683fa6,b66cfe7d,6f592b54,133057ec,3319969f,8e7515cf,d09fac1c,59675226,8ae11860,4656d9b7,c0dcc778,cace1dd9,b4d6e3d2,f090956d,4af3e480,5a9cbca5
d0333892	c26ad7ec,d15ed12e,01b68fad,f6091de9,62af5e39,0632a0f7,cf944ce8,83506b09,a672f9dd,e7e6a036,5440795a
d034b243	4497a02c,9c0300b1,b76a0aed,91a67fe2
d034e654	4497a02c,9c0300b1,ed4381f2
d035f582	39694c69,9782e7d7
d03abf67	bcf6bc33
d04005e1	68d8332d,3550ca42,ac07e09d,164c4c5a,160f9a00,3d9679eb,11c920b7,92246369,7fb0d459,66ce41b6,70967a94,99e903b1,8c1085b4,46642bbc
d040b663	39694c69,c5370ed8
d041eb0c	52ce7370
d0426868	b1eb4e6b
0d043a4e	1e3bbce9,b83c1deb,8ce21c36,6b094cc4,ed92a412,90f4b908
d043c65e	4497a02c,9c0300b1,ed4381f2
d04b489c	94393069,861ab707
d04c8da4	4497a02c,9c0300b1
d04d4646	948b068a,2bff179e
d04e02f8	39694c69,de5cbb69
d05088f0	8eeb321e,d12373da,6a49697e,e3584b1f,80c53426,3f198f64
d0563e34	52ce7370
d0592881	52ce7370
d05b10fe	96cfca1e,15cdaf9b
d05fc138	52ce7370
d0602d05	52ce7370
d06283a7	f16c5faa,b998f50f,ce858e01,67ff786c,1b35cacd,3a8156ce,9a2718b6,881b3db9,4a19cbcb,d6b64c84,906618ae
d0628746	39694c69
d06335b4	4497a02c,9c0300b1,ed4381f2,a43458d9
d064c27a	7a46e947,afa245f7,ffff2c87,60f6a10c,2effab05,fdd77d92,1b0cd45a,97525130,96f7b718,cd922c33,7aef9301,b777df86,e3ead610,8b4a5ad3
d06536fc	39694c69,8f21bbbb
d067a9d0	bcf6bc33
d068bb1d	52ce7370
d06c4b8e	156ef672
d0742287	39694c69,53536c60,ed4381f2,a43458d9,1c93d9d3,f5216bcf,c602a40d,ae8834fb,91fa17ab,111e88f1,89f6f8a5,4ebd1bb2,4b8a0cef,d89abf3a,7c564be4,fcf1f8c5,472143bf,81d269f1,445ee13f,4bfb77d1,604cb8a8,4d525275,1b332a89,10fded56,f2564478,2fd57652,8aab7e64,65bd861b,e51224df,0b3b3b39,66359d4f,f6b0f1c0,708fd580,034d5002,09237912,50a41601,76cbe174,fc9e0f04,93be621a,5d5733ad,cd9c73df,94b05d44,9762d059,405d4257,950270d7,702e331c,70823eaa,daf56fb3,060f8f36,bb1a29f4,56638432,2b438d00,2bd5f7fe,95ee8dfe,d02acf3d,4b14a013,52d6f1b8,b4c59a3a,9c2397c2,6049d326,0aee9e47,5917cecc,6ee3cd6f,a3f29c27,a19c769f,e1759237,26d875d0,a6f8571a,537df9d7,c200c181,3c1b2601,184e2362,b58c4b95,906164f9,b6394a5d,364ef38a,bfbc3131,9a3d6880,2df3b4fa,acb06c15,9068b149,8f7cac60,b56d9714,862f6f6f,3c733797,8a7aa776
d077b222	4497a02c,9c0300b1
d07c3128	b8d3ec3d,f5ff1be2,efe3034b
d08132d9	52ce7370
d081b0df	39694c69,2724536b
d08669e0	4497a02c,f1551f13
d0899486	39694c69,53536c60,ed4381f2,a43458d9,1c93d9d3,f5216bcf,c602a40d
d08a2fc8	237d07e3,b369b25a,8d4b4bc5,b6a2af8b
d08f71fd	39694c69
d091d905	39694c69,246e0a5e,5b9d2f46,7825be78,02d3b179,0366e7e2,e026c1fa,3c06bce9,23c37a22,043c5ede,745d9c59,cb6d23c8,50f86251
d097d972	7821783a,f447ee1b,fa9194f5,cdee3a81,6d766270,11f8c65e,8b0a1fa6,78a4bc7b
d0982e6b	52ce7370
d09c1427	4a39cc11,11820bd8
d0a30fc5	52ce7370
0d0a4fdf	52ce7370
d0a73d94	52ce7370
d0a7eae3	2a5a76c7
d0a88df4	5cd4677b,9f595148,a1cf89a6,f3bd73b5,64c66521,506227df
d0ab8c7f	52ce7370
d0ad3e2b	39694c69,53536c60,26bed42b,0091e4f9,1c93d9d3,f5216bcf
d0ada81c	4497a02c,9c0300b1
d0b176f2	e634ed34
d0b294fb	34e15bbc,692b0018,be8fed39,823492d4,ba7c4a31
d0b69ea8	39694c69
d0b84aa1	54dbcc01,688fbadb
d0b87614	bcf6bc33,fc5542a4,cc9d7b39,f59e6083,0fc6d44a,32071e86,d9fd5454,f8e2e331,4722a3a5,995a2a9f,517963a6
d0bbb6c2	44ee794d,55a5392d,2b1657b7
d0bde201	321325f3
d0bf264c	52ce7370
d0c08cef	1b5a30c0,4b971e6b
d0c321df	39694c69,53536c60,ed4381f2
d0c4e2be	a6bb22bc,2e1c5368,55ffcc09,8a302c03,24654724,22e6a08d,74e15c4a
d0c94f71	b8d3ec3d,f5ff1be2,efe3034b,64f7d9d1,9eaec247,f478b7d1,962874f6
d0ca4610	acde460f,e52c962a
d0cb4db7	52ce7370
d0cdf65c	b8d3ec3d,f5ff1be2,efe3034b
d0cf65ed	39694c69,08e6c760,750e1d42
d0d02305	39694c69,af77c70d,ed4381f2,a43458d9,1c93d9d3,f5216bcf,e2dc42cb,ef4c1064,050a25d7,234a0a79,c3c175ca,4ebd1bb2,d454474a,689b5772,c53f71f9,6bdb00af,58348094,0cc4a1fd,528551ac
d0d28e55	569aeac3,0c6023ee,fd8c731e
d0d4292d	2c56f288,e3884fe6,51d33a98,e4f4f9b0
d0df41e8	6998c114,8adbe70a,1bf3018e,4470732d,947b74a2
d0e013ac	a4f1a6c6,358e4e85,b7a0eada,99b8e741,424a544a
d0e02a85	74dc3c49,8e7b6f79,ded3f2c2,908c1738
d0e11056	1aabb5e7,3256a358,36c546cc,b872bffa,1498aec4
d0ea346f	b8d3ec3d,f5ff1be2,efe3034b,9e7d830e
d0eb1ad7	a533f992,031a3db0
d0f16fcd	e0fdb83a
d0f46e61	948b068a,ac214c66
d0f7bdda	52ce7370
d0f91d82	b8d3ec3d,f5ff1be2,efe3034b
d0fb5e6d	cb6eb787,56181287
d1020002	39694c69,9a798b20
d10ae969	b1eb4e6b
d10af6a5	39694c69,53536c60,26bed42b,0091e4f9,1c93d9d3
d10bea85	0820d546,51d33a98
d11143cf	b8d3ec3d,f5ff1be2,efe3034b
d1169368	52ce7370
d11e3ba2	52ce7370
d122796c	35c3749d,960c7aad,953a051b
d1267928	4497a02c,9c0300b1
d1273d51	397f16be,fbdcd4fb,3485907e,631cf6fc,954f6cce
d129e4d0	39694c69
d1319747	52ce7370
d136253a	39694c69
d13d9a0b	52ce7370
d13fd873	397f16be,8d8a4bbf,87c91ece,688fbadb
d142b167	6bed8eea
d144173d	52ce7370
d1488062	ef8a6baf,a599f130,6350312a,7d4163d8,767e408e,1e250e9e,87c91ece,eb4cc82e,b3381039,6966f037,3d2965fe,ed9bfc62,b8b8c953
d1494940	74077bc9,ef35fbb1
d14ee801	52ce7370
d1543790	b8d3ec3d,f5ff1be2,efe3034b
d15ad969	52ce7370
d15d553d	19df91a3,79bc1aa1,cb7b7504,d454474a,689b5772,c53f71f9,30c7c4c6,58348094,ac20163e
d15e5e02	a4f1a6c6,358e4e85,6ba51265,424a544a
d1601a3e	710a7130,3d79d2e9
d16455d6	39694c69,47ec9f69
d167011e	27a07ff6,1b882853,a2510f0c
d1671d15	52ce7370
d16951d0	4497a02c,f1551f13
d169f932	4497a02c,9c0300b1
d16b0543	4497a02c,f1551f13
d16d592b	0eb6c91a,3d674b81,59242a3d,c19fa37a,16fc9dee,6394b053,5322d7a9,8e380153
d16fe100	4497a02c,9c0300b1,6d5d1e1a,eb5c7f0a
d17034c2	52ce7370
d17364fa	52ce7370
d1740eae	39694c69,aff5eee5
d176c878	52ce7370
d176d0a7	52ce7370
d178fa90	1126d489,7378adef,582b1c95,9d346b82,800293ae,b4a30974,36f9a6e9,bf959699,fb6d0aa2
d1794427	639c7070,ef46bbd3,cb433269,77481d06,b30f4862
d17ce2f0	249dff5d
d17f6e09	52ce7370
d1827770	39a2d78e,0327223f
d182e092	95971e2c
d184d376	4497a02c,9c0300b1
d185254c	b8d3ec3d,f5ff1be2,efe3034b,b7969141
d1889090	9a9d5b6e
d18a763d	b8d3ec3d,f5ff1be2,efe3034b,835322de
d18bd1fa	39694c69,78e4da7e
d18d234a	a4f1a6c6,358e4e85,6ba51265,424a544a
d191bf49	f447fe90
d1948944	39694c69,5d02c82e,cbb0d1e3,baed270c,e0fc3c2b,f1b383dc
d195eaa5	4497a02c,53536c60
d198afee	52ce7370
d199862d	c52ad410,57d7e3c7
d19a13d1	a4f1a6c6,358e4e85,6ba51265,424a544a
d19acdf0	f1bf0869,bd38b3f2,fcba4d8f
d19ad737	e7ffeb91,e52c962a
d19c187a	39694c69,8b9e14e9
d19f0644	156ef672
d1a2dd0a	4497a02c,9c0300b1,8a35f9c6
d1a90d6d	4497a02c,9c0300b1,ed4381f2
d1adfb0c	d2175b4b,6f6e0ebe,38e2bd1b,1375f5b4,403af945,9eeb2daa,c3918e6e,ab6a2093,28a79f82,ae1abb16,4f55fce2,6a5ce05f,33c538f2,28b180ba,adfa60e3,21ce0ddd
d1bcae58	da78efeb,acecaf4c,b8a4eaf7,0311cc7a,b619836a,9f19049a,443a3ffe,2ea5f1fa
d1be8139	52ce7370
d1bfe5c3	52ce7370
d1c24f52	52ce7370
0d1c3554	bcf6bc33
d1c429b0	4497a02c,9c0300b1
d1c5a88f	4497a02c,9c0300b1
d1cc2ef3	cee34a81,2a2f9982,9cddb1bb
d1cd0b98	3f19cae6,36765160
d1d38ed7	52ce7370
d1d41145	39694c69,f5638694,daadd0dd,1d4e4f66,e8b8d9d1,79c934c2,6a99ef88,66dab7b7,b5197812,8796d8d8,3ae362e9,ecb4aa39,e50c154e,df341897,b5ec4302,f03e75f8,439c4962,cbc57459,80355dd7,9a5c2b7a,7652dfc5,e2ac8eff
d1d8050f	4f29b7c2,8294bac8,e99715f9,ede44e83
d1d8c3f6	3e516c2d,56d3cb0e,2cfd21e1,f00b73ad
d1db0137	4497a02c,53536c60
d1db467a	ff5a943f,5dfb00b7
d1dbadff	4497a02c,9c0300b1,ed4381f2
d1de4166	52ce7370
d1ea91d7	52ce7370
0d1eb239	52ce7370
d1eeecba	52ce7370
d1f1211b	52ce7370
d1f61737	52ce7370
d1f70f62	458ed350,74ef00bd
d1f8c2c8	afa29bb4
d1fe14bb	4497a02c,9c0300b1,ed4381f2,a43458d9
d1feb9ed	4497a02c,53536c60
d203f421	52ce7370
d206d21f	b23971cf,8d4b4bc5,b6a2af8b,51f5bc2a
d2104c3c	52ce7370
d213267c	32508d87
d213ffac	bcf6bc33
d2179993	4497a02c,f1551f13
d21a5d4b	4497a02c,f1551f13
d2205ecc	39694c69,f93b7ad5,96b5162f,7f880865,27cca8c2,8df62134,572fc984,af403d4d,dddbd028,4b971e6b
d2229da9	a513fe00,ff9d8f13,7fc4962f,c0125ea0,eb1dda96,7ee05687,e73ca20a,b20f9cf7,dc59bb75,3af48cee
d22acb32	b8d3ec3d,f5ff1be2,efe3034b
d22b38c6	52ce7370
d22d250f	4497a02c,9c0300b1
d230c8b0	52ce7370
d2310727	ceca809a
d2321ec6	39694c69,3d9379a3,196b6394,70a9a76b,8f3b7018,644d5b28,499220cc,f9bc4850,5e3d9881
d239b1d0	52ce7370
d23a8fd1	7da1c31a,5c9cd185,993fec2f
d23a9fea	52ce7370
d23cd071	39694c69,53536c60,ed4381f2,a43458d9,1c93d9d3,f5216bcf,c602a40d,ae8834fb
d23db85b	d7e67172,f5c0346e
d2426dc2	60fdd4b6,09bde51a,1f728006,967b2f8a
d244d795	52ce7370
0d247d20	639c7070,ef46bbd3,cb433269
d24a0c1b	39694c69,15d1718e,eb938ec9,f8b2ad76,8affd759
d24a1d67	39694c69
d24b488b	4497a02c,9c0300b1,e00b6890,d377d0dd,c4f80ff4
d24cba7f	39694c69,53536c60,26bed42b,0091e4f9,1c93d9d3
d24df899	b8d3ec3d,f5ff1be2,efe3034b
d25009c2	39694c69,53536c60,ed4381f2,a43458d9,1c93d9d3,f5216bcf,c602a40d,ae8834fb,91fa17ab,111e88f1,89f6f8a5,4ebd1bb2,4b8a0cef,d89abf3a,7c564be4,fcf1f8c5,472143bf,81d269f1,445ee13f,4bfb77d1,604cb8a8,4d525275,1b332a89,10fded56,f2564478
d2567311	e4b5bce2
d2595cd0	b2260f0f,ee69608b,abd05faf
d259d43a	52ce7370
d25bab73	52ce7370
d25bb8dc	52ce7370
d25e1298	2b498348,9ae9d9ee,50602fdb,9249d4b0,e429dbbd,c2e88925,df8cb10f,544222db,9b85745a,9a80c391,80995006,90d6f0e8,18a5f3f8,690f2892
d2668ba4	52ce7370
d2680576	b8d3ec3d,f5ff1be2,efe3034b,cd533847
d26a1ab4	e9fe44fa,a23af12f,8805c10f,9682405a,e53e98f1,5332c3b9,be04cb1e,78f3c4bf,f02e1993,38982df3,5d4e7b96,09263353,add6fedd,c3890856,fec89fde,58c66357,576dd233,7330adb1,1bc56cfe,f6399b39,a5ccf0e4,901824bf,07ff9b1b,319177b3,a9681859,cc35db06,6ae7242d,99ee9dd9,2f31af1f,c6d42a32,3ebe0469,7b0e3a44,01ffc8c1,061b1864,0cd341a0,d9645c85,34258cde,83c02bb5,9665e269,f97e6337,a13ecc19,6d416e55,48d1b443,7280be39,e2d53b14,221440f4,8c726352,dc883992,c33b02dd,22b2aafe,6e658076,ff1b38f8,c3f4d793,34a51810,13792ec7,c0cb69a4,0a97fbdf,a61e84cf,5acf0b69,33c7ac88,722256d7,472af87d,235e3c61,7d0a935a,7abe466f,0d463fb8,10ee47b3,47d1cb8e,4314ffa7,358e642b
d2735fc6	52ce7370
d27520ed	52ce7370
d277c884	52ce7370
d27b6d94	adadb097
d27c6a5f	b179015b,3e946759
d2800986	52ce7370
d280a337	4497a02c,9c0300b1,ed4381f2,a43458d9
d2853529	52ce7370
d2887f61	1e3bbce9,b83c1deb,8ce21c36
d28889de	1487fca1,40e50d9d,a1b42c73,86f7f324,a2bbd8e1,2e192aef
d28dbd8b	b9f4d7e9,5db7b8ed,2ea5f1fa,147b6910,268d192d,f0dc739d,869ab3ec,0057ee25,075d4eb8
d2901ddd	156ef672
d294beb6	39694c69,2bde03c0,72155e1a,9d405524
d29a133c	bedd91a7,6d1d43cc
d29c20ac	39694c69,53536c60,ed4381f2,a43458d9,1c93d9d3,f5216bcf,c602a40d,935d4ff6
d2a08c70	52ce7370
d2a0ad29	39694c69,53536c60,ed4381f2,a43458d9,1c93d9d3
d2a1b654	94393069,861ab707
d2a373cf	39694c69,3485907e
d2a56758	52ce7370
d2a8535d	52ce7370
d2aedaeb	7629bcb8
d2b03e3f	39694c69
d2b43a10	4497a02c,9c0300b1,fb6e9b40
d2b5629c	7c1d096b,caeac654,468f78ac,2d113f81,08741a28,db664ccd,f1d5cbe0,69a3419d,203bb62d,9c9f4781,2a69e8f2
d2b9dc14	a4f1a6c6,358e4e85,6ba51265,424a544a
d2badd07	39694c69,53536c60,ed4381f2,a43458d9,1c93d9d3,f5216bcf,c602a40d,ae8834fb,91fa17ab,111e88f1,89f6f8a5,4ebd1bb2,4b8a0cef,d89abf3a,7c564be4,fcf1f8c5,472143bf,81d269f1,445ee13f,4bfb77d1,604cb8a8,4d525275
d2bf93a7	52ce7370
d2bfe037	39694c69
d2bff950	b43ddb43,9f42c524
d2c39b58	b8d3ec3d,f5ff1be2,efe3034b,68ce23a0
d2c3e9ef	4497a02c,9c0300b1,c112e4b6
d2c90838	4497a02c,9c0300b1,ed4381f2
d2cae82a	52ce7370
d2cb399d	07967bc2
d2dbd689	54dbcc01
d2e1e712	cdb44357,7df46d91
d2e4e27d	c6256482,1a8118e0,e12a273d,509f4fcb,850ff1f1,69828845,25b01a70,8b577ed2,14b70bee,43440938,f436d18d,d77c9c12,35f33864,85b9f01a,4334345b,58fcc703,dffd0534,62707251,73805ba3
d2e96d16	39694c69,1e31872e,3d9f949a
d2f10dfd	152e9eec,7d59d9b8,6519f22c,ab78b87d,39572fa0,9449ec6c,d717bb6f
d2f38bbc	39694c69
d2f5a1cc	52ce7370
d2f5c991	39694c69,481420e9,d4f33b31,7600372a,692fefed,2117184d,075a0b9e,80258edd,f1faf954,79605bff,6a990665,1fcea4c1
d2f62507	52ce7370
d2fa083a	52ce7370
d2fa8d06	54dbcc01,688fbadb
d2fbb445	ef10b158,a53b2d7c,8dde292d
0d2fd416	1b5a30c0
d303c577	d40af7ca
d30e9a34	39694c69,53536c60,ed4381f2,a43458d9,1c93d9d3,f5216bcf,c602a40d,ae8834fb,91fa17ab,111e88f1,89f6f8a5,4ebd1bb2,4b8a0cef,d89abf3a,7c564be4,fcf1f8c5,472143bf,81d269f1,445ee13f,4bfb77d1,604cb8a8,4d525275,1b332a89,10fded56,f2564478,2fd57652,8aab7e64
d30f15c1	0b3b4948
d30fe11d	f97cff82,b63b087f,56cacf67
d3100b20	133da116,68c3d0eb
d3114d77	59690dd5,4cb97caa,3c39bc88,500def06,74b17438,14060b18
d316a81a	f447fe90,2f30a0ed,505f76ee,1dc25fbb,d1a73a66
d31c6032	341d8e4a
d3207440	bcf6bc33
d321b807	4497a02c,f1551f13
d323ebd5	695a3627
d324c6d1	4497a02c,9c0300b1,ed4381f2
d325314c	39694c69,53536c60,ed4381f2,a43458d9,1c93d9d3,f5216bcf,c602a40d,ae8834fb,91fa17ab,111e88f1,89f6f8a5,4ebd1bb2,4b8a0cef,d89abf3a,7c564be4,fcf1f8c5,472143bf,81d269f1,445ee13f,4bfb77d1,604cb8a8,4d525275,1b332a89,10fded56,f2564478,2fd57652,8aab7e64,65bd861b,e51224df,0b3b3b39,66359d4f,f6b0f1c0,708fd580,034d5002,09237912,50a41601,76cbe174,fc9e0f04,93be621a,5d5733ad,cd9c73df,94b05d44,9762d059,405d4257,950270d7,702e331c,70823eaa,daf56fb3,060f8f36,bb1a29f4,56638432,2b438d00,2bd5f7fe,95ee8dfe,d02acf3d,4b14a013,52d6f1b8,b4c59a3a,9c2397c2,6049d326,0aee9e47,5917cecc,6ee3cd6f,a3f29c27,a19c769f,e1759237,26d875d0,a6f8571a,537df9d7,c200c181,3c1b2601,184e2362,b58c4b95,906164f9,b6394a5d,364ef38a,bfbc3131,9a3d6880,2df3b4fa,acb06c15,9068b149,8f7cac60,b56d9714,862f6f6f,3c733797,8a7aa776,93df5feb,98adf974,6449cdda,d7ccd848,5c662a54,726c2c55,3d034923,4f2692d2,26f469a5,76309fab,81acff2d,dfdfb862
d32831d6	39694c69,945a1a2d
d3286200	1e3bbce9,b83c1deb,8ce21c36
d32909fc	39694c69,53536c60,ed4381f2,a43458d9,1c93d9d3,f5216bcf,c602a40d,ae8834fb,91fa17ab,111e88f1,89f6f8a5,4ebd1bb2,4b8a0cef,d89abf3a,7c564be4,fcf1f8c5,472143bf,81d269f1,445ee13f,4bfb77d1
d32fbded	a4f1a6c6,358e4e85,6ba51265,424a544a
d334fb94	4497a02c,9c0300b1
d3368e4b	1e3e50e1
d342f4ed	5b994493,ba32c8e1,5ad4a1d7,23ff0e83,d8b82f37,201915f6
d3494046	39694c69,53536c60,ed4381f2,a43458d9,1c93d9d3,f5216bcf,c602a40d,ae8834fb,91fa17ab,111e88f1,89f6f8a5,4ebd1bb2,4b8a0cef,d89abf3a
d3533fd1	52ce7370
d3561213	57c26845
d35673de	52ce7370
d35a99da	b1eb4e6b
0d35d33c	35e5d107,ef5095c4
d35e8aef	d918c1e8
d36b1c6d	b8d3ec3d,f5ff1be2,efe3034b
d36cbdc7	39694c69,53536c60,ed4381f2,a43458d9
d371778d	b8d3ec3d,f5ff1be2,efe3034b,ff8f11f1,835322de
d3719aa9	e61d98c0
0d374d82	a4f1a6c6,358e4e85,424a544a
d3756219	4497a02c,9c0300b1,74077bc9
0d375849	52ce7370
d37611b1	39694c69,53536c60,ed4381f2,a43458d9,1c93d9d3,f5216bcf,c602a40d,ae8834fb,91fa17ab,111e88f1,89f6f8a5,4ebd1bb2,4b8a0cef,d89abf3a,7c564be4,fcf1f8c5,472143bf
d37ba224	afcfe59e,1688a6c8
d37bb70f	39694c69,f93b7ad5,96b5162f,7f880865,27cca8c2,8df62134,572fc984,af403d4d,dddbd028,4b971e6b
d37e4f34	39694c69,7b3f2a29,09128226,6738fb3e
d380c3a9	4497a02c,53536c60
d3834e5e	52ce7370
d38401a6	39694c69,48f9c33a,3b683fa6,b66cfe7d,6f592b54,133057ec,3319969f,8e7515cf,d09fac1c,59675226,8ae11860,4656d9b7,c0dcc778,cace1dd9,b4d6e3d2,f090956d
d385f310	4169c24b,b1eb4e6b
d386f3a1	52ce7370
d3884e90	4497a02c,9c0300b1
d38c4979	19df91a3,79bc1aa1,cb7b7504,d454474a,689b5772,c53f71f9,30c7c4c6,58348094,2ea7f01d,e139f72e
d38e5bd6	4497a02c,9c0300b1
d393a208	52ce7370
d393ef91	4497a02c,f1551f13
d39e9bda	52ce7370
d39f0e98	39694c69,c5370ed8
d3a35a9c	52ce7370
d3a3d34a	4497a02c,53536c60
d3a512c1	df3e3954
d3a6f610	39694c69,53536c60,ed4381f2,a43458d9,1c93d9d3,f5216bcf
d3aa26e2	52ce7370
d3ac7651	52ce7370
d3af450d	1ca6eac9,a004263f,1e7b49fc,87924856,0120eb62,cadd17d5,0df8d029
d3b04610	4497a02c,9c0300b1,99e17baa
d3b15fed	ae765cb9,e2b31697,c42170ac,0693f5e0,db6318f4,17f4c7ff
d3b2d6ae	4497a02c,9c0300b1,27a6a0e2,dd570b4c,8f933149
d3b95c87	52ce7370
d3bae2a8	39694c69,e8e40444,da57f416
d3bd0a82	4497a02c,53536c60
d3c0d0e7	39694c69
d3c7e943	52ce7370
d3c85aba	39694c69,3485907e
d3cc8940	39694c69,f93b7ad5,96b5162f,7f880865,27cca8c2,8df62134,572fc984,af403d4d,dddbd028,4b971e6b
d3ccced2	39694c69,f93b7ad5,96b5162f,7f880865,27cca8c2,8df62134,572fc984,af403d4d,dddbd028,4b971e6b
d3d109b6	ea7b6430,e8b6ee15,9a4f7764,57d7e3c7
d3d2b29b	39694c69,53536c60
d3d8982e	1b5a30c0,861ab707,1aabb5e7
d3dd70d4	52ce7370
d3dfe319	52ce7370
d3e1c41e	c84c7718
d3e47c77	52ce7370
d3ece6c3	bc68e64e,539f114f,030e96a7,a8b227f2,4de5af55,c5bc96dd
d3ecea09	39694c69,de5cbb69
d3ed1604	39694c69
d3edc679	52ce7370
d3edf456	5db7b8ed,a18088c3,d5c29bd3
d3eeddfa	3637fcbc,5a73fbf7,ca7b2b51
d3ef5e57	52ce7370
d3f2ced9	52ce7370
d3f74f11	e0d64098,ad165e06,e93f29b5,52fcf409,dc71ddc7
d3f95068	39694c69,9782e7d7
d3f9c878	39694c69,f93b7ad5,96b5162f,7f880865,27cca8c2,8df62134,572fc984,af403d4d,dddbd028,4b971e6b
d3f9d62d	bcf6bc33
d4002560	0dd10c61,4014b3c9,993fec2f
0d4042ac	363013e0,e71ce60b,4c1b51f9
d40a6046	1b5a30c0,5fc0aae4,a979489b,03743698,26b9ddf0,25f56737,77d0c333,6f3b07c3,aec28d7d,95db406f,6287b242,d22ff818,1baf8a23,5704e9db,a9798dfb,e6014e92,15dcddcb,644e854a,3b0eb55b,af73a349,a172fe51,04f645c2
d413db46	a4f1a6c6,358e4e85,6ba51265,424a544a
d41ac6c9	39694c69,82273c54,da0deda5,109279ae,ff4ee59c,223d627a,eab3c5bf,c7121f30,3333e0d9,a5475426,31609214,a39b9ffb,b43ddb43,73bf48e9,2b498348,df8cb10f,c9e9df8c,13acaee6,466d7535,c5c96ac4,f3fb973b,b32cb2f8,6c65b68f,311e04b5,f80e5ce2,d0d87b0f,a25ce84e,bf81f6cd,9367913d
d4249dee	52ce7370
d426ea2d	ef10b158,9c275a4b,0e81a0da
d427a23f	14bc34b4,291a73b3
d4286dae	52ce7370
d430d752	a4f1a6c6,358e4e85,6ba51265,424a544a
0d43549a	52ce7370
d43e6eda	39694c69,bb4709b2
d44584ec	a6c82e9a
d44a3065	f056ab37,673cd6aa,3dcf3417
d44ae118	bcf6bc33,fc5542a4,cc9d7b39,a8bda540,d9fd5454,e726a980,2c66ff7d,07967bc2,dee65538,68b70871,b69cc453,1d83572a,0f9d5bd8,f4fab2e7,253890c8,c7c888aa,a5f07c14,29ac5637,17198189
d44c81cf	e0d64098,de171b22,e1b6082d,deadb7a3,df8ac66a,e4713105
d44c96ed	de5cbb69
d451e3c7	d93cc85e,2358904c,3a5ecd07,218d8d92,26cf1573
d452cbd4	4497a02c,9c0300b1,45335f74,f901e775,93365dc8,03c06b53,6c8c4062,feeeb68d,fc35be13
d4591c11	b8d3ec3d,f5ff1be2,efe3034b
d45d4407	39694c69,53536c60,ed4381f2,a43458d9,1c93d9d3,f5216bcf,c602a40d,ae8834fb,91fa17ab,111e88f1,89f6f8a5,4ebd1bb2,4b8a0cef,d89abf3a,7c564be4,fcf1f8c5,472143bf,81d269f1,445ee13f,4bfb77d1,604cb8a8,4d525275,1b332a89,10fded56
d46971ba	efa938d5
d46ce3ad	52ce7370
d4746532	8d909566,a8c284ba
d47b0780	ef10b158
d47b4875	4497a02c,f1551f13
d47c1ec7	52ce7370
d480673f	b8d3ec3d,f5ff1be2,efe3034b
d48339b3	52ce7370
d4834acf	39694c69,53536c60,ed4381f2
0d484a5b	4497a02c,9c0300b1,ed4381f2,a43458d9
d4866200	52ce7370
d491ff86	52ce7370
d49c9cf5	86f1aa1a,fede4e7d,8aed975c,dc2c00a6,bfb098af,2329cbdf
d49ce3e9	de9ad6e8
d49dba60	4497a02c,9c0300b1
d4a05ba8	39694c69,53536c60,2cf89411
d4a64782	012dbe79,89f2b327
d4a669c8	a4f1a6c6,358e4e85,6ba51265,424a544a
d4a6fa5e	a8aceca4,6c13f4ff
d4a76113	39694c69,f93b7ad5,96b5162f,7f880865,27cca8c2,8df62134,572fc984,af403d4d,dddbd028,4b971e6b
d4b10852	804a1ca3,80c14166
0d4b4a91	4497a02c,9c0300b1
d4b5e073	52ce7370
d4b665e6	861ab707
d4be1eb7	52ce7370
d4bfa506	52ce7370
d4c0a0b4	52ce7370
d4c713cb	b8d3ec3d,f5ff1be2,efe3034b
d4d3db8c	a4f1a6c6,358e4e85,6ba51265,424a544a
d4d79fb4	39694c69,53536c60,ed4381f2,a43458d9,1c93d9d3
d4dc1991	52ce7370
0d4dcb22	4497a02c,53536c60
d4dfc640	52ce7370
d4e03b1a	bcf6bc33,9b01383b
d4e1319d	bedd91a7,6d1d43cc
d4e46591	1e3bbce9,b83c1deb,8ce21c36
d4e7015a	4497a02c,53536c60
d4ebd8d7	19df91a3,79bc1aa1,cb7b7504,d454474a,689b5772,c53f71f9,30c7c4c6,58348094,16f74067
d4ecdda0	94393069,861ab707
d4ed3c2d	d08deab4,28f6b7b0
d4edc0cc	85b6a0de,30765271
d4f4f832	39694c69
d4fca693	39694c69,53536c60,ed4381f2,a43458d9,1c93d9d3,f5216bcf,c95b47dd
d5033f24	52ce7370
d5071aec	39694c69,5de0ec1f,0645f952
d50dc74f	a4f1a6c6,358e4e85,6ba51265,424a544a
d51032d5	7a464285,f60d0c46,483259fc,b664d91b
d5161972	52ce7370
d51e2bab	52ce7370
d52058ed	a4f1a6c6,358e4e85,6ba51265,424a544a
d526cb3b	e0fdb83a,8b3f3e74,224ce072
d527ef45	52ce7370
d52c68cc	52ce7370
d5316331	1c8ef536,ca7c699c,d13a5666,623c8ca1
d537128b	acde460f,e52c962a,2a1fde48,07967bc2,87b10783,d266ceff
d5371785	39694c69,53536c60,ed4381f2,a43458d9,1c93d9d3,f5216bcf
d539efa7	52ce7370
d53b38b5	94393069,861ab707
d53d5e3c	bedd91a7,6d1d43cc
d53e0210	52ce7370
0d543d9b	39694c69,53536c60,ed4381f2
d5453ce5	e7b2a4ce
d54c3b2e	52ce7370
d54cf80f	39694c69,53536c60,ed4381f2,a43458d9,1c93d9d3,f5216bcf,c602a40d,ae8834fb,91fa17ab,111e88f1,89f6f8a5,4ebd1bb2,4b8a0cef,d89abf3a
d54e2a0b	1e3bbce9,b83c1deb,8ce21c36
d5519411	1e3bbce9,b83c1deb,8ce21c36,0aeacf70
0d5528b1	39694c69,53536c60,45cf41c5,55276a7d,d39710de,935d48e3,4e4ceb75
d5545c95	52ce7370
d554a9c4	4497a02c
d5575bdf	4497a02c,9c0300b1
d557aa06	52ce7370
d55ab706	52ce7370
d55f3514	52ce7370
0d55f859	52ce7370
d560e83f	b8d3ec3d,f5ff1be2,efe3034b,ccd8b08c,f0dbc030,f18b4762
d5611748	2113ce38,0d75535b,37313dad,212e835f,4269bb4a,efa938d5
d5651cc1	52ce7370
d56d31db	52ce7370
d56e724e	a4f1a6c6,358e4e85,6ba51265,424a544a
d5735239	a243c57d
d57590d4	b8d3ec3d,f5ff1be2,efe3034b
d57c0558	39694c69
d57da7a6	39694c69,53536c60,ed4381f2,a43458d9,87e83cc6
d57fe3f8	a4f1a6c6,358e4e85,6ba51265,424a544a
d5883b3b	3c0eef70,c16c7f42
d58a8a65	d617557b,9f90b58d,fe339ecd
d58ba1b9	a4f1a6c6,358e4e85,6ba51265,424a544a
d58e1468	de9ad6e8,7aaa58b2,3ab83621,bef418b5,6e9a3367,76de3380,3e694fea,69f2efe0,c49b5062,0ce79f9f,be9f3db6,a1c3f26c,0a29f572,2735b946
d58ec38c	39694c69,1e31872e,e7c24c07,ed4b726d
d597c564	39694c69,08e6c760,750e1d42,864d2e6f
d599dded	acc2c475
d59f7e20	39694c69,f93b7ad5,96b5162f,7f880865,27cca8c2,8df62134,572fc984,af403d4d,dddbd028,4b971e6b
d5a09658	52ce7370
d5a21840	52ce7370
d5a43fc1	4497a02c,9c0300b1
d5acb783	f3acd50c
d5b6cfb7	1f24710d,50eb262a
d5b7b153	4497a02c,9c0300b1
0d5bf6ba	52ce7370
d5c545a3	94393069
d5c60480	52ce7370
d5c7956b	c66d7159
d5ceec21	52ce7370
d5cf2148	8b50786c,353f448f
d5d080bf	4324452f,badf7691
d5d173c7	39694c69,53536c60,ed4381f2,a43458d9,1c93d9d3,f5216bcf,c602a40d,ae8834fb,91fa17ab,111e88f1,89f6f8a5,4ebd1bb2,4b8a0cef,d89abf3a
d5d36c13	39694c69,53536c60,ed4381f2,a43458d9,1c93d9d3,f5216bcf,c602a40d,ae8834fb,91fa17ab,111e88f1,89f6f8a5,4ebd1bb2
d5d48ed7	52ce7370
d5d81737	39694c69
d5ddf7e4	52ce7370
d5e3c697	4497a02c,9c0300b1
d5e70658	52ce7370
d5eab2a8	52ce7370
d5eed490	4497a02c,9c0300b1,ca67f614,78f1aa64,0f0777ba,ffe4d809,f3ab0f13
d5ef2a64	e0fdb83a
0d5f1cc3	a4f1a6c6,358e4e85,6ba51265,424a544a
d5f35275	d918c1e8,7745e705,3904b705
d5f37912	639c7070
d5f8501c	39694c69,53536c60,ed4381f2,a43458d9,1c93d9d3,f5216bcf,c602a40d,ae8834fb
d5f9d823	49f47a08,6d5d1e1a
d6026481	4497a02c,53536c60
d609a59b	52ce7370
d60d0871	16ec1a76,cd533847,024549a4
d6119b45	bcf6bc33
d612ba55	52ce7370
0d618e6a	a4f1a6c6,358e4e85,6ba51265,424a544a
d6192931	c415d935,837dda49,0213f6dd
d6312298	3765f970,5a729e9a,26ce7cf0
d634479a	39694c69
d635e79f	397f16be,cd533847,575b3338
d638da2e	39694c69
d63d2298	bcf6bc33
d63eaf1b	39694c69,53536c60,ed4381f2,a43458d9,1c93d9d3,f5216bcf,c602a40d
d6471412	39694c69,f93b7ad5,96b5162f,7f880865,27cca8c2,8df62134,572fc984,af403d4d,dddbd028,4b971e6b
d650a62d	a8e8144f
d6588b40	39694c69
d6594184	6c99e7f6
d65b959b	4497a02c,9c0300b1
d65ccf49	52ce7370
d66f90ef	52ce7370
d675ae66	19aad045,29411758,d9d02cc0,56cf95c4
d67b3d31	f2c57497,7b00651b,47a821e2,7731e1ad
d67f1a75	757f8af9,b301c2e9,61b2e088,45c5965a,5db9bfc1,a7a3718f
d67fb980	52ce7370
d694c192	4497a02c,9c0300b1
d694fa8c	c311c08f,39961095,eb0aa134,71d7f728
d69689fa	bedd91a7
d69fa2b5	c52ad410,80945cab,8b1e60fb,66e457a8,685dc065,3ee9c816,f9660dba,ce311be2,cd50e5a9,fe6bfd07,5e84a541
d6a0c15e	01d00382,090b1744
d6a4e2a3	4497a02c,53536c60
d6a89a6b	52ce7370
d6acda1a	4497a02c,9c0300b1,48426c1b
d6adedb6	52ce7370
d6ae1166	5fc0aae4,0c256430
d6aebcc1	4497a02c,53536c60
d6afc265	52ce7370
d6b5e070	52ce7370
d6c1dc45	acde460f
d6c2cfac	bcf6bc33,861ab707
d6c47177	b8d3ec3d,f5ff1be2,efe3034b
d6c493bf	943ee7b6
d6c693ac	52ce7370
d6c74aaa	94393069,861ab707
d6ca89f2	52ce7370
d6cc38c9	341d8e4a
d6cf3000	39694c69,481420e9,d4f33b31,7600372a,692fefed,2117184d,17ba3688,1a5d75f0,bd46d14d,79ee55de,eb58ad4b,d98b036e
d6d4e558	52ce7370
d6d8c405	4497a02c,9c0300b1,fc1fa343,8f6896a3
d6db5370	861ab707
d6dc4efb	e52c962a,b25abf08,fe8af5c0
0d6de562	4497a02c,9c0300b1
d6e26320	52ce7370
d6e831af	39694c69
0d6ebce6	52ce7370
d6eed948	54dbcc01,688fbadb
d6f29e5d	4eacf831,304cfb1a,34456c54,9031a6c5,edb06294
d6f5d697	52ce7370
d6f5e0c6	9debfb41,b9f4d7e9
d702daa3	843f0921,a308d454,4d695dc4
d708902d	4497a02c,f1551f13
0d70a7c4	39694c69,3485907e
d70ae78e	39694c69,53536c60
d70b7dae	b8d3ec3d,f5ff1be2,efe3034b
d713e70f	52ce7370
d71cb83d	b8d3ec3d,f5ff1be2,efe3034b
d71cce20	4497a02c,9c0300b1,ed4381f2,a43458d9
d71f151e	4497a02c,9c0300b1,ed4381f2,a43458d9
d725ac70	52ce7370
d727d07c	bcf6bc33
d72b8c42	aef6d0af,1b36e3ad,a0e26e8c,55f6a1e6
d72d666d	52ce7370
d730b216	bf95c0c6,c2ccf455,7dfd1195
d737d7d4	af2bb38d,87c91ece
d73b4e62	52ce7370
d73ef459	a4f1a6c6,358e4e85,6ba51265,424a544a
d741f2bd	618b4cc9
0d745fe5	52ce7370
d7474aa1	39694c69,53536c60
d7477115	39694c69,53536c60,ed4381f2,a43458d9,1c93d9d3,f5216bcf,c602a40d,ae8834fb,91fa17ab,111e88f1,89f6f8a5,4ebd1bb2,4b8a0cef,d89abf3a,7c564be4,fcf1f8c5,472143bf,81d269f1,445ee13f,4bfb77d1,604cb8a8,4d525275,1b332a89,10fded56,f2564478,2fd57652,8aab7e64,65bd861b,e51224df,0b3b3b39,66359d4f,f6b0f1c0,708fd580,034d5002,09237912,50a41601,76cbe174,fc9e0f04,93be621a,5d5733ad,cd9c73df,94b05d44,9762d059,405d4257,950270d7,702e331c,70823eaa,daf56fb3,060f8f36,bb1a29f4,56638432,2b438d00,2bd5f7fe,95ee8dfe,d02acf3d,4b14a013,52d6f1b8,b4c59a3a,9c2397c2,6049d326,0aee9e47
d74f3f63	59ce9d6a,4988fc7f,565847ba,c0ab3eb9
d75001cc	39694c69,f93b7ad5,96b5162f,7f880865,27cca8c2,8df62134,572fc984,af403d4d,dddbd028,4b971e6b
d752d6de	dee65538
d75be8ce	4497a02c,9c0300b1
d75f94c7	4497a02c,9c0300b1
d76159f6	39694c69,0535c90b
d7619f71	c183e913,045c3360
d7655571	52ce7370
d765d406	8c678053,9028ce0f
d76afc67	52ce7370
d76ef4ad	4497a02c,9c0300b1,164c4c5a,c0372ce0
d7771209	41a3979a,bcf6bc33
d7775793	8e73226c,1b481f9b,af2ffc25,03746580
d7781be2	39694c69,53536c60,ed4381f2,a43458d9,1c93d9d3,f5216bcf,c602a40d,ae8834fb,91fa17ab,111e88f1,89f6f8a5,4ebd1bb2
d77e1cce	52ce7370
d77efea2	39694c69,53536c60,ed4381f2,a43458d9,1c93d9d3,f5216bcf,c602a40d,ae8834fb,91fa17ab,111e88f1,89f6f8a5,4ebd1bb2,4b8a0cef,d89abf3a,7c564be4,fcf1f8c5,472143bf,81d269f1,445ee13f,4bfb77d1,604cb8a8,4d525275,1b332a89,10fded56,f2564478,2fd57652,8aab7e64,65bd861b,e51224df,0b3b3b39
d77fdb57	52ce7370
d784e67d	4497a02c,9c0300b1,7e4ea976,1d2f30f8,996bc4d9,ded3f2c2
d78790c6	52ce7370
d78ec4a1	4497a02c,9c0300b1,706b783e,8e7b6f79,908c1738,20a899e7
d7908b31	52ce7370
d797e325	4497a02c,9c0300b1
d7a021a3	39694c69
d7a1508a	39694c69
0d7a2d20	bcf6bc33
d7a303bb	db3dd001
d7a4747f	156ef672
d7a64555	1b5a30c0,688fbadb
d7a779ab	52ce7370
d7ab895a	a4f1a6c6,358e4e85,6ba51265,424a544a
d7ad2a52	52ce7370
d7aeeb5f	156ef672
d7b22da7	39694c69,53536c60,ed4381f2,a43458d9,1c93d9d3,f5216bcf,c602a40d,ae8834fb,91fa17ab,111e88f1,89f6f8a5,4ebd1bb2,4b8a0cef,d89abf3a,7c564be4,fcf1f8c5,472143bf,81d269f1,445ee13f,4bfb77d1
d7b4732c	39694c69,af77c70d,ed4381f2,a43458d9,1c93d9d3,f5216bcf,e2dc42cb,ef4c1064,050a25d7,234a0a79,c3c175ca,4ebd1bb2,d454474a,689b5772,c53f71f9,6bdb00af,58348094,25f7e9f6
d7b98476	e0d64098,397e1ac2,5fb66b99,badd114e
d7bcbd1d	54dbcc01
d7bd0c47	52ce7370
d7c0b018	bcf6bc33
d7c540a3	a4f1a6c6,358e4e85,6ba51265,424a544a
d7c92f25	39694c69
d7cb92f2	a4f1a6c6,358e4e85,6ba51265,424a544a
d7d4fa51	b8d3ec3d,f5ff1be2,efe3034b
d7d646f2	ac241a76,5b673006,f5a98fc4,e5982106,ff390415
d7d7abd3	a4f1a6c6,358e4e85,b7a0eada,99b8e741,424a544a
d7e21708	52ce7370
d7e491c3	39694c69,15c6c7b3
d7e6961e	4497a02c,9c0300b1,ed4381f2,a43458d9
d7e74b73	52ce7370
d7e9c552	52ce7370
d7eb93b6	39694c69,f93b7ad5,96b5162f,7f880865,27cca8c2,8df62134,572fc984,af403d4d,dddbd028,4b971e6b
d7f37537	5fc0aae4,efa938d5
d7f46981	3f19cae6,36765160
d7f48310	8e63cd06,45167447
d7fced7d	4497a02c,9c0300b1,9a24585f
d7fe23d8	5fc0aae4,137cbeb3,6f9ab57f,8b50786c,3a79eead,7cfc913b,1c3d3222
d7ff0018	a4f1a6c6,358e4e85,6ba51265,424a544a
d801b895	52ce7370
d802963c	4497a02c,53536c60
d8051ea4	32508d87
d808a066	4497a02c,9c0300b1
d80fc570	52ce7370
d81081e7	c52ad410
d8150a78	4497a02c,9c0300b1,96db6d08
d816531e	4497a02c,04227ad9,9e87229e,84a25175
d81a4d67	b8d3ec3d,f5ff1be2,efe3034b
d81f2f8c	52ce7370
d821cda7	cd300aca,efad88bd,57b8869e
d822e2ff	ef10b158,19f182bf,86f42e19,ab1901c2
d82c89f4	bcf6bc33,fc5542a4,cc9d7b39,a9e830dc
d82ecfbc	e52c962a,c6528e4d
d82fbaa4	5fc0aae4,c5259813,42a67ac9,db85f51c,382d2215,276fce97,ef05a296,745da98a,626eed00,4bba396b
d8339e5e	bcf6bc33
d8342061	52ce7370
d837b803	4497a02c,9c0300b1
d83c0cc6	bcf6bc33
d83db412	4497a02c,9c0300b1,8e7b6f79,908c1738,cd0ed9fb
d83f602e	52ce7370
d8414157	bedd91a7,6d1d43cc,4efa80dd
d84ef7b8	c52ad410,3e78e9a4,2692578b,dff2b1c9,9e49dce1,1d7a1d05,c954397e,100c0ccb,8322ff35,fbdfaec6,9d7cbbfb,72986f1e,597dde4a,b02bbf8a,f4593cb2,7b92db84,78bdd0b6,da51dd95,4de2f985,29f1ea07,a5140bbe,c948db6b,4eb58a53,badd25c8,3ca7d41c,b021f105,86846209,0bdb9c82
d84f00e3	c2a81c80,bea92eb0,b2457bea
d84f07f3	4497a02c,53536c60
0d850890	fc958e6a,094c32cc,279ada1e,83e25c3c,6f4b37d0,82e46b55,a346641a,dae58b97,35f823b0,30b52b28,ad8ca9ca,98d57501,4d9cfa26,a8c89e47,ab4ea688,dc2c48d2,d12a1423
d8517568	4497a02c,9c0300b1,829fe2af,8f1a56a2,16ec1a76
d854e898	39694c69,f1f267f9,9f191961
d855857e	88627709
d85593c3	1e3bbce9,b83c1deb,8ce21c36
d856a6aa	4497a02c,f1551f13
d8575568	4497a02c,9c0300b1
d85e3fd0	a4f1a6c6,358e4e85,6ba51265,424a544a
d86116b5	058bf2e2
0d864322	4497a02c,9c0300b1,bf578bac,65fdd711
d8667e0d	52ce7370
d879e429	948b068a,2bff179e
d8809a90	4497a02c,9c0300b1
d880aa7b	94393069,861ab707
d880e72e	5dffbdc1
d88162ee	39694c69,3b5a85ed
d887f39b	19df91a3,79bc1aa1,cb7b7504,d454474a,689b5772,c53f71f9,30c7c4c6,58348094,2eaf3949
d8898780	9c5533f1,a599f130,6d5d1e1a,1a8454b0,4c3d5b00,cf8c6a7f,9656001e,4e3ebb54,e55979dc,6e82b161,a8143f44,dee65538,a2009a2c,8daff0a9,86c96406,e0409e7b,f9ba15a9,db1301dd,ff598a23,09ad3004,74a06ea5,71714ccd,1fc40cff,971ad05c,7ecf3741
d88f5645	4497a02c,9c0300b1,296f3960,6578b42f
d89a44f1	52ce7370
d89acf5c	2db49d5f
d89adc29	52ce7370
d89cce9a	52ce7370
0d89d395	39694c69,53536c60
d89e4d01	bedd91a7
d8a6b842	a4f1a6c6,358e4e85,6ba51265,424a544a
d8a6eba9	39694c69
d8a962a3	f521764a,e79a611f,77158a00,0b675549,adf4e011,f89b0867,7fc39fe1
d8a9d71a	4497a02c,9c0300b1
d8aa9166	04d8a0da,4b3fc068,a8f9f287,49eaf5cf,3923825a
d8b10104	efa938d5,2c129798,7ea705b1,07873d10
d8b20e2e	39694c69,53536c60,ed4381f2,a43458d9,138cf99d,418a9b0b,078755fa
d8b3716b	a4f1a6c6,358e4e85,6ba51265,424a544a
d8b6df78	39694c69
d8ba4cef	86de2e68,e759ec40
d8bd7a6c	4497a02c,9c0300b1,ed4381f2
0d8c02c1	639c7070,ef46bbd3,cb433269,8b82490a,ff0e87dc,f75912d8,844d1bf9,e68fe27f,30cb54d5,860ab3c4
d8c2cc55	998a4e6c,87d597d1,87153306
0d8c7148	9f90b58d,2bcaf19e
d8c7726a	b8d3ec3d,f5ff1be2,efe3034b
d8ce59c1	52ce7370
d8cf8bbc	4497a02c,9c0300b1,c540b7e4
d8d01b0c	52ce7370
d8d403ca	4497a02c,53536c60
d8d7f25e	39694c69
d8dda9b7	52ce7370
d8e0f5fa	e4232826,908c1738,912df7a2
d8e2b5c6	39694c69,d918c1e8,862f06eb,b5a2afe3,f8173188,df161252,1908cc61,09533dfe,23fd24e8,de5cbb69,d028f1a9,35f35a62,f34fddaf,fa4ffca2,2a670239
d8e62ea2	52ce7370
d8eb235d	52ce7370
d8ed1010	39694c69,53536c60,ed4381f2,a43458d9,3644ca31,e952bccc
d8ed4afa	94393069,861ab707
d8edc001	52ce7370
d8f0279f	39694c69
d8f22d30	bcf6bc33,fc5542a4,cc9d7b39,f59e6083,854b84c8,d67b5372,d9fd5454,de5cbb69,995a2a9f,517963a6
d8f25a64	52ce7370
d8f2d4c1	39694c69
d8f3acb7	39694c69,53536c60,ed4381f2,a43458d9,1c93d9d3,f5216bcf,c602a40d,ae8834fb,91fa17ab,111e88f1,89f6f8a5,4ebd1bb2,4b8a0cef,d89abf3a,7c564be4,fcf1f8c5,472143bf,81d269f1
d8f7dc22	39694c69
d8f83a61	1c3d3222,b3d06391,63a00053,1592d337,f9f52152,06508211,b0d7f73b,0aaada6d
d8fd0af7	52ce7370
d8fe6dbe	4497a02c,53536c60
d8fede67	52ce7370
d9021b1d	695a3627
d904ba82	a8aceca4
d90dbf1a	39694c69,53536c60,ed4381f2,a43458d9,1c93d9d3,f5216bcf
d90fafc9	39694c69,bc66dbf2,4370f5d4,2bdcaea5,00a83096,4f07cd9e,0ce2cb1c,16bf0376,01f265d7,b2f62649,f133c7e1,211b5797
d912c669	3f19cae6,36765160
d9136026	52ce7370
d9167744	6f4ca6b4,ce0278c7,e942380d,ed3c3a80,79fcd912
d917470d	39694c69,53536c60
d9241d18	4497a02c,9c0300b1
d9249385	ef10b158,cc16969e,cede6d60
d9288afb	52ce7370
d92a8e60	39694c69,53536c60,ed4381f2,a43458d9
d92e0981	52ce7370
d92e5d06	8f2358e1,372b2114,3f42282d,d10a0da8,58cf583a,1d2e28b0
d92f5fe9	52ce7370
d9301648	9fb07347,25ac350f,0b69bfff,5490bfb2,3d9184af,425aa17b,ae4dce1c,87d95628,0ea4723d,2ef1605a,4fe4a02e,75cd2ae0,f36fc72c,b84e61eb,3978a6b2,ae59220f,96f402e1,24c3a359,26ac9099,beb88abc,f35bca11,5c323e36,c315df19,039809f3
d934d78f	4497a02c,f1551f13
d934ec90	0c46a4b4,c2634932,120ad99b,5ccd6f16,7a368d86,3aaeb3b3,f407b19b,c447bbb7
d93753cc	bedd91a7,6d1d43cc,4efa80dd
d93b03f8	52ce7370
d93d704f	df9ee201
d94104aa	379dabf9,c6df2027,db8ce431,5972ebac,d912005b,be26e42f,e9a61ab7,3897e17a,844ca537,a4844210
d9489d66	05a7fe93
d94aef58	74077bc9,b0000daa
d94c879f	c03da686
d951216a	73bf48e9,feea7e81
d95175cb	52ce7370
d9526f18	52ce7370
d9555550	4497a02c,53536c60
d9571325	52ce7370
d9598373	b8d3ec3d,f5ff1be2,efe3034b
d95d12ab	39694c69,c7fb2350
d95f208a	4497a02c,9c0300b1,9f66d269,bce876e5,b4d85d38,74ef00bd,9e2f8258,fc7bca20
d96245e7	52ce7370
d962d625	94393069,861ab707
d967df6a	bcf6bc33
d9686d2f	52ce7370
d9694686	4497a02c,9c0300b1
d97546b7	0e57b7b9,c819a931
d975def7	4497a02c,9c0300b1,42974742
d9781115	1cf37633,3883b6c3
d979e1d8	bcf6bc33
d97b9247	07aa9042,bc0f96c3
d97d39fd	59df69ab,e5b80bb8,cdb74087,b921585b,537a86ad,8753a82c,5fff641b,aac372ca,b13a318a,1db30b06
d9857944	c4ed9a40,deae0f06,f9d53ca0
d986d129	94393069,861ab707
0d98a173	52ce7370
d98a93d0	4497a02c,53536c60
d98b0a74	ef10b158,b9e0c95b,c9231925,887bddb8,c5658c81,056767a5,5c1a6e31
d98f92e6	52ce7370
d9906a6d	52ce7370
d994452d	b8d3ec3d,f5ff1be2,efe3034b,fa360570,fd411fc1
d995e22a	4497a02c,9c0300b1,58e52eff
d9996c69	2d967d21,b5a607b2
d99b0dfb	54dbcc01,688fbadb
d9a55b0e	e17dbe34
d9a60fd0	39694c69,a68aa18a,de5cbb69,75e8c7ce
d9a7c220	52ce7370
d9af3d96	e9fe44fa,a23af12f,8805c10f,9682405a,e53e98f1,5332c3b9,be04cb1e,78f3c4bf,f02e1993,38982df3,5d4e7b96,09263353,add6fedd,c3890856,fec89fde,58c66357,576dd233,7330adb1,1bc56cfe,f6399b39,a5ccf0e4,901824bf,07ff9b1b,319177b3,a9681859,cc35db06,6ae7242d,99ee9dd9,2f31af1f,c6d42a32,3ebe0469,7b0e3a44,01ffc8c1,061b1864,0cd341a0,d9645c85,34258cde,83c02bb5,9665e269,f97e6337,a13ecc19,6d416e55,48d1b443,7280be39,e2d53b14,221440f4,8c726352,dc883992,c33b02dd,22b2aafe,6e658076,ff1b38f8,c3f4d793,34a51810,7d0a935a
d9b350b5	bcf6bc33,fc5542a4,cc9d7b39,2185a077,07967bc2,dee65538,5db7b8ed,d040aa47,1abf625b,8f9b7866,995a2a9f,517963a6
0d9b6ab7	861ab707
d9b89477	39694c69,53536c60,ed4381f2,a43458d9,1c93d9d3,f5216bcf
d9c14460	4497a02c,53536c60
d9c68c33	52ce7370
d9c92c8f	cf0ff9ac
d9cb65b9	39694c69,53536c60,ed4381f2,a43458d9,1c93d9d3,51b0be3a,3c2e5f4d,28b3206f
d9ce142d	b8d3ec3d,f5ff1be2,efe3034b
d9d06a3c	a4f1a6c6,358e4e85,6ba51265,424a544a
d9d5d656	4497a02c,9c0300b1
d9d7ad6e	7337b46f,804a1ca3,45cb65ce
d9e5380d	ef10b158,96b6abe8
0d9e5650	52ce7370
0d9ea214	a6c0e14d
d9ed8d93	52ce7370
d9eef368	4497a02c,9c0300b1,0dd10c61,1ecb376a
d9f12a62	52ce7370
d9f8e8bf	52ce7370
d9f9698f	ff88fcab,87367eca,30bb2093,eae8f805
d9fbe921	b8d3ec3d,f5ff1be2,efe3034b
da03b8a9	39694c69,53536c60,ed4381f2,a43458d9,1c93d9d3,f5216bcf,c602a40d,45021135,3fcd1279,f533eb94,f0554bac,6f9c1373,dc7008a1
da072a6a	39694c69,53536c60,26bed42b,0091e4f9,1c93d9d3,f5216bcf
da073bab	39694c69
da0802c8	52ce7370
da10a0db	52ce7370
da121df6	341d8e4a
da13935d	4497a02c,9c0300b1
da15d07d	52ce7370
da168772	a4f1a6c6,358e4e85,6ba51265,424a544a
da179549	39694c69
da17aee2	da0bdab4,a966e3ec,ce901d50
da1a386d	ef10b158,af1a8c8d,5bb38ab1,b67b9fcb
da1a8e35	39694c69,53536c60,ed4381f2,a43458d9,1c93d9d3,f5216bcf,c602a40d,ae8834fb,91fa17ab,111e88f1,89f6f8a5,4ebd1bb2,4b8a0cef,d89abf3a,7c564be4,fcf1f8c5,472143bf,81d269f1,445ee13f,4bfb77d1,604cb8a8,4d525275,1b332a89,10fded56,f2564478,2fd57652,8aab7e64,65bd861b,e51224df,0b3b3b39,66359d4f,f6b0f1c0,708fd580,034d5002,09237912,50a41601,76cbe174,fc9e0f04,93be621a,5d5733ad,cd9c73df,94b05d44,9762d059,405d4257,950270d7,702e331c,70823eaa,daf56fb3,060f8f36,bb1a29f4,56638432,2b438d00,2bd5f7fe,95ee8dfe,d02acf3d,4b14a013,52d6f1b8,b4c59a3a
da1f0aa4	4497a02c,9c0300b1,10422649
da231c77	1b5a30c0,695a3627
da2595df	52ce7370
da26abc9	52ce7370
da2c379c	52ce7370
da2d3883	804a1ca3
da2ff5cf	c52ad410,e603a244
da3296d0	4497a02c,f1551f13
da33d5ea	52ce7370
da3ec249	b8d3ec3d,f5ff1be2,efe3034b,96a558ae
da404346	b8d3ec3d,f5ff1be2,efe3034b
0da44812	7c62b28b,0494f6d1
da46d21e	3296fc12,5e580707,d4e0dd4d,92202a7e,688c3481,03fcd3a3,8e1e0ddd
da4c2dc0	52ce7370
da5181b5	a4f1a6c6,358e4e85,6ba51265,424a544a
0da566bd	b8d3ec3d,f5ff1be2,efe3034b,df063e0a,bf017c06
da5bfcb3	4497a02c,9c0300b1,1c3d3222
da5ebf68	52ce7370
da63c3d5	52ce7370
da63dd96	52ce7370
da6accbc	39694c69,5fe33987,1edfb9c9
da6c3c85	4497a02c,9c0300b1,d067de2b
da6ff9c2	52ce7370
da7095c4	52ce7370
da72cfdd	0fffa62c,5c091dd9,07ca86ab,597d5288,4a2c5583,104f7e93,6750555c,3ce0aae7,d4ffb344,6fc22e02,a8e851c9,698c4786,6f4b37d0,82e46b55,34bd21af,4ee4c39c,ab38b883,f5455c2c,8f4aa16a,b02915c9,fd21a330,c1250d2a,233a6dbf
da736ae5	d0a252dc,9590b0b1
da74d515	4497a02c,9c0300b1
da75e205	52ce7370
da78763f	ede44e83,de118265
da7883ff	39694c69,de5cbb69
da79986f	c52ad410,9ae643e0,a533f992,3d639d8b,6fa488fd
da7ccfa7	4674e6fd
da7ea457	52ce7370
da824777	a4f1a6c6,358e4e85,6ba51265,424a544a
da82912a	4497a02c,1dbcfa66
da856f7e	39694c69,53536c60,ed4381f2,a43458d9,1c93d9d3,f5216bcf,c602a40d,ae8834fb,91fa17ab,111e88f1,89f6f8a5,4ebd1bb2,4b8a0cef,d89abf3a,7c564be4,fcf1f8c5,472143bf,81d269f1
da85fc1d	4497a02c,9c0300b1
da8aad38	b8d3ec3d,f5ff1be2,efe3034b,90135b72,eaf507de
0da8b1ee	52ce7370
da8c4c9d	52ce7370
da8d9b53	52ce7370
da8dd8af	52ce7370
da8fa43c	39694c69,2724536b
da96b2a6	52ce7370
da9743fa	e28af17e,87c91ece,05c9e9c8
da9b77c9	de5cbb69
da9d0b59	3f19cae6,36765160
daa3394b	a4f1a6c6,358e4e85,6ba51265
daa9456c	1e3e50e1
daab4af9	c52ad410,fb629045,69dfb8ce,9bdeb816,46747927,bb1385a4,f28dae3e,bd0ae48d,622e64d2,fa780c10,9d52a066,096e3c87,96060714,20a21f36,736dc35d,b24a475a,8acda39c,e7209a65,673faebb,732baa56,1a2c86d0,f5d3bc9d,2081284d
dab43f33	e4cc4eff,a2ef2f03,0c90f45d
dab73ad7	f5e7ce9d
dabbd397	dee65538,ef3b122c,51e183d5,71059794,65d1b908,07f41f87,c26d64ef,782ddbdb,673f5e7a,c1ea7fae,8746be5f
dabbd409	acde460f,ed9bfc62,8dea8bee,c930c0da,242cf4f3,de9a258d
dabe94f8	bcf6bc33
dabee8e8	16f28910
dac09320	b8d3ec3d,f5ff1be2,efe3034b,9b896075
dad0670b	4497a02c,9c0300b1,8c7628f3
0dad16d8	be5e9368
dad37374	a4f1a6c6,358e4e85,6ba51265,424a544a
dad5ec74	52ce7370
dad70d71	4497a02c,9c0300b1,ed4381f2
dad7db36	39694c69
dad87f78	bddcea76
0daeadb2	39694c69,53536c60,ed4381f2,a43458d9,1c93d9d3,f5216bcf,c602a40d,ae8834fb,91fa17ab,111e88f1,89f6f8a5,4ebd1bb2,4b8a0cef,d89abf3a,7c564be4,fcf1f8c5,472143bf,81d269f1,445ee13f,4bfb77d1,604cb8a8,4d525275,1b332a89,10fded56,f2564478,2fd57652,8aab7e64,65bd861b,e51224df,0b3b3b39,66359d4f,f6b0f1c0,708fd580,034d5002,09237912,50a41601,76cbe174,fc9e0f04,93be621a,5d5733ad,cd9c73df,94b05d44,9762d059,405d4257,950270d7
daedd28c	3f19cae6,36765160
daee30d8	4497a02c,9c0300b1
daee3f08	4497a02c,9c0300b1
daee4966	52ce7370
0daf14fd	39694c69,53536c60,ed4381f2
0daf1f2a	52ce7370
daf383cc	b2457bea,7a464285,d86c7a1b,9e9ae9b6,f13d6582,616dfa7d,a413a643,35bc2e90
daf5540e	9135f7b5
daf709ec	a4f1a6c6,358e4e85,6ba51265,424a544a
daf8c82f	52ce7370
0dafa207	52ce7370
dafab3d9	a4f1a6c6,358e4e85,424a544a
dafb6245	52ce7370
db13475f	52ce7370
db1597c0	52ce7370
db17f2fc	a4f1a6c6,358e4e85,6ba51265,424a544a
db197156	4497a02c,9c0300b1
0db1a0df	52ce7370
db1ca2ab	52ce7370
0db1ce38	b85f788a,c5758aa6
db1d5eae	bcf6bc33
db2019dd	39694c69
db20f1e6	135456f8,8298bd73,26aecdf3
db22205c	e691c487,6e55a2fe
db2a0700	4497a02c,9c0300b1,ed4381f2,a9fbca9e,45335f74,6c8c4062,fc35be13,93365dc8,91fa17ab,7f20572d,8980debe
db2c4778	639c7070,ef46bbd3,cb433269
db38b29c	52ce7370
db397fb3	52ce7370
db41aefe	52ce7370
db4422b4	4497a02c,9c0300b1,d03b7c6c,0a7b5465
db4be6fd	4497a02c,9c0300b1,73387570,3bc8352f,7806871a,c765112b
db4d45d9	39694c69,53536c60,ed4381f2,a43458d9,1c93d9d3,f5216bcf,c602a40d,784cef0b,2692e283
db56d2f8	52ce7370
db57bb52	4497a02c,9c0300b1
db57eb0d	b8d3ec3d,f5ff1be2,efe3034b,9c907a9f
db5ac502	b9e2bd86,71e16d63,3016b12d,7524c6bb,9f0cf1dd,cd16cc77,3315e61f,6920d2a6
db5ece18	4497a02c,9c0300b1,ed4381f2
db686267	4497a02c,53536c60
db6a5116	a817437e,d2e8a471,39be866d,08999692,4f38c697,73b61c3b,b9b5c0c4,a5b207f3,63d0821e,f7ee8c59,0abb2225,77cf9746,9ed6171c,b2c4594b
db6bbca2	52ce7370
db75764d	52ce7370
0db797ab	52ce7370
db7adfed	156ef672
db854516	39694c69,39745163,e8c6bd1a,46933fcb
db8ff48f	52ce7370
db90c284	39694c69
db920592	7506a8c7,ab813ece
db9295bb	39694c69,156ef672
db9d2acc	4aa0b06f,a9feb25a,b72d2da1,3031ff65
db9eae6f	52ce7370
db9ef44f	39694c69
dba23346	b53cb2ac,7c743fb2
dba56c9a	39694c69
dba7d4f6	39694c69,53536c60,ed4381f2,a43458d9,1c93d9d3,f5216bcf,c602a40d,ae8834fb,91fa17ab
dbac0336	b48cda74
dbc61389	a4f1a6c6,358e4e85,6ba51265,424a544a
dbc90b81	52ce7370
dbd040e1	4497a02c,9c0300b1
0dbd1271	c99f22b7
dbd1fc42	9b5c5adf
dbd2e96c	52ce7370
dbd9e250	52ce7370
dbda2bca	4497a02c,9c0300b1,1e31872e
dbe11baf	52ce7370
dbf3db09	02246c70
dbf419cb	3c01624e,52fbd15e,aa34d776
dbf4646c	72344672,6d4f0b95,ba5820de
dbfc1151	52ce7370
dbffd483	156ef672
dc00b1bf	f639f5cd
dc00f2cb	52ce7370
dc0a5b76	bcf6bc33
dc0c66af	4497a02c,9c0300b1
dc0ec564	a4f1a6c6,358e4e85,6ba51265,424a544a
dc12d2b0	39694c69,71059794
dc1427c7	39694c69,3485907e
dc150257	39694c69
dc175c02	52ce7370
0dc17d2f	52ce7370
dc1a8ab6	52ce7370
dc1d3ed3	4497a02c,9c0300b1,f29dc301
dc1fcfc9	bcf6bc33
dc271e14	3e516c2d,56d3cb0e,2cfd21e1,f00b73ad
dc2989ae	f8685a7f,e1cabf45
dc2c4a9f	a4f1a6c6,358e4e85,6ba51265,424a544a
dc300251	a4f1a6c6,358e4e85,6ba51265,424a544a
dc35ad55	52ce7370
dc3637be	52ce7370
dc3948d9	df2f5ccf,763bd933,b152284b,32334fb6
dc3beac5	39694c69,5073cad2
dc3e54e8	52ce7370
dc424338	4497a02c,9c0300b1,ed4381f2,a43458d9
dc44b6e3	a4f1a6c6,358e4e85,6ba51265,424a544a
00dc465c	4497a02c,9c0300b1,f4e08ea1,ca686334
dc490bf8	d59e31cf,8355c275,7dc6d828,32466a01,d6008e23,23cedfc3,9d3685aa,1b7a8280,14639e89,68efc883
dc4d69ff	861ab707
dc4f1888	52ce7370
dc4f8942	39694c69,81407642
dc55cbee	52ce7370
dc57335a	948b068a,2bff179e
dc5bc115	4497a02c,9c0300b1
dc5d883b	4497a02c,9c0300b1,42d08275,a61b084c
dc5e41de	39694c69
dc5ee6f2	5fc0aae4,f13e94a5,5320f0bc,bae35347,073e30a3,85df03a3,1304e8db,86715fd4
dc6105e0	39694c69,53536c60
dc622c27	bedd91a7,6d1d43cc
dc6421b4	8e5d54b5,cb8828b6
dc653e69	3296fc12,5e580707,d4e0dd4d,92202a7e,688c3481,03fcd3a3
dc65fae3	52ce7370
dc660302	b7869525
dc663320	39694c69
dc66335a	bcf6bc33
dc6a59f2	52ce7370
dc6a72bb	156ef672
dc6a751f	4497a02c,9c0300b1
dc6b097d	52ce7370
dc6f38ff	52ce7370
dc71094c	52ce7370
dc732abd	39694c69
dc73b4b8	b450f2e9
dc765e3a	52ce7370
dc7a39ab	4497a02c,9c0300b1
dc7bd4ea	52ce7370
dc7db0ea	d03b7c6c
dc7dc738	bedd91a7,a53082a4,ea209f63
dc7f5487	39694c69,3b5a85ed
dc8416c4	156ef672
dc857b22	840f09ea,d095ca66
dc8763b5	a4f1a6c6,358e4e85,6ba51265,424a544a
dc87bd4b	9a9d5b6e
dc881737	52ce7370
dc88231d	d3635c7e
dc886d08	a4f1a6c6,358e4e85,6ba51265,424a544a
dc8f46a8	52ce7370
dc95c23b	569aeac3,0c6023ee,fd8c731e
dc9dac47	52ce7370
dca7d02b	6032e495,5a50a80c
dca89ea2	c311c08f,0a9785aa
dca92c12	52ce7370
dcac5fea	012dbe79,87c91ece
dcaf0914	73aa4c73,a2835df9,d28caf0b,6cf854cc,5e189add,6e8e785e,84ebf1e4,9e137b4a,933412e3,113059f7,d8f2a3d2,72c7a3f8
dcb1eab6	f67717c7,30ea47bc,9f3cf92b,55a33ae8,0d86ef1a
dcb4f00e	39694c69
dcbab9e0	321325f3
dcbd7dce	39694c69
dcbf4483	39694c69,53536c60,ed4381f2,a43458d9,1c93d9d3,f5216bcf,c602a40d,ae8834fb,91fa17ab,111e88f1,89f6f8a5,4ebd1bb2,4b8a0cef,d89abf3a,7c564be4,fcf1f8c5,472143bf
dcc0f3b4	39694c69,53536c60,ed4381f2,a43458d9,1c93d9d3,f5216bcf,c602a40d,ae8834fb,91fa17ab,111e88f1
dcc4a248	52ce7370
dcc97e90	39694c69
dcd205d2	ba330c18,2191db0a,86fbf5f8,ee095057,684522c2,6270e946,cc65ca3d,37ef1deb
0dcd4f17	a4f1a6c6,358e4e85,6ba51265
dcd62f3b	52ce7370
dcdbe1a3	4497a02c,f1551f13
0dcdd66b	4497a02c,9c0300b1
dce45827	e0fdb83a,ff8bb3b4
dce7efa6	6282b804,d068dcd5,40f66e59
dce8e1fc	39694c69
dcecd9a7	b8d3ec3d,f5ff1be2,efe3034b
dcee180e	52ce7370
0dceea8b	51baea08,4cca3130
dcf6f376	52ce7370
dcf965de	b8d3ec3d,f5ff1be2,efe3034b,1246a305
0dcfb50c	861ab707
dcfd6833	39694c69
dcfe4695	4497a02c,9c0300b1
dd05b5f2	94393069,861ab707
dd084f4a	39694c69
dd10fbd0	b1e87ff5,18b4878d,fc4cb813,90ef0a16
dd112748	52ce7370
dd12f231	4497a02c,6f6c15e1
dd13a1a5	efa938d5
dd153bf7	4497a02c,9c0300b1,9a24585f
dd1af657	152e9eec,7d59d9b8,6519f22c,ab78b87d,39572fa0,9449ec6c
dd1b9d99	bedd91a7,6d1d43cc,4efa80dd
dd20bfae	569aeac3,0c6023ee,fd8c731e
dd2152b4	39694c69
dd220be6	397f16be,b065819e
dd2470b0	1f22d997
dd290e8a	b8d3ec3d,f5ff1be2,efe3034b,e0a28a55
dd291ba1	8509cb01,c3ca5b10,43667306,98a2c76f,5cd442ac,778b60b9,d987cd21,d8491993,ab85e4c2,ccbb421f,bfbb0f56
dd2988b5	a4f1a6c6,358e4e85,6ba51265,424a544a
dd2aecae	7e07433c,b36a883e,b04320d5,e711c8b2,f58c8193,3270856b
dd2da2f6	52ce7370
dd2e4980	39694c69,53536c60,ed4381f2,a43458d9,1c93d9d3,f5216bcf,c602a40d,ae8834fb,91fa17ab,111e88f1,89f6f8a5,4ebd1bb2,4b8a0cef,d89abf3a,7c564be4,fcf1f8c5,472143bf,81d269f1,445ee13f,4bfb77d1,604cb8a8,4d525275,1b332a89,10fded56,f2564478,2fd57652,8aab7e64,65bd861b,e51224df,0b3b3b39,66359d4f,f6b0f1c0,708fd580,034d5002,09237912,50a41601,76cbe174,fc9e0f04,93be621a,5d5733ad,cd9c73df,94b05d44,9762d059,405d4257,950270d7,702e331c,70823eaa,daf56fb3,060f8f36,bb1a29f4,56638432,2b438d00,2bd5f7fe,95ee8dfe,d02acf3d,4b14a013,52d6f1b8,b4c59a3a,9c2397c2,6049d326,0aee9e47,5917cecc,6ee3cd6f,a3f29c27,a19c769f,e1759237,26d875d0,a6f8571a,537df9d7,c200c181,3c1b2601,184e2362,b58c4b95,906164f9,b6394a5d,364ef38a,bfbc3131,9a3d6880,2df3b4fa,acb06c15,9068b149,8f7cac60,b56d9714,862f6f6f,3c733797,8a7aa776,93df5feb,98adf974,6449cdda,d7ccd848,5c662a54,726c2c55,3d034923,4f2692d2,26f469a5,76309fab,81acff2d,dfdfb862,e4a0a063,b94bf80f,b3d640f1,923fff04,5a13cec6,4c99bf36,a8ba8984,013c3efa,4f5d2801,468df202,5ee16a49,7a269d91,951e2b43,32b2970e,ddffe738,1ded4f5e,7855c475,5b3e7333,f6194067,9ead75f1,050ba956,4aee3322,522eee1c,f7bff4f4,2c26e48b,2b55ab18,dd9df0df,73327df2,2e75793e,faed2e70,56e2f38d,d4cdacfa
dd2f273a	39694c69,af77c70d,ed4381f2,a43458d9,1c93d9d3,f5216bcf,e2dc42cb,ef4c1064,050a25d7,234a0a79,c3c175ca,4ebd1bb2,d454474a,689b5772,c53f71f9,6bdb00af,58348094,c1f5412b
dd320617	39694c69
dd348b2a	49f47a08
dd34a19f	52ce7370
dd34da7c	52ce7370
dd39ac01	bcf6bc33
0dd4a871	39694c69,53536c60,ed4381f2,a43458d9,1c93d9d3
dd4cc7ed	39694c69,0edadee9,e4a07187,de6fa1bf
dd51e9ba	52ce7370
dd5277bf	fd00078f,7ca1b85d,9a83e4cc,09e7f96e
dd57712a	52ce7370
0dd58584	d969925d
dd5a4dba	56662d10,c13dd69c,de0148eb
dd5c38bb	3f19cae6,36765160
dd5dbebd	b32a7012,82ed3985
dd61212a	bccf96a6,83e25c3c,98bbe4aa,64e2e0f9,9e84516d,f77750d9,31c638f7,7faeeb2f
dd613f76	39694c69,22e98d19,35476289,824aac14,5c26e27a,b513695a,69c14c39
dd63862e	bcf6bc33
dd661d40	52ce7370
dd6b6a76	52ce7370
dd6d2c00	52ce7370
dd6d3d0b	c0874052
dd7186f6	39694c69,53536c60
dd74eec0	c3d7a1c6,ca545cb0
dd7aeabb	6d1d43cc
dd7de573	39694c69
dd7e10d4	52ce7370
dd827170	4497a02c,9c0300b1,4b0c2b1c
dd87652b	b8d3ec3d,f5ff1be2,efe3034b
dd8bf790	52ce7370
dd8c7ac2	d918c1e8
dd8e6a29	39694c69,53536c60,ed4381f2,a43458d9
dd8f694f	efa938d5
dd94a9ec	52ce7370
dda13e0e	39694c69
dda8cc66	52ce7370
ddaac117	f1b7e408,6966f037,0dd10c61
ddae6703	b8d3ec3d,f5ff1be2,efe3034b,006e0403
ddaf5237	52ce7370
ddafc743	8222f1b0
ddb7a412	b8d3ec3d,f5ff1be2,efe3034b
ddb91118	52ce7370
ddbb8355	52ce7370
ddbbc030	3e709394,8541cdad
ddbc43df	569aeac3,0c6023ee,fd8c731e
ddc189aa	de9ad6e8
ddc31746	52ce7370
ddca3723	39694c69
ddcfd71e	52ce7370
ddd45e90	998a4e6c,0d75535b,37313dad,212e835f,efa938d5
ddd67f21	39694c69,53536c60
ddd8add5	52ce7370
ddd8fb09	b8d3ec3d,f5ff1be2,efe3034b,dcd4e31c
ddd90f06	569aeac3,0c6023ee,fd8c731e
ddde4a4d	52ce7370
dde2b46c	52ce7370
dde311f2	6423095f,90ca346f,3cd01b55,83efde71,40ee424b,001ad6fa
dde59baf	1376944f,dbf1a2e0,00f4cad8,69148bc6,81ec45e5,c34b8f9a,2af55a90,4fb6c742
dded0683	39694c69
ddedbb2a	39694c69,c1cbbf43,e9f77cc4,428104ce,96f7d028
ddee5285	52ce7370
ddf07613	474869d5
ddf25f61	39694c69,53536c60,ed4381f2,a43458d9,1c93d9d3,f5216bcf,c602a40d,ae8834fb,91fa17ab,111e88f1,89f6f8a5,4ebd1bb2,4b8a0cef,d89abf3a,7c564be4,fcf1f8c5,472143bf,81d269f1
ddf77a95	5fc0aae4,c5259813,42a67ac9,db85f51c,382d2215,276fce97,4b9e2a33,81698712,8c6cf491,643fdc9d,39d6d4c2,5f41078a,0fedbf9d,e3e48b77,fa62c23c,07b08bbe,3f7888e3,d6cc4da6,7a495236,16a04bdc,d4c34bc3
ddf7988b	4497a02c,53536c60
ddfdca41	4497a02c,f1551f13
ddff5e91	bedd91a7,6d1d43cc
ddff6421	4497a02c,9c0300b1,a7ae9450,1980e4be,1c93d9d3,3355ace2,dcc27a30,ae8834fb,082b8e42,011419cc,485fc3bf,4ebd1bb2,4b8a0cef,d89abf3a,8ebcd9cd,fcf1f8c5,472143bf,81d269f1
de01462b	52ce7370
de01f9c5	4eacf831,304cfb1a
de02c7a8	4497a02c,9c0300b1
de0337d7	c52ad410,97794d82,68971add,6722e24a,ca9b953a,6f3bb602,3f46dda3,944a49db,c6912166,9a711a85,0d178ed0,259db82a,9a8f2061,aa81e4c9,c3af0e65,8acec43f,2d056370,ba09f89b,1b1e2fd9
de087e35	52ce7370
de0bd50a	52ce7370
de18cc26	52ce7370
de19ce2d	b5c4f4f4
de1f2e79	52ce7370
de2945bb	9a9d5b6e
de311175	b8d3ec3d,f5ff1be2,efe3034b
de337045	4497a02c,9c0300b1,ed4381f2,a43458d9
de3d03a5	4497a02c,9c0300b1,ed4381f2,a43458d9
de3e61e0	4497a02c,9c0300b1,3cb3c995,634f2af8,8f6536a5
de40cbe2	9cb6d969,e2ebaeae
de43334e	52ce7370
de450cb2	27e7ec1b,85fd0006
0de458ab	4497a02c,f1551f13
de45a8fa	39694c69
de46cccd	881a6055,0220dce9,b0a84e1b,e4f87f2b
de4ad445	52ce7370
de4d4519	4497a02c,9c0300b1,8df363e5,36cac360
de511041	4497a02c,53536c60
de556327	4497a02c,53536c60
de55762f	440f70bc,73d35398
de5dc636	52ce7370
de5e6f00	52ce7370
de5e85ed	6aaba75c,6aab8701,3d2965fe,f700be48,ac01d818,21921953,c9f99f61,de118265,216fb0c3
de619f7e	94393069,861ab707
de63cee3	39694c69,53536c60,ed4381f2,a43458d9,1c93d9d3,f5216bcf,c602a40d
de67297d	a4f1a6c6,358e4e85,6ba51265,424a544a
de675fe2	52ce7370
de6f3b7d	52ce7370
de7007c4	52ce7370
de7033ad	4497a02c,f1551f13
de714982	695a3627,c311c08f
de792a6d	4497a02c,9c0300b1,ed4381f2
de7e79cc	bcf6bc33
de818ec7	52ce7370
de81cb32	39694c69,1b5a30c0,c52ad410
00de86b7	4497a02c,9c0300b1
de87f497	4497a02c,9c0300b1
de882484	bcf6bc33
de89317e	39694c69
de8b3315	39694c69
de8d028e	4497a02c,9c0300b1,1487fca1
de90efd5	4497a02c,f1551f13
0de91d94	4497a02c,f1551f13
de92184c	ef10b158,1e3e50e1
de933548	52ce7370
de96436e	52ce7370
de98358d	43776339,ef73c3d1,3dae2a41,1abfb05d
de99e0a5	52ce7370
de9a8888	a4f1a6c6,358e4e85,6ba51265,424a544a
de9d738c	4497a02c,9c0300b1,7e4ea976,1d2f30f8,996bc4d9,ded3f2c2
dea3647a	39694c69,53536c60,ed4381f2,a43458d9,1c93d9d3,f5216bcf,c602a40d,ae8834fb,91fa17ab,111e88f1,89f6f8a5,4ebd1bb2,4b8a0cef,d89abf3a,7c564be4,fcf1f8c5,472143bf
dea562b6	52ce7370
dea68853	b1586ae4,735f9e8d
0dea6bc6	52ce7370
dea8b31c	c52ad410,d3aeb4fc
dea95275	4497a02c,9c0300b1
deae407d	da41a064
deb0eb5b	39694c69,53536c60,ed4381f2,a43458d9,1c93d9d3,f5216bcf,c602a40d,ae8834fb,91fa17ab,111e88f1,89f6f8a5,4ebd1bb2,4b8a0cef,d2b6a6b2,f7f56fa0
deb1fb62	16ec1a76,6cb9abfe,182be371
deb2e734	39694c69
deb81a89	52ce7370
debafd7b	2dd58e27,8c702061,6a683cc8
dec5079a	c52ad410,695a3627
dec9ebd6	39694c69,53536c60,ed4381f2,a43458d9,1c93d9d3,f5216bcf,c602a40d,ae8834fb,91fa17ab,111e88f1,89f6f8a5,4ebd1bb2,4b8a0cef,d89abf3a,7c564be4,fcf1f8c5,472143bf,81d269f1,445ee13f,4bfb77d1,604cb8a8,4d525275,1b332a89,10fded56,f2564478,2fd57652,8aab7e64,65bd861b,e51224df,0b3b3b39,66359d4f,f6b0f1c0,708fd580,034d5002,09237912,50a41601,76cbe174,fc9e0f04,93be621a,5d5733ad,cd9c73df,94b05d44
decea072	b5396019,d2f6c060
decf75a0	52ce7370
ded807de	bcf6bc33
0dedc939	22183874,d74ebeed,b3c768ec,12071db6,3512f1ef
dedf8837	9a9d5b6e
dedfd487	fe6f0bcc,df21fce1
dee3657f	52ce7370
dee6be2d	bcf6bc33,fc5542a4,cc9d7b39,f59e6083,854b84c8,85b26f17,d67b5372,d9fd5454,023fb954,663614cb,9f4754b6,995a2a9f,517963a6,692cf303
deed8c40	52ce7370
def5e713	52ce7370
def86a00	dcc919db,87b10783,be4a3237
0def8d9e	52ce7370
df097fe5	cbb0a0c9,2f7c6535,26d821e9,5d6e6635,0a6807ab,88605cbd,f91fb1c1,444d7cf2,5974cbb9,4c928458,080e59d5,c4e6a7a7,9ca71ab9,ff98e06a,daef038c,678c1a04,3cce1f40,7bb463e9,eb77e83c,25cf07dd,4ee4dec6,bd5a46fa,21ec7827,db1478c0,6a0eef8f,79fd6833,e71a034b,3b55e671,d170dd22,83faa670,59d9f271
df09cce8	4497a02c,9c0300b1,65fdd711
df0b017c	52ce7370
df16e628	fa5628a4,68989342,86a4f6c7
df1d5da3	a8e8144f
df1fb81d	a11a7086
df1ff743	52ce7370
df233e4a	d9762319,c9957633,eb6480e0
df28253a	39694c69,8a788305,a88d0113,724b67c4,58e71b97,2be8647c
df28f2d6	1abfb05d,de118265,56181287
df29b6be	52ce7370
df2a95b3	52ce7370
df2bc29a	4497a02c,9c0300b1,65c08136
df336d95	39694c69,53536c60,ed4381f2,a43458d9
df3438fe	39694c69,53536c60,ed4381f2,a43458d9,1c93d9d3,f5216bcf,c602a40d,ae8834fb,91fa17ab,111e88f1,89f6f8a5,4ebd1bb2,4b8a0cef,d89abf3a,7c564be4,fcf1f8c5,472143bf,81d269f1,445ee13f,4bfb77d1,604cb8a8,4d525275,1b332a89,10fded56,f2564478,2fd57652,8aab7e64,65bd861b,e51224df,0b3b3b39,66359d4f,f6b0f1c0,708fd580,034d5002,09237912,50a41601,76cbe174,fc9e0f04,93be621a,5d5733ad,cd9c73df,94b05d44,9762d059,405d4257,950270d7,702e331c,70823eaa,daf56fb3,060f8f36,bb1a29f4,56638432,2b438d00,2bd5f7fe,95ee8dfe,c3751126,1751d5f1,b4ca02f0,23745567,9e59e2fb,aae96ad7,91acde79,d07a7aa0,8ff0d728,4550b8cd,769a2861,7a1be44a,b1390d64,58527183,2326d865,fad12c9b,c12d8472,2f2df5ff,d6f0d351,0d9be992,8d8d80b3,81008d08,103cf27e,2cbc4a79,658efa44,92306d20,c3bbe558,dc65bfde,ecf725e1,76418af0,22020137
df3813eb	52ce7370
df38c456	52ce7370
df396969	39694c69
df3a8cae	a4f1a6c6,358e4e85,6ba51265,424a544a
df41c9d7	39694c69,40c3b60d,8a6f2577,f156761a,efa938d5
df41e066	48f52aa7,3371970f,892cd051
df4a1044	54dbcc01
df51dda5	39694c69
df5475d2	a4f1a6c6,358e4e85,6ba51265
df5b73f0	52ce7370
df613cd3	4497a02c,9c0300b1
df650dc9	03293101,e840c1c9
df658a5b	52ce7370
df65da38	52ce7370
df6bfc84	bcf6bc33,72af2d9e,d777719b,fae8ceb5
df744c40	52ce7370
df7455f4	89f2b327,92f1d089,da3d755f,54b5c241
df7623e9	adcb8e35
df77c28f	a4f1a6c6,358e4e85,6ba51265,424a544a
df7bda13	52ce7370
df7df3cf	39694c69,3485907e
df7ef13a	b6a18211,034a19b4,feaf57a9,9ed6c303,06384150
df84eda0	4497a02c,9c0300b1,9f90b58d,77c639b7,c015fc4b
df856518	39694c69,8ea9078c,f2a84b52
df8802f3	52ce7370
df886797	39694c69
df8b07c0	b7869525
df8b6cd2	4497a02c,9c0300b1
df8d25a7	9a9d5b6e
df97f884	c9071afe,18654df4,4dc0229e
dfa5f95f	39694c69,3485907e
dfa642d1	39694c69,e2efb716,626732f5,e2314bd3,87f00764,ef4c1064,1cac8b5b,e4059e62,234a0a79,c3c175ca,641bc762,b7ab8c7b
dfac3046	39694c69,53536c60,ed4381f2,a43458d9,1c93d9d3,f5216bcf,c602a40d,ae8834fb,91fa17ab
dfb500e5	4497a02c,9c0300b1,ed4381f2
dfb7eb7c	4497a02c,53536c60
dfb9e559	52ce7370
dfbbe301	52ce7370
dfbc5d4e	52ce7370
dfbd73bf	4497a02c,9c0300b1,1191638e,ca686334,f6f79974
dfc4e382	4497a02c,9c0300b1,6d2c033c,814cb140,1feafdc7,ca4bed22
dfc7bbb2	4497a02c,9c0300b1
dfc7ec4e	52ce7370
dfcaed91	2a923f17
dfcb348e	52ce7370
dfd3d53a	19a88eae,52e11410,83308c83,1b29be56,952c4aa2,0e402b93,4116e408,2fe39c8e,3dff8e4c
dfd74d76	bcf6bc33
dfda7004	54dbcc01,688fbadb
dfdb8fd7	efa938d5
dfdcae92	d6f768a5
dfdd13a0	a58d3057,58f6aada
0dfe4206	52ce7370
dfe77aa7	39694c69,53536c60,ed4381f2,fc6aade9
dff3db78	0ba5f4d3,8faca4e0
dff47432	52ce7370
dffb1df4	2a5a76c7
dffb4bb5	55f51b22,70fd9a9b,37616ec7,170a4346
dfffe9ff	52ce7370
e0062c3d	bcf6bc33
0e00ff0c	0eea7efb
e01477dc	39694c69,53536c60,ed4381f2,a43458d9,1c93d9d3,f5216bcf,c602a40d,ae8834fb,91fa17ab,111e88f1,89f6f8a5,4ebd1bb2,4b8a0cef,d89abf3a,7c564be4,fcf1f8c5,472143bf,81d269f1,445ee13f,4bfb77d1
e014b273	52ce7370
e015abf1	39694c69,5a1a735f,c220a472,a3e621b0,3a3996a5,f38ec62e
e0162584	39694c69,53536c60,ed4381f2,a43458d9
e0192e81	b8d3ec3d,f5ff1be2,efe3034b
e01b5f4d	a5a2e25a,cd58cabb,1c3de2c4,f16f1496
e01ea5aa	c8dc3446,10d72ae0,a97f322f,b29a698f,594166c8,b966b8cb,4362dc00,b8158c81,6b363b7a,0af21ed5,fff81c8f,f8cf135e,927245d2,9bf2ddcb,78365de6,3ad9ec69,0b1b3975,c0232b24,8e514f4e,29fe913b,15675599,496c1411,0a29d88c,4c36c347,be7ee904,8b5161b0,00d63b1e,fdbefd19,0081f603,91d6b5bb
e01fbd0b	4497a02c,9c0300b1
e020494b	4497a02c,ae42c2b3,cfadb668,b72d2da1,3031ff65,4799b644
e022e6f2	39694c69,f93b7ad5,96b5162f,7f880865,27cca8c2,8df62134,572fc984,af403d4d,dddbd028,4b971e6b
e02422e2	c415d935,1ec35a4c,2d773a9c
e026444d	87c264ea,63a587b4,8d30cdc7,f1a9a5ad,3de2e4f7,fb80a8e2
e028fc6c	39694c69,53536c60
e02a0ce3	4497a02c,f1551f13
e03510da	c52ad410,7117dd34,4300ec1b,ad37638a,336da7a3,6fe0ad4c,e5f028fa,7e941a1d,34eb5816,97967917,faca9387,1ee38f23,b4bd6d17,6453f358,a79d323c,9c6c056c,e4e64e1c
e03ac2b4	52ce7370
e03d10a7	4497a02c,9c0300b1
e041df3c	5dfb00b7,e7be89cd
0e042814	a4f1a6c6,358e4e85,6ba51265,424a544a
e04b9f6b	b8d3ec3d,f5ff1be2,efe3034b,16a88c29
e04f6fec	39694c69
e051ddbd	52ce7370
e0554e3d	bedd91a7,6d1d43cc
0e058380	a4f1a6c6,358e4e85,6ba51265
0e05e764	52ce7370
e067ffed	52ce7370
e06974de	52ce7370
e0780a55	8489d806,35e5d107
e078aa0e	b3b3f915,861ab707
e0794d57	0ba5f4d3,28f6b7b0,b37e175c,dfffea3a,de2b672e
e07e6410	a3c54e13,2fd87e65,975d58b2
e07e75e0	b8d3ec3d,f5ff1be2,efe3034b
e07fe2e1	e0fdb83a,86044bd2,fc583124
e0841cdc	52ce7370
e085966e	29914958,518d0155
e08a184c	4497a02c,f1551f13
e08e6bae	912df7a2
e08ece68	569aeac3,0c6023ee
e08f169e	a4f1a6c6,358e4e85,424a544a
e091873e	39694c69,156ef672
e092463e	52ce7370
e092d73c	de5cbb69
e0936a71	6d1d43cc
e094e450	358ddf3c,58cc7648,e5172b57,10044b06,d8ea89ee,96345769
e0a0650a	ef10b158,74ef00bd
0e0b1ad6	52ce7370
e0b2aef3	39694c69
e0b7dc68	52ce7370
e0bdec55	4497a02c,f1551f13
e0bdf1d7	b8d3ec3d,f5ff1be2,efe3034b,bf017c06,00ca6770
e0c98cc6	39694c69
0e0cbbb6	0b523ddd,84610b95,1b80fd86,985ef1dc
e0cc478b	41b6ba28
e0d4d070	48dc75f9,15445982,e9e50e90,514c01b8
e0d98b20	c5758aa6,16b596ca,0edf8df1,531fd260
e0d9b2e7	52ce7370
e0dbcfe0	94393069,861ab707
e0dde04c	8e4f10cc,472fd8e0
e0e2a9e7	39694c69,24d6f859,b8d1dd37,bef59ad9,0ce81d88,799772a5,81e1a9e2,fb8c5cb7
e0e4db68	14e1f474,f32b9f8a,3e516c2d,56d3cb0e,2cfd21e1,f00b73ad
e0e5caaa	4497a02c,9c0300b1
e0e64381	4497a02c,f1551f13
e0e8afe8	ae5f89df
e0f1c26d	b9cfffb9,d06d224d,221f79a8,29be6fb8,ebdf2504,6a13c7e4,343aad27,d358350c,1635e7f8,4a5a6127,34dcb4b4,a8dd4a55,b12c329d,8779e34c,4ab493eb,4cf9cf52,56998546,ad733bc9,f9cb315f,8c23775f,41ab7080,aa9d1314
e0f3fe8b	39694c69
e0f70cc7	4497a02c,9c0300b1,5bd9503d
e0f84e0d	39694c69,711b6bf4
e0f91b19	4497a02c,9c0300b1,ed4381f2,7e26dcff,183fe253,eef0425d,c602a40d,ae8834fb,aaf818ea
e100195c	52ce7370
e1005465	39694c69,53536c60,ed4381f2,a43458d9,1c93d9d3,f5216bcf,c602a40d,ae8834fb,91fa17ab,111e88f1,89f6f8a5,4ebd1bb2,4b8a0cef,d89abf3a,7c564be4,fcf1f8c5,472143bf
e10150e5	39694c69,ea480b6c,730e5bd6,baac5ead,f48e0ca7
e1039001	4497a02c,9c0300b1
e106417d	39694c69
e1068119	877a7caa,6966f037
e108ed57	52ce7370
e10ab5f3	52ce7370
e1116daf	52ce7370
e11aef6b	52ce7370
e124225e	4497a02c,9c0300b1
e12873ed	ea480b6c
e1288895	3296fc12,5e580707,d4e0dd4d,92202a7e,688c3481,03fcd3a3
e12db8a7	4497a02c,9c0300b1,483259fc,10422649,03103993,c7e6be81
e1365876	39694c69
e1372797	52ce7370
e137773c	695a3627
e13a63b9	52ce7370
e13cfc73	bcf6bc33
e1414ac7	19df91a3,79bc1aa1,b7ab8c7b
e1421368	52ce7370
e1421624	39694c69,53536c60,ed4381f2
e1421d36	65885a52,411f50fa,960236df,7cfbaf93
e1422672	bedd91a7
e1441482	52ce7370
e1490415	52ce7370
e14cda3a	618db226,44ece7dd,2ba89fb9,3ff76c73,50f0ac7e,fb91945c,61a5f4f7,919bb762,288ac4b1,682019c2
e14fe2e3	77196bcd,12f6743c
e15661ae	52ce7370
e158196a	4497a02c,9c0300b1
e158ac7e	39694c69,2071350e,f0ebab17,0d4c37f3,a514ebd6,028cd277,4cea7154,52b0bbf6,73266682,ac9846ba,ce8c0692,db074f3d
e1606165	b8d3ec3d,f5ff1be2,efe3034b,0b1d2a7d
e160a240	4497a02c,53536c60
e16264ce	52ce7370
e1662d14	4497a02c,9c0300b1,483259fc,a43458d9,a101603e,f5216bcf,b0bd7630,52843366,91fa17ab,111e88f1,542d9d7b,7d441f42,7da1c31a
e1697482	52ce7370
e1718867	52ce7370
e172ad2b	54dbcc01,688fbadb
e17612c9	39694c69,53536c60,ed4381f2,a43458d9
e178f6a9	9debfb41,a533f992
e181fcad	52ce7370
e1820ba4	b8d3ec3d,f5ff1be2,efe3034b,4096279a
e182cd94	465660fd,f104759c,3a6b15d7
e1849bdf	94393069,861ab707
e1877aa2	bedd91a7,6d1d43cc
e18e7dfd	b8d3ec3d,f5ff1be2,efe3034b,e2dd388c,df17f372,2e8a2a02,fd232e99,33494e57
e19117cb	ef10b158,83c95008,f8579095,c9c7dbf5
e191457e	74a6fe36,a4b915cc
e198b95c	d7dbf550,731f468a,055cb218,91cf097f,9b1f8079,4fb7b6e5
e1a0f996	39694c69
e1a2dc50	b8d3ec3d,f5ff1be2,efe3034b,4de956a0
e1a6819e	52ce7370
e1a7f112	52ce7370
e1ad6441	7b68956c,0c6ec012,3dacb67c,41a0dd7c,fc3f8658,98f5d9c6,0951985b,86c96406,9115fdff,36cd4ba7,3d5e2d57,f70e96b4,de9bfbbf,a2f07310,afe41c5d,ec698542,3ed623fb,e79ececa,152f37d5,19ce52ef
e1ada530	a4f1a6c6,358e4e85
e1adb0da	4497a02c,9c0300b1,dae7be58,41fed4a7
e1afbb6c	55fb1e54
0e1b2a43	39694c69,53536c60,ed4381f2,a43458d9,1c93d9d3,f5216bcf,c602a40d,ae8834fb,91fa17ab,111e88f1,89f6f8a5,4ebd1bb2,4b8a0cef,d89abf3a,7c564be4,fcf1f8c5,472143bf,81d269f1,445ee13f,4bfb77d1,604cb8a8,4d525275
0e1b2a4c	52ce7370
0e1b77ab	b8d3ec3d,f5ff1be2,efe3034b,860e88b1
e1b78f64	39694c69,53536c60,ed4381f2,a43458d9,1c93d9d3,f5216bcf,c602a40d,ae8834fb,91fa17ab,111e88f1,89f6f8a5,4ebd1bb2,4b8a0cef,d89abf3a,7c564be4,fcf1f8c5,472143bf,81d269f1,445ee13f,4bfb77d1,604cb8a8
e1bfe463	cada73a7,49a2526b,de118265,3028e973,1a8d2e37,2a080243,7fdd9ece,7f8bb411,a979bbae,a8db92ea,cab12f0b
e1c1a1be	bcf6bc33
e1c81439	39694c69,57d7e3c7
e1ca39e5	52ce7370
e1cadf35	22183874,d74ebeed,b3c768ec,12071db6,3512f1ef
0e1cdc6f	39694c69,53536c60,ed4381f2
e1d6f863	39694c69,53536c60,ed4381f2,a43458d9,1c93d9d3,f5216bcf,c602a40d,ae8834fb,91fa17ab,111e88f1,89f6f8a5,4ebd1bb2
e1d7f543	52ce7370
e1d81c07	4497a02c,9c0300b1,dcc919db,0df636ed,d3810500
e1d954de	52ce7370
e1d9ae17	a4f1a6c6,358e4e85,6ba51265
e1e15fca	39694c69,b9028ee5
e1e1f4e5	52ce7370
e1e5aa89	39694c69,53536c60,26bed42b,0091e4f9,1c93d9d3,f5216bcf
e1e644e2	52ce7370
e1e67580	39694c69
e1e70e9d	52ce7370
e1ec6c41	39694c69,53536c60,ed4381f2,abf3dbb4
e1ecc81c	f41b94df,4261f741,8f2d687d,8d4b4bc5,b6a2af8b,a3fc5d1b
e1eec41d	52ce7370
e1f83229	4497a02c,9c0300b1,fbf9cd00
e1f8b1a0	39694c69,af77c70d,ed4381f2,a43458d9,1c93d9d3,f5216bcf,e2dc42cb,ef4c1064,050a25d7,234a0a79,c3c175ca,4ebd1bb2,994479b2
e200207b	c5d8edae,eb1ee537
e202a80e	39694c69,f93b7ad5,96b5162f,7f880865,27cca8c2,8df62134,572fc984,af403d4d,dddbd028,4b971e6b
e205544e	249f7327,a4b0723c
e2077f10	94393069,861ab707
e208d579	321325f3,d95c3c85,212f25cf,fec5ed56,490bbe63,e59f409d
e212638d	4497a02c,9c0300b1,4ea4f66c,8a8c2b9b,cb2264f6,5f5f36ba,fcc732f7
e213c90a	a4f1a6c6,358e4e85,424a544a
e2146697	52ce7370
e2166123	b8d3ec3d,f5ff1be2,efe3034b,a1ce3e68
0e216e06	009bb89e,b5bddf8f,54aeb0b1,facc29c6,5940f468
0e21c3db	52ce7370
e21c96c9	39694c69,c4900cb3,38e07240
e21f511b	5321cb79,235dd2b8,7a3f7ebc,fff1e1af,c50b38cf,cd64af58,fdc70089,a9fc132f,b1988956,60488086,be80e0f9,6a2c8e0b,5b994493,1ef94ae0,2e17aac7,2b215d3f,3ab77e6b,b33ed866,8b283095,4b9bda65,d54eac7e,c18664f1,d48b34b9,494463fb,129cbaa6,dcfd3760
e2245368	39694c69,c7fb2350
e226080f	d2f6c060,de2cb5b0
e2282404	b8d3ec3d,f5ff1be2,efe3034b,74077bc9
0e22b82e	52ce7370
e2326a84	4497a02c,9c0300b1,6d2c033c
e2374b0d	39694c69
e2382074	ede44e83,d7de987a,176a2649,8b125465
e2382149	73bf48e9,de171b22,8c79f3b8,cefd22e1
e239ec8b	f81c25d9
e23a44c6	39694c69,53536c60,ed4381f2,a43458d9,1c93d9d3,f5216bcf,c602a40d,ae8834fb,91fa17ab,111e88f1,89f6f8a5,4ebd1bb2,4b8a0cef,d89abf3a,7c564be4,fcf1f8c5,472143bf,81d269f1,445ee13f,4bfb77d1,604cb8a8,4d525275,1b332a89,10fded56,f2564478,2fd57652,8aab7e64,65bd861b,e51224df,0b3b3b39,66359d4f,f6b0f1c0,708fd580,034d5002,09237912,50a41601,76cbe174,fc9e0f04,93be621a,5d5733ad,cd9c73df,94b05d44,9762d059,405d4257,950270d7,702e331c,70823eaa,daf56fb3,060f8f36,bb1a29f4,56638432,2b438d00,2bd5f7fe,95ee8dfe,d02acf3d,4b14a013,52d6f1b8,b4c59a3a,9c2397c2,6049d326,0aee9e47,5917cecc,6ee3cd6f,a3f29c27,a19c769f,e1759237
e23a7f08	4497a02c,9c0300b1,ed4381f2,a43458d9,dcc919db
0e23aa9f	3820a1e7,89f2b327,29ffdece,06c45ebc,e8ee4689
e23b1673	52ce7370
e23d0875	52ce7370
e24028ae	39694c69,82273c54,da0deda5,109279ae,ff4ee59c,223d627a,eab3c5bf,c7121f30,3333e0d9,a5475426,31609214,a39b9ffb,ffa81713,5e6a7597,dee65538,75346d42,a99bed99,bf81f6cd
e240e87e	ef10b158,e3e7b0dc,ba41c7e9,7671a1f8,7f5a1743,7d84496c,72b6562e,13fdcd5a
e243a836	39694c69
e2447efe	1fcd2211,d55e3677,97733c7e,c2da50e6
e24705f3	c84c7718
e24895cf	b8d3ec3d,f5ff1be2,efe3034b
e24e710e	5fc0aae4,c5259813,42a67ac9,db85f51c,382d2215,276fce97,4b9e2a33,81698712,8c6cf491,643fdc9d,39d6d4c2,5f41078a,0fedbf9d,e3e48b77,fa62c23c,07b08bbe,3f7888e3,d6cc4da6,7a495236,16a04bdc,d4c34bc3,334ecc6e
e257cb88	4497a02c,9c0300b1,ed4381f2,a43458d9
0e261dd9	4497a02c,f1551f13
e264e4f3	39694c69
e2653ec5	5cd4677b,9f595148,f053cef9,a1cf89a6
e266a938	39694c69,6ac1d1a2,221a9b02
e266d79d	52ce7370
e2788d22	94393069
e27b7c5b	b8d3ec3d,f5ff1be2,efe3034b,6789d4b5,c315ec5d,708127b7
e27cff29	6966f037,4152a6c8,cdc7c971,14ba14aa,9202a3cb,b23af984,cbe09b5e,84f67a36,b67f9ca7,cfdeff8f,07c93ba6
e27d7278	39694c69,af77c70d,ed4381f2,a43458d9,1c93d9d3,f5216bcf,e2dc42cb,ef4c1064,050a25d7,234a0a79,c3c175ca,4ebd1bb2,447c30f9
e27f74ac	39694c69,212ffbe8
e2808eea	52ce7370
e280a99a	db244816,7e4ea976,d60c3198,4a0844a1,9917937f,31db59df,24e2185d,634e8a15,9207d833,9c374e2b,7cca3687,55dbdd01,12b10062,cb849d59,c4c0c104,9660308f,854d2dfa,766b5ed8,b4745253,cd97c4df,ea85b1f0,8afee03c
e280ec8d	39a2d78e,0327223f,781ee97a
e2844925	52ce7370
e28ab242	39694c69
e28ae326	39694c69,f93b7ad5,96b5162f,7f880865,27cca8c2,8df62134,572fc984,af403d4d,dddbd028,4b971e6b
e28d6d24	94393069,861ab707
0e295613	998a4e6c,1126d489
e29d72b2	639c7070,ef46bbd3,cb433269
e2a2bf18	52ce7370
e2a507b7	c52ad410,57d7e3c7
e2a87bfa	52ce7370
e2a94010	52ce7370
0e2b1ace	52ce7370
0e2b248f	c415d935,9deb246d,6bed8eea,90a8d577,73e92668,0e2d1628,2292f208
0e2b7e25	249f7327
e2b7f684	52ce7370
e2b9a6d3	52ce7370
e2c7a75f	c52ad410,b9d5d049,504f7273,4a81e7c5,043056d5
e2c99abc	82273c54,7e734459,95bbbf7e,5e3fd86c,9c75ab45
e2cad209	39694c69,97898a4b,bafc4715,4caf6f64,dbc069e4,1520ca6f
e2cc9875	52ce7370
e2d28b35	4497a02c,9c0300b1
e2d7dd41	4497a02c,9c0300b1,2185a077,4a733b64,9c69b785,f78fc192,af1b9cca
e2dd733b	4497a02c,9c0300b1,6d2c033c,a8c9faf0
e2de73a8	4497a02c,9c0300b1,23e50777
e2e2c85c	39694c69,5df864cd
e2e32c63	b8d3ec3d,f5ff1be2,efe3034b
e2e3c1fd	ef10b158,fd7038b0
e2e4969f	52ce7370
e2e7bc79	b8d3ec3d,f5ff1be2,efe3034b,c3ef1c0a
e2e85bf2	b8d3ec3d,f5ff1be2,efe3034b,ecaf1d90,350c86ea
e2ed9468	39694c69,53536c60,ed4381f2,a43458d9
e2f4b620	52ce7370
e2f561ab	b8d3ec3d,f5ff1be2,efe3034b
e2f6f9cb	a4f1a6c6,358e4e85,6ba51265,424a544a
e2ff3438	52ce7370
e3014798	52ce7370
e30a93b8	23f6c302,35b16abf,cd397f67,cda58aea,ec0f5450
e30f239d	152e9eec,7d59d9b8,6519f22c,ab78b87d,39572fa0,9449ec6c
e30fbde7	b7869525
e311bc27	52ce7370
e313f8b4	aa69b814,c4406f16,65422664,6b8b0c32,08e9a96c,f58c1908,884960e5,06b52367,fdb16713,c4f54f95,1c2bf239,911a9b01,9bcc39b5,83eea222,e318857d,efaf9b08,10380abb,5f17ec2a,c6ee3475,37594d48,f588d665,eb8d2c7a,a45fd2ad
e31ad628	52ce7370
e31e7148	52ce7370
e31fd273	4497a02c,9c0300b1,ed4381f2,a43458d9
e3264d84	39694c69,8aa9018f,e8066123,d33833d7,e30e7009
e3276676	a4f1a6c6,358e4e85,6ba51265,424a544a
0e32c86e	39694c69
e3303edb	c52ad410,57d7e3c7
e33771f8	52ce7370
e33b4392	2113ce38,0d75535b,37313dad,212e835f
e33bf73f	39694c69,53536c60,ed4381f2,a43458d9
e33ce639	4497a02c,9c0300b1,dfd03c6f
e3402901	39694c69
e343955e	39694c69,9dfedf8e
e3442603	52ce7370
e3469cd7	39694c69
e349765a	39694c69,9163e6c8
e34bc9a5	4497a02c,59987c10,a9e2a2a2,d47e3777,df4ab670,b1fb4c05,440a9110,60e7c4d0
e34c17d5	fab79579,43b9a2b6,4eb6cb3c,e7945ffd,61fdcd5a,b81202be
e34cf57d	51ac1207,d70a3d93,42bd57dd,933df908
e34dab98	e0d64098,e33e7913
e3564afd	bcf6bc33
e358889a	52ce7370
e35b0be5	52ce7370
e35d5911	39694c69,efa938d5
e36377b8	bcf6bc33
e367848a	52ce7370
e369df1c	39694c69
e36abd1c	52ce7370
e37073db	39694c69
e370e271	4497a02c,53536c60
e370f836	4497a02c,f1551f13
e373f87a	5db7b8ed,a1db02f3
e3766781	39694c69,53536c60,ed4381f2,a43458d9
e37738ae	0fffa62c,5c091dd9,07ca86ab,597d5288,4a2c5583,104f7e93,6750555c,3ce0aae7,d4ffb344,6fc22e02,a8e851c9,698c4786,6f4b37d0,82e46b55,34bd21af,4ee4c39c,ab38b883,f5455c2c,8f4aa16a,b02915c9,fd21a330,c1250d2a,233a6dbf
e378e03c	b8a183e9
0e379227	b8d3ec3d,f5ff1be2,efe3034b
e37a601a	27a6a0e2,7065bf6d,c61ccb9b,884243a3,eca45b8a,efa938d5,29b5515b,ff0e3aef,668a6f38
e37eae4f	52ce7370
e37ffbb7	52ce7370
0e3800a4	52ce7370
e382b70b	39694c69,53536c60,ed4381f2,a43458d9,1c93d9d3,f5216bcf,c602a40d,ae8834fb,91fa17ab,111e88f1,89f6f8a5,4ebd1bb2,4b8a0cef,d89abf3a,7c564be4,fcf1f8c5,472143bf,81d269f1,445ee13f,4bfb77d1,604cb8a8,4d525275,1b332a89,10fded56,f2564478,2fd57652,8aab7e64,65bd861b,e51224df,0b3b3b39,66359d4f,f6b0f1c0,708fd580,034d5002,09237912,50a41601,76cbe174,fc9e0f04,93be621a,5d5733ad,cd9c73df,94b05d44,9762d059,405d4257,950270d7,702e331c,70823eaa,daf56fb3,060f8f36,bb1a29f4,56638432,2b438d00,2bd5f7fe,95ee8dfe,d02acf3d,4b14a013,52d6f1b8,b4c59a3a,9c2397c2,6049d326,0aee9e47,5917cecc,6ee3cd6f,a3f29c27,a19c769f,e1759237,26d875d0,a6f8571a,537df9d7,c200c181,3c1b2601,184e2362,b58c4b95,906164f9,b6394a5d,364ef38a,bfbc3131,9a3d6880,2df3b4fa,acb06c15,9068b149,8f7cac60,b56d9714,862f6f6f,3c733797,8a7aa776,93df5feb,98adf974,6449cdda,d7ccd848,5c662a54,726c2c55,3d034923,4f2692d2,26f469a5,76309fab,81acff2d,dfdfb862,e4a0a063,b94bf80f,b3d640f1,923fff04,5a13cec6,4c99bf36,a8ba8984,013c3efa,4f5d2801,468df202,5ee16a49,7a269d91,951e2b43,32b2970e,ddffe738,1ded4f5e,7855c475,5b3e7333,f6194067,9ead75f1,050ba956,4aee3322,522eee1c,f7bff4f4,2c26e48b,2b55ab18,dd9df0df,73327df2,2e75793e,faed2e70
e382fe39	52ce7370
e3841d9d	39694c69
e3882a98	52ce7370
e38d34bc	bcf6bc33
e38dd4ac	d2169652,6baaa8d2
e38e76f5	a2d1401e,429fe0a0,9031a6c5,edb06294,fbb3f8c4,b21fe34b,5d7649d1,15fb736f,0309d1f3
0e38ec07	4497a02c,9c0300b1,ed4381f2
e3906ef1	52ce7370
e39307da	31160174,cb6eb787
e39546df	1b5a30c0
e39a3611	a4f1a6c6,358e4e85,6ba51265
e39daaf8	4497a02c,9c0300b1
e3a0d9ff	4497a02c,9c0300b1
e3a1dffc	39694c69,af77c70d,ed4381f2,a43458d9,1c93d9d3,f5216bcf,e2dc42cb,ef4c1064,050a25d7,234a0a79,c3c175ca,4ebd1bb2,4b8a0cef,c1f5412b
e3a26a34	152e9eec,7d59d9b8,6519f22c
e3a7f067	94393069,861ab707
e3a84e92	39694c69
e3aa41e1	a8a4764f,917e84fc
e3aa9c12	52ce7370
e3abeabd	52ce7370
e3ad6a0f	89bf4cc2,321a321a
e3adfe4b	52ce7370
e3b1241f	4497a02c,9c0300b1
e3b157f4	4497a02c,9c0300b1,8a6e69b0
e3b48d2d	39694c69,53536c60,ed4381f2,a43458d9,1c93d9d3,f5216bcf
e3b6a3e9	52ce7370
e3b9fe95	8d909566,dadf9f29,5a228511,fe3bc2b9
e3bc1061	9b51cdd8,dfc9c0ef
e3c051e2	52ce7370
e3c8cef9	ccd8b08c,d16f2be2
e3cb840b	52ce7370
e3cca14b	52ce7370
e3d5083f	a4f1a6c6,358e4e85,6ba51265
e3d70322	4497a02c,9c0300b1,a7ae9450,1980e4be,1c93d9d3,3355ace2,dcc27a30,ae8834fb,082b8e42,011419cc,485fc3bf,4ebd1bb2,4b8a0cef,d89abf3a,8ebcd9cd,fcf1f8c5,472143bf,81d269f1
e3d7afe5	4497a02c,9c0300b1,a68e3eb3
e3db9dbf	19df91a3,79bc1aa1,cb7b7504,d454474a,689b5772,c53f71f9,30c7c4c6,58348094,6c1dff2a,7ef2dc7a
e3dcbf53	0cc4989f,89beabdd,f74ad514,c272ac1d,f17f54c4,f7649f7a,cae035bc,5380431e,8d9f976d,5ba8c011,4a12f035,76a82c9c
e3e3cf7e	52ce7370
e3eca080	e0fdb83a,c31908d3,0457701c
0e3f255d	52ce7370
e3fcfb24	382cb6e6,e0fdb83a,d5eb7752,243c5f31
e3fdcbcd	c5385cf9,d96fdbd0,5c18bf69,5dbe4c74
e404b7a3	39694c69,8eb25cca,dce745be,27521c0d,e5da7cf1,16c7e2fa,77a81dc7,eec89b7b,ea2ab70c,14b640f2,c052d2ff,59a5da67,3bbabdbc,03430cb4,4d1d32d6
e404dce4	4497a02c,53536c60
e4099a40	695a3627
e40e4e45	29274392,71059794
e40ea36a	6c58bfd5,db19809e,d77cafa4,9f28b0ea
e40f1854	2b7ff504
e410f740	bcf6bc33
e4123d31	39694c69,53536c60,ed4381f2,a43458d9,1c93d9d3,f5216bcf,c602a40d,ae8834fb,91fa17ab,111e88f1
e412c028	cd64af58,bf8680a4,c748ed5a,e546362d,358da667,5b45bb94,9b1bdebb,237d2a76,4bf7c1b1
e41361eb	39694c69
e414fb72	6966f037,763bd978,1e3e50e1
e4173344	94393069,861ab707
e41fde16	52ce7370
e42ab385	0cc36e51,4eacf831,26b7c9b3,c4248c2d,278b9876,9fc9d113
e42dcb71	1e187c8f
e430c3c7	1c3cb695,236159eb,019dd106,b5b06866,46e6691b,09fa7f06,cd5c030d
e431a0f0	569aeac3,0c6023ee,fd8c731e
e4355dc4	94393069,861ab707
e43658ab	52ce7370
e437d536	52ce7370
e44642b5	b8d3ec3d,f5ff1be2,efe3034b
e44a055b	52ce7370
e44b2ddb	4497a02c,9c0300b1
e44ef550	4497a02c,9c0300b1,ed4381f2,a43458d9
e45123a4	e0fdb83a
e452dd9a	52ce7370
e4540fcd	5846f0fa,dddaa593
0e457025	de9ad6e8,787f1dc0,d1260d93,410aed08,cd318ac6,462171b3,5f6fa309,82c9801c,f13e94a5,1988fe38,955d02fb,b9c3513d
e4590f64	4497a02c,9c0300b1
e45c035e	4497a02c,9c0300b1
e45d2ee7	546e07b5,2d75befe,68e158b4,c53600dd,9ae643e0,d9924763
e46a83ec	52ce7370
e46bd813	52ce7370
e46d7765	39694c69,f93b7ad5,96b5162f,7f880865,27cca8c2,8df62134,572fc984,af403d4d,dddbd028,4b971e6b
e46e9cff	639c7070,ef46bbd3,cb433269,80258edd,c943bcdd,74d3501b,07c14aed,7f6c8a87
e46f1e81	569aeac3,0c6023ee,fd8c731e
e46f4ba0	52ce7370
0e4805aa	ebda9b25,d4ef301b,f447fe90,633e7215,46f321dc
e4822fd8	c52ad410,57d7e3c7
e48273ab	52ce7370
e486d593	52ce7370
e48fe0d0	c1459676,8bf9d93d,ef8ca21b,d9c2916e,becac3b8
e4919ad5	52ce7370
e4963528	39694c69,2f9f6a56
e498890f	216302dd
e4991028	52ce7370
e49accd2	07aa9042,bc0f96c3
e49e44aa	b577766d
e49e60d9	39694c69
e4a30edc	a4f1a6c6,358e4e85,6ba51265,424a544a
e4a3eddc	4497a02c,9c0300b1,ed4381f2,a43458d9
e4a4ba08	321325f3
e4a6c6c2	a4f1a6c6,358e4e85,6ba51265
e4ad2f38	249ca9d3,fd5a1327,92356173
e4adf559	b8d3ec3d,f5ff1be2,efe3034b,137cbeb3
e4af5521	52ce7370
e4b33820	52ce7370
e4b62253	f59e6083,9603831b,c7a56d5a,f77532a1,1e98fb90,9dd5f71f,a24933cd,c51c1fde,8fcb7841
e4bbe486	2113ce38,0d75535b,37313dad,212e835f
e4bdff98	39694c69,53536c60,ed4381f2,a43458d9
e4bedfd1	39694c69,53536c60,ed4381f2,a43458d9,1c93d9d3,f5216bcf,c602a40d,ae8834fb,91fa17ab,111e88f1,89f6f8a5,4ebd1bb2
e4bf3830	4497a02c,53536c60
e4bf7146	52ce7370
e4c1990e	52ce7370
e4c20229	39694c69,9deb246d,923a6c6e,49af8111
e4c2b18b	39694c69,53536c60,26bed42b,0091e4f9,1c93d9d3,f5216bcf
e4c679f3	4497a02c,9c0300b1
e4cc2448	39694c69,53536c60,ed4381f2,a43458d9,1c93d9d3,f5216bcf,c602a40d,ae8834fb,91fa17ab,111e88f1,89f6f8a5
0e4ccd2b	39694c69
e4d0ad2d	52ce7370
e4d681ee	52ce7370
e4d9a242	52ce7370
e4d9dcbe	39694c69
e4e03625	b6a18211,034a19b4,feaf57a9,9ed6c303,06384150
e4e25aba	b8d3ec3d,f5ff1be2,efe3034b,137cbeb3,20f5d1de
e4e9602d	39694c69,f93b7ad5,96b5162f,7f880865,27cca8c2,8df62134,572fc984,af403d4d,dddbd028,4b971e6b
e4eacfa1	4497a02c,9c0300b1
e4eb2683	544a9e74,0fedbf9d,28e41882
0e4ede06	4497a02c,7ebfac0e
e4f0765f	52ce7370
e502c90d	52ce7370
e502d136	39694c69
e502f411	4497a02c,9c0300b1,71059794,87b10783
e50d9bc9	668278c1,c3cc696f,37b509a5,981e0e9f,86a46e3f,41ebfaa2,6411d60d
e51055bc	a4f1a6c6,358e4e85,6ba51265,424a544a
e5144b0a	c3a4c907,d03b7c6c
e516676a	83e25c3c,9e84516d,fe5bc17b,64e2e0f9,d7a9a38a
e51907f5	b8d3ec3d,f5ff1be2,efe3034b
e51b6e8d	dee65538,526abccd,8c0c227f,cde254f1,32b193bd,0fe5bd42,088b2bce
e51ebcff	4497a02c,53536c60
e522cf27	ef10b158,2d0335c4
e524c831	52ce7370
e5262879	544935b8,6955542f
e52870c5	29a5d1bb,6525bb7f
e52c4468	52ce7370
e5315474	39694c69,53536c60,ed4381f2,a43458d9,1c93d9d3,f5216bcf,c602a40d,ae8834fb,91fa17ab,111e88f1,89f6f8a5,4ebd1bb2,4b8a0cef,d89abf3a,7c564be4,fcf1f8c5
e53188b2	639c7070,ef46bbd3,cb433269
0e535e2b	39694c69,43d1a5b7
e5370eec	52ce7370
e53c5300	52ce7370
e5437d0c	39694c69
e54d0289	52ce7370
e54e7f2f	44c7bf86,161e0878,0ad581ea,947b74a2
e54ebf3a	bcf6bc33
0e54f082	7ceabbeb,7c94fb67,a56f87bc,50b5138c
e5533bb2	52ce7370
e55a9ede	59084d0c,d59655b2,dee65538,d6888945,ed96ebd0,6473c0cd
e55cbb7d	b3b3f915,76d24228
e55decf3	4497a02c,9c0300b1
e560e516	a4f1a6c6,358e4e85,6ba51265,424a544a
e5624bf4	39694c69,53536c60,ed4381f2,a43458d9,1c93d9d3,f5216bcf
e56400d0	4497a02c,9c0300b1,6d2c033c,ed9bfc62
e566b950	4497a02c,53536c60
e56de1d9	39694c69,53536c60,ed4381f2,a43458d9,1c93d9d3,f5216bcf,c602a40d,ae8834fb,91fa17ab,111e88f1,89f6f8a5,4ebd1bb2,4b8a0cef,d89abf3a,7c564be4,fcf1f8c5,472143bf,81d269f1,445ee13f,4bfb77d1,604cb8a8,4d525275,1b332a89,10fded56,f2564478,2fd57652,8aab7e64,65bd861b
e56e623e	52ce7370
e56f5ecd	39694c69,53536c60,ed4381f2,a43458d9,1c93d9d3,f5216bcf,c602a40d
e578d7fa	39694c69
e57a638a	bcf6bc33,fc5542a4,cc9d7b39,9ad50217
e57b5de7	cfbcc39b,28fc1206,0867d522
e57dd47c	52ce7370
e57f873f	52ce7370
e5883b35	99dc1bed
e58a6a64	4497a02c,9c0300b1,6d2c033c,1ce6a6f1
e58baba6	52ce7370
e59442f1	52ce7370
e5983f9d	9a9d5b6e,de9ad6e8,7f213827,8fe9bda8,22d5634f,23e38c44,b8c9ea7c,17421193,18436e4f,6fc6d011,99914bc2,a13dca22,bc1842bc,4a85ee26,6d26bb01,6d5d1e1a,fbff6f31,e90e253c,45a0926f
e59847e5	39694c69,cad426f7,d0abb479,a4cbc7f5
e59b0594	6a9a92eb,3ac054d7,2831a916,305ae10a,f6d5ec74
e59b5497	377f4b00
e59cb041	ef10b158,11e50782
e5a54766	52ce7370
e5a7bc91	52ce7370
e5a92646	94393069,861ab707
e5a9eebb	ef10b158,83c95008
e5ab64d4	126315cb
e5abd1e7	94393069,861ab707
e5b2b996	52ce7370
e5b32c47	52ce7370
e5b373ba	4eacf831,304cfb1a,34456c54
e5b67119	39694c69,53536c60
e5b7a17a	39694c69
e5ba9c67	6e326729,76670822,01e6eab9,a0c3e5d7,94054946,0a6cba0e,f43eaa00,7abfc123
e5bb9402	f1551f13
e5bd5930	52ce7370
e5c692ff	52ce7370
e5cc522d	52ce7370
e5d8b107	39694c69,53536c60,ed4381f2
e5db3bc0	695a3627
e5df7895	52ce7370
e5e549a4	52ce7370
e5e77628	adcb8e35,53536c60,ed4381f2,a43458d9,1c93d9d3
e5e9f465	ef10b158,7eddaefe
e5eccf07	b8d3ec3d,f5ff1be2,efe3034b,acf082a7
e5ee69b5	c52ad410,efa7f489,b6f3e815
e5f91f01	1abfb05d,0abe848d,3385c4b6
e603ebf1	ef10b158,47bfaccd,4813b0de,624d3cc9,3536403e,e9abd09d
e6052a33	776a3b75,8d1c5be6,d70a3d93,279ada1e,83e25c3c,5b673006,dc2c48d2,ad8ca9ca
0e60929a	39694c69,53536c60,ed4381f2,a43458d9,ddb59125,57cae619,70b58685,224db3e7
e60a9719	c4ed9a40,deae0f06,f9d53ca0
e60db6fd	5fc0aae4,c5259813,42a67ac9,db85f51c,38fde3b5,81783ca1,c71d75ed
e614c4df	52ce7370
e615f7a7	4497a02c
0e619777	52ce7370
e61a5638	a4f1a6c6,358e4e85,6ba51265
e61fb062	6fecfa41,c14b9d8d
e62072e6	86eae269,7f5677c3,003661f2
0e62bfd3	39694c69
e62eaaa3	4497a02c,9c0300b1
e6310248	39694c69,aa09e624,ae946810,4ed610f5,f79b6206,65493252
e634e2e6	39694c69
e6353c62	2141a805,3031ff65
e640edae	04980c5b,d4309fe2
e64d6a5d	b8d3ec3d,f5ff1be2,efe3034b
e64ed686	d627d7ea,0309d1f3,cc61c314,fcd5b19e,6a17239f
e64f8b3a	4497a02c,9c0300b1,ed4381f2,a43458d9
e6560e89	a4f1a6c6,358e4e85,6ba51265,424a544a
e65810f9	156ef672
e6581f07	b8d3ec3d,f5ff1be2,efe3034b
e65c2b5f	bcf6bc33
0e65dec3	39694c69,f469ea22
e6615583	f59e6083,854b84c8,023fb954,663614cb,9f4754b6
e6618b9e	39694c69,53536c60,ed4381f2,a43458d9,87e83cc6
e661d9cf	39694c69,79baa319,f857294d
e665bef4	39694c69
e665c060	f59e6083,a9e830dc
e668d819	4497a02c,9c0300b1
e66fa009	52ce7370
e6701b13	52ce7370
e673013e	39694c69,53536c60,ed4381f2,a43458d9,1c93d9d3,f5216bcf,c602a40d,ae8834fb,91fa17ab,111e88f1,89f6f8a5,4ebd1bb2,4b8a0cef,d89abf3a
e6736a98	b8d3ec3d,f5ff1be2,efe3034b
e673703e	4497a02c,9c0300b1,ed4381f2,a43458d9
e674d438	39694c69,0608ea35,873dc2af,d028f1a9,211b5797,9fc82936
e67878a4	569aeac3,0c6023ee,fd8c731e
e67a0221	2ed4247b,2b868960,003661f2,9cd87398,df8cb10f,466d7535,311e04b5,61e390e4,2b498348,0c4fa6f7,df8ac66a,fae20c6b,badd114e,5065ed08,6c65b68f,ea4bdb43,27a0f417,2272cad7,bcc5ea12,04ab0cbf,430bc704,271167c0,16726139,d552a2c4,3b04383a,723faa5d
e67cdfe6	639c7070,ef46bbd3,cb433269,e44b523c,91ee48bb
e67e88f6	52ce7370
e680ffba	39694c69
e681a51c	c52ad410,cd533847,575b3338
0e6823bf	4497a02c,9c0300b1
e683d049	52ce7370
e6854727	b59d741b,bb68f6c7
e686a47b	52ce7370
e686bc0b	4497a02c,f1551f13
e689a28f	4497a02c,9c0300b1
e68c7e62	4497a02c,9c0300b1,86199cad
e68fc7c1	4497a02c,9c0300b1,ed4381f2,a43458d9
0e6924f2	d627d7ea,0309d1f3,cc61c314,fcd5b19e,6a17239f,5a228511,fe3bc2b9
e6926b73	52ce7370
e6936256	b8d3ec3d,f5ff1be2,efe3034b
e694fd87	54dbcc01,688fbadb
e696c3fc	de118265,523c8ecb,b749f2ce,2b36b77e,2a5a76c7,74ef00bd
e69c0372	ab36d9bd,2a5bd98a,4792a2c0,530839b2,381d5f8c,5347e681,1fad73eb,1d158b36,b0d3c3e3,78c69d3c
e69c3a1f	39694c69,ab5fab9a,74ef1f36,f3f7184c,88169e7b
0e6a0128	52ce7370
e6a3c2aa	ef5095c4
e6a4c250	5c9cd185,993fec2f,1fcea4c1
e6a4e60c	458e5d1c,705a423f,02bc242a,275c50b5
e6a4f615	4497a02c,9c0300b1,ed4381f2,a43458d9,765dd011,eef0425d,c602a40d,ae8834fb,e400f540,060e1775,43f03572,3f78713e,d61f3136,74077bc9,9bcfd15a,7e26dcff
e6a5008a	39694c69,53536c60,ed4381f2,a43458d9,1c93d9d3,f5216bcf,c602a40d,ae8834fb,91fa17ab,111e88f1,89f6f8a5,4ebd1bb2
e6a5e65c	39694c69,a4b915cc,e596225f,ae2f3691
e6a6414b	3d069aac,25211e64,2593d9a4,e44d105b
e6a6623d	52ce7370
e6abf190	a4f1a6c6,358e4e85,6ba51265
e6ad13c9	7285dab7,b7333d00,c1ac31d0,f3167705,36a0fce5,26f5caba,acecaf4c,49851d0c,23cc05ca,b619836a,9f19049a,5eb15dc8,c301a440
e6aee669	f447fe90
e6afc4e8	bcf6bc33
e6b01e52	52ce7370
e6b104d7	39694c69,53536c60,ed4381f2,ab95655e,f20caa34,4899e94a
e6b82fc8	52ce7370
e6b8a480	07967bc2,c2718a6e,f8637132,c533e698
e6ba4fa8	b8d3ec3d,f5ff1be2,efe3034b
e6ba5ac4	52ce7370
e6c02968	b3dd1e11,df8cb10f,466d7535,311e04b5,2b498348,0c4fa6f7,df8ac66a,fae20c6b
e6c06847	52ce7370
e6c08aaa	a4f1a6c6,358e4e85,6ba51265,424a544a
e6c550c1	4497a02c,f1551f13
e6c9c48b	cbe231c4,f6a01a37,a62806bf,c68506f6
e6cc711b	94393069,861ab707
e6d5b581	66bc84ed,62a0ce0c,2a58e1c2,1cff6e5a,1fc7fb10,e427776f,fd451003,331d8590,d7c22d54,27f0f4c4,7238e974
e6da70e4	4497a02c,9c0300b1
e6daa37a	39694c69,53536c60,ed4381f2
e6dab469	11dbbca8,88bc7241,6d5d1e1a
e6db221a	31027f0b,912df7a2,9b48c970,b1945598
e6dcabc4	52ce7370
e6dd3b81	39299c7d
e6de7644	39694c69
e6e02ed3	5db7b8ed
e6e636a5	4497a02c,53536c60
e6e71577	94393069,861ab707
e6e86736	52ce7370
e6e9c9e9	4497a02c,9c0300b1
e6eb0bc1	b8d3ec3d,f5ff1be2,efe3034b
0e6eb8e1	379dabf9,c6df2027,db8ce431,5972ebac,d912005b,be26e42f,e9a61ab7,a4844210
e6ebb0ae	39694c69,53536c60,ed4381f2,a43458d9,1c93d9d3,f5216bcf,c602a40d,ae8834fb,91fa17ab,111e88f1,89f6f8a5,4ebd1bb2,4b8a0cef,d89abf3a,7c564be4,fcf1f8c5,472143bf,81d269f1,445ee13f,4bfb77d1,604cb8a8,4d525275,1b332a89,10fded56,f2564478,2fd57652,8aab7e64,65bd861b,e51224df,0b3b3b39,66359d4f,f6b0f1c0,708fd580,034d5002,09237912,50a41601,76cbe174,fc9e0f04,93be621a,5d5733ad
e6ebd039	52ce7370
e6ec06af	b8d3ec3d,f5ff1be2,efe3034b,3c6b01cf
e6ed00af	c52ad410,57d7e3c7
e6eec109	b8d3ec3d,f5ff1be2,efe3034b,075a0b9e
e6f46e98	4497a02c,9c0300b1,2227b105,7245dd55,a9b69beb,be2ea3b0,301bc489,8cef2c2b,43cdcf3b,1ae2e704,2e1a0c37,0c908cda
e6f6433e	39694c69,53536c60,26bed42b,0091e4f9,1c93d9d3,f5216bcf
e6ff213b	ef10b158,3ef3f2ec
e7043507	52ce7370
e704cc5a	4497a02c,f1551f13
e70dbf14	a4f1a6c6,358e4e85,6ba51265,424a544a
e714246b	39694c69,82273c54,da0deda5,109279ae,ff4ee59c,223d627a,eab3c5bf,c7121f30,3333e0d9,a5475426,31609214,a39b9ffb,df8cb10f,ffa81713,5e6a7597
e7162590	74077bc9,25211e64
e71653e6	39694c69
e71ccaf4	5fc0aae4,b02aa637,4209fff0,3848fedf
e7201834	bedd91a7,6d1d43cc
0e72202e	39694c69,17463110
e7232504	52ce7370
e7265995	c6df2027,db8ce431,d912005b,be26e42f,e9a61ab7,a4844210
e7287dea	cb6eb787,31160174,da31921d
e728b1e9	4497a02c,f1551f13
e72b2cec	c66d7159
e72e80cc	bcf6bc33
e72f1bd7	74077bc9,da78efeb,acecaf4c,b8a4eaf7,0311cc7a,b619836a,9f19049a,443a3ffe
e73103e5	4497a02c,9c0300b1
e7396857	4497a02c
e7398a99	7516c613,bb68f6c7
e739fae4	acde460f,706b783e,c2a8779a,69fec6a2,bdf5250a,7a464285,7da1c31a,5c9cd185,993fec2f
e7413e65	e0fdb83a,21fdfdba
e7430ffa	39694c69,53536c60,ed4381f2,a43458d9
e747b9d5	6cc29191
e749cf54	b1eb4e6b
e755ff70	102bd836,3fd839ad,74ef00bd,19cad63c
e7597548	52ce7370
e759a766	39694c69,53536c60,ed4381f2,a43458d9,1c93d9d3,f5216bcf,c602a40d,ae8834fb,91fa17ab,111e88f1,89f6f8a5,4ebd1bb2,4b8a0cef,d89abf3a,7c564be4,fcf1f8c5,472143bf,81d269f1,445ee13f,4bfb77d1,604cb8a8,4d525275,1b332a89,10fded56,f2564478,2fd57652,8aab7e64,65bd861b,e51224df
0e759d46	6d5d1e1a,6cec458a
e75df2bd	39694c69
e75e0ef3	b8d3ec3d,f5ff1be2,efe3034b
00e75e36	c52ad410,fb629045,69dfb8ce,9bdeb816,46747927,bb1385a4,f28dae3e,bd0ae48d,622e64d2,fa780c10,9d52a066,096e3c87,96060714,20a21f36,736dc35d,b24a475a,8acda39c,e7209a65,673faebb,732baa56,1a2c86d0,f5d3bc9d,2081284d,1f6a5317
e75e46e5	2113ce38,0d75535b,37313dad,212e835f,4269bb4a,efa938d5
e7611204	4497a02c,9c0300b1
e763f5a3	a4f1a6c6,358e4e85,6ba51265,424a544a
e76bc4d0	f88929f4,7906272f,42d5d332,f05a31e2,097c505d,fb478550,ef4e0181,b732731d,2862f1b1,789bf972
0e76e59e	39694c69
e778d935	4cbc7373,c7213f8e,2a9b614b,ea118b12,2256a6d2,6e844197,b50d30d9,f02e1993,e6644508,ab569de3,17396424
e77c9cd2	52ce7370
e7838fcb	de5cbb69
e7839fdf	39694c69,4199a643
e786034e	4497a02c,9c0300b1
e788eb4a	52ce7370
e78a875f	22183874,d74ebeed,b3c768ec,12071db6,3512f1ef
e78b5e39	52ce7370
e78b6d18	3364871b,02092a5b,3c778b2f,a8ddc149
e78bd034	4497a02c,9c0300b1
e78f79c7	52ce7370
e790a489	39694c69,cc831193
e792adf9	52ce7370
e792c511	52ce7370
e7949a4d	39694c69,53536c60,ed4381f2,a43458d9,1c93d9d3,f5216bcf,c602a40d,ae8834fb
e799694d	aba072ae
e79a2fd3	4497a02c,9c0300b1
e7a07cc6	e13b9e80
e7a384ec	8c35f0ba,1f4c9dc1
e7a5938d	39694c69,53536c60,ed4381f2,a43458d9,1c93d9d3,f5216bcf,c602a40d,ae8834fb,91fa17ab,111e88f1,89f6f8a5,4ebd1bb2,4b8a0cef,d89abf3a,7c564be4,fcf1f8c5,472143bf,81d269f1,445ee13f,4bfb77d1,604cb8a8,4d525275,1b332a89,10fded56,f2564478,2fd57652,8aab7e64,65bd861b,e51224df,0b3b3b39,66359d4f,f6b0f1c0,708fd580,034d5002,09237912,50a41601,76cbe174,fc9e0f04,93be621a,5d5733ad,cd9c73df,94b05d44,9762d059,405d4257,950270d7,702e331c,70823eaa,daf56fb3,060f8f36,bb1a29f4,56638432,2b438d00,2bd5f7fe,95ee8dfe,d02acf3d
0e7a82c4	4497a02c,f1551f13
e7ac2217	52ce7370
e7acee70	ef10b158,47ef6d25,c70f6c4a,3fbcea5b,dee65538,d6888945,ed96ebd0
e7ad715a	52ce7370
e7b20ef1	52ce7370
e7bc18e4	44ee794d,55a5392d
e7bd9d43	4497a02c,0a1c3fae,fb59da87
e7c33b53	39694c69,8d909566,d211b39a,d750a7a0,ec04eb81
e7c65f90	a4f1a6c6,358e4e85,6ba51265,424a544a
e7c7f7b5	4497a02c,9c0300b1,b9df173a,1feafdc7,ca4bed22
e7cad8dc	39694c69
e7cb197e	4497a02c,53536c60
e7ce290a	bedd91a7,6d1d43cc
e7d2f685	bcf6bc33
e7d35de3	39694c69,08e6c760,750e1d42
e7d5811c	39694c69
e7d7ee2e	52ce7370
0e7d86b4	7459d662,db7700a0,090a7ec1,36fc293a,919f62e6
e7d8d033	aa823873,fc12e785
e7d8ff3b	52ce7370
0e7da6d1	59254984,5f71e4d9,6fbd0c50,ae841b5e,9aa41329,6906b4d7,35295ab5,18674445,4f117787
e7df37ab	17c741a5,f447fe90
e7e5dca3	397f16be,a8cee631
e7f13c3b	52ce7370
e7f605d5	de171b22,73bf48e9,ef5095c4
e7f864bc	52ce7370
e7fcddc2	25f647b2
e802ebeb	52ce7370
e8063e6a	b8d3ec3d,f5ff1be2,efe3034b,0dd10c61,923dcc61,bc2112f4,0128fb17,7811e163
e806b47b	adcb8e35,53536c60
e809056b	b2fc3a8f,232952ef,82032c3d
e80a3e01	1e3bbce9,b83c1deb,8ce21c36,265822b0,6bc4eb5c
0e80ab93	19df91a3,79bc1aa1,cb7b7504,d454474a,689b5772,c53f71f9,30c7c4c6,58348094,2ea7f01d,e139f72e,58d4829e
e80bd88f	39694c69,53536c60,ed4381f2,a43458d9,1c93d9d3,f5216bcf,c602a40d,ae8834fb,91fa17ab,111e88f1,89f6f8a5,4ebd1bb2,4b8a0cef,d89abf3a,7c564be4,fcf1f8c5,472143bf,81d269f1,445ee13f,4bfb77d1,604cb8a8,4d525275,1b332a89,10fded56,f2564478,2fd57652,8aab7e64,65bd861b,e51224df,0b3b3b39
e80f5f70	39694c69,53536c60,ed4381f2,a43458d9,1c93d9d3
e81e0090	4497a02c,9c0300b1
e8235d36	b8d3ec3d,f5ff1be2,efe3034b
e825cc61	52ce7370
e827cf02	52ce7370
e8349d9a	d052ca5f,e9855f11,f761a161
e83fba05	c52ad410
e83fc4b9	e5db7517,6cfaa6a5
e8406b6a	52ce7370
e8467945	52ce7370
e8505435	39694c69,4ad1aedf
e855b18d	52ce7370
e8594255	9c96cc4c
e859760c	39694c69,53536c60
e85afd88	52ce7370
e85b29a8	912df7a2,cd987ca0,172a4014,fea5334c,2da91638,3f4788b2,b9a9bd3a,07ad8182
e85b9bc1	bcf6bc33
e85e24cf	52ce7370
e85f50d2	ef10b158,a26a1a53,18d5e8a2
e8651917	1141d7b8,20146616
e865f20b	4497a02c,b3e435f6,6aaff317
e865f2eb	b8d3ec3d,f5ff1be2,efe3034b,b71b98bb
e8714ac2	a4f1a6c6,358e4e85,6ba51265,424a544a
e875580d	1d5fb1ab
e87783d8	39694c69
e87a146e	486733c1
0e87b7a2	52ce7370
e881c113	4aa56694,6554aa5d,05a4316c,5adc8de1,044d8e40
e8857600	4169c24b,b1eb4e6b
e889476a	52ce7370
0e890c20	f346a87b,2bff3fca,f5870741
e890e45f	ef10b158,515f71a6,c250256f
e8961805	b8d3ec3d,f5ff1be2,efe3034b
e89821e7	52ce7370
e899bc99	5a7147e2,ba644e2a
e89b4ee7	4497a02c,9c0300b1,3c62447b,032330e4,d728b092,5c75acbb
e89c5dcb	52ce7370
e89cf1ab	39694c69,0df67e72
e89da0aa	52ce7370
e8a7b956	94393069
e8b17c0a	39694c69,f93b7ad5,96b5162f,7f880865,27cca8c2,8df62134,572fc984,af403d4d,dddbd028,4b971e6b
e8b57c46	c24cbd97
e8b68b84	39694c69,a4edbdcd
e8b76ba8	52ce7370
e8b7c974	4497a02c,f1551f13
e8b84eed	b6545a98,892301ce,d721af1a,910c9588
e8bacc44	39694c69,53536c60,ed4381f2,a43458d9,1c93d9d3,f5216bcf,c602a40d,ae8834fb,91fa17ab,111e88f1,89f6f8a5,4ebd1bb2,4b8a0cef,d89abf3a,7c564be4,fcf1f8c5,472143bf,81d269f1,445ee13f,4bfb77d1,604cb8a8,4d525275,1b332a89,10fded56,f2564478
0e8c0f68	52ce7370
e8d612df	52ce7370
e8d62f16	bedd91a7,6d1d43cc
e8d86329	e985e10b,17514af7
e8d9b1fd	a4f1a6c6,358e4e85,6ba51265,424a544a
e8db1df6	39694c69,53536c60,ed4381f2,a43458d9,1c93d9d3,f5216bcf,c602a40d,ae8834fb,91fa17ab,111e88f1,89f6f8a5,4ebd1bb2,4b8a0cef,d89abf3a,7c564be4,fcf1f8c5,472143bf,81d269f1,445ee13f,4bfb77d1,604cb8a8,4d525275,1b332a89
e8e1d385	ab362101,53d50db9,fffa88dd,596f8a93,1e63af3a,278b9876
e8e8479d	39694c69,53536c60,26bed42b,0091e4f9,1c93d9d3,f5216bcf
e8e94007	52ce7370
e8eeb72b	4497a02c,9c0300b1,25ac8757,1e191d34,65fdd711,0b196159
e8f0352d	52ce7370
e8f48a90	bcf6bc33,fc5542a4,cc9d7b39,f59e6083,854b84c8,d67b5372,d9fd5454,a6f6c935,cead23f5,ff18f864,fb396ef7,8f9b7866,d44040da,995a2a9f,517963a6
e8fcbc63	a4f1a6c6,358e4e85,6ba51265
e8fcec31	4497a02c,9c0300b1
e8fec727	50297c54,b6f3e815
e9002cf0	9a9d5b6e,de9ad6e8,4a5227d5,8cc75d84,d517b630,3847d6bf,08170160,364ad22e,4d86e108,0c31b0e7,fcc5a401,718e4749,c7a9c21c,e0463f5f,d456d096,5ac535c3,9d1efdfa,906d4baf,a223334c
e9006456	4497a02c,9c0300b1
e902c515	639c7070,ef46bbd3,cb433269,5d5923c5
e905170b	4497a02c,9c0300b1,0bff4f6f,37a4fbe9,d2b2c9d6,bf1261ba
e90ab866	52ce7370
e90e0390	52ce7370
e91065e7	08f414ac,bcf6bc33
e912584b	e0f2b62d,317f9e64,1812dfc6,fd2aa129,cd4121a1,7d4513c7,a2b8eb2c
e91a5b25	4497a02c,9c0300b1,ccb54103,eafadef5
e91ce35c	52ce7370
e91ff0d7	4f5b38c2,4c137932,0a94eee0,0d38aa7e,93c18474,bae497fa,a9a7552b,98f99a1b,077b7e2a,7bb8a7d4
e9237b2f	52c9823c,38e2bd1b,1375f5b4,fd9024c4,738268d8
e92523bc	39694c69
e92dfeda	52ce7370
e933863a	e52c962a,293802f9
e933d111	03fbf95a,07967bc2,6de0feea
e93bc95f	52ce7370
e94167b8	738e440a,efc579ae,75e87321,9067f1a6,e88ad99e
e945e52f	9c6ad91f
e9484bff	94ed7583,2a16d9fb,0c8b057f,0da7d34b,d141418d,a46c12f4,d745b689,2ae02983,683a08fc
e949c199	c9a43cdf
e94d9d63	a4f1a6c6,358e4e85,6ba51265,424a544a
e94dc8e8	52ce7370
e95550df	4497a02c,9c0300b1,8e7b6f79,908c1738,29a4db8c
e9580169	52ce7370
e958b584	7d448322,51d4b5c2,6de28597,5a9154e5,c74312d5,c8161f74
e959b682	84e830cc,1ead8c1b
e9638d12	52ce7370
e965e6bc	94393069
0e967605	81e15243
e96cad47	9dba9142,02ad9712,d00c1910,81355b1d
e96f0727	bcf6bc33
e9712061	52ce7370
e972ba6c	bcf6bc33
e9731d68	5db7b8ed,51764901
e975365e	39694c69,1b021a02,373a88ce
0e97c7b8	d081c200,5478aaa7
e981f0f6	9cb6d969,e2ebaeae
e984ca60	39694c69,363ccde5
e989f15f	7506a8c7,9eff1dcc,ab813ece
e98b3937	b8d3ec3d,f5ff1be2,efe3034b
e98c3bd2	ee3368d2
e99298a3	4497a02c,9c0300b1,ed4381f2,a43458d9
e992d641	4497a02c,9c0300b1,a8aceca4
e99d682d	52ce7370
e99e2e26	01a1ec7e
e99e6126	779cde21,05258515,6db2a99c
e9a0ed22	a4f1a6c6,358e4e85,6ba51265,424a544a
e9a86340	52ce7370
e9a9a22d	4497a02c,f1551f13
e9aa99f0	39694c69,2c460ba3,24549649,77a90dcf
e9b4aabd	b8d3ec3d,f5ff1be2,efe3034b,012dbe79
e9b7d681	b8d3ec3d,f5ff1be2,efe3034b,602af3f9
e9b883e5	4497a02c,9c0300b1
e9c3ea57	38e2bd1b,1375f5b4,83a80432
e9c824ee	c52ad410,e45e89f9,50add9a9
e9ca4b3e	39694c69
0e9cfd18	59d048f4
e9d0e8d0	39694c69,8d909566
e9d2a4c3	b8d3ec3d,f5ff1be2,efe3034b,26adddd3,21bddba5,37a005e7,c2c97f5a
e9d2be28	52ce7370
e9d49615	39694c69,53536c60,ed4381f2,a43458d9,1c93d9d3,f5216bcf,c602a40d,ae8834fb,91fa17ab,111e88f1,89f6f8a5,4ebd1bb2,4b8a0cef,d89abf3a,7c564be4,fcf1f8c5,472143bf,81d269f1,445ee13f,4bfb77d1,604cb8a8,4d525275,1b332a89,10fded56,f2564478,2fd57652,8aab7e64,65bd861b,e51224df,0b3b3b39,66359d4f,f6b0f1c0,708fd580,034d5002,09237912,50a41601,76cbe174,fc9e0f04,93be621a,5d5733ad,cd9c73df,94b05d44,9762d059,405d4257,950270d7,702e331c
e9d5ac87	52ce7370
e9d7903b	bcf6bc33
e9d8319f	c52ad410,1e03d9c9,3b4ad491,24f9ef48,4d88097b,0365e5d9,2d0d7403
e9db80f6	861ab707
e9db96dc	52ce7370
e9dcc062	39694c69,53536c60,ed4381f2,a43458d9,1c93d9d3,f5216bcf,c602a40d,ae8834fb,91fa17ab,111e88f1,89f6f8a5,4ebd1bb2,4b8a0cef
e9e2e582	39694c69,39745163,e8c6bd1a,46933fcb,c48c6afe,2c982f25
e9e56823	b79079a6,b47c1b3e,7fbc4b5d,4cf8bbf8
e9e7a24a	52ce7370
e9e93394	4497a02c,9c0300b1,6d2c033c,3d2965fe,8614d7db,9d86f1c6
e9ea2dd0	39694c69,53536c60,ed4381f2,a43458d9,1c93d9d3,f5216bcf,c602a40d,ae8834fb,91fa17ab,111e88f1,89f6f8a5,4ebd1bb2,4b8a0cef,d89abf3a,7c564be4,fcf1f8c5,472143bf,81d269f1,445ee13f,4bfb77d1,604cb8a8,4d525275,8722f32f
e9f10093	52ce7370
e9f3feee	321325f3,18da8d98,13265da3,04feedce,f36337d0
e9f57eed	bcf6bc33
e9f7b207	4497a02c,04227ad9,9e87229e,84a25175
0e9f94b0	a4f1a6c6,358e4e85,6ba51265,424a544a
e9f9a58e	39694c69,53536c60,ed4381f2,a43458d9,1c93d9d3,f5216bcf
e9fbafd6	ef10b158
e9fd8ea8	39694c69,d37b714d,0971f4f3,78d3ab08,fead7f40,be4cd654,6006e542,d7736b40,b1e588a4,55408099,8cb23841,0545c3c1,cbff8aec,83891109
ea0648e0	1191638e,9d294153,061284d4
ea07f5ad	d08deab4,28f6b7b0
ea0fcc38	52ce7370
ea111766	e0fdb83a,979cd49f,42a260d3
ea1146e9	4497a02c,9c0300b1
ea1aa518	39694c69,dd09ec99,1d158b36,21b053b5,3b1f10ac,ffe4d592,dbc6f3b6
ea1baeea	32508d87
ea1fee10	52ce7370
ea21162b	7574130a,2ced8593
ea2162cd	7dda70fa,d3ffe417,e2c49210,c97b97c8,153d304c,9a66d578
ea2322d3	a93ac93f
ea234857	94393069,861ab707
ea257823	a4f1a6c6,358e4e85,424a544a
ea2a5986	1fc7a074,ab1fdb0a
ea2f18ce	52ce7370
ea33b3ea	39694c69,adb1e32d
ea35ce83	1abfb05d,8d909566,1e326e11,fd8d8e11,7df62b06,a9442ac7,54ffe47a
ea395290	2113ce38,0d75535b,37313dad,212e835f,efa938d5
ea3bbdbf	4497a02c,f1551f13
ea3fb50e	39694c69,53536c60,ed4381f2,a43458d9,1c93d9d3,f5216bcf,c602a40d,ae8834fb,91fa17ab,111e88f1
ea401ef5	52ce7370
ea430557	52ce7370
ea436b2a	52ce7370
ea467b6c	b6a18211,034a19b4,feaf57a9,9ed6c303
ea470892	d8cbf496,0d00a57a
ea4b0800	ef5095c4
ea5109a8	2b25ccd6,de5cbb69
ea533885	a4f1a6c6,358e4e85
0ea57b8f	52ce7370
ea5ac7da	52ce7370
ea663261	39694c69,a9b951d0,b3271b87
ea68e49c	52ce7370
ea690a72	ef10b158,7eddaefe
ea69d639	39694c69
ea6cc3d0	52ce7370
ea6e8f2c	4497a02c,9c0300b1,171e1479,c61cb49d
ea70a098	bcf6bc33
ea73a021	52ce7370
ea76e433	36b6e154,7ed9ceda,88738585,de116924,11d38819,acb5425c,812cc177,36a4abe8,54ef7235
ea79bae8	246ba43d
ea7bcfb1	19df91a3,79bc1aa1,cb7b7504,d454474a,689b5772,c53f71f9,30c7c4c6,58348094,1be8d25f
ea7bfad5	52ce7370
ea84d0a1	34e15bbc
ea871cb1	52ce7370
ea88dad1	52ce7370
ea8bcb02	52ce7370
ea8c0a1f	39694c69,53536c60,ed4381f2,a43458d9,87e83cc6
ea9480c6	5db7b8ed,2d392b3e
ea9d2d33	4497a02c,f1551f13
ea9ec2cc	4497a02c,9c0300b1,ed4381f2
0eaa03b4	4497a02c,9c0300b1,769f8f71
eaa226ac	1eea3789
eaa33616	52ce7370
eab06d4b	39694c69,53536c60,ed4381f2,a43458d9,1c93d9d3,f5216bcf,c602a40d
eab91547	4497a02c,9c0300b1,2227b105,7245dd55,a9b69beb,be2ea3b0,301bc489,8cef2c2b,43cdcf3b,1ae2e704,2e1a0c37,0c908cda,74ef00bd
eabc7ab5	f1a98eb7
eac13a36	a4f1a6c6,358e4e85,6ba51265,424a544a
eac21c21	52ce7370
eacd0984	39694c69,53536c60,ed4381f2,a43458d9
eace455f	861ab707
ead36602	c2634932,9d34ab7f,ee602945,8822727f,f6fdf98f
eadb3164	39694c69
eae0ea02	4497a02c,f1551f13
eae1f535	39694c69
eae5c615	b8d3ec3d,f5ff1be2,efe3034b,69d1ff20
eae6c8ac	52ce7370
eaea7012	156ef672
eaf02b96	52ce7370
eaf5cd1e	4497a02c,9c0300b1
eaf7d398	39694c69
eb00e92a	acde460f,0d0d89d0
eb031482	54dbcc01,688fbadb
eb0571f6	569aeac3,0c6023ee
0eb06626	3ef935fa,0b2c870b,a551ccbf,dba2c954,f92f41a7,9caa1a75,b0e5b75d
eb0b27a7	52ce7370
00eb0bd9	bcf6bc33,fc5542a4,cc9d7b39,f59e6083,854b84c8,d67b5372,d9fd5454,0cc29b6d,29e69810,6befb985,995a2a9f,517963a6
eb11675b	39694c69
eb1ba430	bcf6bc33
eb1d173a	2113ce38,0d75535b,37313dad,212e835f,4269bb4a,efa938d5
0eb27cce	6f2bbcfd,98e5f0ee
eb290847	52ce7370
eb297810	5b994493,29274392
eb2a19ab	98b8134d,73bf48e9,8d3e5fd2
eb2ad09e	bedd91a7,6d1d43cc
eb2b621b	39694c69,af77c70d,ed4381f2,a43458d9,1c93d9d3,f5216bcf,e2dc42cb,ef4c1064,050a25d7,234a0a79,c3c175ca,4ebd1bb2,d454474a,689b5772,c53f71f9,6bdb00af,58348094,ed017f15,6935b5b1
eb2c7c28	5b673006,9af25f26,efc6a195,fb071222,279ada1e,83e25c3c,c1a5193e
eb2ca19b	4497a02c,9c0300b1,bd04f870
eb3bfe05	4497a02c,9c0300b1,6d2c033c,cec7b870,e2ebaeae
eb3fe1ec	39694c69
eb41741d	39694c69
eb43f34d	aa52f6c4,a599f130,3f0ba93e,6b9fd643
eb4e3d18	52ce7370
eb5206c1	de118265,0495d210,ac00bd22
eb549315	156ef672
eb549676	bcf6bc33
eb56fe97	16da4461,08b6c093,8c460858
eb57b088	4497a02c,f1551f13
eb58d7a0	52ce7370
eb5aa3aa	a4f1a6c6,358e4e85,6ba51265,424a544a
eb5b7848	39694c69,cb18d604
eb5ba203	524ab4c6
eb5c6d8e	1e31872e
eb613fd8	52ce7370
eb63095d	52ce7370
eb654fa2	4497a02c,9c0300b1
eb67e0f6	54dbcc01,688fbadb
eb6cad77	52ce7370
eb6dc467	4497a02c,9c0300b1
0eb6fbb5	b8d3ec3d,f5ff1be2,efe3034b
eb702746	341d8e4a
eb7180a1	39694c69
eb74a73d	52ce7370
eb761664	15d1718e,dee65538,2a5a76c7,e2ebaeae
eb762e1c	4497a02c,9c0300b1,99c7c40a,4c512641
eb8c1b25	efa938d5
eb8c7346	52ce7370
eb8e7b99	1e3bbce9,b83c1deb,8ce21c36,df8cb10f
eb9222d6	6966f037,181d3010,3706d6a2,605bf8b6,80499706
eb947398	4497a02c,f1551f13
eb9738f9	94393069
eb9810c2	75ed7522,0841f576,a1583547,9bf001f8,842c2ecc,0546be4e,3f4b3c54,f69347cb
eb9a0a1c	52ce7370
eb9ae99d	52ce7370
eba21370	4497a02c,fc884b16,c3bd0064,6c6de32f
eba3707c	52ce7370
eba6b3c1	b8d3ec3d,f5ff1be2,efe3034b
eba81fb3	52ce7370
ebb53aa5	419dac8a,6255a6b6,0496c8df,01d7fa95,9fc9d113,bb796d24
ebbdbed8	19a269d2,3270856b,1b813ec1,94d96fb1
ebc5f6d1	6d1d43cc
ebc78047	9b755684,46d86522,80d7e5ea
ebc86fe8	b8d3ec3d,f5ff1be2,efe3034b
0ebd5efe	39694c69,53536c60,ed4381f2,a43458d9,1c93d9d3,f5216bcf,c602a40d,ae8834fb,91fa17ab,111e88f1,89f6f8a5,4ebd1bb2,4b8a0cef,d89abf3a,7c564be4,fcf1f8c5,472143bf,81d269f1,445ee13f,4bfb77d1,604cb8a8,4d525275,1b332a89,10fded56,f2564478,2fd57652,8aab7e64,65bd861b,e51224df,0b3b3b39,66359d4f,f6b0f1c0,708fd580,034d5002,09237912,50a41601,76cbe174,fc9e0f04,93be621a,5d5733ad,cd9c73df
ebddca8a	b8d3ec3d,f5ff1be2,efe3034b,ab420ed6
ebe0398d	52ce7370
ebe0bf52	54dbcc01,688fbadb
ebe28006	94393069,861ab707
ebe48271	39694c69
ebe59cea	94393069,861ab707
ebe8fcb2	763e6e99,998a4e6c,da73f0b3
ebece9dd	54dbcc01
ebf25eb6	52ce7370
ebf50366	52ce7370
ebfa343c	4497a02c,53536c60
ebfab6bb	52ce7370
ebfba6e3	98b8134d
ebfde55a	39694c69
ebfe579c	bcf6bc33,8f18b678,5a00be17
ec0d8c4f	465660fd
ec0f8aee	39694c69,53536c60,ed4381f2,a43458d9,1c93d9d3,f5216bcf,c602a40d,ae8834fb,91fa17ab,111e88f1,89f6f8a5,4ebd1bb2,4b8a0cef,d89abf3a,7c564be4,fcf1f8c5,472143bf,81d269f1,445ee13f,4bfb77d1,604cb8a8,4d525275
ec100f6a	4497a02c,53536c60
ec14bebd	39694c69,53536c60,ed4381f2
ec16b4ea	52ce7370
ec183aac	39694c69,53536c60,ed4381f2,a43458d9,1c93d9d3,f5216bcf,c602a40d,ae8834fb,91fa17ab,111e88f1,89f6f8a5,4ebd1bb2
ec1d026b	aa32fd84
ec22b7a5	d068dcd5,b0000daa,0d89f003
ec28650f	52ce7370
ec29b8a1	3f9bb758,5fc0aae4
ec2ad01f	4497a02c,9c0300b1,483259fc,a43458d9,a101603e,f5216bcf,b0bd7630,52843366,91fa17ab,111e88f1,542d9d7b,7d441f42,7da1c31a,8beeb685
ec2d2425	19df91a3,79bc1aa1,cb7b7504,d454474a,689b5772,c53f71f9,30c7c4c6,58348094,522dc525
ec32917e	4497a02c,9c0300b1
ec390d1c	b8d3ec3d,f5ff1be2,efe3034b
ec3a10ec	52ce7370
ec3b59aa	bcf6bc33
ec41ee4f	52ce7370
ec46f7ca	9a9d5b6e,de9ad6e8,f7e51365
ec47043c	4497a02c,9c0300b1,82ddc396,57449986
ec479c47	d5d05217,e0b6bbb6,1a8bb6f5,7bbdd4d0
ec49617b	4497a02c,f1551f13
ec4e146c	4497a02c,9c0300b1,25211e64,c61cb49d
ec4fa1eb	861ab707
ec509668	695a3627
ec53fe9a	c311c08f
ec59033b	3d2965fe,ede44e83,64d4e7f4,90135a61,9e2d27db,8bc49141,5d6f5aa7,eff88efc,8be6e1fe,9e106df3,63a881c3,a94d4ba1,2ea2dbbd,39c9efdc,55f101d4,4169c24b
ec5de295	a4f1a6c6,358e4e85,6ba51265,424a544a
0ec60ff4	4497a02c,53536c60
ec666894	c52ad410,fb629045,69dfb8ce,9bdeb816,46747927,bb1385a4,f28dae3e,bd0ae48d,622e64d2,fa780c10,9d52a066,096e3c87,96060714,20a21f36,736dc35d,b24a475a,8acda39c,e7209a65,673faebb,732baa56,1a2c86d0,f5d3bc9d,2081284d
ec66ae1b	a4f1a6c6,358e4e85,6ba51265,424a544a
ec689297	7aaa58b2,d34f8353,a0071448,0ee77c08
ec68d095	52ce7370
ec74d4b9	c52ad410,57d7e3c7
ec765be7	d3cffd0a,3a362c03,614068f6
ec76e8c0	16c51fd1
ec76ea53	009dc04d,2a096d52,c5813867,f6351004,ef1e2d85,ff3309af,4facc23e,59c6afb0,2cd35285,472fd8e0,da78efeb,acecaf4c,b619836a,9f19049a
ec773a32	52ce7370
ec79023f	4497a02c,53536c60
0ec7c00f	39694c69
ec7dbc53	52ce7370
ec80dfbe	639c7070,ef46bbd3,cb433269
ec814092	0d52b105,d11ba606
ec88f92d	4497a02c,9c0300b1,e13149dd
ec8a3626	39694c69,53536c60,ed4381f2,a43458d9,1c93d9d3,f5216bcf,c602a40d,ae8834fb,91fa17ab,111e88f1,89f6f8a5,4ebd1bb2,4b8a0cef,d89abf3a,7c564be4
ec90fb01	39694c69
ec926ee0	39694c69,af77c70d,ed4381f2,a43458d9,1c93d9d3,f5216bcf,e2dc42cb,ef4c1064,050a25d7,234a0a79,c3c175ca,4ebd1bb2
ec952660	bcf6bc33
ec9777aa	465660fd
ec9f84f3	d5b80879,379d46f6,21d7d53f,3b63e432
eca692bf	15d1718e
eca8f3ec	39694c69
ecadf5a8	a616d4d9
ecafd443	4497a02c,9c0300b1
ecb23afa	52ce7370
0ecb69db	52ce7370
ecbdd522	9a9d5b6e
ecc0613e	19df91a3,79bc1aa1,cb7b7504,d454474a,689b5772,c53f71f9,30c7c4c6,58348094,618eaeaf,6b3bb494
0ecc40c5	a616d4d9
ecc44061	b8d3ec3d,f5ff1be2,efe3034b
ecc62018	1812dfc6
ecc626f6	52ce7370
ecc9d51f	39694c69
ecccd812	52ce7370
eccce1ee	39694c69,82273c54,da0deda5,109279ae,ff4ee59c,223d627a,eab3c5bf,c7121f30,3333e0d9,a5475426,31609214,a39b9ffb,73bf48e9,c5c96ac4,2402edaa,c4b62b42,b312c9ae,2b498348,2ac582b6,b1e3dae6,df8cb10f,c9e9df8c,13acaee6,b1beede3,466d7535,311e04b5,977aae91,badd114e,52dcdb2c,ef1490d8,fae4520e,3f93dd16,f3fb973b,b32cb2f8,6c65b68f,ea4bdb43,0ba8f177,27a0f417,2272cad7,bcc5ea12,9813dbd8,f80e5ce2,d0d87b0f,71fd4e90,16facd2e,a25ce84e,66a6bf40,d552a2c4,723faa5d,0c5999d3,13799edd,e4389bd7,430bc704,c0a43f37,6fa7e225,facf5e17,003d169f,bf81f6cd,9367913d,fed352dd,667c54f2,d47e09d6,cb4c2bf9
ecccfbcd	e0fdb83a
ecd16f17	52ce7370
ecd83027	39694c69,53536c60
ecdeb340	94393069,861ab707
ece3dad7	52ce7370
ece48f1d	52ce7370
ece79fb1	c311c08f
ecea9e6e	4497a02c,9c0300b1,f78ed873
eceeb412	25c5ab06
ecf121cf	b8d3ec3d,f5ff1be2,efe3034b,74ef00bd
ecf6ad50	4497a02c,9c0300b1
ecf908c0	a4f1a6c6,358e4e85,6ba51265,424a544a
ecf9219c	acde460f,c7d95d7f
0ecf9399	397f16be,16ec1a76,87c91ece,688fbadb
ecfbb16c	39694c69
ed017bd9	52ce7370
ed04a790	f0fbdf09
ed0a060d	4497a02c,3637fcbc
ed0b629e	52ce7370
ed0c4a5b	cbb0a0c9,2f7c6535,26d821e9,5d6e6635,0a6807ab,88605cbd,f91fb1c1,444d7cf2,5974cbb9,4c928458,080e59d5,c4e6a7a7,9ca71ab9,ff98e06a,daef038c,678c1a04,3cce1f40,7bb463e9,eb77e83c,25cf07dd,4ee4dec6,bd5a46fa,21ec7827,db1478c0,6a0eef8f,79fd6833,e71a034b,3b55e671,d170dd22,83faa670,59d9f271
ed1a4f59	52ce7370
ed1ece9f	b8d3ec3d,f5ff1be2,efe3034b
ed1f2b14	52ce7370
ed206a5f	4497a02c,9c0300b1
0ed2734f	9fb07347,25ac350f,0b69bfff,5490bfb2,3d9184af,425aa17b,ae4dce1c,eae1b26d,663614cb,8d2eee24,bd72e61f,aa917c2a,f37a88b0,f08ea520,9a63b7b5,fcd9bfad
0ed27d91	1e3e50e1
ed29eb13	5db4536b,44f7a322
ed2fa523	16ec1a76,4b971e6b
ed310795	39694c69
ed3167e4	39694c69,53536c60,ed4381f2,a43458d9
ed31abf0	52ce7370
ed367b34	c52ad410,2e16f017,fbf1430b
ed36c16a	39694c69,53536c60,ed4381f2,a43458d9,1c93d9d3,f5216bcf,c602a40d,ae8834fb,91fa17ab,111e88f1,89f6f8a5,4ebd1bb2,4b8a0cef,d89abf3a,7c564be4,fcf1f8c5,472143bf,81d269f1,445ee13f,4bfb77d1,604cb8a8,4d525275,1b332a89,10fded56,f2564478,2fd57652,8aab7e64,65bd861b,e51224df,0b3b3b39,66359d4f,f6b0f1c0,708fd580,034d5002,09237912,50a41601,76cbe174,fc9e0f04,93be621a,5d5733ad,cd9c73df,94b05d44,9762d059,405d4257,950270d7,702e331c,70823eaa,daf56fb3,060f8f36,bb1a29f4,56638432,2b438d00,2bd5f7fe,95ee8dfe,d02acf3d,4b14a013
ed3b0db1	52ce7370
ed3c5375	52ce7370
ed408ea5	156ef672
ed42e889	4497a02c,9c0300b1,6d2c033c
ed4598e4	639c7070,ef46bbd3,cb433269
ed476006	39694c69,53536c60,ed4381f2,a43458d9,1c93d9d3,f5216bcf,c602a40d,ae8834fb,91fa17ab,111e88f1,89f6f8a5,4ebd1bb2,4b8a0cef,d89abf3a,7c564be4,fcf1f8c5,472143bf,81d269f1
ed495311	639c7070,ef46bbd3,cb433269
ed4b00fb	433fce95,af2f32c9,b4735ae6,f97cff82,2f1237bf,4725efa4,15f61563
ed52193b	39694c69
ed5780a9	39694c69,53536c60,ed4381f2,a43458d9,1c93d9d3,f5216bcf,c602a40d,ae8834fb,91fa17ab,111e88f1,89f6f8a5,4ebd1bb2,4b8a0cef,d89abf3a,7c564be4,fcf1f8c5,472143bf,81d269f1
ed5bc76f	38afe6ed
00ed5c59	45beb162,ae53b0a0
ed5c7b93	bcf6bc33
ed5c8fb2	861ab707
ed5e31ad	52ce7370
ed635032	f49656f6,a29f98ff
ed63a907	52ce7370
ed65ab91	39694c69,ba12a241
ed674a54	39694c69,53536c60,ed4381f2,a43458d9,1c93d9d3,f5216bcf,c602a40d,ae8834fb,91fa17ab,111e88f1,89f6f8a5,4ebd1bb2,4b8a0cef,d89abf3a,7c564be4,fcf1f8c5,472143bf,81d269f1,445ee13f,4bfb77d1,604cb8a8,4d525275,1b332a89,10fded56,f2564478,2fd57652,8aab7e64,65bd861b,e51224df,0b3b3b39,66359d4f,f6b0f1c0,708fd580,034d5002,09237912,50a41601,76cbe174,fc9e0f04,93be621a,5d5733ad,cd9c73df,94b05d44,9762d059,405d4257,950270d7,702e331c,70823eaa,daf56fb3,060f8f36,bb1a29f4,56638432,2b438d00,2bd5f7fe,95ee8dfe,d02acf3d,4b14a013,52d6f1b8,b4c59a3a,9c2397c2,6049d326,0aee9e47,5917cecc,6ee3cd6f,a3f29c27,a19c769f,e1759237,26d875d0,a6f8571a,537df9d7,c200c181,3c1b2601,184e2362
ed68ff99	bcf6bc33
ed6db895	f3cd97a3,7810b97c
ed70ebce	52ce7370
ed726ead	1e3bbce9,b83c1deb,8ce21c36,91d3c9b5,d5a4fe74
ed756158	52ce7370
ed7d27a1	39694c69,da33cb02
ed8c9c8b	4497a02c,9c0300b1
eda32c28	a4f1a6c6,358e4e85,6ba51265,424a544a
eda668d3	52ce7370
eda99017	52ce7370
edabe418	4497a02c,9c0300b1,360c2f1e,2a1915f6
edac2b19	363013e0,474869d5
0edacb94	2f9f6a56,7de3c459
edad526d	57eec2c3,07d58d82,0bbf9100,e6dd30d2
edadc852	a4f1a6c6,358e4e85,6ba51265,424a544a
edb072f7	884614d8,aceba5dd,bf5dcf9b,2c48c706,037617e2,18fc784a
00edb3a6	a4f1a6c6,358e4e85,6ba51265,424a544a
edb5b72f	52ce7370
edbab71d	3296fc12,5e580707,d4e0dd4d,92202a7e,688c3481,03fcd3a3
00edbb75	37bddee9,b9adbc3b
edbbc47f	9a847c6e,4a572f7a,71059794,dbb99df1,3db87d28
edbd8141	b1eb4e6b
edbdf025	05cd1be1,a48de24b
edbf53c5	d74ebeed,c5ea35be
edbfc57b	39694c69
edc02b74	bcf6bc33
edc0d0ef	861ab707
0edc6e89	39694c69,8d909566
edd3531e	94393069
edd55fe4	39694c69,2724536b
edda762f	a8aceca4,ad3e9df1
ede1891c	552527a8,f00b64c1,76836194,fbae5936
ede2fd36	294fc60e,41b30b6a,a9fadf1c,5bc187aa,df4e6b90,4c88b9d3,42fd9608
ede3b6c9	4497a02c,9c0300b1,6d2c033c
ede54a3f	95bbbf7e,5e3fd86c,c8030a2d,19421c3f,9b8d1ae1,8961b78c,d5c88a9c,183fe253,2eb89245,56e84d5a
edf3275d	39694c69,90e64f8f
edf585da	1b5a30c0,695a3627
edf6cfc4	4497a02c,9c0300b1,c3962bbd
0edf79d0	39694c69,53536c60,ed4381f2,a43458d9,1c93d9d3,f5216bcf,c602a40d,ae8834fb,91fa17ab,111e88f1,89f6f8a5,4ebd1bb2,4b8a0cef,d89abf3a
edf9178b	de5cbb69,4cb34a56,d5d8264e
ee008137	52ce7370
ee04dd35	52ce7370
ee06cf81	4497a02c,9c0300b1,83c413ad,13936265,03fbf95a,86f1aa1a
ee0b6c60	39694c69
ee0c0a09	bcf6bc33
0ee0e11a	d7de987a
ee0f07a5	469fadb9,479fd02b,21420a72,6e20e83d,b1d39f21,5a6f60e7,222c96ad,5d6feb30,42f57b50,f98dc9b0,86ceb25c
ee107a73	39694c69,53536c60,ed4381f2,a43458d9,1c93d9d3,f5216bcf,c602a40d,ae8834fb,91fa17ab,111e88f1,89f6f8a5,4ebd1bb2
ee112ae1	a4f1a6c6,358e4e85,6ba51265,424a544a
ee168b55	52ce7370
ee1883af	52ce7370
ee1cc0d0	94393069,861ab707
ee1e4dda	4497a02c,9c0300b1,e52c962a
ee21e4ad	4497a02c,9c0300b1,7774d40b
ee237cfe	39694c69,53536c60,ed4381f2,a43458d9,1c93d9d3,f5216bcf,c602a40d
ee238089	1e3bbce9,b83c1deb,8ce21c36,4e41fd9b
ee26521e	bcf6bc33,bae5eb14,ad9b39c3,ae343d70
ee2cc36a	4497a02c,e4c0f55c,cd397f67
ee2ddc06	39694c69
ee3464b1	ef10b158,5807f432
ee34a484	4497a02c,9c0300b1,3d5f09e3,38a6e38b
0ee3795f	52ce7370
ee3888c6	4eacf831,304cfb1a,34456c54,34456c54
ee3c7c86	39694c69,53536c60,ed4381f2,a43458d9,1c93d9d3,f5216bcf,c602a40d,ae8834fb,91fa17ab,111e88f1,89f6f8a5,4ebd1bb2,4b8a0cef,d89abf3a,7c564be4,fcf1f8c5,472143bf,81d269f1,445ee13f,4bfb77d1,604cb8a8,4d525275,1b332a89,10fded56,f2564478,2fd57652,8aab7e64,65bd861b,e51224df,0b3b3b39,66359d4f,f6b0f1c0,708fd580,034d5002,09237912,50a41601,76cbe174,fc9e0f04,93be621a,5d5733ad,cd9c73df,94b05d44,9762d059,405d4257,950270d7,702e331c,70823eaa,daf56fb3,060f8f36,bb1a29f4,56638432,2b438d00,2bd5f7fe,95ee8dfe,d02acf3d,4b14a013,52d6f1b8,b4c59a3a,9c2397c2,6049d326,0aee9e47
ee3d7146	cbaaff4e,c7d775a9,17ed85bb,3b405b13,600649a9,911c0198,f0e95e37
0ee3da8c	39694c69,b66978cd
ee3e563a	5fc0aae4,f079c742,7452b382,8b50786c,468f58e7,640f27b0,3a79eead,7d75c4b7,4209fff0,7cfc913b,2714b94e,6f9ab57f,d7d006c2,18d70cb9,9f2cb6a2,0b48e481,4e699c66,1812dfc6,13e76a1c
ee3f142b	39694c69,53536c60
0ee45455	9a9d5b6e,de9ad6e8,bef418b5,4a85ee26,357e3c47,969c612a,ef1a49a4,67b8b128,d048e0e9
0ee45aa4	39694c69,75be9d1a,74077bc9,4088cfc2,76329b30
ee4c3276	93e4a781
ee4dca89	b6a18211,034a19b4,feaf57a9,9ed6c303,06384150
ee4edac9	52ce7370
ee50ffe9	4497a02c,53536c60,ede44e83
ee534c77	52ce7370
ee537deb	1d808192,1fd8810c
ee5a954e	2adab90d,a599f130,b6d065aa,7b76f109,beb44fe4,a0c9ea23
ee5f0bcf	09bb2d98,c11c1624,c3f7b3b9
ee632b6c	a8aceca4,3077b357,a599f130,d95ff584,fdf8acd0,45663f91,6ddc8450,4a638ce3,3366f5d4,3a02d974
ee67be79	2e1c5368
ee6ab23e	73c40aeb
ee6ba74a	39694c69
ee754dd8	b8d3ec3d,f5ff1be2,efe3034b
ee775d14	39694c69,53536c60,ed4381f2,a43458d9,dc5c74bc
0ee79321	a4f1a6c6,358e4e85,6ba51265,424a544a
ee7ab98d	4497a02c,9c0300b1
ee7b9867	52ce7370
ee7bfced	52ce7370
ee7d8774	cf19c495,237d07e3,881b3db9
ee8051b9	0f5d5760,9698d99a
ee83d121	a4f1a6c6,358e4e85,6ba51265,424a544a
ee855d30	4497a02c,9c0300b1
ee8ab01e	39694c69,354473bb
ee8b6b54	39694c69,b30355ea
ee8e941e	a4f1a6c6,358e4e85,6ba51265
ee8f1790	23f6c302,35b16abf,cd397f67,cda58aea,ec0f5450
ee9514b0	4497a02c,53536c60
ee96e9ec	c52ad410,e42ef8f6,2d77e278
ee9c2677	4497a02c,9c0300b1,48e1cf8c,98700beb,7d25d6da
eea0e387	39694c69
eea22825	bcf6bc33
eeabb608	5fc0aae4,3163925b,1487fca1
eeaf8797	39694c69
eeb19506	4497a02c,f1551f13
eeb1f994	b2a5a71e,9dfb2de5,897398c9
eeb6c4ac	986055e2,2539b841,4e940887,573e98c0,0ca31a54,d4b876e1
eeb7e27c	52ce7370
eec35454	a4f1a6c6,358e4e85,6ba51265,424a544a
eecc4026	152e9eec,7d59d9b8,6519f22c,ab78b87d,39572fa0,9449ec6c,c502779c
eecffc54	e3e840a6
eed31cec	39694c69,af77c70d,ed4381f2,a43458d9,1c93d9d3,f5216bcf,e2dc42cb,ef4c1064,050a25d7,234a0a79,c3c175ca,4ebd1bb2,d454474a,689b5772,c53f71f9,6bdb00af,58348094,81d269f1,3547a453,fe36e0cc
eed3a79d	a4f1a6c6,358e4e85,6ba51265,424a544a
eed569ec	4497a02c,9c0300b1,ed4381f2,7e26dcff,183fe253,eef0425d,c602a40d,ae8834fb,aaf818ea
eed67f37	4497a02c,9c0300b1,ed4381f2
eed8793a	80f55c10,460a4e1f,74de3fe7,5c3dbda8
eed8a650	39694c69
eee2b558	b8d3ec3d,f5ff1be2,efe3034b
eee38c43	a4f1a6c6,358e4e85,6ba51265
eee5d151	4497a02c,9c0300b1
eee62f7a	39694c69,adb1e32d
00eeeec2	e0fdb83a
eeef79f1	47c4fc78
eef23922	349d700b,eb672a06
eef2ee08	39694c69,53536c60,26bed42b,0091e4f9,1c93d9d3,f5216bcf
eef8f47b	39694c69
ef02a8a0	52ce7370
ef066faa	1f22d997
ef0952a9	4497a02c,9c0300b1
ef09f157	4497a02c,9c0300b1
ef0a8195	39694c69,39745163,e8c6bd1a,46933fcb
ef0b30c9	52ce7370
ef0c218d	d8fee48f,2a6e6020,fa0e99e9,5cbd8b4e,df6b92d5,bae26830,067f0bfd,fe0409ce,d33096b4
ef0f4fbc	948b068a,2bff179e
ef13bd05	52ce7370
ef16b647	39694c69,5073cad2
ef177b12	52ce7370
ef1b2448	4497a02c,53536c60
ef1f97f0	39694c69
ef22eede	52ce7370
ef28c3c4	4497a02c,f1551f13
ef302af2	a4f1a6c6,358e4e85,6ba51265,424a544a
ef385d62	39694c69,53536c60,ed4381f2,a43458d9,87e83cc6
ef386987	613573b7
ef39e57d	b8d3ec3d,f5ff1be2,efe3034b,9316832d,de118265
ef3d904b	39694c69,53536c60,d2d77117,e83460b6,d4d06eea,96cd829a,c602a40d,ae8834fb,91fa17ab,4ccbeffa,1dc25fbb,56b01e3b,6bc06a43,d89abf3a,28e86f35,ee5a7c56,3ff64dd6,7c1457b4
ef3f6a5e	b8d3ec3d,f5ff1be2,efe3034b
ef3faa98	9fe872a9,ea2225ae,eb9d9c4a,f50287c9
0ef419c6	52ce7370
ef457653	c52ad410,110b7665,aba6c060
ef45b36e	a3a1035c,53d9e92b,636a8f48,55612c06
ef47b1ce	52ce7370
ef4a493c	483259fc,1e183663,eea0ac9f
ef4ec71b	822a17f6,8e311074
ef52f83e	5b673006,9294bbd2,004c73e7
ef582e1b	61642db6,6ade3ca7
0ef58676	4497a02c,9c0300b1
ef5a4601	341d8e4a,791f8443,6730e107
ef5f42c4	249f7327,d56f2f92
ef5f89b3	c3740dce
ef608519	52ce7370
ef6208d5	39694c69,53536c60,ed4381f2,a43458d9,1c93d9d3,f5216bcf,c602a40d,ae8834fb,91fa17ab,111e88f1
ef654bd7	39694c69
ef65dbb1	52ce7370
ef68902b	4497a02c,9c0300b1,11177941
ef708f5b	52ce7370
ef721531	d247eb14,90e37cbb,42ae6a0c,3befb92d,e2fc1cc0,b9c00199,6985b030,06db43d3,bd88c75b,9aba5a62,07f79f65,b8c01462,7db2e0aa,83031702,ceeca100,fc5c741f,97278f37,cfd191eb,9b23b47c,2d4533e0
ef7271f5	e985e10b
ef7d6151	39694c69
ef7d8a39	52ce7370
ef7f1da1	52ce7370
ef83fc61	bbd8afce,63b81070,b57a90e2
ef84fad5	39694c69
ef85dc87	bcf6bc33
ef8c2b99	4497a02c,9c0300b1
ef8d4f40	4eacf831,304cfb1a,34456c54
ef8d572a	4497a02c,9c0300b1,ed4381f2,a43458d9
ef90580c	861ab707
ef9813de	15d1718e,87b10783,f430468c,7aabb148,2b36b77e,52459892,6dd91c2b,a2d35157,147dc5c8,614af987,9b94d895,4673be75
ef9857bc	c52ad410,1126d489
0ef9a32b	52ce7370
ef9cc780	de9ad6e8,43a5fc12,016d9660,daa7b27b,6feaa6d8,6531b268,95b0409e,a836c9d4,007e2a5f,274448bf,58845f86,fb0c5837,274ccd0d,c990c9ab,cf34ade7
ef9dd475	24fc446a,122abd74,0042cdf6,2680a679
ef9fbe8e	39694c69,53536c60
efa1fcfe	52ce7370
efa7adb3	4497a02c,9c0300b1,ed4381f2,5b272af2,16ec1a76
efab4ebf	321325f3
efaf5482	4497a02c,9c0300b1
efb3bca3	569aeac3,0c6023ee,fd8c731e
efb8dd68	73bf48e9
efbdfdd0	39694c69,53536c60,ed4381f2,a43458d9
efbe5913	39694c69,53536c60
efc2f045	52ce7370
efc5d41c	52ce7370
efcde823	52ce7370
efcfa019	d6064273,1812dfc6
efd6c795	5712076a
efddcbe8	6829aab6,57d35b98,7331eda1,7e0bcf1f,6b399a66,c0b82fb7
0efe04cc	52ce7370
efe0f47d	39694c69,08e6c760,750e1d42,a43458d9,f2e15c53,0dedbad2,443a3ffe
efe5ff70	b2457bea,71059794
efe7e980	0d001e8f,4d57e1cc
efec5c84	52ce7370
eff0c408	4497a02c,c6f42859,0035c845,a43458d9,1c93d9d3
eff1a74b	19df91a3,79bc1aa1,cb7b7504,d454474a,689b5772,c53f71f9,30c7c4c6,58348094,588bf8a8
eff7eb6d	4497a02c,9c0300b1,ed4381f2,a43458d9
effc3fea	54dbcc01,688fbadb
f0029807	1e187c8f
f003a804	b8d3ec3d,f5ff1be2,efe3034b,e52c962a
f0040472	52ce7370
f004c117	1e3bbce9,b83c1deb,8ce21c36,5a100c1d
f00b4649	dcd65f88,c2634932,8b1a8909,cc66eba7
f00eab7f	52ce7370
f010f39c	39694c69,53536c60,ed4381f2,a43458d9,1c93d9d3,f5216bcf,c602a40d,ae8834fb,91fa17ab,111e88f1,89f6f8a5,4ebd1bb2,4b8a0cef,d89abf3a,7c564be4,fcf1f8c5,472143bf,81d269f1,445ee13f,4bfb77d1,604cb8a8,4d525275,1b332a89,10fded56,f2564478,2fd57652,8aab7e64,65bd861b,e51224df,0b3b3b39,66359d4f,f6b0f1c0,708fd580,034d5002
f0145111	52ce7370
f01970a1	4497a02c,f1551f13
f01eb190	a4f1a6c6,358e4e85,6ba51265,424a544a
00f02689	39694c69,248c6bf9
0f027764	39694c69,53536c60,ed4381f2,8e73dc14,5eb0a52a,5f7de3ef,9a5ddfae,5782c9e3,2baf9459,a8eaa0d3,bd17016b,8c101304,ae352e39,0e734e79,88a1ce62
f02d6722	39694c69,f93b7ad5,96b5162f,7f880865,27cca8c2,8df62134,572fc984,af403d4d,dddbd028,4b971e6b
f02da8f4	52ce7370
f0322a9b	4497a02c,f1551f13
f034220b	52ce7370
f0357523	39694c69
f0374c7c	f83453d6
0f041f63	4497a02c,9c0300b1
f042dbd2	a4f1a6c6,358e4e85,6ba51265,424a544a
f0448490	4497a02c,9c0300b1,f79d6fac,8dbc1380,c72ec61e,0c697bda,874a17af,8dfc21e8,6cb5b352
f0448e62	52ce7370
f04616e3	4497a02c,9c0300b1,605b6290,91286d91
f047ac83	c52ad410,5db7b8ed
f04e6fd4	52ce7370
f05138fc	d47bb10d,7341ed5c,036fb871,5775a977
f0576fde	52ce7370
0f0598fc	91a6c784,fc491104,3f95de8d,a7a58d34,defe3a8c
f05a8e5c	ef10b158,83c95008,8846d233,c3736d33
f05ff8aa	39694c69
f060957f	22b9b559
f0626cf7	52ce7370
f06557fc	52ce7370
0f0657f7	39694c69,30f950f0,c5e747e2,f459e45d
f0665663	4497a02c,9c0300b1,742c3ec9
f06ef5e3	b8d3ec3d,f5ff1be2,efe3034b
f0700a2b	c52ad410,fb629045,69dfb8ce,9bdeb816,46747927,bb1385a4,f28dae3e,bd0ae48d,622e64d2,fa780c10,9d52a066,096e3c87,96060714,20a21f36,736dc35d,b24a475a,8acda39c,e7209a65,673faebb,732baa56,1a2c86d0,f5d3bc9d,2081284d,1f6a5317
f072f19b	39694c69,3b5a85ed
f0835282	a8aceca4,58ade78b,11177941
f08491dd	52ce7370
f08812be	52ce7370
f0887a98	6d1d43cc
f08bce85	39694c69,53536c60,ed4381f2,a43458d9,1c93d9d3,f5216bcf,c602a40d,ae8834fb,91fa17ab,111e88f1
0f08c67d	39694c69
f08ddd6a	39694c69
f091b576	52ce7370
f09264eb	52ce7370
f092a210	52ce7370
f099be0c	52ce7370
f09bbfb5	d75bbedd,b5487ce0,d2b6dd1d
f09cbc4d	52ce7370
0f09d32e	52ce7370
f0a4312d	95fcc835,9765c3a5
f0ac9b51	dbc13115,f3e15a4d,7ca1b85d,d4a1aa73,aebc40cd,4bdc3092,216302dd,09e7f96e,08ee77bc,465660fd
f0b12cd9	237d07e3,f2b8fe94,45de389e,735bbc13
f0b31c6f	4497a02c,9c0300b1,ed4381f2,a43458d9
f0b4257d	52ce7370
f0b60baa	39694c69,c5370ed8
0f0b8c74	fc7ad886
f0b8fd62	5bc255fb
f0b91bb4	52ce7370
f0ba2de3	52ce7370
f0beaeb8	4497a02c,53536c60
f0bfbf03	a4f1a6c6,358e4e85,6ba51265,424a544a
f0bfdec4	4497a02c,53536c60
0f0c0ba3	b179015b,3e946759
f0c5abb9	52ce7370
f0c79897	f4ba5ded
f0c856a8	4497a02c,53536c60
f0cb6ac4	a4f1a6c6,358e4e85
f0cc7e43	0dba8468,c46d3f3c,11820bd8,2184278c
f0ced940	12a5547d,a5d86ea4,77b2c929,5d94fa2e,7151d067,ba170ff8,d8b5b96b
f0d278fa	52ce7370
f0d3a266	94393069,861ab707
f0d3d3c6	39694c69,53536c60,ed4381f2,a43458d9,1c93d9d3,f5216bcf,c602a40d,ae8834fb,91fa17ab,111e88f1,89f6f8a5,4ebd1bb2,4b8a0cef,d89abf3a,7c564be4,fcf1f8c5,472143bf,81d269f1,445ee13f,4bfb77d1,604cb8a8,4d525275,1b332a89,10fded56,f2564478,2fd57652,8aab7e64
f0dac2bf	52ce7370
f0e0df9b	f59e6083,33b38c28,235d226a,1e71527d,79e3ea86,86f7f324
0f0e75d0	52ce7370
f0e943cf	26f60148,8ae83578,32a918f5
f0f11d95	256e3624,44ee794d
f0f4e57e	152e9eec,7d59d9b8,6519f22c,ab78b87d,39572fa0,9449ec6c
f0f7b744	22183874,d74ebeed,b3c768ec,12071db6,3512f1ef
f0fc50ea	52ce7370
f0fd5d35	52ce7370
f1004dd5	569aeac3,0c6023ee,fd8c731e
f10b8c60	52ce7370
f10f4b3a	3d689abd,dcdcafb4,20ecddcb,12dc9ef9
f112b089	39694c69,53536c60,ed4381f2,05ccf0f2,e65fede4
f11c7eed	39694c69,53536c60,ed4381f2,a43458d9,1c93d9d3,f5216bcf,c602a40d,ae8834fb,91fa17ab,111e88f1,89f6f8a5,4ebd1bb2,4b8a0cef,d89abf3a,7c564be4,fcf1f8c5,472143bf,81d269f1,445ee13f,4bfb77d1,604cb8a8,4d525275,1b332a89,10fded56,f2564478,2fd57652,8aab7e64,65bd861b,e51224df,0b3b3b39,66359d4f,f6b0f1c0,708fd580,034d5002,09237912,50a41601,76cbe174,fc9e0f04,93be621a,5d5733ad,cd9c73df,94b05d44,9762d059,405d4257,950270d7,702e331c,70823eaa,daf56fb3,060f8f36,bb1a29f4,56638432,2b438d00,2bd5f7fe,95ee8dfe,d02acf3d,4b14a013,52d6f1b8,b4c59a3a,9c2397c2,6049d326,0aee9e47,5917cecc,6ee3cd6f,a3f29c27,a19c769f,e1759237,26d875d0,a6f8571a,537df9d7,c200c181,3c1b2601,184e2362,b58c4b95
f1203620	b8d3ec3d,f5ff1be2,efe3034b
f123a4a0	4497a02c,9c0300b1
f126f1ed	52ce7370
f12a21dc	4497a02c,9c0300b1
f12da1de	19df91a3,79bc1aa1,b7ab8c7b,785a7d0b
f12febed	52ce7370
f1321712	94393069,861ab707
f1381692	99a4f886
f13d5d6f	a4f1a6c6,358e4e85,6ba51265,424a544a
f141a396	98b8134d,237d07e3,9a2718b6,345de7f9,3a8156ce,7980b849,c90e5ed0
f1445c4a	b8d3ec3d,f5ff1be2,efe3034b
f146bf53	39694c69,53536c60,ed4381f2,a43458d9,1c93d9d3,f5216bcf,c602a40d,ae8834fb,91fa17ab,111e88f1,89f6f8a5,4ebd1bb2,4b8a0cef,d89abf3a,7c564be4,fcf1f8c5,472143bf
f147fff1	57c26845
f14b870b	c52ad410,e440549f
f15457ec	4497a02c,53536c60
f1547ef3	9a9d5b6e,de9ad6e8,c2ffcce6,7aaa58b2,4a85ee26,a51c1b7e,dce279af,520b9102,8533cda8
f15bccac	c415d935,1ec35a4c,2d773a9c
f15e8606	ef10b158,f3092bc9
f16fe225	bcf6bc33
f1709ab7	52ce7370
f170e453	52ce7370
f17884c6	52ce7370
f17cf6d7	39694c69
f17defb5	a4f1a6c6,358e4e85,6ba51265,424a544a
f18eda47	52ce7370
f18f30b5	bc78bdc6,f4927a91
f191f588	4497a02c,9c0300b1
f193a323	e4b5bce2
0f195692	4497a02c,9c0300b1
f19e4b8b	41a3979a,688fbadb
f19f2461	39694c69,53536c60,ed4381f2,a43458d9,1c93d9d3,f5216bcf,c602a40d,ae8834fb,91fa17ab,111e88f1,89f6f8a5,4ebd1bb2,4b8a0cef,d89abf3a,7c564be4,fcf1f8c5,472143bf,81d269f1,445ee13f,4bfb77d1,604cb8a8,4d525275,1b332a89,10fded56,f2564478,2fd57652,8aab7e64,65bd861b,e51224df,0b3b3b39,66359d4f,f6b0f1c0,708fd580,034d5002,09237912,50a41601,76cbe174,fc9e0f04,93be621a,5d5733ad,cd9c73df,94b05d44,9762d059,405d4257,950270d7,702e331c,70823eaa,daf56fb3,060f8f36,bb1a29f4,56638432,2b438d00,2bd5f7fe,95ee8dfe,d02acf3d,4b14a013,52d6f1b8,b4c59a3a,9c2397c2,6049d326,0aee9e47,5917cecc,6ee3cd6f,a3f29c27,a19c769f,e1759237,26d875d0,a6f8571a,537df9d7,c200c181,3c1b2601,184e2362,b58c4b95,906164f9,b6394a5d,364ef38a,bfbc3131,9a3d6880
f1ab95b6	52ce7370
f1ac39ea	39694c69,4423dc88,7e07bde6,5d18fd5e,d028f1a9,35f35a62,9716f3ea,6a93eda3
f1ac8f2e	39694c69,53536c60,ed4381f2,a43458d9,1c93d9d3,f5216bcf,c602a40d,ae8834fb,91fa17ab,111e88f1,89f6f8a5,4ebd1bb2,4b8a0cef,d89abf3a,7c564be4,fcf1f8c5,472143bf,81d269f1,445ee13f,4bfb77d1,604cb8a8,4d525275,1b332a89,10fded56,f2564478,2fd57652,8aab7e64,65bd861b,e51224df,0b3b3b39,66359d4f,f6b0f1c0,708fd580,034d5002,09237912,50a41601,76cbe174,fc9e0f04,93be621a
f1ad1eca	4497a02c,9c0300b1
f1b2cad5	9516ec66,43beb71d
f1b51085	ff736bce,4d1ab9a1
f1b76781	39694c69,62acd216,bff6a27d
f1bb2a92	5d708c76,d5a03060
000f1c67	52ce7370
f1c84c69	14b0860f,e2940b86,3b3bb83c
f1cc949a	2fd87e65,16ec1a76,695a3627
f1d13034	a4f1a6c6,358e4e85,6ba51265,424a544a
f1d32d4e	bedd91a7,6d1d43cc
f1d3668c	52ce7370
f1d44606	de93031c
f1d6b4fc	4497a02c,9c0300b1
f1d817d5	52ce7370
f1da0a89	15d1718e,2b0ac0a8
f1da7a39	39694c69,1b5a30c0,944ab413,6ae07cda,c52ad410,1d6954aa,5280b3be
0f1de521	39694c69,f93b7ad5,96b5162f,7f880865,27cca8c2,8df62134,572fc984,af403d4d,dddbd028,4b971e6b
f1e3b784	52ce7370
0f1e7c8f	52ce7370
f1ec1dde	241e02ac,5de5ec01,72a4e3d5,84463ebc
f1efe8e4	39694c69,53536c60,ed4381f2,a43458d9,1c93d9d3,f5216bcf,c602a40d,ae8834fb,91fa17ab
f1f850c1	39694c69,de0a01b8,ae0d878b,5f0066a3,ba8e7adf,fa1f70bf,79dbe6f0
f1fb2d36	4497a02c,f1551f13
f1fd7f36	52ce7370
0f1ff5b0	52ce7370
f2001ff6	39694c69
f200612f	4497a02c
f2019d49	52ce7370
f203e43d	a4f1a6c6,358e4e85,6ba51265,424a544a
f204d353	40c970b0
f20a1302	5db7b8ed,2ea5f1fa,a1db02f3
f20ffb7f	14806b46
f213b59c	52ce7370
f2187399	4497a02c,9c0300b1
f218f14b	39694c69,53536c60,ed4381f2
f21ebdab	19df91a3,79bc1aa1,cb7b7504,d454474a,689b5772,c53f71f9,30c7c4c6,58348094,a9a32b8a,04b3f3ad
f22116cd	a4f1a6c6,358e4e85,6ba51265,424a544a
f2243812	bda4325b,1f22d997
f22759c0	4497a02c,9c0300b1,8e7b6f79,908c1738
f227cb42	4497a02c,53536c60
f2283263	39694c69,15dd369b,96b6abe8,8f3d1922,662f53ad,b0726c7d
f22c7ec4	4497a02c,9c0300b1,bd04f870
f22f0bf7	2d108e01,33cacd77
f23b2270	39694c69,3485907e
f23be22f	52ce7370
f23c7a69	6d1d43cc
f23f5013	52ce7370
f23f57ef	4eacf831,304cfb1a
f2413835	52ce7370
f243149c	890b460b,50d89f81
f24e67b9	39694c69,53536c60,ed4381f2,a43458d9,1c93d9d3,f5216bcf,c602a40d,ae8834fb
f2571697	52ce7370
f25827dc	39694c69
f25b965f	3f90f44c,60f4b0ff
0f25e837	39694c69,53536c60,ed4381f2
f261f34a	569aeac3,0c6023ee
f2622e6d	c3f895ef,8bd0c83b
f27008f6	397f16be
f270be68	39694c69
f2732564	4497a02c,9c0300b1
f2754df9	c52ad410,2d967d21
f279f67a	39694c69
f27addc7	c431c4e3,2718fade,e7d4c4f0,4f2b71d3,e71ce60b
f27c7da5	ae2f455f
f27d216a	52ce7370
f27f6016	4497a02c,9c0300b1,6f0bcafa,ae775437,3adae2af
f28710bb	7d67d6e5
0f289995	0474b10d,959ecadd,20e196d2,f867007e,a97f4852,b9e278e4,515847f8
f289ac14	4497a02c,9c0300b1,1fcea4c1,23eb2533,b8ca07c5,71059794
f28ebe07	341d8e4a
f2912c91	52ce7370
f291d8b9	52ce7370
f2945c33	2ccc8487,861ab707
f2946619	990ddbbc,d2645d3a,79fa8d00,1ad76ed6,6d766270,11f8c65e,b1a8834b,3e7819dd,dee65538,07d51cf6,8b0a1fa6,78a4bc7b,0e0dfee5,96852e56
f2957dab	52ce7370
f2962e46	39694c69,53536c60,ed4381f2,a43458d9
f2975481	a4f1a6c6,358e4e85,6ba51265,424a544a
f299b1bd	52ce7370
f29ccc83	94393069,861ab707
f29d54a7	52ce7370
f2a15d38	639c7070,ef46bbd3,cb433269
f2a54969	9a9d5b6e,de9ad6e8,0855e1d0,fbff6f31,2ea5f1fa,fa822a2b,f77f8af6,10cd6547
f2a8ac03	4497a02c,9c0300b1,ffa43280
f2a9e31d	94393069,861ab707
f2b25872	fbfd4854,f8685a7f,74077bc9,f700be48,ac01d818,e5e537b7,21921953,a57f08f9
f2b25bf3	52ce7370
f2b2641b	cb194851
f2b30774	639c7070,ef46bbd3,cb433269,2a7b73f4,70ddfaea,3a15e40b,68cbf856,7bbb8bb2,4683cdb6,6fd5add5,c0bdfa72,d53d8a5f,b38d9f14,0941a6ee,cebeeadb,140f794a,d4de828d,c82bcbd0,3c74b13e,72470b41,4851ea1f,582a4120,aabd62cf
f2b5f2be	5321cb79,235dd2b8,7a3f7ebc,fff1e1af,c50b38cf,cd64af58,fdc70089,a9fc132f,b1988956,60488086,be80e0f9,6a2c8e0b,5b994493,1ef94ae0,2e17aac7,2b215d3f,3ab77e6b,b33ed866,8b283095,4b9bda65,d54eac7e,c18664f1,2df352fe,3c1d2256
f2c123cd	54dbcc01
f2c2a3dd	52ce7370
f2c9e885	4497a02c,9c0300b1,ed4381f2,4e9b2092,1c93d9d3,1dee7445
f2d36714	94393069,861ab707
f2d61dcf	c7fb2350
f2d76173	39694c69
0f2dc977	52ce7370
f2df2d8e	d7ce1a0c
f2e256e1	52ce7370
f2e8ca50	c52ad410,efa7f489,b6f3e815,734b9b68
f2f0d9e8	d3f5c39b,32508d87
f2f12425	dddcc0d9
f2f67adc	94393069,861ab707
f2f987c5	52ce7370
f2fd6472	ede44e83,4d2972ab,e83fcc05
f308ef7c	4e99ac07
f309c6a6	4497a02c,53536c60
f31352c7	52ce7370
f3151206	4497a02c,53536c60
f31b1930	52ce7370
f321f30f	11177941,a73f1e73,c8e54058
f326923d	46671ac9,181d729e
f32ac560	39694c69,f79d6fac,b525f62f,1b9da9fe,65b8fa81,fe48a857,bd2cf75a,4cea7154,52b0bbf6,73266682,ac9846ba,efeed31e,0eeff081,db0da441,e45994f4,e09a9a6c
f32e6ff5	dba99a7e,e8ca1dc7,4e9a4327,8ffc6982,d6d6a63f,52b3edee,95bbbf7e,fc958e6a,cf091af2,b6372dcd,baf799f0,14febce6,7971b3d9,1f5440b8,82a49220,f7fbbd13,ed177d3c
f32e7e62	156ef672
f337b289	59654b45,92eee177,a1e59626,23e4bdbe,167a77ca,c7106b91,749c25c1,60495648,3a680c87,f8d6c175,26e9b0ba,1c672b75
0f33f099	94393069,861ab707
f3402b1e	bcf6bc33
f34515e6	569aeac3,0c6023ee,fd8c731e
f34b4225	fbae5936,3c519c1b,89f2b327
f34d0b21	52ce7370
f350e014	a4f1a6c6,358e4e85,6ba51265,424a544a
f3531797	39694c69,53536c60,ed4381f2,a43458d9,1c93d9d3,f5216bcf,c602a40d,ae8834fb,91fa17ab
f356308f	af1b9cca,d969925d
f356537d	39694c69,fa53e9e7,1dc89033,1b829a14,b5df7c21,dcb6bc84,f133c7e1,4c10665d
f35ecffe	39694c69
f36198cc	52ce7370
0f3628df	4497a02c,9c0300b1,773e3b3b,ecb88fe5,c1a4a00c
f36780fa	22183874,d74ebeed,b3c768ec,12071db6,3512f1ef
f36d4d87	1a1ecc5c,b6a3376f,b56a2373,954bc5e8
f36d744c	156ef672
f3712e12	52ce7370
f37161d8	c52ad410,9b11c692,7db2e23d
f371d4ee	52ce7370
f37f302d	bedd91a7,6d1d43cc
f37fbac0	4497a02c,9c0300b1,c31c8367,6d2c033c
f383faea	c52ad410,1e053860,a3e26f10,b548612b,29c54cc9,f0779b59
f3841e73	ee459230
f3934dc0	82273c54,7f55cfd4,cbc4dd4d,053d9e99,fbfde492
f39418b4	52ce7370
f394b8f1	39694c69,53536c60,ed4381f2,a43458d9,1c93d9d3,f5216bcf,c602a40d,ae8834fb,91fa17ab,111e88f1,89f6f8a5,4ebd1bb2,4b8a0cef,d89abf3a,7c564be4,fcf1f8c5,472143bf,81d269f1,445ee13f,4bfb77d1,604cb8a8,4d525275,1b332a89,10fded56,f2564478,2fd57652,8aab7e64,65bd861b,e51224df,0b3b3b39,66359d4f,f6b0f1c0,708fd580,034d5002,09237912,50a41601,76cbe174,fc9e0f04,93be621a,5d5733ad,cd9c73df,94b05d44,9762d059,405d4257,950270d7,702e331c,70823eaa,daf56fb3,060f8f36,bb1a29f4,56638432,2b438d00,2bd5f7fe,95ee8dfe,d02acf3d,4b14a013,52d6f1b8,b4c59a3a,9c2397c2,6049d326,0aee9e47,5917cecc,6ee3cd6f,a3f29c27,a19c769f,e1759237,26d875d0,a6f8571a,537df9d7,c200c181,3c1b2601,184e2362,b58c4b95,906164f9,b6394a5d,364ef38a,bfbc3131,9a3d6880,2df3b4fa,acb06c15,9068b149,8f7cac60,b56d9714,862f6f6f,3c733797,8a7aa776,93df5feb,98adf974,6449cdda,d7ccd848,5c662a54,726c2c55,3d034923,4f2692d2,26f469a5,76309fab,81acff2d,dfdfb862,e4a0a063,b94bf80f,b3d640f1,923fff04,5a13cec6,4c99bf36,a8ba8984,013c3efa,4f5d2801,468df202,5ee16a49,7a269d91,951e2b43,32b2970e,ddffe738,1ded4f5e,7855c475,5b3e7333,f6194067,9ead75f1,050ba956,4aee3322,522eee1c,f7bff4f4,2c26e48b,2b55ab18,dd9df0df,73327df2,2e75793e,faed2e70,56e2f38d,d4cdacfa,b75124e9,a493683e,71a98d1c,dd71f8a2,c450a93c,421e42cc,804b328a,d6c03889
f397efb0	52ce7370
f39b5428	935d48e3,7f82d931
f39e6b0a	b8d3ec3d,f5ff1be2,efe3034b
f3a0870e	a4f1a6c6,358e4e85,6ba51265,424a544a
f3a32a87	75ed7522,0841f576,a1583547,9bf001f8,842c2ecc
f3a3b12b	b1c0b0bb,8141c44f
f3a46aec	a2d1401e,429fe0a0,4fc39bde,7078d423
f3a49006	52ce7370
f3a86862	4497a02c,53536c60
f3ab354e	39694c69,53536c60,ed4381f2,a43458d9,1c93d9d3,f5216bcf,c602a40d,ae8834fb,91fa17ab,111e88f1
f3ad3095	39694c69,f93b7ad5,96b5162f,7f880865,27cca8c2,8df62134,572fc984,af403d4d,dddbd028,4b971e6b
f3aef43c	54dbcc01
f3b3014e	5cd4677b,9f595148,1933759c,a7ea896c,f053cef9,25f8ead7,b43bf93e,e2f04cd9,82ef30a8,21bbf8d4,7616babc,41168d83,19d40346,9c6ad91f,8b9818b5,da8991a7,f48e0ca7,f9d1e487,f414d4df,ab8b55a8,0ddef322,7f9023e1
f3b36244	ab420ed6,71059794
f3b6699e	127df328,fb5924ef,7bfc2300,a108a417,cf139ee0,20b2d389,b7325a53,1d437ce0
f3b91e9b	39694c69,2b33c059,4f5693ac
f3baa55d	4497a02c,9c0300b1
f3bcfac8	39694c69,53536c60,ed4381f2,a43458d9
f3c10f07	52ce7370
f3c416ea	52ce7370
f3c6978f	4497a02c,53536c60
f3c7c3fe	b8d3ec3d,f5ff1be2,efe3034b
f3c9f34e	4497a02c,9c0300b1,ed4381f2
f3cff84e	52ce7370
f3d029d4	4497a02c,9c0300b1,1537c9b3,1487fca1,2bbc7dfe,74628f1d
00f3e36d	f59e6083,6d2c033c,ceea4b75,5fc0aae4,af8105c3,685e26ed,eef04145,04f6869c,c2a3bcfb,235d226a
0f3f00b6	639c7070
f3f15bb4	efa938d5
f3f31c9d	52ce7370
f3f6f69a	52ce7370
f3fb6948	c52ad410,5322d7a9,c3a95a25,ef24a8e7,c9cbd745,b20b00c8,8c535959,e1dc5492,993fec2f,66ffb6b6,942db1d3,ce72e9af,f0bebf78
f401ad48	52ce7370
f4083d15	05cd1be1,a48de24b,e959c496
f408a952	e419cdb9,d1ec7e95,ad810ce6,670e697e,454881c6
f41116a5	a4f1a6c6,358e4e85,6ba51265,424a544a
f415c0ff	39694c69
f416d42b	52ce7370
f416e7bc	4497a02c,9c0300b1,6297895e,da05363c,de9a258d
0f41756b	4497a02c,9c0300b1
f41a49e6	21a34334
f422862c	39694c69,53536c60,26bed42b,0091e4f9,1c93d9d3,f5216bcf
f425fa25	39694c69,51648cd6,db483cf3
f427b2dc	4497a02c,9c0300b1,27a6a0e2,27ac7c27,e7bd0f78
f4291ddc	4497a02c,9c0300b1
f429e44a	4497a02c,9c0300b1
f42ad5b0	1c3cb695,82273c54,019dd106,b5b06866
f433d361	9a9d5b6e,de9ad6e8,b9a55e5e,60b3d7a4,bef418b5,33d20d08,9f4936e0,f6c2c1ba,20b9ca4f,1a2dec25,1c218efa,58638b71,f579e715,68559e81,0b7e423c,fc26a793,7a9c7162,bc1842bc,9556a5db
f433f352	139d7e4a,94764bbc
f439e656	16ec1a76,024549a4,46a6ce10
f439feab	94393069,861ab707
f44782c1	39694c69,53536c60,ed4381f2,a43458d9,7b896cc2,7e701b39,6afc0210,20e6746e,40162728
f44842f1	52ce7370
f4520c01	52ce7370
f4530fab	a4f1a6c6,358e4e85,6ba51265,424a544a
f4539bf2	4497a02c,9c0300b1
f455be74	de93031c
f457b92f	52ce7370
f459c887	4aa0b06f,012dbe79
f45c4416	1e3bbce9,b83c1deb,8ce21c36,9c6ad91f
f4607a56	b8d3ec3d,f5ff1be2,efe3034b
f463c676	19df91a3,79bc1aa1,cb7b7504,d454474a,689b5772,c53f71f9,30c7c4c6,58348094,4e89e784
f46586ea	4497a02c,9c0300b1,ed4381f2,a43458d9
f4662938	52ce7370
f4676730	52ce7370
f4676b5a	07967bc2
f46f6da3	a4f1a6c6,358e4e85,6ba51265
0f47840c	a4f1a6c6,358e4e85,b7a0eada,99b8e741,424a544a
f47ec0a2	84b2dd91,235eacd6,655cf919,8214e052,0557d864,e078e441,4a2e15e8
0f480b60	74077bc9,b25abf08,ea7ba35f,b292931a,623e98a8
f4814c8d	39694c69,53536c60,ed4381f2,a43458d9
f482a01b	52ce7370
f485461f	b8d3ec3d,f5ff1be2,efe3034b,cd533847
f4891786	d617557b,9f90b58d,fe339ecd
f48b26cd	41a3979a
0f494408	39694c69,759eccff
f495f311	de5cbb69
f49722c6	52ce7370
f498789a	4497a02c,9c0300b1,ed4381f2,a43458d9
f49f168c	52ce7370
f4ab00f9	52ce7370
0f4aceae	569aeac3,0c6023ee,fd8c731e
f4ae051b	52ce7370
f4b1a614	e9fe44fa,a23af12f,8805c10f,9682405a,e53e98f1,5332c3b9,be04cb1e,78f3c4bf,f02e1993,38982df3,5d4e7b96,09263353,add6fedd,c3890856,fec89fde,58c66357,576dd233,7330adb1,1bc56cfe,f6399b39,a5ccf0e4,901824bf,07ff9b1b,319177b3,a9681859,cc35db06,6ae7242d,99ee9dd9,2f31af1f,c6d42a32,3ebe0469,7b0e3a44,01ffc8c1,061b1864,0cd341a0,d9645c85,34258cde,83c02bb5,9665e269,f97e6337,a13ecc19,6d416e55,48d1b443,7280be39,e2d53b14,221440f4,8c726352,dc883992,c33b02dd,22b2aafe,6e658076,ff1b38f8,c3f4d793,34a51810,7d0a935a,d67437be,ee90ab0d,6e4896a7,a01038e0,a5807eda
f4b48efc	39694c69,0876c1a5,cae12e18,c78734f0
f4b4d32c	4497a02c,9c0300b1,ed4381f2,a43458d9
f4b67150	1e3bbce9,b83c1deb,8ce21c36,ab2328b3
f4b6f3e7	152e9eec,7d59d9b8,6519f22c,ab78b87d,39572fa0,9449ec6c
f4b8d5e1	52ce7370
f4bae213	4497a02c,9c0300b1,ed4381f2
f4bb293a	52ce7370
f4c0b5ec	b8d3ec3d,f5ff1be2,efe3034b,6392fc76
f4c67396	b8d3ec3d,f5ff1be2,efe3034b,8c0635f7
f4cde8ba	39694c69,53536c60,ed4381f2,a43458d9,1c93d9d3,f5216bcf,c602a40d,ae8834fb,91fa17ab,111e88f1,89f6f8a5,4ebd1bb2,4b8a0cef,d89abf3a,7c564be4,fcf1f8c5,472143bf
f4ce9218	39694c69,2671c4b8
0f4d0a65	52ce7370
0f4d113f	39694c69
f4d2b3aa	4497a02c,9c0300b1,6d2c033c,ed5d3c6a,7d1a5c88,6d850fa6
f4d33f18	39694c69,4aa0b06f,ce069315
f4d5b136	bedd91a7,6d1d43cc
f4e3101e	b8d3ec3d,f5ff1be2,efe3034b,49235a22,e0e79ef4,7d101823,88f1ae1d
f4e7f70d	39694c69
f4e948c5	39694c69,53536c60,ed4381f2,a43458d9,1c93d9d3,f5216bcf,c602a40d,ae8834fb
f4eb07c5	52ce7370
f4f0abea	52ce7370
f4f9329e	b8d3ec3d,f5ff1be2,efe3034b,fd411fc1
0f4fbed3	320a42eb,661f41e0,804ca3c4,41f85b9b,e058ecd2,5c7faa6a,6571f7ff
f500c3dc	948b068a,ac214c66
f502219b	52ce7370
f50af7b5	4497a02c,9c0300b1,c00c5ba3
f50f6e7a	4497a02c,9c0300b1
f510a49a	5fc0aae4,c5259813,42a67ac9,db85f51c,a65f0ee9,24077541,b7582d5d,bbf1fbbe
f5138456	52ce7370
f5173897	a8330f52,93a2849d,d2b1f806,c9cd11db
f5173f65	52ce7370
f5176c71	4497a02c,f1551f13
f5197c6d	4497a02c,9c0300b1
f51e9c3d	483259fc,a316fe77,6d1d931a
f52230c2	52ce7370
f523423a	9ad50217,90db2310,e617d1ec,64856cd0,a170243b,fc86fbdb,0f1343e7,b0158e56,757af8ef,e0ed36a4,f8b86fbd,4a0256d7,7b020bb3,ec62ca11,62cf84ee,ca2c7cd8,0ddce452
0f525b33	39694c69,c4900cb3,38e07240
f526ae0c	39694c69,53536c60,ed4381f2,a43458d9,1c93d9d3
f5290367	b2457bea,ec548cb4
f52c2bb9	4497a02c,9c0300b1
f52c5aa7	39694c69
f5322d23	341d8e4a
f532e7ab	156ef672
f536d988	a4f1a6c6,358e4e85,6ba51265,424a544a
f53c28f9	39694c69,53536c60
f53d3a58	945a460c
f53d7bfb	4497a02c,c6f42859,0035c845,a43458d9,1c93d9d3,f5216bcf,c602a40d,ae8834fb,91fa17ab,111e88f1,89f6f8a5
f54013bc	52ce7370
f54490ca	52ce7370
f5462c56	39694c69,156ef672
f547b2b2	39694c69
f5492d2e	52ce7370
0f54a57c	39694c69
f54ab9a2	ef10b158,74ef00bd,4e757dbe
f54dfe84	52ce7370
f551646d	b8d3ec3d,f5ff1be2,efe3034b
f55198e8	39694c69,a6f5258a
f556f1b8	39694c69,53536c60,ed4381f2
f558a389	39694c69
f55b01da	52ce7370
f561f6e1	4497a02c,9c0300b1
f5624f31	7eefa621
f569bb13	52ce7370
f56adff7	39694c69,b106d745,8b9fab47
f56cbb44	3c479e9a,d1f584a2
f56e1a1c	4497a02c,9c0300b1,ed4381f2,a43458d9
f5766333	39694c69,ede44e83,b98190ab,3ef0a9d0
f5772544	39694c69
f578b121	2535c704,74c65882,b8b3b931
f57ac972	a321f72d,80da9334,0050a699,7b15fbc7,629e88bf,9fd30ac4,8a8b81cf
f57ade17	39694c69
f58399b1	39694c69,97d97248,22380567,4a0345e9
f5839a39	bcf6bc33,237ed27e,ab792773,552e6014,258d9b94,32878116,ef4d7973
f583d551	52ce7370
f58a3d44	52ce7370
f58d09a9	4540ee25
f58e97fe	4497a02c,9c0300b1,7cca3687
f58eb568	4497a02c,9c0300b1,ed4381f2,a43458d9
f590ffd8	52ce7370
f59abfba	5fc0aae4,060e1775,43f03572,1a7e4145
f59e889d	bedd91a7,6d1d43cc
f5a1f776	c52ad410,1dbcfa66
f5a9c8fc	397f16be,16ec1a76,87c91ece,688fbadb
f5b0550d	4497a02c,9c0300b1,ed4381f2
f5b162fc	f447fe90,3885798e,06c6abc7,1dc25fbb,d1a73a66
f5b1e2e0	a071c954,8202fa01,b6f7d5b9,c751748e,c3cf541e,d1808393,d56f326e
f5b5c5c8	39694c69
0f5b777b	52ce7370
f5b7ddac	52ce7370
f5bd3ec9	061284d4,63a587b4,12f6743c
f5c095d3	9d023671,d3a6b11e
f5c18455	e0fdb83a
f5c5dc30	c3f895ef,5184814a
f5c93891	52ce7370
f5cd4072	39694c69,53536c60,ed4381f2,a43458d9,1c93d9d3,f5216bcf,c602a40d,ae8834fb,91fa17ab,111e88f1,89f6f8a5,4ebd1bb2,4b8a0cef,d89abf3a
f5cdbf61	232952ef,efa938d5,b7559080
f5ce9cf9	4497a02c,9c0300b1,b63b087f
f5d16a82	0100c224
f5de9d31	4497a02c,9c0300b1
f5e07b51	39694c69,53536c60,ed4381f2,a43458d9,1c93d9d3,f5216bcf,c602a40d,ae8834fb,91fa17ab,111e88f1,89f6f8a5,4ebd1bb2,4b8a0cef
f5e50cc5	39694c69,53536c60,ed4381f2,a43458d9,1c93d9d3,f5216bcf
f5e6f6d7	1c3d3222,700b1aab,afd0215a,9230323c,37fc9dca,e34ce4ca,402c528b,fa84b2a1,7eb12125,a14895a6,2509e24f,266347bd,10a595bb,39c89571,c071ec19,8430a4ed,0252e110,8c8ba41a,8a6bb82f,c2d234de,6876fef4,45494414,505f76ee,4a5b3cc6,33195f03,334bcaa5
f5e6ff5a	39694c69,8d909566
f5e75356	b8d3ec3d,f5ff1be2,efe3034b,f6ca7264
f5eb278e	e34e8c01
f5eb8675	c52ad410,57d7e3c7
f5f5c55a	4497a02c,9c0300b1
f5f87a95	4497a02c,9c0300b1,bd166607
00f5f8be	52ce7370
f5f8dcf3	39694c69,e0813924
f5fe8d9c	52ce7370
f6054382	52ce7370
f60b260a	b8d3ec3d,f5ff1be2,efe3034b,075a0b9e
f6105b12	4497a02c,9c0300b1
f61422f3	4497a02c,9c0300b1
f6157fe4	52ce7370
f61b6c3d	94393069,861ab707
f61d1507	1b5a30c0,c52ad410,0dbf7542,89693b08,0b0521ae
f6203eec	52ce7370
f62b0d58	52ce7370
f62b9147	52ce7370
f62df985	39694c69
f63213ce	39694c69,53536c60,ed4381f2,a43458d9,1c93d9d3,f5216bcf,c602a40d,ae8834fb,91fa17ab,111e88f1,89f6f8a5,4ebd1bb2,4b8a0cef,d89abf3a,7c564be4,fcf1f8c5,472143bf,81d269f1,445ee13f,4bfb77d1,604cb8a8,4d525275,1b332a89,10fded56,f2564478,2fd57652,8aab7e64,65bd861b,e51224df,0b3b3b39,66359d4f,f6b0f1c0,708fd580,034d5002,09237912,50a41601,76cbe174,fc9e0f04,93be621a,5d5733ad,cd9c73df,94b05d44,9762d059,405d4257,950270d7,702e331c,70823eaa,daf56fb3,060f8f36,bb1a29f4,56638432,2b438d00,2bd5f7fe,95ee8dfe,d02acf3d,4b14a013,52d6f1b8,b4c59a3a,9c2397c2,6049d326,0aee9e47,5917cecc,6ee3cd6f,a3f29c27,a19c769f,e1759237,26d875d0,a6f8571a,537df9d7,c200c181,3c1b2601,184e2362,b58c4b95,906164f9,b6394a5d,364ef38a,bfbc3131,9a3d6880,2df3b4fa,acb06c15,9068b149,8f7cac60,b56d9714,862f6f6f,3c733797,8a7aa776,93df5feb,98adf974,6449cdda,d7ccd848,5c662a54,726c2c55,3d034923,4f2692d2,26f469a5,76309fab,81acff2d,dfdfb862,e4a0a063,b94bf80f,b3d640f1,923fff04,5a13cec6,4c99bf36,a8ba8984,013c3efa,4f5d2801,468df202,5ee16a49,7a269d91,951e2b43,32b2970e,ddffe738,1ded4f5e,7855c475,5b3e7333,f6194067,9ead75f1,050ba956,4aee3322,522eee1c,f7bff4f4,2c26e48b,2b55ab18,dd9df0df,73327df2,2e75793e,faed2e70,56e2f38d,d4cdacfa,b75124e9,a493683e,71a98d1c,dd71f8a2,c450a93c,421e42cc,804b328a,d6c03889,398d69b1,93028229,da64f69b,43e41f6f,fb4a61ab,e89814ce,cdd03d8f,f6cd5ee2,de009e09,e0adb87e,1cb615d8,359a069c,413127a8,51095af7,65b680f4,7ded2dda,103ae0f7,d17b0c2c,0fb80ddd,029325f6,ca6f569b,0565bd25,67dc2823,ff48c2ad,9252394f,80090302,964567de,c2a8473b,3da3ccb5,a256c5dd,a672bd3e,90bdd0a7,be4f9b0a,d728c911,40d8f2cd,cfe04985,056f2fed,772027e0,19b984a9,fb81fdf5,a26a9b0a,2c979750,028fce37,921e3a7e,49ebd606,3e6c889a,b7e8bd05,414d5038,dc0ab963,b34e524a,126d8b3d,3b3f1b44,baecc1d1,f216cb24,f9309e55,3836cb34,695243ad,c4a5e1dc,cafd8439,c75364c6,09bafec5,cac8f6a2,c0eacd22,70a8bbcc,e9835869,ed9eedfd
f6321b27	39694c69,53536c60,ed4381f2
f638d67f	4497a02c,9c0300b1,ed4381f2,a43458d9
f6396bb0	52ce7370
f63b2912	0100c224,a2f51c0b
f6431bc8	e03c39a5
f645bbb8	4497a02c,9c0300b1,ed4381f2,a43458d9
f64c06fc	c66e93d6,3da15328,cc53a730,51f0fbde
f6526eec	52ce7370
f65412ea	39694c69
f658873a	4497a02c,9c0300b1,ed4381f2,7e26dcff,183fe253,eef0425d,c602a40d,ae8834fb,aaf818ea
f65c4d55	4497a02c,9c0300b1
f65e2f9d	39694c69
f65f4f9f	39694c69,e52c962a
f662471c	39694c69
f6683438	a5a2e25a,8edaed5f,5b2e8960,65f15675,30954430
f6683c78	bcf6bc33
f668af2a	4497a02c,9c0300b1,e2ebaeae
f66ecffd	39694c69,af77c70d,ed4381f2,a43458d9,1c93d9d3,f5216bcf,e2dc42cb,ef4c1064,050a25d7,234a0a79,c3c175ca,4ebd1bb2,d454474a,689b5772,c53f71f9,6bdb00af,58348094,a057cc2b,ee09d88b
f67c6a93	52ce7370
f685cd9b	52ce7370
0f690a2a	bedd91a7,6d1d43cc
f691a351	52ce7370
f69289d3	52ce7370
f69847a9	39694c69,f93b7ad5,96b5162f,7f880865,27cca8c2,8df62134,572fc984,af403d4d,dddbd028,4b971e6b
f69bc2d1	39694c69
f6a1d896	861ab707
f6a41e9e	52ce7370
f6a97d4c	52ce7370
f6ab582f	397f16be,975d58b2,805ae44a,3cbb9f44
f6ab66ea	b8d3ec3d,f5ff1be2,efe3034b
f6b1c2a7	f6040a07,3da1c53c
f6b54585	52ce7370
f6bcb727	52ce7370
f6bf6f4e	a81c0d00,a7e77f17,7517fcb2,198e9f38
f6c3b2c9	321325f3,cb4576fb,cb3686b2,31ced0d0,0bc2d5db,a623e754,01f72e35,f155ec9f,1afd7e81,5fe437d4,f1f97aad,0fc319af,461d2efe,73dcc461,60d6bdc9,71789f0f,1ad373aa,277315dc,79473d05,715cac0b,abcf04f3,9dd38593,e643219e,2c2fdec8,939d46a0,d510b640,a4a8c05d,e6fe16bb,07ff173f,b3e71bc1,cc303e2d,9f050c27,5411c15b,3971c016
f6c475f8	39694c69
f6c565e2	52ce7370
f6c8f349	6282b804,a261fa78
f6c9a63d	52ce7370
f6cb0764	c52ad410,57d7e3c7
f6cfa425	4497a02c,9c0300b1,6d2c033c,ed9bfc62
f6cfd770	2b841a22,200dd57b,fcb927e0,95ca86bd,b8bc3e40,b77b561e,16ec1a76
f6d50219	ef5095c4,79fbe2b6
0f6d6524	9bcdfa07
f6d8021d	52ce7370
f6d871e5	52ce7370
f6d886fb	39694c69,53536c60,ed4381f2,a43458d9,1c93d9d3,f5216bcf,c602a40d,ae8834fb,91fa17ab,111e88f1,89f6f8a5,4ebd1bb2,4b8a0cef,d89abf3a,7c564be4,fcf1f8c5,472143bf,81d269f1
f6dbaae1	a4f1a6c6,358e4e85,6ba51265,424a544a
f6e12fef	39694c69,bd46d14d,9634f848
f6e1e97a	4497a02c,9c0300b1
f6e3ab8b	39694c69,38857000
f6e3ef14	52ce7370
f6e57099	9ad50217,8df363e5
f6e5ca22	39694c69
f6ed74ed	52ce7370
f6ed913f	39694c69,53536c60,ed4381f2,a43458d9,1c93d9d3
f6efb079	4497a02c,9c0300b1,6d2c033c
f6f01092	ed827975,0d0571f1,bbe5854d
f6f182d8	156ef672
f6f1b25e	52ce7370
f6f8b99d	52ce7370
f6fc22f9	52ce7370
f703975a	7db30092,590721ba,acee5b4b,fe522e5f,7fea6674
f706f980	458e5d1c,705a423f,02bc242a,75401d71
f708989b	52ce7370
f715377d	52ce7370
f7175352	52ce7370
f71756b1	52ce7370
f7175a2b	ed5ec291
f71fec03	b8d3ec3d,f5ff1be2,efe3034b
f7419d62	39694c69,53536c60,ed4381f2,a43458d9,1c93d9d3,f5216bcf,c602a40d,988cd780,490eec90,6f1b0791,26c7a0b6,d58ce273,7410f812
f742f9c5	c52ad410,57d7e3c7,21f4c3f4,29350366,a9bda8d2
f7546e94	11177941
f755c159	cbb0a0c9,2f7c6535
f7623f77	52ce7370
f762db6b	39694c69,3485907e
f76acfb4	222f3cd6,06c56270,951fac84,fc93512c
f76ad653	4497a02c,9c0300b1,7cca3687
f7709658	b8d3ec3d,f5ff1be2,efe3034b
f7711020	cbb0a0c9,2f7c6535,26d821e9,5d6e6635,0a6807ab,88605cbd,f91fb1c1,444d7cf2,5974cbb9,4c928458,080e59d5,c4e6a7a7,9ca71ab9,ff98e06a,daef038c,678c1a04,3cce1f40,7bb463e9,eb77e83c,25cf07dd,4ee4dec6,bd5a46fa,21ec7827,db1478c0,6a0eef8f,79fd6833,e71a034b,3b55e671,d170dd22,83faa670,59d9f271
f7719d96	52ce7370
f7752146	52ce7370
f7756d25	b8d3ec3d,f5ff1be2,efe3034b
f77da6f1	9dbfd853,9e2fd4ae,8c80f5f1,0cb490a4
f77e1123	52ce7370
f77e2339	52ce7370
f78a0be1	4497a02c,9c0300b1,10422649
f78e96f3	4497a02c,9c0300b1,126315cb,416fe963
f7907630	156ef672
f794734c	39694c69
f7952a6f	4497a02c,9c0300b1,ed4381f2,a43458d9
f79ad047	ef10b158,a8aceca4,a3ac1d6a
f7a75a7c	39694c69,46018677,d028f1a9,35f35a62,f133c7e1,02bc242a
f7ac90ce	bcf6bc33
f7ae34eb	52ce7370
f7ae75af	52ce7370
f7b19093	39694c69,82273c54,da0deda5,109279ae,ff4ee59c,223d627a,eab3c5bf,c7121f30,3333e0d9,a5475426,31609214,a39b9ffb,814cb140,23e00c61,87b10783,5db7b8ed,2ea5f1fa,5da27839,59778d6d,16a51121,972d0dce,afc6788a,b988d96d,d95c3264,ee0919c8,952a7697,8a94602c,5124e91d,be570efa,5111a0ad,5841e0d4,dbc44a9b,585b8381,7b552b19,1c4bc293
f7b28b1f	94393069,861ab707
f7b9ae51	52ce7370
f7bcbb31	a4f1a6c6,358e4e85,6ba51265,424a544a
f7c1d834	52ce7370
0f7c222f	52ce7370
f7c3db43	d918c1e8,cf572226
f7ca381f	4497a02c,9c0300b1,ed4381f2
f7cc29ac	4497a02c,9c0300b1,42f36b20
0f7cd66c	52ce7370
f7d1c723	52ce7370
f7d5a8d2	52ce7370
f7d5dcd3	39694c69,82f00577
f7d61ca3	a4f1a6c6,358e4e85,6ba51265,424a544a
f7d8d969	c311c08f,cce84683
f7e11ad5	c6fc6aa4,55f51b22,4d0c2797,577684f1
f7e2a8b2	52ce7370
f7e36444	39694c69,8d909566
f7ec0fcb	2b95a925,c594c850
f7f2ee96	52ce7370
0f7fb28f	39694c69,dc4b51c9
f7fce107	52ce7370
f7fd525c	bedd91a7,6d1d43cc
f802ad63	4497a02c,9c0300b1,2185a077,4a733b64
f803a1a9	0a994518
f813f0ad	52ce7370
f818c044	acde460f,9ad50217,faa47fe3,ba1f6298,3982e508,db39e4b2,88376135,7ead8add,fc491104,3f95de8d,885e58a4,12777e28,fad1397e,2c81c917,2e084879,f02cdd91,33fbc1fb,f8756073,40a95aad,d36cd1f3,4823efb0,a8b80ee1,f08e24cb
f81936d3	911b2ad3,2d4cdc4c,bc631e74,282b11ac
f81955fc	52ce7370
f81fe80b	39694c69,53536c60
f829f958	39694c69,53536c60,ed4381f2,a43458d9,1c93d9d3,f5216bcf,c602a40d,ae8834fb,91fa17ab,111e88f1,89f6f8a5,4ebd1bb2,4b8a0cef,d89abf3a,7c564be4,fcf1f8c5,472143bf,81d269f1,445ee13f,4bfb77d1,604cb8a8,4d525275,1b332a89,10fded56,f2564478,2fd57652,8aab7e64,65bd861b
f82a367f	ef10b158,d10b1c49,296f3960,e17b3844
f82a4991	4497a02c,9c0300b1,ed4381f2
f82ab7d4	52ce7370
f82b4458	52ce7370
f82be717	a316fe77,7eefa621
f82e4a51	4497a02c,53536c60
f830167a	639c7070,ef46bbd3,cb433269
f8313d47	a4f1a6c6,358e4e85,6ba51265,424a544a
f836e105	52ce7370
f83fc5bd	3759709b,e0fdb83a,3dbbfe13
f8459b23	39694c69
f845d44a	4497a02c,b40d76a3,2907522b,b1b79df2,ace27e7c,4925562c,bc521d86,def76ad3,f16638ee,fdce232b,e090a518,398af0ef,80d6ea93,5f288ef2
f845fe85	152e9eec,7d59d9b8,6519f22c,ab78b87d,39572fa0,9449ec6c
f8465538	52ce7370
f84a30ab	52ce7370
f84af759	1e3e50e1,800ce25a,3cb357bc,3fffa90e,16620d4c,e2b47aaf
f84f4643	b8d3ec3d,f5ff1be2,efe3034b
f8502c4f	8fe81ff1,0dd10c61
f8509407	4497a02c,9c0300b1,2227b105,7245dd55,a9b69beb,be2ea3b0,301bc489,8cef2c2b,43cdcf3b,1ae2e704,2e1a0c37,0c908cda
f856a4e1	39694c69
0f85cfa4	39694c69,b6c2dda7
f863f5cc	39694c69,ec70f4a2,5073cad2
0f86ca42	8b46b142,3f5e9cd0,f56190f2,eaf98647,f11b971b,f59423fb
f872f0c1	ac987e70
0f875fd1	8f8f16ee,c7d775a9,a5c30dec,8c27eb8b,a8d0acb5,d68b93aa
f87988da	52ce7370
f87f16a4	4497a02c,9c0300b1,4ea4f66c,e8c60f0b,0526ffcc,8c6cfbb4
f8810f80	ede44e83,c52ad410
f881421c	4497a02c,9c0300b1,ed4381f2,a43458d9
f8821ae1	39694c69,de5cbb69
f8831563	bedd91a7,6d1d43cc
f8836100	9debfb41,a533f992
f88542f5	52ce7370
f8885776	52ce7370
f889de8b	b8d3ec3d,f5ff1be2,efe3034b,137cbeb3
f88a91c0	39694c69,7383d65f
f88bd63e	4497a02c,9c0300b1,7a7a2b9b
f88f4fa2	4497a02c,9c0300b1,45167447,5e171953,028170ad
f892e4d7	39694c69,f93b7ad5,96b5162f,7f880865,27cca8c2,8df62134,572fc984,af403d4d,dddbd028,4b971e6b
f894a452	b8d3ec3d,f5ff1be2,efe3034b
f894cf3c	52ce7370
f89a30ac	7a7cf33d,e2a3891a,1f42f321,187627da
f89ebc2c	3296fc12,5e580707,d4e0dd4d,92202a7e,688c3481,03fcd3a3
f8a7e7ba	d7b84bee,5c304187
f8ac2c7a	39694c69,53536c60,ed4381f2,a43458d9,1c93d9d3,f6df0527,e785c320,2ffd444f
f8adbf70	4497a02c,c6f42859,0035c845,a43458d9,1c93d9d3,f5216bcf,c602a40d,ae8834fb,91fa17ab,111e88f1
f8afd9fe	e0fdb83a,ba7c5133
f8b35fd4	52ce7370
f8b79aab	5df3572d,5fc0aae4
f8c2eec7	2141a805,b72d2da1,3031ff65,044bc5b3,a8a46e9e,60f30136,d9e60d17
f8c40931	39694c69,730cb1d8,75a7b4b1,f133c7e1,0fb6850a
f8c5ed3e	4497a02c,9c0300b1
f8cb5954	4497a02c,9c0300b1
f8cc42c0	321325f3
f8cff1e0	4497a02c,9c0300b1
f8d23a73	39694c69,53536c60
f8d4e1c3	39694c69,53536c60,ed4381f2,f128948d,073630bd
f8de7de0	52ce7370
f8e32d4e	c26ad7ec,d15ed12e,01b68fad,f6091de9,62af5e39,0632a0f7,cf944ce8,83506b09
0f8e3d61	94393069,861ab707
f8e6df91	4497a02c,f1551f13
f8ecf57d	52ce7370
f8fd83e7	60e495ee
f901e9a9	52ce7370
0f903cf2	52ce7370
f90525e4	b8d3ec3d,f5ff1be2,efe3034b
f90630e6	1ea4a1f6,a02af814,c6705886,3c916e0a
f906dba7	52ce7370
0f90b40c	303edbd5,3c5f1479,b5f97150,98d6d8eb,3c42082e,da2b6c3a,9e97af6c
f90dd353	52ce7370
f90e6f59	52ce7370
f912b9db	52ce7370
f913cd48	483259fc,dbc62715
f915190c	bcf6bc33
f915b08e	39694c69,53536c60,ed4381f2
0f916429	52ce7370
f91be2fa	52ce7370
f91bf06f	52ce7370
f91ed99d	3296fc12,5e580707,d4e0dd4d,92202a7e,688c3481,03fcd3a3,ef4405e6,b6626cb8
f9267b13	4497a02c,9c0300b1
f92754ab	39694c69,3485907e
f92b4aba	52ce7370
f92bb423	569aeac3,0c6023ee
f92dc1f3	4497a02c,ed96ae3a,f15b0b11
f93322f6	54dbcc01,688fbadb
f938dc30	b8d3ec3d,f5ff1be2,efe3034b,f3317740
f93a25d9	dbdac1c3,ee8d99cc,d266ceff
0f93a464	49392013
0f93c5bb	e3311bf1,9bb51bb9,3ed623fb,05cd1be1,a48de24b,e959c496,361fb9a8
f93e02ab	22183874,d74ebeed,b3c768ec,12071db6,3512f1ef
f9409cf3	52ce7370
f9435d14	f447fe90,c62085b9
f948c449	39694c69,3485907e
f94bb45d	39694c69,53536c60,ed4381f2,a43458d9,1c93d9d3
f94d4f97	24d6f859,81e1a9e2,f9f1c451
f959bb2c	861ab707
f962fde0	39694c69
f9661ef7	39694c69,7ba3c714,9b541af2,bcf53605,605bf2be,20e8f18d
f96c219a	39694c69,24ec6116,0925c4a3,d430dd6d
f96e190e	52ce7370
f96e29fc	156ef672
f9729458	39694c69
f974379c	4497a02c,53536c60
f975ab6e	4497a02c,9c0300b1,4d9411d6,7758871e
f983ee4f	94393069,861ab707
f984a939	52ce7370
f9880422	19df91a3,79bc1aa1,b7ab8c7b,21249c98
0f98a282	d4160e07,279ada1e,83e25c3c,b3961e7f,786a1a75,ce5c36eb
f98da6c7	5fc0aae4,b02aa637,4209fff0
f9979471	4497a02c,9c0300b1,ed4381f2,a43458d9
f99b0671	6129c810
f99e5f8d	c52ad410,fb629045,69dfb8ce,9bdeb816,46747927,bb1385a4,f28dae3e,bd0ae48d,622e64d2,fa780c10,9d52a066,096e3c87,96060714,20a21f36,736dc35d,b24a475a,8acda39c,e7209a65,673faebb,732baa56,1a2c86d0,f5d3bc9d,2081284d
f9a2c2a2	a4f1a6c6,358e4e85,6ba51265,424a544a
f9a4aa00	4497a02c,9c0300b1,ed4381f2,a43458d9
f9a98bdc	52ce7370
f9aaf804	52ce7370
f9ab4b3f	dee65538,5db7b8ed
f9af1d44	bcf6bc33
f9b37217	a4f1a6c6,358e4e85,6ba51265,424a544a
f9b3f01f	39694c69,53536c60,ed4381f2,a43458d9,1c93d9d3,f5216bcf,c602a40d,ae8834fb,91fa17ab,111e88f1,89f6f8a5,4ebd1bb2,4b8a0cef,d89abf3a,7c564be4,fcf1f8c5,472143bf,81d269f1,445ee13f,4bfb77d1,604cb8a8,4d525275,1b332a89,10fded56,f2564478,2fd57652,8aab7e64,65bd861b,e51224df,0b3b3b39,66359d4f,f6b0f1c0,708fd580,034d5002,09237912,50a41601,76cbe174,fc9e0f04,93be621a,5d5733ad,cd9c73df,94b05d44,9762d059,405d4257,950270d7,702e331c,70823eaa
f9b45e2f	bcf6bc33
f9b4f1bd	39694c69
f9b73dbe	4497a02c,9c0300b1,d969925d
f9cb48a2	39694c69,57d7e3c7
f9cf93bb	7eefa621
f9d8d5b4	ef10b158,d4996a4a
f9d92441	4497a02c,9c0300b1,63d5282e
f9d93207	86995391
f9db6df5	de93031c
0f9ddb07	b8d3ec3d,f5ff1be2,efe3034b,16ec1a76
f9e04d4c	52ce7370
f9e10954	39694c69,a8cee631,89f9d16a
f9e293bf	96db4ca1,dfc9c0ef,1bce1e31
f9e39987	52ce7370
f9e50ef3	a4f1a6c6,358e4e85,6ba51265,424a544a
f9e9a3fc	52ce7370
f9ebed25	52ce7370
f9ec4c23	39694c69,53536c60,ed4381f2,a43458d9,1c93d9d3,f5216bcf,c602a40d,ae8834fb,91fa17ab,111e88f1,89f6f8a5,4ebd1bb2,4b8a0cef,d89abf3a,7c564be4,fcf1f8c5,472143bf,81d269f1,445ee13f,4bfb77d1,604cb8a8,4d525275,1b332a89,10fded56,f2564478,2fd57652,8aab7e64,65bd861b,e51224df,0b3b3b39,66359d4f,f6b0f1c0,708fd580,034d5002,09237912,50a41601,76cbe174,fc9e0f04,93be621a,5d5733ad,cd9c73df,94b05d44,9762d059,405d4257,950270d7,702e331c,70823eaa,daf56fb3,060f8f36,bb1a29f4,56638432,2b438d00,2bd5f7fe,95ee8dfe,d02acf3d,4b14a013,52d6f1b8,b4c59a3a,9c2397c2,6049d326,0aee9e47,5917cecc,6ee3cd6f,a3f29c27,a19c769f,e1759237,26d875d0,a6f8571a,537df9d7,c200c181,3c1b2601,184e2362,b58c4b95,906164f9,b6394a5d,364ef38a,bfbc3131,9a3d6880,2df3b4fa,acb06c15,9068b149,8f7cac60,b56d9714,862f6f6f,3c733797,8a7aa776,93df5feb,98adf974,6449cdda,d7ccd848,5c662a54,726c2c55,3d034923,4f2692d2,26f469a5,76309fab,81acff2d,dfdfb862,e4a0a063,b94bf80f,b3d640f1,923fff04,5a13cec6,4c99bf36,a8ba8984,013c3efa,4f5d2801,468df202,5ee16a49,7a269d91,951e2b43,32b2970e,ddffe738,1ded4f5e,7855c475,5b3e7333,f6194067
f9f09409	8a97f3a1,ddd70ff0,1e36ea93
f9f10c94	52ce7370
f9f56ce1	94393069,861ab707
f9f59ce0	1666126c,4360d13a,3d9e9e9d,53cb4803,3fe83cf6,6fd86561,46867fde,b84946cd,d2e14a43,a8a88f0f,7075f5f9,2321f9f2
f9f6d4d6	4497a02c,9c0300b1,2227b105,7245dd55,a9b69beb,be2ea3b0,301bc489,8cef2c2b,43cdcf3b,1ae2e704,2e1a0c37,0c908cda
f9f9d3f1	eeac0a04
f9fd07b0	39694c69,53536c60,ed4381f2
fa035183	994284fe,a9f67907,bf8e2613,dbd7106d,eeb59a38,7e313dc2,3853a8d0,c2e7e15a,008cdea4,766cca97,6d282aa7,1b29be56,3dff8e4c
fa0978c8	39694c69,53536c60,ed4381f2,a43458d9,87e83cc6
fa09e0d3	39694c69,53536c60,ed4381f2,a43458d9
fa0b1743	4497a02c,695a3627
fa0f2397	d617557b,9f90b58d
fa0fd757	393da40a
fa0fe92f	1487fca1,40e50d9d,a1b42c73,86f7f324
fa11a425	9deb246d
fa13a5fb	857a1a01
fa151f01	52ce7370
fa17e7ad	52ce7370
fa18e6e3	d74ebeed
fa273cb0	4497a02c,53536c60
fa295d12	4497a02c,9c0300b1,74077bc9
fa2a8121	39694c69,53536c60,ed4381f2,a43458d9,1c93d9d3,f5216bcf
fa31c112	4497a02c,9c0300b1
fa34acfd	acde460f
fa35683b	a4f1a6c6,358e4e85,6ba51265,424a544a
fa366998	39694c69,53536c60,ed4381f2,a43458d9
fa3b64a8	39694c69,53536c60,ed4381f2,a43458d9,1c93d9d3,f5216bcf,c602a40d
fa3c62e1	52ce7370
fa4025a3	c8f5b6b1
fa434df2	39694c69
fa43bcd8	52ce7370
fa43d904	9cb6d969,e2ebaeae
fa47cb10	39694c69
fa49c442	4497a02c,9c0300b1,4ea4f66c,8a8c2b9b,cb2264f6,5f5f36ba,fcc732f7
fa516ca5	37c418d0,acd461e2,f95a9066,ff9b3635
fa53de53	39694c69
fa5614f5	4497a02c,9c0300b1,ed4381f2,a43458d9
0fa5b153	9deb246d,24b1ea7f,5e9b4bae
fa6a345a	52ce7370
fa71ee7d	4497a02c,9c0300b1,ed4381f2
fa75465c	b8d3ec3d,f5ff1be2,efe3034b,26adddd3,21bddba5,37a005e7,c2c97f5a,0e928bf5,500664b3,dc4f7da4,2b56e791
fa76d3cc	52ce7370
fa7a083e	4497a02c,9c0300b1,ed4381f2,a43458d9
fa7bff1b	ef10b158,a8aceca4
fa824a82	b8095ba4,bef418b5,01359472
fa8314e3	39694c69,7ba3c714,9b541af2,bcf53605,605bf2be,20e8f18d
fa835d3a	39694c69,53536c60,ed4381f2,a43458d9
fa837f44	97991040,9b015e18,e9dadc61,53176456,32565f9f,a8bbf4b7,a0f4b463,d726cf34,5c8efe4e,cfbf79ec,d8278716,bcba6faf
fa87e73f	b8d3ec3d,f5ff1be2,efe3034b
fa95693f	80de140e,a94d4ba1,0964e27a,6f6c383a,66c656d1,d12cba86,d07a260a,435d8bae,8397260b,4d9fe1eb,c07b535d,b4a8df53,600186f3,4e7a07c8,f5fa1d52,a28f6de7,4c1d606d
fa96fe3a	4497a02c,9c0300b1,6d2c033c,a6b14d98,2ff97d79
fa98a655	52ce7370
0fa9a7da	433aeb8b,1f31bc00
faa3da43	1487fca1,40e50d9d,a1b42c73,86f7f324
faa48792	de9ad6e8,7aaa58b2,3ab83621,bef418b5,6e9a3367,76de3380,3e694fea,69f2efe0,c49b5062,0ce79f9f,be9f3db6,a1c3f26c,0a29f572,2735b946,101868ec,4857aa54,3ff005a9,e113bc69,5fa4fa34,02eb1372,a0071448,0ee77c08,8183ef85,907065b6,b1caa993,0164e52e,da554126,f5bd26e2,eadee9e3,877d6611,a5dfad6d,288bb032
faa54122	94393069,861ab707
faa5696d	639c7070
faa69ce2	b8d3ec3d,f5ff1be2,efe3034b
0faa7a8e	52ce7370
faa9acbd	4497a02c,9c0300b1,ed4381f2,a43458d9
faaa778b	0a7b5465
faab856d	19df91a3,79bc1aa1,cb7b7504,d454474a,689b5772,c53f71f9,30c7c4c6,58348094,8ab4f682
fabd66c5	a4f1a6c6,358e4e85,6ba51265,424a544a
fabdd627	ef10b158,afafaae2,3b7ea191
fac179f0	52ce7370
fac46e38	b8d3ec3d,f5ff1be2,efe3034b,745d9b85
fac881a2	39694c69,99eecef5
fac8fda8	4497a02c,53536c60
facae592	52ce7370
fad56926	397f16be,16ec1a76,87c91ece,688fbadb
fad74e4a	695a3627
fae20ae7	4497a02c,9c0300b1,1aaa4a3c
fae4456e	b43ddb43,35d877bb,f8cf135e,f54fa871,8d9d2636,99b0d792
fae7670e	52ce7370
faeaf867	1812dfc6
faf06e97	4497a02c,9c0300b1,ed4381f2,a43458d9
faf7dbb0	4497a02c,9c0300b1,50f5b102,f4e08ea1,2141a805,86f7f324,b60feade
fafff4d3	39694c69
fb01660f	52ce7370
fb026192	4497a02c
fb027963	b8d3ec3d,f5ff1be2,efe3034b
fb055f25	4497a02c,9c0300b1,c02e314c
fb099523	52ce7370
fb0c0299	52ce7370
fb0c0c0d	13f82f3e
fb0e6a94	370bed98,dc744c9f
fb0f3fbd	a4f1a6c6,358e4e85,6ba51265
fb17337f	52ce7370
fb181e08	39694c69,53536c60,ed4381f2,a43458d9,1c93d9d3,f5216bcf,c602a40d,ae8834fb,91fa17ab,111e88f1,89f6f8a5,4ebd1bb2,4b8a0cef,d89abf3a,7c564be4,fcf1f8c5,472143bf,81d269f1,445ee13f,4bfb77d1
fb1d0eeb	a4f1a6c6,358e4e85,6ba51265,424a544a
fb1dc285	4497a02c,9c0300b1
fb20c0ac	52ce7370
fb21d6ae	39694c69
fb23945d	ceba13a1
fb23d2df	0dd10c61,30bb8238,6e3c9464,780905b6,49a29188,f045e6be,a12f5db8,c50fe486,82a2cbcd,771212e4,b9aafcce,24f1ec39,d2f9a7db,15a0fba4
fb26bd63	8f37ca64,bfd95bb6,fc36e507,28febcba
fb290aef	0f501fe3,5806a42f,33b8d975,0a2bab7c
fb2afdc9	7bed9343,6a8745b0,09e77edf,f41f97a7
fb2bd9a5	7eefa621,6c8881e2
fb2d3731	1126d489
fb305aed	4497a02c,9c0300b1
fb3504d5	a8aceca4,74077bc9,975dc7d5
fb352252	a93ac93f
0fb36a93	4497a02c,9c0300b1,4d7631fb
0fb37be7	1abfb05d,6a4f57e3,9283d7bf,91a6c784,ab569de3,a5b63541,03c18313
0fb3a4b4	f3acd50c
fb512f9e	dd0f2bdd
fb577405	52ce7370
fb60e287	94ed7583,2a16d9fb,0c8b057f,0da7d34b,d141418d,a46c12f4,d745b689,74077bc9
fb6b77f8	52ce7370
fb6c02a2	ceca809a
fb6f5499	39694c69
fb70fab7	ec84d9c8,fc234b46
fb73c714	39694c69,53536c60,ed4381f2,a43458d9,87e83cc6
fb76bcd4	4497a02c,9c0300b1,64978523,023fb954,f752c6b9,1b85bf19
fb7757e9	52ce7370
fb779ff4	c52ad410,a04745d1,4d890f54,27386ac5,ceb333ef
fb79e862	badf7691,66311eed,be5b7d55,8c08f5df,8f86db85,a9a84a8c,40d6cf12,ee2eb72b,9a7f99d8,d3017bc9,9dba4257,c15fbe65,3cf8b659,35d5206d,ed52c732
fb7cd209	39694c69
fb81f3db	39694c69,156ef672,af678d35,ffb14f8e
fb844ce3	4497a02c,9c0300b1
fb87f23f	4497a02c,f1551f13
fb8997ed	bcf6bc33,e71e24f6,0df34c08
fb8af584	4497a02c,9c0300b1,3cf80c8c,0c6dd4d1,96f449d5,db4527af
fb9003cf	ef10b158,be821660
fb92369c	eb05aa73,1b20251f,70500bda,a7c997a3,4f710c63
fb95773b	e0fdb83a,3aa54005,b6034545
fb979993	4497a02c,9c0300b1
fb9a7b45	4497a02c,9c0300b1
fb9af235	4497a02c,9c0300b1,89e7559d,03fbf95a
fb9e6699	bcf6bc33
fb9f7d82	639c7070,ef46bbd3,cb433269
fba7395a	52ce7370
fba9f92c	bedd91a7,6d1d43cc,4efa80dd
fbaa9b2b	4497a02c,9c0300b1
fbad9ef1	52ce7370
fbb44a50	52ce7370
fbb598a8	4497a02c,9c0300b1
fbb902d3	b8d3ec3d,f5ff1be2,efe3034b
fbbcaa04	52ce7370
fbc1d324	a4f1a6c6,358e4e85,6ba51265,424a544a
fbc27780	94393069,861ab707
fbc763c0	52ce7370
fbce4990	c50e1708,05a8a991,f1a9a5ad,3de2e4f7,31a2b1c3
fbd038a6	52ce7370
fbd2b058	39694c69,07967bc2,dee65538,d028f1a9
fbd398aa	52ce7370
fbd7947c	ed58cafa,e4ae0752
fbd9a818	a8aceca4,58ade78b,11177941
fbdd613d	ef10b158,0288e70b,2868b3fc
fbdeed34	52ce7370
fbe9072f	df063e0a,d6af3ef3,2e21fc98,f16665a9
fbea2b14	75202d64,311e04b5,b6537863,5cb64afe,4522e5f1
fbea79e9	ac963c95,6590b814,2fee5544,6ea9c7b3,4200aedc,e63b2498,335b95f5,35beec83,6161c35f,7a3b4c7b,5e8a406f,eed9eed1
fbeb937a	52ce7370
fbec22db	19df91a3,79bc1aa1,cb7b7504,d454474a,689b5772,c53f71f9,30c7c4c6,58348094,aab592c9,508ccbd6
0fbf02d7	39694c69
fbf1d37d	52ce7370
fbf6930f	a4f1a6c6,358e4e85,6ba51265,424a544a
fbf866bd	39694c69,53536c60
fbfae013	39694c69
fbfe3e28	36a28f2e,57ae6a19,962f786f,fd48c267
fc01a152	4497a02c,9c0300b1
fc041e83	4497a02c,9c0300b1
fc04844b	39694c69,53536c60
fc071239	4497a02c,9c0300b1
fc078208	52ce7370
fc08250b	39694c69,de5cbb69
fc09ddad	52ce7370
fc0df07d	52ce7370
fc0f9f4a	620e36d8
fc10254d	4497a02c,9c0300b1,706b783e,9e9ae9b6
fc1123e4	52ce7370
fc11b448	4497a02c,bec51253
fc1231ec	de9a258d
fc1d3f55	52ce7370
fc1d76a0	1c3b8b99,e0fdb83a
fc1f860b	54dbcc01,688fbadb
fc22b433	39694c69,53536c60,ed4381f2,a43458d9,1c93d9d3,f5216bcf,c602a40d,ae8834fb,91fa17ab,111e88f1,89f6f8a5,4ebd1bb2,4b8a0cef,d89abf3a,7c564be4,fcf1f8c5,472143bf,81d269f1,445ee13f,4bfb77d1,604cb8a8
0fc2405f	52ce7370
fc25e201	b8d3ec3d,f5ff1be2,efe3034b,4fa79e96,8973781a,b4f0e11c
fc2e5f37	39694c69,017f2d0c
0fc2f07f	39694c69
fc3eaab6	bcf6bc33
fc427f6a	52ce7370
fc4762fb	9c4b59cf,36f526af,fc958e6a,494cd7b5
fc47d305	156ef672
fc4b493d	52ce7370
fc4dd19d	bcf6bc33
fc50b744	4497a02c,9c0300b1,ed9cb01c
0fc56dd4	52ce7370
fc5c1505	52ce7370
fc6097d3	52ce7370
fc618e94	52ce7370
fc780e2b	4497a02c,04227ad9,9e87229e,84a25175
fc7fa7c8	39694c69,c7fb2350
fc82355e	4497a02c,f1551f13
fc82d0c6	52ce7370
fc866d28	5f9b62ee,0337a275,2fe11632,c8dc3446,d3f5c39b,fc958e6a,757f8af9,85bf0a7b,64aa5bfe
fc875b85	52ce7370
fc87dd65	39694c69
fc8d4fb9	52ce7370
fc8e441f	03fbf95a,993fec2f
fc8f821b	b8d3ec3d,f5ff1be2,efe3034b
fc90f795	52ce7370
fc97bfb3	472fd8e0
fc9be9c7	b8d3ec3d,f5ff1be2,efe3034b
fca4156f	52ce7370
fca982bd	52ce7370
fcad3dd0	a4f1a6c6,358e4e85,6ba51265,424a544a
fcb2777d	4497a02c,9c0300b1
fcb61ae3	52ce7370
fcb74375	c431c4e3,2718fade,e7d4c4f0,4f2b71d3,e71ce60b
fcb925da	587d3a3a
fcbb10cb	0dd10c61,e3b0ce50,d74ebeed
fcbd012f	52ce7370
0fcc6c3c	39694c69,7eddaefe,79ee55de,83eb2441,35f35a62,d028f1a9,437130de,de5cbb69,3684bfd5,e7803122,2e192aef,e35b334f
fcc7d0eb	c3a88ea5,0c3eee15,ee602945,7b991cae
fcc962ea	39694c69,4a07ab8c
fccbcd44	dfef31c4,eb3bf649,1487fca1
fccc58da	52ce7370
fccd3909	39694c69,53536c60,26bed42b,0091e4f9,1c93d9d3,f5216bcf
fcced26c	39694c69,cdaaf5d1
fcd0bc9a	39694c69,15d1718e,f464b6c6,5d9a8825,bc964f24,3da4b47b,76f1e4fa,37b76dc9,eebe6011,7f32b010,9871cfb0,6f1e1fe4,00a10965,d1811a44,b540b87b,1407284e,0bf4e65d,9388c0bd,e624df50,3381c1f1,ad6dfc68,05a606d4,98314988,d7b84c64,c6d51da8,775dc02b,8ad13190,c3108ed9,f055a808,fbf9cd00,a8682283,de5cbb69,615aed92
fcd18fdf	59289ef2,ddc0e51f,642111e8
fcd915e0	ef10b158,7eddaefe,1fa28d0c
fcdd3a94	dee65538
fce860fd	52ce7370
fce97b0c	b8d3ec3d,f5ff1be2,efe3034b
0fceb4bc	3fa2de71,e6dcdc32,d57e0387,e3b7e8e0
fcebd9e2	39694c69,af77c70d,ed4381f2,a43458d9,1c93d9d3,f5216bcf,e2dc42cb,ef4c1064,050a25d7,234a0a79,c3c175ca,4ebd1bb2,d454474a,689b5772,c53f71f9,6bdb00af,58348094,cf3910fe,3697a890
fcec05ef	52ce7370
0fcec729	b8d3ec3d,f5ff1be2,efe3034b,d34940b5
fcf0b406	39694c69,24d6f859,b8d1dd37,bef59ad9,0ce81d88,799772a5,81e1a9e2,fb8c5cb7
0fcf257d	bcafa5ee,bd0a5de0,a2c0ff73,c8f0fbf3,570bda9e,614b71ee
fcf41888	4497a02c,9c0300b1,6e4188c7
fcf5ba1c	569aeac3,0c6023ee
fcf77424	c52ad410,8b50786c,468f58e7,640f27b0,f079c742,7452b382,aebf716e
fcf814a1	b8d3ec3d,f5ff1be2,efe3034b,5bbe8c9b
fcfb7428	861ab707
fcfd67bf	09e7f96e,947fd894,c246c283
fcfdd803	52ce7370
fd0031bd	9b896075,3e7925a8,c0e20d61
fd040ea6	9ad50217,998a4e6c,924f8da3
fd0c8717	52ce7370
fd14de14	b8d3ec3d,f5ff1be2,efe3034b
fd153b79	b8d3ec3d,f5ff1be2,efe3034b,22e6de01
fd18c5fc	39694c69,4199a643
fd18d613	52ce7370
fd1d7cf4	a4f1a6c6,358e4e85,6ba51265,424a544a
fd1e33d2	3d2965fe,1b5a30c0,ca7c2c88
fd1f17e4	52ce7370
fd22df31	c5813867,f6351004
fd23fba6	52ce7370
fd246554	52ce7370
fd25507a	7f5677c3,003661f2,708451de
fd26766e	a4f1a6c6,358e4e85,6ba51265
fd2dce7c	4497a02c,53536c60
fd39815b	39694c69,af77c70d,ed4381f2,a43458d9,1c93d9d3,f5216bcf,e2dc42cb,ef4c1064,050a25d7,234a0a79,c3c175ca,4ebd1bb2,d454474a,689b5772,c53f71f9,6bdb00af,58348094,c1f5412b
fd3d879f	52ce7370
0fd41223	52ce7370
fd41305c	52ce7370
fd41e121	e52c962a,afcf1d96,d6dd4897,b26e407c,b1d00d78,81f88b9a,523c8ecb,2b36b77e
fd420cad	39694c69,8222f1b0,d12dec30
fd4556cc	39694c69,0d0d89d0,0a51d08e,ea4223ad,1423b829,17d4a736
fd4721d8	695a3627
fd47e76c	a4f1a6c6,358e4e85,6ba51265,424a544a
fd4aa013	52ce7370
fd4db4a8	39694c69,af77c70d,ed4381f2,a43458d9,1c93d9d3,f5216bcf,e2dc42cb,ef4c1064,050a25d7,234a0a79,c3c175ca,4ebd1bb2,d454474a,689b5772,c53f71f9,6bdb00af,58348094,04c73d70
fd50c2ab	1b5a30c0,4ed95ede
fd51d082	de93031c
fd572717	39694c69,9782e7d7
fd5cf66b	52ce7370
fd5d72eb	4497a02c,53536c60
fd5f27bc	52ce7370
fd630dca	52ce7370
fd6435dd	52ce7370
fd65ce3d	d0f8419c
fd6722de	9e47592c,164c4c5a,3f9bb758
fd6fa6c7	52ce7370
fd6fbfce	c4ef6729,b1046569
fd73a6cd	d4160e07,279ada1e,83e25c3c,b3961e7f,a36ac652,365b3edc,54aeb0b1,b32ba5af,af72c0cd,786a1a75,ce5c36eb
fd76882e	f7aedb05,b53cc788,38fb2f61,adba1b74,81e8a73a
fd7b318d	990ddbbc,d2645d3a,79fa8d00,1ad76ed6,6d766270,11f8c65e
fd7be861	52ce7370
0fd7f449	9fb07347,25ac350f,0b69bfff,5490bfb2,3d9184af,425aa17b,ae4dce1c,87d95628,0ea4723d,2ef1605a,4fe4a02e,75cd2ae0,f36fc72c,b84e61eb,3978a6b2,ae59220f,96f402e1,24c3a359,26ac9099,beb88abc
fd81f547	52ce7370
fd8787cd	39694c69,53536c60,ed4381f2,a43458d9,1c93d9d3,f5216bcf,c602a40d,ae8834fb,91fa17ab,111e88f1
fd8a692f	52ce7370
fd8cf7a2	39694c69,a984089c,6716c787,7440a1ce,121aeb92,74a1458b,02bc242a
fd8d0a44	52ce7370
0fd9659d	2113ce38,0d75535b,37313dad,212e835f,4269bb4a,efa938d5
fd970170	52ce7370
fd97eac1	efa938d5
fd9dd83f	d9e925f3,d42971ee,04717e12,2d1603c8,c17cb11a,c4a307bb,ea4c3921,0ec63f71,fe92d762,4c8cf61c,cbd88be4,9c0b6892,96623b36,971b3c35,9a0a04f7,76cfec62,91213ec5,6bef151b,49933c1d,b07a1728
fd9e169b	5858c909
fda2ca4e	52ce7370
fda528ff	bedd91a7,6d1d43cc,4efa80dd
fda91578	52ce7370
fdad7066	4497a02c,9c0300b1,b0bd7630,483259fc,7da1c31a,28f6466b,542d9d7b,71059794,734bfe6d,dfd2650a,74628f1d,2b305044,7d441f42
0fdaff6b	767d0142
fdb03bd6	52ce7370
fdb15f7f	4497a02c,9c0300b1
fdb16b4e	de57d0cc,c89b8b00
fdb3f492	4497a02c,9c0300b1
fdba9fb2	39694c69
fdbcf443	39694c69
fdc03cd3	07967bc2,87b10783
fdc420b4	39694c69,6a1b60a9,57d1e737,649f5e8f,dc5e27b6,08ee77bc,5a3605a1,3b9889f2,69c14c39,691af761,1df61f24
fdc61845	8afc80f9,de14a729,c040e307,037b0239,43b9a565,c536442c,ec4f42d0,8e634817,adcfb181,79f1ab41,2738ac6d,4209fff0,201517d2,69187279
fdc90302	52ce7370
fdcea1a0	39694c69
fdd21a6a	bcf6bc33
fdd2e630	4497a02c,f1551f13
fdd3b984	7eefa621
fdd3cc9b	4497a02c,9c0300b1
fdd6f4c0	79ce2408,c3470958,7e9dad53,b77d9788,ce845c56
fdd724ef	52ce7370
fdd80333	4497a02c,53536c60
fdd88b58	52ce7370
fdd90fbb	39694c69
0fdd9131	39694c69
fdd9de6f	697f4493,758e6460,a583f09e
fdde9a09	39694c69,0535c90b
fde645b7	4497a02c,9c0300b1
fde8022b	152e9eec,7d59d9b8,6519f22c
fde8ea8f	7c981b23,d16f2be2
fded5574	b8d3ec3d,f5ff1be2,efe3034b
fdeee582	cc885c4a,c349234d,6559792a,0ff8ab2e,7fea6674
fdf01ecd	52ce7370
fdf6feb3	a4f1a6c6,358e4e85,6ba51265
fdfee82e	52ce7370
fe0448c2	bcf6bc33
fe083295	39694c69,3485907e
fe0a20fa	4497a02c,53536c60
fe0b4a92	52ce7370
0fe0e2be	52ce7370
fe0f620d	52ce7370
fe106707	4f3e6fb1,a9b303a4
fe1098e5	39694c69
fe137627	54dbcc01,688fbadb
fe199108	39694c69,08ab34a1
fe199bea	74077bc9,673cd6aa
fe1e4b90	52ce7370
fe1e8598	24d6f859,61477743
fe2135d8	4497a02c,9c0300b1,ed4381f2,a43458d9
fe23a1d1	39694c69
fe297034	875579d9,d16f2be2
fe2c4d9c	52ce7370
fe2d8d01	52ce7370
fe2e75b9	b8d3ec3d,f5ff1be2,efe3034b,bf017c06
fe304037	39694c69,a93ac93f,4cc5c168
fe3a569e	52ce7370
fe3bb693	52ce7370
0fe3d7ee	4497a02c,9c0300b1
fe3ded6d	4497a02c,f1551f13
fe3fad92	9316832d
fe425e6f	94393069,861ab707
fe4593d4	94393069,861ab707
fe46118f	39694c69,53536c60,ed4381f2,a43458d9,1c93d9d3,f5216bcf,c602a40d,ae8834fb,91fa17ab,111e88f1,89f6f8a5,4ebd1bb2,4b8a0cef,d89abf3a,7c564be4,fcf1f8c5,472143bf,81d269f1,445ee13f,4bfb77d1,604cb8a8,4d525275,27e42c6e
fe462a75	bcf6bc33
fe46ff33	216302dd
fe480d6c	b8d3ec3d,f5ff1be2,efe3034b,e4a8f4bc
fe4a7ef3	19df91a3,79bc1aa1,cb7b7504,d454474a,689b5772,c53f71f9,30c7c4c6,58348094,f246c6bf,6fe5b31e
fe4e78b6	52ce7370
fe53d477	52ce7370
fe5a18a2	a4f1a6c6,358e4e85,6ba51265
fe61c31f	39694c69,53536c60,ed4381f2,a43458d9,1c93d9d3,f5216bcf,c602a40d,ae8834fb,91fa17ab,111e88f1,89f6f8a5,4ebd1bb2,4b8a0cef,d89abf3a,7c564be4,fcf1f8c5,472143bf,81d269f1,445ee13f,4bfb77d1,604cb8a8,4d525275,1b332a89,10fded56,f2564478,2fd57652,8aab7e64,65bd861b,e51224df,0b3b3b39,66359d4f,f6b0f1c0,708fd580,034d5002,09237912,50a41601,76cbe174,fc9e0f04,93be621a,5d5733ad,cd9c73df,94b05d44,9762d059,405d4257,950270d7,702e331c,70823eaa,daf56fb3,060f8f36,bb1a29f4,56638432,2b438d00,2bd5f7fe,95ee8dfe,d02acf3d,4b14a013,52d6f1b8,b4c59a3a,9c2397c2,6049d326,0aee9e47,5917cecc,6ee3cd6f,a3f29c27,a19c769f,e1759237,26d875d0,a6f8571a,537df9d7,c200c181,3c1b2601,184e2362,b58c4b95,906164f9,b6394a5d,364ef38a,bfbc3131,9a3d6880,2df3b4fa,acb06c15,9068b149
fe665324	52ce7370
fe69755a	51dfb051
fe6f5e10	52ce7370
fe71207b	a4f1a6c6,358e4e85,6ba51265
fe71be6c	83714315,73a3d256,873858ba
0fe71fc7	52ce7370
fe7269dc	fe3bc2b9,4b971e6b
fe72b9a1	52ce7370
fe7b4488	ffa6bdcb,714768fc,2b498348,279ada1e,83e25c3c
fe7ed237	39694c69,eb8759db,42ec9e27,6592dda5,221d6fd9,942e9fc4,0036b5c9,2aae8ee0,66758e0c,fc9a0416,9412c414,3d06f42b,606365ce,4eb7b2f1,afd7a2f9,312b8b6c,63471559,c12fe6e4,d93078c7,0edd669f,0b589f8c,171b4bb1,15d8b4cd,ba7d4a11,00aca0ce,8ff78c62,ce2e962b,36c2ec77,bc0a9140,2f948d63,874f2618,b427a806,47cca1ab
fe812008	36b6e154,7ed9ceda,3c7ce2cf,43810e74,ea07bec7,8613306d,da1b2bdd,00bc8499,65a5cf05
fe81320a	52ce7370
fe828456	efa938d5
fe838c2e	837dda49
fe8607aa	f368a53e,7a7f92ad,28411c18,08a6564f
fe862fd7	39694c69,4e6db13b,e3ed5996,3050dc23,402e2a5d,130625dc,a5282b96,980825e0,c099bcf2,d7f1b721,f11c1f6d,2f1016ad,8a20ce53,d33a1182,59f0427c,969604c3,532c74de,816cfa19,9d34e195,377b7126,451ffefc,59b9d7ff,91ddb0b9,a1b93abd,2d13baa1,105df719,de5cbb69,fe711ab2,f9a80401,de530f44
fe8a3426	b2457bea,b11fe1d8
fe8e7e8a	bcf6bc33
fe8ee017	94393069,861ab707
fe92aca8	39694c69,53536c60,ed4381f2,a43458d9,1c93d9d3,f5216bcf,c602a40d,ae8834fb,91fa17ab
fe92f62d	52ce7370
fe954d90	39694c69,53536c60,ed4381f2,a43458d9,1c93d9d3,f5216bcf
fe98dd7e	32334fb6,b152284b
fe9a2e1c	b3533c25,eefe7e01,0f42e9b1
0fe9d222	133da116,68c3d0eb
fe9fd174	52ce7370
fea20c14	52ce7370
fea77d42	04980c5b,f41b94df,8b1e8fda,275bf15e,90cdf664
fea87de7	4497a02c,53536c60
feac1d95	b8d3ec3d,f5ff1be2,efe3034b
feadfd1b	39694c69
feb07494	39694c69,c7fb2350
feb33e2e	955d3f51,e07c6ad8,d3ab2785
feb8ea02	4497a02c,51d4b5c2,6de28597,87d9d9de,3f0ec06f
febaf183	90f8716a
fec39774	39694c69
fec3e3ff	52ce7370
feca1b4a	4497a02c,f1551f13
fecb6c51	39694c69,f4c0f5b5,1da5e2d0,72503754,86952ba2,5db0b983,c38201db,38857000,a12d5d4c,75ba7aa3
fecbb3bd	39694c69
fecc85d6	1b5a30c0,688fbadb
fecd0c0f	8d909566,aa30ae74
0fecd21b	b72d2da1
fecf0b05	bcf6bc33
fed1134a	1d11b26d,d4c36557,d0c64f14,5f4750b3
fed3420b	465660fd,d1cd1ea2,6fb2696c,58ade78b,11177941
fed370fa	bcf6bc33
fed5d4a6	39694c69,e95080b5,ce20b9cd,29472f71,d9cc8cf7,63e23113,fe99aaad,9716f3ea,d028f1a9,35f35a62,a9e8adfc,7ac25bd2
fedb3a50	52ce7370
fedbc246	39694c69
fedfb3b0	39694c69,53536c60,ed4381f2,a43458d9,1c93d9d3,f5216bcf
fee17991	39694c69
fee39810	39694c69,481420e9,d4f33b31,7600372a,692fefed,2117184d
feed2376	52ce7370
feef5a20	52ce7370
feef7096	4497a02c,9c0300b1
fef4fb90	52ce7370
fef73d23	52ce7370
fefca221	2ca1b1b6,d0dd5102,eaa5c308,fa7b526f
ff001024	4497a02c,f1551f13
0ff03136	a4f1a6c6,358e4e85,6ba51265,424a544a
ff043d88	b2fc3a8f,f78245be,b6496af6,6c5fcd29
ff068221	39694c69,57d7e3c7,1e40a268
ff1002d7	4497a02c,9c0300b1,2d12a7a8
ff10eb1a	4497a02c,9c0300b1
ff11410f	52ce7370
ff13ae4c	e0fdb83a
ff152fbd	a4f1a6c6,358e4e85,6ba51265,424a544a
0ff15a33	b8d3ec3d,f5ff1be2,efe3034b
ff16e571	ef40c571,13acaee6,87aea73f,df8cb10f,466d7535,311e04b5,61e390e4,2b498348,0c4fa6f7,df8ac66a,fae20c6b,6c65b68f,ea4bdb43,27a0f417,2272cad7,bcc5ea12,04ab0cbf,430bc704,271167c0,16726139,d552a2c4,3b04383a,723faa5d,13799edd,082fb191,cc2516ba,e41d8910,d9e24ba9
ff172441	39694c69,ed9bfc62,789f06f8
ff17ea0f	8ce21c36,075150ee
ff1a43a0	52ce7370
ff1c4793	52ce7370
ff1d5a79	acde460f,56acba55
ff242d47	0832f7d2
ff243f33	52ce7370
ff2cbc3d	52ce7370
ff34ed4e	52ce7370
ff3a55ff	39694c69
ff3be280	9deb246d,7bed9343,b9aead89
ff3d621f	f09f0a02
ff3ddc35	4497a02c,9c0300b1,ed4381f2,a43458d9
ff3e16cf	52ce7370
ff3eadb2	f3e507f7
ff409c1a	321325f3,222917a4,363b3b03,ebac8da8,e775c23d,a72238a3,f32eb3dd,8a9ece41,cfc920e4,2b6ab77d,bb1c5ac1,eecf2ce4,89a515e4,19715aa5,53696452,a09456a2,9492b063,ba7863bc,f7cb4a78,46f4650a,39328580,9de0335f,ee3004c5,504191d8,9a43ef06,f5f6c9b5,11fd2a35
ff4458f3	b8d3ec3d,f5ff1be2,efe3034b,c50b38cf,0dd10c61
ff4c50c6	52ce7370
ff4d508c	a4f1a6c6,358e4e85,6ba51265
ff4e8c0a	52ce7370
ff556ba1	39694c69
ff5730c2	d4f00bb0
ff5d9ddc	52ce7370
ff6144d7	39694c69,3485907e
ff62fe92	a4f1a6c6,358e4e85,6ba51265,424a544a
ff678338	52ce7370
ff6be183	0eea7efb
ff721f53	52ce7370
ff75a6d7	2671c4b8,8484d657,d3e74567,87c91ece,a3e53183,4f3876cf,55c31713,141a9f59,f041f9b3,e11ba21c,841718b0
ff76bad7	52ce7370
ff7ae6e9	c26ad7ec,d15ed12e,01b68fad,f6091de9,62af5e39,0632a0f7,cf944ce8,83506b09,86e2feaf,916f2acb,72177513,95bbc748,9e36efa1,667f9d6a,b77a6a57
0ff7b4ef	d35df4f0,5d5ff9ca,be94f397,dd6c487b,7bffa18f,cb868ce4,6c0be6e6,adae4aec,ad0d2554,2ea186ec,352a85c4,0ccc971e,abe9fb66,5d4fd5ca,9ee5d14b,36047a51,7dfe899e,504a9d20,ee462813,cc2f6ed7
ff876b5b	52ce7370
ff8c3811	ef10b158,74ef00bd
ff9a4aee	52ce7370
ff9a6bad	c52ad410,4506d5c5
ff9d2ff1	39694c69,ae42c2b3,d068dcd5,b0000daa
ff9ec843	52ce7370
ffa33fe0	52ce7370
ffa7788a	52ce7370
0ffaf74e	b8d3ec3d,f5ff1be2,efe3034b,3485907e
ffb2b61d	52ce7370
ffb5da4e	4497a02c,9c0300b1
ffb62127	ff8e76ab,19c49042
ffb63464	94393069,861ab707
ffb6a2ea	52ce7370
ffb6bbc6	52ce7370
ffbaffa3	39694c69
ffbcd403	75ed7522,0841f576,a1583547,9bf001f8,842c2ecc,0546be4e,3f4b3c54,f69347cb
ffc15c1c	52ce7370
ffc9414c	39694c69,53536c60,ed4381f2,a43458d9,1c93d9d3,f5216bcf,c602a40d,ae8834fb,91fa17ab,111e88f1,89f6f8a5,4ebd1bb2,4b8a0cef,d89abf3a,7c564be4,fcf1f8c5,472143bf,81d269f1,445ee13f,4bfb77d1,604cb8a8,4d525275,1b332a89,10fded56,f2564478,2fd57652,8aab7e64,65bd861b,e51224df,0b3b3b39,66359d4f,f6b0f1c0,708fd580,034d5002,09237912,50a41601,76cbe174,fc9e0f04,93be621a,5d5733ad,cd9c73df,94b05d44,9762d059,405d4257,950270d7,702e331c,70823eaa
ffcb4efe	4497a02c,9c0300b1,74077bc9
ffcb5a71	341d8e4a
ffd5c8e5	39694c69,53536c60,ed4381f2,a43458d9,1c93d9d3,f5216bcf,c602a40d,ae8834fb,91fa17ab,111e88f1,89f6f8a5,4ebd1bb2
ffd91035	3654393c,0bef82a4
ffd9eaab	39694c69,53536c60,ed4381f2,a43458d9,4a1ecbf1
ffdc68b7	2113ce38,0d75535b,37313dad,212e835f
ffdd5556	61138ce7
ffddc329	43776339,ef73c3d1,3dae2a41
ffe0d356	b8d3ec3d,f5ff1be2,efe3034b,74077bc9,cbe69c18
ffe19a64	b8d3ec3d,f5ff1be2,efe3034b
ffe507ae	52ce7370
ffe69d12	bedd91a7,6d1d43cc
ffe6adfa	a4f1a6c6,358e4e85,6ba51265,424a544a
ffeced4b	39694c69,f93b7ad5,96b5162f,7f880865,27cca8c2,8df62134,572fc984,af403d4d,dddbd028,4b971e6b
ffef04c4	52ce7370
fff377fd	4497a02c,9c0300b1
fff934e3	4497a02c,f1551f13
fffdcf2b	52ce7370
